评论者,评论时间,评论地点,评论内容
今夕是何夕912,Thu May 21 10:48:53 +0800 2020,其他,🐶东西，又来蹭热度？还是省省吧，小心被扒
星星丶猪,Thu May 21 10:47:25 +0800 2020,安徽,你跟那秃子干的时候是不是很有成就感？
陶然卍居士68523,Thu May 21 10:45:41 +0800 2020,其他,请正面回答是是否在现实生活中认识女主？？？？？？？？？
星星丶猪,Thu May 21 10:41:26 +0800 2020,安徽,你妈生你的时候你爸知道吗？哈哈哈
永远亭随心,Thu May 21 10:38:34 +0800 2020,北京,你可以试试
RemoKL,Thu May 21 10:25:53 +0800 2020,其他,老子笑死了
眼睛里只有你啊,Thu May 21 10:16:54 +0800 2020,其他,你先搞清楚微博机制吧，就算改名，通过以前的艾特点进来的，也是原主人微博，不是新注册ID的人微博
Xu_2C,Thu May 21 09:18:20 +0800 2020,浙江,你悲哀你🐴呢 🐔
永远亭随心,Thu May 21 09:10:03 +0800 2020,北京,原使用者(那个女的)注销了，然后另外一个人(现使用者)又注册了这个名字。 那个女的大号是@sushbs 里面内容基本都清差不多了
邢台-泡泡圈,Thu May 21 08:42:53 +0800 2020,其他,就是她，去看她老公以前的微博，经常艾特这个小号
万事大吉的一年,Thu May 21 08:22:30 +0800 2020,湖北,哈哈哈哈哈😂
疯着疯着就2了_,Thu May 21 08:03:44 +0800 2020,北京,你可真是个圣人呢，你现实生活可真清高呢，
无奈名字不好取2012,Thu May 21 06:52:07 +0800 2020,浙江,不以为耻反以为荣，其实你们和女主也没有太大区别。
幻之银曜,Thu May 21 06:45:25 +0800 2020,其他,好歹别侮辱兽人加鲁鲁和钢铁加鲁鲁……顺带一提，考虑到这两个一个完全期一个究极体，应该生不出来
偶尔来看看你,Thu May 21 04:52:32 +0800 2020,黑龙江,我差点就不走流程直接开喷了 抱歉[二哈]
偶尔来看看你,Thu May 21 04:51:06 +0800 2020,黑龙江,她当初做这件事儿的时候就该想到有一天会付出代价的！求求你别洗了 好吗？
偶尔来看看你,Thu May 21 04:50:28 +0800 2020,黑龙江,你真是事儿没出在你身上你不腰疼 如果没有网络暴力 这件事儿根本就是狗男女得道 男主根本无法翻身 凡事都有两面性的
-见我应如是,Thu May 21 03:39:15 +0800 2020,湖北,中南大学这个兄弟是个人才阿像个相声一样哈哈哈哈哈哈
每个星期有小宇,Thu May 21 03:06:28 +0800 2020,其他,这个兄弟说的好。不过要改一下。干我。快了。进来来吧。反正你没生育能力
薛定谔的西游记,Thu May 21 01:19:42 +0800 2020,广西,干得漂亮，这时候知道抵制网络暴力了？
Derrick随行笔记,Thu May 21 00:51:16 +0800 2020,其他,重点画错了吧
梦游娃娃w,Thu May 21 00:49:55 +0800 2020,河北,哈哈哈，这女的真的是笑死我了
打男人,Thu May 21 00:28:05 +0800 2020,江苏,话糙理不糙
伍依晨Angel说球,Thu May 21 00:18:23 +0800 2020,湖南,哈哈哈吃哈哈哈哈
lmwwk,Wed May 20 23:27:49 +0800 2020,其他,不悲哀，个人反倒觉得为大学争光了
世界上最可爱的饱饱,Wed May 20 22:59:47 +0800 2020,黑龙江,我他妈笑死了
嗯嗯哈哈呢呢,Wed May 20 22:59:21 +0800 2020,其他,笑死我了
大聪宝子,Wed May 20 22:47:54 +0800 2020,其他,哈哈哈哈哈
大聪宝子,Wed May 20 22:46:37 +0800 2020,其他,你这辈子完了，搂着你用身子换来的包睡觉吧😪
adgmgmpwgmpwjwpwpg,Wed May 20 22:17:21 +0800 2020,北京,笑死了哈哈哈哈
Eroick,Wed May 20 22:15:04 +0800 2020,上海,@LOADINGDIZZY 我笑死了哈哈哈哈哈哈哈啊哈哈哈啊哈哈哈哈哈哈哈哈哈哈哈哈哈哈哈哈哈哈哈哈哈
翊妈咪-,Wed May 20 22:07:09 +0800 2020,其他,智商堪忧
AMSjamestaylor,Wed May 20 21:57:03 +0800 2020,广东,人家说得没错啊，你就是这种货色
柚子味的雅雅,Wed May 20 21:36:38 +0800 2020,其他,你🐴 没了吗？？？
林子大了什么鸟人都有啊,Wed May 20 21:32:12 +0800 2020,其他,哥们你牛逼哈哈哈
林子大了什么鸟人都有啊,Wed May 20 21:31:51 +0800 2020,其他,真是智商堪忧啊哈哈哈
青花守艺人,Wed May 20 21:17:32 +0800 2020,其他,智商堪忧
亲爱的麻陶,Wed May 20 20:42:44 +0800 2020,江苏,骂得太轻了
莫要太纠结,Wed May 20 20:09:32 +0800 2020,其他,你脑子有病吧 我艹  我跟你说 我是馒头嘞_manman 这个微博名不是绿地女主  是营销号改了女主不用的微博名字在蹭热度  你就乱咬  你不是脑子有病？
青陌先生,Wed May 20 20:08:18 +0800 2020,其他,哈哈哈哈 女主智商有毛病
其实呢我是卧底,Wed May 20 20:05:51 +0800 2020,其他,你妈妈正在给我咬
莫要太纠结,Wed May 20 19:57:49 +0800 2020,其他,咋乱咬呢
其实呢我是卧底,Wed May 20 19:43:34 +0800 2020,其他,不要这么说，你妈妈还在等我蹭呢，我没工夫来蹭这个热度。
傻56148,Wed May 20 18:37:44 +0800 2020,其他,害在这钓呐，不回墓地看看亲人吗
自觉的八宝粥,Wed May 20 18:16:06 +0800 2020,湖北,哈哈哈哈哈哈哈哈哈哈哈哈哈哈哈哈这™绝了
凌渊阁学茶匠,Wed May 20 18:05:18 +0800 2020,江苏,其实我对你跟那个高管的视频更感兴趣，谴责和审判是老天和法院要对你做的事。
不在状态的人啊,Wed May 20 17:25:36 +0800 2020,北京,这女的简直是我的快乐源泉
不在状态的人啊,Wed May 20 17:24:33 +0800 2020,北京,这是我今天最开心的一刻，哈哈哈哈
天上掉下的从不是馅饼,Wed May 20 17:04:36 +0800 2020,吉林,我还替你悲哀呢，没事天天捡骂，脑子起泡了吧
软宠die,Wed May 20 16:48:55 +0800 2020,其他,我觉得他骂的一点毛病都没有啊
软宠die,Wed May 20 16:44:57 +0800 2020,其他,你智商怎么回事儿啊？你检查怀孕的时候能不能把脑子也检查检查？快去测测智商吧，这位姐姐
软宠die,Wed May 20 16:43:40 +0800 2020,其他,笑死我了，她怎么可以这么蠢呐，平时都吃啥呀，蠢成这样[允悲][允悲][允悲]
yangfuzhenSHIBAOBEI,Wed May 20 16:43:35 +0800 2020,贵州,哈哈哈，姐妹赞你
坚固101,Wed May 20 16:42:59 +0800 2020,北京,哈哈哈真是太搞笑了
被宠的Dog,Wed May 20 16:41:34 +0800 2020,广东,你拿了多少钱 说出来大家听一下嘛
颜笑玉_290,Wed May 20 16:13:20 +0800 2020,河北,一看就是老秃子了
小桥流水94262,Wed May 20 15:36:42 +0800 2020,其他,建议清华录取
小桥流水94262,Wed May 20 15:34:22 +0800 2020,其他,是个憨批
不谏i,Wed May 20 15:08:51 +0800 2020,湖北,这人是真骚啊，为了蹭波热度妈都不要了[思考]
远方的阿拉丁,Wed May 20 15:07:26 +0800 2020,山东,怎么带图评论？各位大佬。。。
LYJ-nn,Wed May 20 15:06:40 +0800 2020,北京,你全靠钱上的学吗
是钉子啊,Wed May 20 14:53:40 +0800 2020,广东,战场没错，那边主战场已经被女主清理了
是钉子啊,Wed May 20 14:50:58 +0800 2020,广东,狗：终究还是我扛下所有
道奇不是猪,Wed May 20 14:49:50 +0800 2020,其他,中南大学的兄弟干的好呀
是钉子啊,Wed May 20 14:49:09 +0800 2020,广东,你这三观不正 ，估计也是绿化带大湿
AA吃西瓜,Wed May 20 14:41:01 +0800 2020,安徽,改名也不可能通过@链接过来啊，就是这个号没跑了，最起码是男主认识的人。不过种种迹象表明这就是女主
LASTXMASES,Wed May 20 14:32:54 +0800 2020,其他,可能是营销号改名改成这个的
一个怪蜀黍的世界,Wed May 20 14:18:25 +0800 2020,江西,活该被骂哈哈😄
猎场---,Wed May 20 14:17:54 +0800 2020,其他,智商捉急啊[喵喵]
用户流弊201802,Wed May 20 13:58:06 +0800 2020,其他,我人笑傻了，这tm纯弱智啊怪不得能给人老秃子白嫖[哈哈]
40Cr钢,Wed May 20 13:45:54 +0800 2020,甘肃,我觉得你应该让你老婆去给陈军做秘书，一片绿油油的，。。。
40Cr钢,Wed May 20 13:45:10 +0800 2020,甘肃,你真的智商堪忧啊，怪不得重修很多次
Gjjjjjjjjjjjh,Wed May 20 13:43:43 +0800 2020,湖北,不是女主？那那个男生之前一直艾特你干啥？
嘿哈吉吉,Wed May 20 13:34:01 +0800 2020,安徽,秀
南柯一枯,Wed May 20 13:30:37 +0800 2020,福建,这个就是女主
南柯一枯,Wed May 20 13:30:02 +0800 2020,福建,你的智商真是下线无敌[允悲]被老男人在墙角凹凹凸凸
南柯一枯,Wed May 20 13:29:31 +0800 2020,福建,哈哈哈，绝逼是了，自己暴露自己
我饮琴江水,Wed May 20 13:27:07 +0800 2020,广东,那她是怎么拿到女主和男主的聊天截图的[允悲]
小丑200511,Wed May 20 13:25:49 +0800 2020,其他,就是女主，你看一楼那个评论里有图，这女主跟个傻子一样
陬月开岁,Wed May 20 13:25:02 +0800 2020,四川,你可以理解为，她愚蠢到不好好珍惜对她很好的老公，出轨到怀孕，直到现在，步步错
2019年的茄子蛋,Wed May 20 13:23:16 +0800 2020,山东,你确定那些内容有深度？不过也确实挺有深度的，里面已经触及到了很多法律。
伟大的人王,Wed May 20 13:21:37 +0800 2020,其他,我一般两个手机，很多社群账号都注册两个。女主说不定也是
神都沉默了886,Wed May 20 13:00:03 +0800 2020,福建,不是自己？难道不是他这样说吗？自己都用上了？这智商还是上过大学的？啧啧啧？还不如高中的智商高呢。
-kelina,Wed May 20 12:57:35 +0800 2020,其他,女的知道给不了那么多就不要嫁给他啊 ，当初就直接分手啊，还结婚，还备胎，还安全牌。还不是怕最后钓不到有钱人起码有个傻老公给自己买包包买首饰。情🐎🍺可言
只做你的狗东西,Wed May 20 12:55:57 +0800 2020,上海,一拳超人
暖阳里的燕子,Wed May 20 12:50:47 +0800 2020,重庆,对[允悲]我也是从那里面点进去的，看见这女的自导自演[允悲]
Jason20008888,Wed May 20 12:49:50 +0800 2020,广东,你2017年注册的账号，2020年五月前的微博全删除了，哈哈哈，还装吗 http://t.cn/A62Zg1CR
Jason20008888,Wed May 20 12:47:50 +0800 2020,广东,图片评论 http://t.cn/A62ZgCmp
气质_海绵宝宝,Wed May 20 12:39:47 +0800 2020,吉林,有钱人的奴隶玩物  ，白辜负了空有容貌白学只会被老头子给内进了 ，还得最后说能有三千万 ，你是脑子烧掉了掉钱眼了，是想成功难想有钱都想有钱普通崛起很难渴望高层次生活 ，但就不能干之前给钱吗，
饕餮龘龘靐齉齾爩鱻麤龗灪厵滟,Wed May 20 12:36:30 +0800 2020,其他,[喵喵][喵喵][喵喵]
起床吃午饭,Wed May 20 12:33:49 +0800 2020,其他,这就是女主 大家看
起床吃午饭,Wed May 20 12:33:37 +0800 2020,其他,图片评论 http://t.cn/A62ZrcHn
爱吃水稻的小喵喵,Wed May 20 12:25:31 +0800 2020,天津,我也误会了[吃瓜][吃瓜][吃瓜]
爱吃水稻的小喵喵,Wed May 20 12:24:14 +0800 2020,天津,70岁[doge][doge][doge]不是70后吗………
爱吃水稻的小喵喵,Wed May 20 12:22:39 +0800 2020,天津,@大黄蜂830
JennieHosk,Wed May 20 11:47:08 +0800 2020,其他,三观不正，像个傻 B，我支持中南大学的高材生！！！
JennieHosk,Wed May 20 11:45:29 +0800 2020,其他,图那老🐶 无t内S
芥末mua16256,Wed May 20 11:38:39 +0800 2020,其他,被两个老男人玩弄了 挺同情你的 男的都是喜欢小的 只怪你心智不成熟 老公也是大九岁 情人大那么多 你刚出社会小年轻玩不过他们的
heybibleehk,Wed May 20 11:38:37 +0800 2020,其他,蠢
是村头李师傅,Wed May 20 11:25:54 +0800 2020,其他,哈哈哈哈兄弟你这太狠了……人cj怎么说也就40多岁中年人，哈哈哈哈哈
dudu3233,Wed May 20 11:14:03 +0800 2020,江苏,哈哈哈哈哈哈哈哈哈哈哈哈
新一代热搜女神,Wed May 20 11:13:22 +0800 2020,江苏,真正的美女确实不多……
About張勇,Wed May 20 11:11:50 +0800 2020,山东,这文采 我只能说骂你还不够精髓 你这种行为已经让我对你无从开口了 怕脏了嘴
sandy0624,Wed May 20 10:59:57 +0800 2020,广东,智商堪忧的女主，秃头公款消费，在他老公租的公寓睡她，空头的3000万，被白嫖了还要给秃头生孩子……秃头真的是传说中的白嫖还要拿发票……
徐德华321,Wed May 20 10:59:51 +0800 2020,黑龙江,你下次用小号，记得把iD改一改，每年有两次改ID的机会。[doge]
Blueminglvy,Wed May 20 10:47:36 +0800 2020,其他,你这种死了亲妈的孤儿就不悲哀了？[太开心][太开心]
来自北纬30度,Wed May 20 10:47:03 +0800 2020,辽宁,那你就不要怪男人睡了你不娶你  因为你给不了别人要的 情有可原呀  我祝福你哈  你这种没脑子  没道德  没底线的人  有脸评论？ 孤儿吧没人教养吧
sandy0624,Wed May 20 10:43:26 +0800 2020,广东,秃头给了她什么？公款消费，睡在他老公租的公寓，空头的3000W，基本是白嫖啊……你吃瓜也要看剧情啊
sandy0624,Wed May 20 10:40:27 +0800 2020,广东,她是P图怪，本身长相一般的，你可以去看看他老公准备520给他惊喜的视频，里面有真实的样子……跟3000W还是有巨大距离的，没认清自己，公款消费，睡在他老公租的别墅，被秃头白嫖都不知道……
勇敢的博伊卡789,Wed May 20 10:31:43 +0800 2020,江苏,笑死老子了
暴躁的于三岁,Wed May 20 10:27:08 +0800 2020,山东,个人感觉中南大学三观很正啊
只对你好yiwen,Wed May 20 10:25:34 +0800 2020,其他,你可笑死我了，我不是我自己？
给时间时间8让未来到来,Wed May 20 10:21:40 +0800 2020,黑龙江,亲爱的，组个群，我最近缺钱，请问发这样一条多少钱呀？有钱一起挣呗。
鎏嘞,Wed May 20 10:10:21 +0800 2020,其他,趕快承認錯誤吧，等待結果，後續結果不要洗白了，沒必要。
小黑睡不醒3,Wed May 20 09:58:15 +0800 2020,山东,这类似的话语我好像在周扬青和罗志祥底下看见过
朵朵果儿女儿奴,Wed May 20 09:55:19 +0800 2020,山东,肚子疼起来了
纷纷扰扰芬芬,Wed May 20 09:39:53 +0800 2020,北京,举报他，趁热度的
朱聃瑜,Wed May 20 09:13:25 +0800 2020,其他,看你老公发的视频了，这个颜值，嗯……
瓶中水TrH,Wed May 20 09:13:05 +0800 2020,天津,我替你悲哀，让你父母蒙羞，丢人
带带小学生的爹,Wed May 20 09:11:18 +0800 2020,其他,经典被人骗
柯柯柯柯丶柯斯特,Wed May 20 08:51:33 +0800 2020,北京,你爸今晚必种枇杷树，
唔系差佬嘅差佬,Wed May 20 08:49:03 +0800 2020,辽宁,等着陈军把你的视频po出来吧哈哈哈哈
麻袋豆腐,Wed May 20 08:26:28 +0800 2020,其他,你咋不悲哀自己[二哈]
付圈圈v,Wed May 20 08:12:31 +0800 2020,河南,@紧张的小鹿呀 这是女主的小号[汗]
锋生只爱莹,Wed May 20 08:10:29 +0800 2020,广东,漫漫，不要演了，一段录音是有提到“漫漫”    现在最新的视频最后片尾也叫道“漫漫”，你这演到最后有何意义？
西门正淳忆,Wed May 20 08:02:54 +0800 2020,北京,就是你就是你，傻子就是你
西门正淳忆,Wed May 20 08:01:56 +0800 2020,北京,智商小于零
孔小米b,Wed May 20 08:00:13 +0800 2020,山东,别为了蹭热度竟说些没🐴 的话
软萌倩,Wed May 20 07:59:40 +0800 2020,浙江,要不怎么说这是智商最低的一个出轨女呢
Max对三要不起,Wed May 20 07:47:13 +0800 2020,其他,你这个人就算遭到网络暴力也是活该，我猜你也是和老大叔出轨的人
大虾米豆腐汤,Wed May 20 07:31:54 +0800 2020,宁夏,营销号死🐎没地方火化只能暴尸公厕你知道吗？！
大虾米豆腐汤,Wed May 20 07:31:46 +0800 2020,宁夏,营销号死🐎没地方火化只能暴尸公厕你知道吗？
大虾米豆腐汤,Wed May 20 07:31:41 +0800 2020,宁夏,营销号死🐎没地方火化只能暴尸公厕你知道吗
给我一个啵啵呀,Wed May 20 07:11:52 +0800 2020,北京,这是男的啊操，什么都扯女权
调低小不点,Wed May 20 07:09:30 +0800 2020,重庆,你老婆现在正在为了了3000万在别人床上呢[可爱]恭喜你中大奖。
调低小不点,Wed May 20 07:07:42 +0800 2020,重庆,哈哈，不要脸，还把上一天条微博删了[允悲]。那条微博我是这样评论的，父母以为女儿在大企业很风光的呢，以前在亲戚朋友同事眼里多让人羡慕，怕是现在就多受鄙视[哈哈]。找什么爷爷辈的都可以，前提是要单身[可爱]。有老公，怀着别人孩子，你教师父母在人面前还能抬头吗[挖鼻]
心心念念One,Wed May 20 07:03:18 +0800 2020,江苏,这应该是个美丽的故事，被女的玩砸了。如果男生没遇到这个女的，一直存钱一直提升自己的事业，实力不凡啊，但是钱都花在这女人身上了，到头来一场空，刚结婚孩子还不是自己的，搁谁受得了啊。
-onlyyan-,Wed May 20 06:49:10 +0800 2020,江苏,这不是事件的女主。这人在这吸粉呢[允悲]
张志飞会腾飞,Wed May 20 05:41:44 +0800 2020,贵州,秃子是不是可以用他的秃头糙 你
duckLegs,Wed May 20 05:36:32 +0800 2020,上海,哈哈哈哈哈哈哈哈我真的笑死了
00cake,Wed May 20 05:13:29 +0800 2020,其他,就问你在陈军地方爽快不爽
海王星zsm,Wed May 20 04:12:18 +0800 2020,北京,一块两毛五
海王星zsm,Wed May 20 04:08:33 +0800 2020,北京,自己不是自己？难道你是zhu吗[笑cry]
海王星zsm,Wed May 20 03:41:00 +0800 2020,北京,兄弟写得好，高材生就得一针见血
莫要太纠结,Wed May 20 03:08:28 +0800 2020,其他,女主已改名为@sushbs ，这个是抢占了名字蹭热度的
我住戈壁我姓金,Wed May 20 03:04:21 +0800 2020,其他,这种懒钱不要恰，抢个名字蹭流量，抖机灵赚的是棺材钱💰 ，可笑的是连个pro都买不起吗，混淆视听手段也太差了。说你是♀权，文案也不会做。户口本真就一张纸？[太开心]
vkilkjhgd,Wed May 20 03:03:40 +0800 2020,其他,@Present-Life
Lsir1,Wed May 20 02:47:23 +0800 2020,其他,真的，这三观把我吓到了，微博里的一些人总是能刷新我的三观
noname恽小胖,Wed May 20 02:38:45 +0800 2020,其他,替你悲哀
BrokenMyLife,Wed May 20 02:36:45 +0800 2020,北京,老秃可还行，哈哈哈哈😂
大颖呢,Wed May 20 02:36:02 +0800 2020,湖南,哈哈哈哈哈哈哈哈
BLACK丶FLAG,Wed May 20 02:25:30 +0800 2020,其他,高素质人才都看不下去你的言行了，真牛皮
传奇小安,Wed May 20 02:25:10 +0800 2020,四川,私下采访下你，是你老公猛还是那个50几的秃头老男人猛。老大岁数了你怎么下得去嘴，还给他吹了吧。你这种烂女人，别说对你网络暴力，杀你诛心都不能解恨。
我住隔壁不姓王丶丶,Wed May 20 02:19:40 +0800 2020,广东,长得也有问题啊，大整过，而且视频跟照片压根不是一个人。你去看看她前夫发的视频吧。[doge]
BLACK丶FLAG,Wed May 20 02:19:08 +0800 2020,其他,这不是一般的傻
带鳄鱼去冬眠,Wed May 20 02:15:15 +0800 2020,广东,我真替你可悲，女主
智通阿文,Wed May 20 02:05:38 +0800 2020,重庆,怎么不是她？？我从当事男主19年8月19号的微博过来的  那条微博他艾特了这个号  还有今年1月19号和3月30号的微博  都艾特了这个号 之前我就没看了[挖鼻][挖鼻]
腚为你而撅,Wed May 20 02:02:10 +0800 2020,江苏,哈哈哈 怎么有这么蠢的人 不是自己！哈哈哈 还有以前男主@过你这个号知道吗
智通阿文,Wed May 20 02:00:23 +0800 2020,重庆,诺贝尔奖是你的了[允悲]
智通阿文,Wed May 20 01:55:17 +0800 2020,重庆,哈哈哈哈[允悲]劳资大半夜笑出了声
空诚trace,Wed May 20 01:52:00 +0800 2020,浙江,出轨还情有可原 那杀人就义正严辞吗 他没能力给她租房？ 是不了解还是三观不正
羊小小丶,Wed May 20 01:51:24 +0800 2020,云南,[doge][doge]老秃，艹我
小范_-,Wed May 20 01:31:49 +0800 2020,广东,这个就是女主角，叫做馒头。不过你叫馒头是因为你的逼是馒头逼呢还是什么原因？人家会给你3000万，你也太看得起自己了，真以为你的逼是镶钻的吗？有的给你300万你就要偷笑了。
以后要没心没肺噢,Wed May 20 01:11:18 +0800 2020,山东,嘴上说着抵制网络暴力，现在却在这挂着别人信息去网暴别人，不仅智商低无底线无道德，还双标
仙女味味的妮妮,Wed May 20 01:03:57 +0800 2020,北京,老头身为国企贪污，违法，婚内出轨，一个热搜锤的都没有，太好啦
Yinruo7,Wed May 20 01:02:20 +0800 2020,其他,滚
Sophie小喵,Wed May 20 01:00:37 +0800 2020,重庆,智商捉急[允悲]
我是个死心塌地的疯子,Wed May 20 00:42:19 +0800 2020,浙江,不是自己说了不是自己哈哈笑死我了，这智商真的堪忧
我是个死心塌地的疯子,Wed May 20 00:40:03 +0800 2020,浙江,哈哈笑死，不是自己说了不是自己这智商真的堪忧
CarolynMRX,Wed May 20 00:34:33 +0800 2020,其他,此地无银三百两…真的笑死了…这个智商…
宠物救助安置,Wed May 20 00:32:43 +0800 2020,陕西,哈哈哈哈哈我真的不想评论我今天却笑死在评论里
Jerrydinosaur,Wed May 20 00:30:25 +0800 2020,广东,没毛病啊你确实是这样说的，有录音啊
仙女味味的妮妮,Wed May 20 00:26:11 +0800 2020,北京,不是本人强行本人？你这种女的，满脑子就盯着女人喷呗，老头犯罪，出轨，都不用关注。受害者同样还有老头妻子，不关注，毕竟是个女人被抛弃是正常的
盛刚成,Wed May 20 00:23:52 +0800 2020,其他,还有啊，你作为北京昌平的同龄人你是怎么看待她的问题的？可否表个态，还有这个号17年注册的，想骗流量不必煞费苦心吧？@馒头mtmantou 这个号是yxh我挺理解的
再回我的清纯时代,Wed May 20 00:23:15 +0800 2020,河南,竟然有了画面感[二哈]
再回我的清纯时代,Wed May 20 00:21:31 +0800 2020,河南,人家说的是实话呀，那种情景我也能想象的到[二哈]
盛刚成,Wed May 20 00:21:06 +0800 2020,其他,@sushbs 我早就有关注，那个是女主面对大众的号，上面都是愚蠢的自辩。@我是馒头嘞_manman 也许确实是改名的yxh，也有可能就是女主的小号。你说我阴谋论也好，麻烦您提供一些yxh的证据，解释一下你努力让大家相信的原因，是怕这个号赚走了女主的流量？
十五亿少女的终结者,Wed May 20 00:19:48 +0800 2020,江西,男主以前都@过你。。。。笑了 http://t.cn/A62zHEHm
十五亿少女的终结者,Wed May 20 00:19:03 +0800 2020,江西,哈哈哈哈哈哈哈哈哈哈哈哈哈哈哈哈蠢死我了
Yinruo7,Wed May 20 00:08:16 +0800 2020,其他,给了你多少钱带我们一个！！
Yinruo7,Wed May 20 00:08:00 +0800 2020,其他,@仙女味味的妮妮 她可真是辛苦了！！每一条她都帮着回复！
美伊欣Crystal,Wed May 20 00:06:20 +0800 2020,上海,好想认识这位评论的英雄，字字铿锵有力，哈哈，优秀
我取名废你自己想吧,Wed May 20 00:03:17 +0800 2020,江苏,不是的，我特地看了一下我当时私聊她的时间，那时候这个人还没有被发现，你看我私聊的时间是不是比她最早一条微博还要早，然后当时她是有其他微博的只是现在删了。我是从聊天列表过来的，所以应该不是改名套娃 http://t.cn/A62zYx4C
爽歪歪的牵牛花,Tue May 19 23:59:32 +0800 2020,北京,不是自己，真不是自己，哈哈哈😄
陈某的情绪垃圾桶,Tue May 19 23:56:39 +0800 2020,其他,我tm直接笑崩！真的就脑子不好使 http://t.cn/A62zjCii
你要来我身边嗎,Tue May 19 23:56:20 +0800 2020,河北,没爹妈的死玩意
薇薇_Amy,Tue May 19 23:54:36 +0800 2020,北京,神经病吧你，阴谋论，你看看这个号是谁@sushbs 这才是真正的女主
天骁之家今夜亡,Tue May 19 23:54:06 +0800 2020,山西,笑死我了你演啥呢，去给你老爸👄去吧
盛刚成,Tue May 19 23:53:30 +0800 2020,其他,我怀疑你是女主闺蜜，帮她分散注意力的，这个号的说话逻辑，表达方式，跟女主如出一辙，我们也不敢笃定是的，但你是如何笃定不是的？
陈某的情绪垃圾桶,Tue May 19 23:52:47 +0800 2020,其他,哦 这优美的中国话！
我必须得想个可爱的名字了,Tue May 19 23:51:48 +0800 2020,其他,@任意门是你自己
陈某的情绪垃圾桶,Tue May 19 23:50:19 +0800 2020,其他,看到这张图片我tm直接笑死
肥萌萌乎,Tue May 19 23:47:02 +0800 2020,山东,智商堪忧[吃瓜]
Ga哲vin,Tue May 19 23:46:23 +0800 2020,广西,不是女主，为何男主以前总@你[doge]
肥萌萌乎,Tue May 19 23:46:20 +0800 2020,山东,这还不是你？男主1-19和3-30都艾特你了，你这智商怪不得现在人才两空，还臭遍全网
萱萱小眉,Tue May 19 23:42:10 +0800 2020,其他,不晓得这些分手为何要在网络到处曝光，现在的人很可怕了，有问题私下解决吧，
空空空空空百格,Tue May 19 23:39:46 +0800 2020,辽宁,看之前的她发的微博我以为只是蠢，现在看懂了，这是TMD脑残
喜欢杨淼嘻嘻,Tue May 19 23:36:45 +0800 2020,其他,有Ntr情节吗？
keeley仔,Tue May 19 23:36:15 +0800 2020,广东,牛唔饮水，按不低牛头
泽昔哥哥,Tue May 19 23:34:14 +0800 2020,贵州,嗨 你好！ 不管你是不是女主 我们站在正确的伦理上来说 你确实是犯错了 居然错了 那我们就要认 没有必要去反驳和解释 当下你最应该做的事是 把事情处理好 解决好 回头你还是那个漂亮的女孩 加油💪
当你终于沉默_,Tue May 19 23:32:06 +0800 2020,河北,老妹别怕，哥是真支持你的[吃瓜]
莫要太纠结,Tue May 19 23:29:12 +0800 2020,其他,这个才是女主，已改名为@sushbs 了，现在这个是蹭热度的
沐沐夕的二次方,Tue May 19 23:28:55 +0800 2020,天津,看新闻知道她有三个小号[允悲]
不堪重负的小张,Tue May 19 23:28:10 +0800 2020,天津,在？看看馒头批
仙女味味的妮妮,Tue May 19 23:24:49 +0800 2020,北京,奴性真强，男的老头又出轨又犯法你不锤，专门找女人出气
风一样的风子玲,Tue May 19 23:13:29 +0800 2020,广东,我就想知道，这个所谓不是女主的人，以前怎么不提网络暴力。这个女的出事了，就抵制网络暴力了
麦兜儿201703,Tue May 19 23:13:17 +0800 2020,山东,@我是馒头嘞_manman 咳……内个…能便宜点吗？
盛刚成,Tue May 19 23:10:30 +0800 2020,其他,猜测啊，大学男友，去澳洲留学找了现在老公，就给甩了
赵叔叔_,Tue May 19 23:10:19 +0800 2020,四川,张雨婷专治不孕不育老男人小作坊开业了！专治各种老男人不孕不育，在这提前祝你生意兴隆！早日靠这本领找到3000万！你现在也算名人了，就收10万一次吧，找3000个老男人来cao你，你就能实现你的梦想！[允悲][允悲]
赵叔叔_,Tue May 19 23:07:45 +0800 2020,四川,我就想知道  你和老秃搞的时候  是不是这样叫的？还是 秃秃  秃秃  快秃秃我
LaFabriqueQ,Tue May 19 23:05:35 +0800 2020,其他,再怎样 也请你改改之前的这个微博名吧 或者是重新申请个新号 再来伪装成一个路人为自己辩解吧 这样子真的很蠢诶[费解][费解][费解]
小戴3573,Tue May 19 23:05:32 +0800 2020,其他,确实是个傻子
小喵仙官,Tue May 19 23:05:25 +0800 2020,甘肃,哈哈哈哈哈哈哈哈哈哈哈妈的傻子吗[笑cry]
小戴3573,Tue May 19 23:04:29 +0800 2020,其他,这是个挨骂的沙雕
-暮凉,Tue May 19 23:03:17 +0800 2020,广东,@Joezouyou
平淡At,Tue May 19 23:02:01 +0800 2020,其他,你智商让我堪忧？你真是在搞笑吗？结婚备胎
多情的人无情的伤01,Tue May 19 22:59:33 +0800 2020,其他,此地无银三百两[允悲][允悲][允悲]
布彤秋歌008,Tue May 19 22:55:10 +0800 2020,台湾,马蓉令人绝望的思维和三观原来天量存在🤮
你也可以粉几天就走,Tue May 19 22:51:01 +0800 2020,其他,哈哈哈哈哈哈哈哈哈世上最强掩耳盗铃
-喜歡悠哉独自在-,Tue May 19 22:50:53 +0800 2020,四川,你是真的让我领教了什么是智商的下限
土肥圆鳖精,Tue May 19 22:45:06 +0800 2020,江苏,姑娘，把孩子打掉，然后回去好好的跟老公认错，争取原谅吧，别在网上装了
小彩虹的大雨朋友,Tue May 19 22:35:09 +0800 2020,其他,笑死了
沫诶少女,Tue May 19 22:31:41 +0800 2020,山东,你出轨的时候就该想到要被骂 还曝光尼玛中南大学呢  [疑问][疑问][疑问]
抽疯输入法,Tue May 19 22:22:53 +0800 2020,其他,你不是第一个被陈军干的女秘书，但你肯定是最后一个了
抽疯输入法,Tue May 19 22:22:08 +0800 2020,其他,就你这智商肯定想不明白，陈军认识你之前玩过多少女人，说你蠢得跟猪一样，简直就是在侮辱猪
其实呢我是卧底,Tue May 19 22:17:37 +0800 2020,其他,图片评论 http://t.cn/A62zSSi0
冰桔_柠檬,Tue May 19 22:16:48 +0800 2020,上海,骂得好，请加大力度[good]
其实呢我是卧底,Tue May 19 22:11:22 +0800 2020,其他,馒头
饕餮龘龘靐齉齾爩鱻麤龗灪厵滟,Tue May 19 22:10:04 +0800 2020,其他,这是她小号！！！
其实呢我是卧底,Tue May 19 22:06:12 +0800 2020,其他,这就是那母狗 http://t.cn/A62zXnUc
Mseven,Tue May 19 22:01:33 +0800 2020,湖南,不是女主，特地改id蹭热度，不骂人，已举报
我是蚊子3,Tue May 19 22:00:52 +0800 2020,湖南,@星星病的团魂
零度Nic_king,Tue May 19 21:57:47 +0800 2020,其他,草拟大爷的，你也刷新了我的三观~！
菸話,Tue May 19 21:42:35 +0800 2020,江苏,不要脸
心心念念One,Tue May 19 21:30:56 +0800 2020,江苏,关注了，吃瓜
天上掉下的从不是馅饼,Tue May 19 21:23:44 +0800 2020,吉林,怎么不说了发啊，锤啊，让男主锤傻了吧
青岛反不正当企业联盟,Tue May 19 21:21:55 +0800 2020,山东,我的最大愿望是能在caopron 91pron pronhub看到你，加油，你一定行的
你看我豪横么,Tue May 19 21:14:17 +0800 2020,其他,按你这逻辑，潘金莲被骂了这么久她也好惨，虽然故事虚构，或者日本人也好可怜，依旧被这么骂，再或者秦桧也好可怜，以上这些人哪个不是已经为自己的行为买单了？哪个跟你有直接关系伤害你了？
你看我豪横么,Tue May 19 21:11:14 +0800 2020,其他,抵触反三观的一面跟当年的红卫兵批斗性质不一样行吗？你骂杀人犯，跟你在网上跟人撕笔性质一样吗？
还是有点呆,Tue May 19 21:06:15 +0800 2020,河北,给你一个亿，
Yinruo7,Tue May 19 21:05:12 +0800 2020,其他,我就是来看这个女的的笑话啊，她活该啊，我就笑话她
Yinruo7,Tue May 19 21:02:59 +0800 2020,其他,你跟我说说啥啊有病啊你
西瓜水蜜桃君,Tue May 19 20:57:00 +0800 2020,其他,你为什么要说自己不是自己啊 你就光明正大的说你就是爱钱你就是出轨了 或者不说话我都敬你是条女汉子 敢做敢当
曾经风般轻柔,Tue May 19 20:55:02 +0800 2020,山东,曼曼你好
子小雨阝日,Tue May 19 20:54:32 +0800 2020,江苏,哈哈哈，发型打脸现场
飒飒_5716151413,Tue May 19 20:51:26 +0800 2020,其他,有没有听说过一句话  活着浪费空气  死了浪费土地
Bbbuglife,Tue May 19 20:50:51 +0800 2020,上海,别再给营销号增流量了！这个号的关注很假！大家理智吃瓜！别被利用
estar_korol,Tue May 19 20:50:26 +0800 2020,广东,就你这样还留学
小腿发达的阿哩叮叮,Tue May 19 20:42:32 +0800 2020,山东,你真的好蠢[允悲][允悲][允悲]
睿锋枫睿21,Tue May 19 20:40:25 +0800 2020,其他,你这也是网络暴力知道吗？
我是幸小招,Tue May 19 20:24:12 +0800 2020,其他,老哥你是怎么带图评论的？
莫要太纠结,Tue May 19 20:19:41 +0800 2020,其他,吃瓜要找对地方，这个才是本人 已经改名为@sushbs
峰峰快翻我牌子,Tue May 19 20:18:51 +0800 2020,天津,你在看看吧，这个就是她的号
峰峰快翻我牌子,Tue May 19 20:18:15 +0800 2020,天津,可是她解释说不是自己[笑cry][笑cry]
AL3718,Tue May 19 20:17:16 +0800 2020,广东,女主去做非绿直播吧，给你刷火箭！😁
峰峰快翻我牌子,Tue May 19 20:15:40 +0800 2020,天津,智力有点问题
在线问候,Tue May 19 20:06:16 +0800 2020,西藏,你🐴 没了 回家看看
-Trouble卍,Tue May 19 19:56:54 +0800 2020,河南,你去看看他男朋友的微博，之前艾特的就是这个号
小皮皮堡堡,Tue May 19 19:56:52 +0800 2020,广东,他连鸡都不如啊 鸡都比她好啊
-Trouble卍,Tue May 19 19:56:18 +0800 2020,河南,祝你以后的媳妇在外面跟别人生八个，全在你的户口本里
-Trouble卍,Tue May 19 19:55:09 +0800 2020,河南,还装个蛇皮了，你男朋友微博之前艾特的都是你这个号
细胞集团,Tue May 19 19:54:06 +0800 2020,其他,果然有毒
cookie_cookkkk,Tue May 19 19:51:42 +0800 2020,其他,确实是，之前这个号已经显示“用户不存在”了，最近活跃应该是骗热度的
孤贯穿一生,Tue May 19 19:46:24 +0800 2020,其他,@我是馒头嘞_manman 你的智商呢？
野鹤CR,Tue May 19 19:45:37 +0800 2020,湖南,网络暴力还以校友身份为荣？！这位女生是对不起她老公，也确实有点傻很过分，后面自食其果为自己的行为买单是肯定的。但是她没有伤害这位你们校友呀，他又是凭什么攻击别人呢！因为所谓的正义感就可以没素质？！无问西东里面有一段学子批斗画面，就是他的缩影了，你们还会支持甚至成为其中的一员吗！
孤贯穿一生,Tue May 19 19:45:03 +0800 2020,其他,@我是馒头嘞_manman 人家虽然语言个性低俗，但你干这件事的时候，怎么就不知道礼仪廉耻？还感叹起别人可悲，你喵的还不是自己咎由自取?做了自己不该做的事情，得为自己所做所为付出代价[挖鼻]
我思故我行_1314,Tue May 19 19:33:37 +0800 2020,其他,她删掉了所有怼网友的回复
九久兔子,Tue May 19 19:29:38 +0800 2020,辽宁,？？？同是九年义务教育，为什么你这么优秀？
耳闻风,Tue May 19 19:28:39 +0800 2020,陕西,哈哈哈哈
小小娱乐a,Tue May 19 19:17:07 +0800 2020,其他,说得好，那位说的好
肖志斌Kiro,Tue May 19 19:14:49 +0800 2020,浙江,我都醉了，跟你们有一毛钱关系？好好吃个瓜不行？非得干这么缺德的事，我说的难听点，婚内出轨的10队里面抓出来几队都是正常。只是我觉得做好自己就好了，人家出个轨跟咱也没关系，只能说自己不出轨好好生活就好啦。
Gothammm,Tue May 19 19:08:32 +0800 2020,其他,要么别说话🤫要么把妈藏好
一生热爱难以回头6,Tue May 19 19:04:03 +0800 2020,山东,智商低 素质低  你爸妈怎么教你的
过气滑稽酒_,Tue May 19 19:03:12 +0800 2020,上海,我知道这个
ShUyUuu_,Tue May 19 19:02:53 +0800 2020,湖北,笑死我了哈哈哈哈哈哈
ShUyUuu_,Tue May 19 19:01:44 +0800 2020,湖北,我还替你感到悲哀呢 这就是你自己的微博还说不是的 我就是从你老公那里看到这个微博进来的 他艾特你了关于爱情一切的美好 可你啊不知好歹
一位ppx过来的老铁,Tue May 19 18:59:30 +0800 2020,其他,唉 biao子
一位ppx过来的老铁,Tue May 19 18:58:48 +0800 2020,其他,说得好 你不是爱被秃子搞嘛？
莫要太纠结,Tue May 19 18:58:18 +0800 2020,其他,早改名了 指路牌@sushbs
DU忠莹,Tue May 19 18:56:57 +0800 2020,贵州,你是“自己”的小号
一枚胖包,Tue May 19 18:46:42 +0800 2020,湖北,我特么笑死
一枚胖包,Tue May 19 18:46:37 +0800 2020,湖北,hhhhhhh
邓三岁vv,Tue May 19 18:43:59 +0800 2020,重庆,女主 你的智商  [允悲]
杲___________________________,Tue May 19 18:43:04 +0800 2020,其他,老哥带点脑子 骂也得骂对人 人跟你一条条说了你居然还不信 咋还好意思回怼别人瞎带节奏？你确实可能跟营销号一伙的 不然你可能是nt权吧
LJR脸圆圆,Tue May 19 18:43:03 +0800 2020,海南,真的蠢到家了
张雨婷被老男人操,Tue May 19 18:41:19 +0800 2020,安徽,女主的微博名sushbs
张雨婷被老男人操,Tue May 19 18:40:54 +0800 2020,安徽,女主的微博名sushbs
昔风KD,Tue May 19 18:35:05 +0800 2020,北京,动物保护协会代表加鲁鲁兽来抗议
过气滑稽酒_,Tue May 19 18:33:44 +0800 2020,上海,emmmmm不是女主嘛。。。。[疑问][疑问][疑问] http://t.cn/A62zwSOF
昔风KD,Tue May 19 18:33:21 +0800 2020,北京,是不是反讽的友军啊
给我一只奶茶妹妹,Tue May 19 18:31:58 +0800 2020,其他,笑死我了哈哈哈哈哈嘎老秃哈哈哈哈
冷秋月I大四,Tue May 19 18:29:42 +0800 2020,重庆,女主发微博了，快去盗图
是辛辛娅的Cynthia吗,Tue May 19 18:26:50 +0800 2020,其他,@aboutF
无无酱_,Tue May 19 18:26:43 +0800 2020,其他,祝你 绿帽一顶一顶戴不完 能力越来越差玩蛋去 横批 喜闻乐见
长方形怪物,Tue May 19 18:25:45 +0800 2020,其他,让你不骂了吗？让你找对人去骂 跟你说了这是营销号 粉多了这号能卖钱你知道吗 真女主都给你圈了 去骂 行吗？还我占边女主 还扯女权 骂个人你都骂不对@sushbs
无无酱_,Tue May 19 18:25:29 +0800 2020,其他,洗你🐴呢
无无酱_,Tue May 19 18:24:37 +0800 2020,其他,哈哈哈哈 一孕傻三年
Ayezyzyy,Tue May 19 18:19:35 +0800 2020,其他,你跟女主一伙的？女权？
狮子斌斌05,Tue May 19 18:17:14 +0800 2020,江苏,想蹭热度就要敢于接受，就看你耐不耐烫了，呵呵！又想蹭热度又不耐烫，早点回家吃饭吧！
狮子斌斌05,Tue May 19 18:14:39 +0800 2020,江苏,"你的评论让我觉得""这就是女人""这一句话没有错"
纵横天涯无迹,Tue May 19 18:13:27 +0800 2020,其他,中南大学牛逼，中南大学三观正[能量少女耶][能量少女耶][能量少女耶]
狮子斌斌05,Tue May 19 18:12:15 +0800 2020,江苏,可笑!敢蹭热度却没有接受热度评论的勇气，您配吗？配几把
julia12345-自律,Tue May 19 18:05:42 +0800 2020,其他,那个是钓鱼的[允悲]认真你就输了
柯浩然然浩柯,Tue May 19 18:03:09 +0800 2020,江西,智商啊
德璆的宝贝,Tue May 19 18:01:53 +0800 2020,其他,同理心懂不懂，男生该留下多大的心里阴影。只能说罪有应得，犯错惩罚分为法律和道德。
该奋斗的年龄1,Tue May 19 18:00:42 +0800 2020,其他,300块，30万够找多少个比她漂亮的女大学生了
一風語一一,Tue May 19 17:57:45 +0800 2020,其他,那个秃头要能给你30万你就算烧高香了
仙女味味的妮妮,Tue May 19 17:52:07 +0800 2020,北京,虽然真女主发文也是在洗，但是那文笔，你真看不出和这个所谓小号的轻度弱智的高低之分？
liyi--h,Tue May 19 17:48:48 +0800 2020,福建,麻烦这位不是自己的女主，不要想着怼网友了。想想你以后的生活吧。中国怕已无你容身之地
Aiden卓Sir,Tue May 19 17:44:37 +0800 2020,其他,哈哈哈哈哈哈好家伙，哈哈哈哈哈哈
莫要太纠结,Tue May 19 17:44:34 +0800 2020,其他,别在这吃瓜了，地方都没找对，转移战场赶紧的@sushbs
仙女味味的妮妮,Tue May 19 17:43:19 +0800 2020,北京,你除了想看笑话，别的心理什么都没有。可某些男的，是等着借机会扫射所有女性“不守妇道“的。是不是小号，你看了刚才真女主发布的长文，你还看不出，那智商也就那样了。
仙女味味的妮妮,Tue May 19 17:41:11 +0800 2020,北京,自己去看女主真正账号新发的内容吧。文字内容的深度，完全吊打这个营销号，手机屏幕截图，苹果。
哼哼哈哈嘿啊啊啊,Tue May 19 17:41:05 +0800 2020,其他,不是秃了才强，而是雄激素睾酮多了才秃[偷笑][酷]
沟渠不见曲,Tue May 19 17:40:50 +0800 2020,江苏,牛逼你怎么不把孩子落在你爸户口上
冰山橙子,Tue May 19 17:38:57 +0800 2020,其他,又挂人，一天天的干净凑500万去吧 ，净关心些无关紧要的
哼哼哈哈嘿啊啊啊,Tue May 19 17:38:40 +0800 2020,其他,整的，外围脸
当年素颜的你,Tue May 19 17:38:09 +0800 2020,山西,劝你做一下亲子鉴定，你爸没了
我是你哥哥懂吗,Tue May 19 17:36:05 +0800 2020,山东,你这营销号吃人血馒头的辣鸡还装什么地址网络暴力，抵制网络暴力就改别人微博名？
我是那个问谁,Tue May 19 17:33:46 +0800 2020,山东,大家别吵了，女主真正的号其实是这个@带带大师兄 就是他绿了男主，天天陪秃子睡，怀了秃子的孩子，还要入男主的户口，太可恶了。号我已经找到了，大家快去骂
下盘很稳的马哥master,Tue May 19 17:24:19 +0800 2020,其他,6666啊
下盘很稳的马哥master,Tue May 19 17:21:42 +0800 2020,其他,错了就错了 还疯狂给自己找借口 要点脸行吗 真是蠢到家了
慢慢1001,Tue May 19 17:21:09 +0800 2020,其他,你跟这女的有一拼 一路货色
海龟叔,Tue May 19 17:20:46 +0800 2020,其他,你也是个奇葩
慢慢1001,Tue May 19 17:20:17 +0800 2020,其他,骂你没错 骂得好！
怒涛的一根小虾条,Tue May 19 17:17:48 +0800 2020,其他,人家的意思 女的太笨 换她来 稳稳的 不能出这问题[微笑] 必须不留证据[微笑]
大米00013399,Tue May 19 17:15:25 +0800 2020,安徽,为中南大学点赞
怒涛的一根小虾条,Tue May 19 17:13:51 +0800 2020,其他,啥意思[微笑]就是要是你出轨 你就不留证据 抓不住你呗？[微笑]
愿诗物语,Tue May 19 17:12:46 +0800 2020,湖北,有画面了[嘻嘻]
喝牛奶的阳仔,Tue May 19 17:11:08 +0800 2020,山东,你媳妇睡了你家一条街[doge]
Renasuy,Tue May 19 17:10:43 +0800 2020,黑龙江,换大号可小号就不吱声了？
老嘭嘭,Tue May 19 17:10:31 +0800 2020,甘肃,女主已经改名了，这号明显就是蹭热度，还非要关注才能评论，女主现在估计也没空在网上冲浪
太坦白_fly,Tue May 19 17:04:55 +0800 2020,浙江,你🐴 没了[偷笑]
美少女壮士-徐胜男,Tue May 19 17:00:29 +0800 2020,辽宁,这是傻子么
HUANGYIFFF,Tue May 19 16:52:49 +0800 2020,湖南,你🐴真是死了
自称Nicola的mattero,Tue May 19 16:45:11 +0800 2020,河北,你可真是你吗一个司马东西
是乔治呀2019,Tue May 19 16:44:16 +0800 2020,黑龙江,哈哈哈哈哈哈哈哈，别人说她跟个🐔一样，她说别侮辱动物……侮辱动物……动物……
盲辶,Tue May 19 16:36:48 +0800 2020,其他,25岁了最起码的辨别是非的能力有吧？一个已婚女人什么事该做什么不该做最基本的伦理道德懂吧？出事了在这里漂白有用吗？
一笑无言666,Tue May 19 16:35:34 +0800 2020,辽宁,前来围观一下，我特想知道她父母下半辈子怎么抬起头
盲辶,Tue May 19 16:35:25 +0800 2020,其他,看了很多别人喷你的评论，总结出来你总是一小女孩小女孩自称，你是不是女主不操心，只是我想问你，法定成年18岁，犯了的错都要自己承担一切后果。现在是2020年，你告诉我你眼中的成年人应该是多大？你的脑子呢？
ConfidenceLC,Tue May 19 16:30:06 +0800 2020,其他,我作为一个女的，觉得你的三观被狗吃了，
凹凸曼大咖,Tue May 19 16:28:02 +0800 2020,广东,只能说，蠢的可怕，你这样子不仅不会被珍惜，因为你这次可以为了钱4年感情不要只要那一个月，别人也会担心一次有“更好”的，你照样会这么做，因为你的三观，有先例，绝世好牌打的稀烂
菟孑先森,Tue May 19 16:24:52 +0800 2020,其他,还有骂她是🐔 ，她说别侮辱动物[允悲]
蓍饕50992,Tue May 19 16:24:52 +0800 2020,其他,网络确实很暴力，但是错真得太严重了。看热闹不嫌大，想起了以前老师说这就是典型的中国人。
横扫千君666,Tue May 19 16:24:49 +0800 2020,福建,服了你！
耶i大哥,Tue May 19 16:24:13 +0800 2020,其他,结婚前花的钱喂狗啦
孤立的是我,Tue May 19 16:11:53 +0800 2020,北京,流量和🐎 你选择了前者
李木木木木木啊喂,Tue May 19 16:08:14 +0800 2020,安徽,@Topengpli
请妳吃安慕希,Tue May 19 16:08:14 +0800 2020,广东,你他娘的真是个人才
HUAI--先生,Tue May 19 16:04:18 +0800 2020,北京,我不是自己，真的不是自己。
不是那个冰川,Tue May 19 15:59:15 +0800 2020,其他,别跟这角色扮演啦，你是真蠢还是假蠢。要不就大大方方承认自己做过的事。
一万年太久只争朝夕101,Tue May 19 15:53:46 +0800 2020,浙江,年纪轻轻却成了孤儿，真可怜[吃瓜]
Yinruo7,Tue May 19 15:50:52 +0800 2020,其他,你怎么看出来这是营销号的啊？？？你和女主智商差不多
她荟,Tue May 19 15:42:52 +0800 2020,澳门,图片评论 http://t.cn/A62733r3
女性代表人,Tue May 19 15:38:58 +0800 2020,其他,她只是犯了全天下女人都会犯的错误而已，而且，凭什么男人出轨就正常，女人出轨就是错，说实话，你能受得了3000w的诱惑吗，每个月3000元的男人?
薇薇_Amy,Tue May 19 15:31:59 +0800 2020,北京,你看这个@sushbs
沐沐夕的二次方,Tue May 19 15:31:18 +0800 2020,天津,这就是女主自己的号
少年丶也曾有山海,Tue May 19 15:29:15 +0800 2020,内蒙古,，这个是蹭热度的营销号，这个才是女主@sushbs
少年丶也曾有山海,Tue May 19 15:28:40 +0800 2020,内蒙古,这个是蹭热度的营销号，这个才是女主@sushbs
请叫我娜娜小姐nana,Tue May 19 15:25:05 +0800 2020,其他,哈哈哈哈哈哈哈哈哈哈哈哈 自己
一颗荒糖呀,Tue May 19 15:24:38 +0800 2020,其他,这个人我知道，他家户口簿不能翻页，懂的都懂
薇薇_Amy,Tue May 19 15:21:31 +0800 2020,北京,你才是智商堪忧，好好看看这个人是谁@sushbs
感官X动物,Tue May 19 15:20:16 +0800 2020,其他,你也是智商堪忧
剥完橘子要洗手o,Tue May 19 15:19:54 +0800 2020,河北,价值观呢?
卫琦西,Tue May 19 15:18:33 +0800 2020,其他,哈哈哈哈哈
大魔王醉月,Tue May 19 15:17:47 +0800 2020,其他,这女的太虚伪了，拜金，绿茶，没人性，自私，贪婪，这样的人就算找了70后秃头，以后还会有60后老头，继承家产的。
申宁会有报应的,Tue May 19 15:16:31 +0800 2020,北京,现实可以是 女的给几句近乎转瞬即逝的语言冷暴力 男的惊愤之余动了手 女的反向引导家暴录音淡化其它滴水不漏 男的恍惚间方想起已无话可录@VS生生不息 @我是馒头嘞_manman
sodisny,Tue May 19 15:12:47 +0800 2020,其他,我感觉这人是女主改名后故意来冒充的
WiFi·,Tue May 19 15:09:57 +0800 2020,河南,笑的屁都出来了我[喵喵]
耶i大哥,Tue May 19 15:06:34 +0800 2020,其他,孩子是无辜的，可怜是可怜，秃头还是算了吧
尔小啊,Tue May 19 15:05:26 +0800 2020,其他,是的
阿米尼摄影,Tue May 19 15:04:07 +0800 2020,海南,估计微博也想净化社会风气，特别是那种国内出轨，还惊喜大放送买一送一的。如果人做错了，又不受到应有的惩罚，那社会谈何风气净化……虽然事不关己，但这个事关于我们每个人，我们每个人都有老婆有孩纸，我们希望恶有恶报善有善报。
我思故我行_1314,Tue May 19 14:59:23 +0800 2020,其他,蔓蔓，你好
社会王爱打个鸡儿,Tue May 19 14:58:33 +0800 2020,其他,被@的链接不会错吧。。。男主那链接过来的。
SayMyNameH,Tue May 19 14:58:31 +0800 2020,北京,这就是个营销号，大家散了吧
三台子成步堂,Tue May 19 14:56:42 +0800 2020,其他,说明中南大学的人还是有正义感有血性的！！！！！[good][good][good][good][good][good][good]
三台子成步堂,Tue May 19 14:55:11 +0800 2020,其他,哈哈哈哈又发现了一个奸夫？？？？
LIN-CHEUNG,Tue May 19 14:54:09 +0800 2020,广东,你看这个是什么 http://t.cn/A627RDJz
xwY-55,Tue May 19 14:47:18 +0800 2020,广东,@Winchin_Chung [笑cry][笑cry]智商堪忧
北陌路,Tue May 19 14:44:30 +0800 2020,北京,，
锐绫,Tue May 19 14:38:12 +0800 2020,其他,不是女主，别人男主艾特你？
小kkk丑八怪,Tue May 19 14:37:03 +0800 2020,贵州,70后秃子的🐔怕是做一次要吃六七次吧，半分钟估计就软了，然后再吃一次，你这有点废嘴啊
三台子成步堂,Tue May 19 14:35:00 +0800 2020,其他,哈哈哈哈哈哈哈哈哈哈哈
丑小泉,Tue May 19 14:33:07 +0800 2020,云南,@小公举_200209 震碎我的三观
丑小泉,Tue May 19 14:30:58 +0800 2020,云南,有可能是小小号[偷笑][偷笑]
网球c,Tue May 19 14:25:37 +0800 2020,上海,@陪你慢慢走啊 哈哈哈哈哈哈@XRAP
沉重却充满希望的拼色干豆腐,Tue May 19 14:24:21 +0800 2020,辽宁,你是不是故意的？
老实人小孙aaa,Tue May 19 14:23:00 +0800 2020,辽宁,老拳师
神仙爱情与我无缘,Tue May 19 14:22:53 +0800 2020,上海,出轨特么情有可原？？？[摊手]我特么，实在是找不到词语骂你了
熬夜猪的小迷弟,Tue May 19 14:21:21 +0800 2020,河北,女主发微博了 怼@sushbs
高橋凉介str,Tue May 19 14:18:25 +0800 2020,广西,@是剃头的
全村唯一初中毕业的男人,Tue May 19 14:15:34 +0800 2020,北京,表子给你做了，牌坊你也想立？不是吧阿姨
小欢喜2332,Tue May 19 14:15:04 +0800 2020,上海,备胎
啊嫣嫣耶,Tue May 19 14:12:56 +0800 2020,香港,给我笑吐了[太开心]
Root0520561,Tue May 19 14:06:11 +0800 2020,北京,你要是bbc就好了，爽死你
薇薇_Amy,Tue May 19 14:06:02 +0800 2020,北京,你点这个号看看就明白了@sushbs ，这才是真正的女主
zboer,Tue May 19 14:00:12 +0800 2020,浙江,接盘来咯，能嫁给我几天吗？[允悲]
热热热热子啊,Tue May 19 13:59:14 +0800 2020,陕西,垃圾
西班牙的国王,Tue May 19 13:58:21 +0800 2020,其他,赶紧给你顶上去，千万别被营销号骗了
小超人米豆,Tue May 19 13:58:06 +0800 2020,浙江,智商捉急，确实
猫猫狗狗小赵,Tue May 19 13:57:36 +0800 2020,山东,@风月wind 发现女主本人weibo哈哈哈哈哈哈哈笑死我了
boo445,Tue May 19 13:55:39 +0800 2020,广东,你真可爱[doge]
你认为我应该叫什么,Tue May 19 13:52:52 +0800 2020,北京,我也这么认为的。。
仙女味味的妮妮,Tue May 19 13:52:10 +0800 2020,北京,看不惯营销号这么妖魔化女主智商然后给自己号增加粉丝卖钱行不行啊
厚辰houchen,Tue May 19 13:48:26 +0800 2020,其他,通过献祭你双亲的方式为自己营销号引流，真的底线感人 👍🏽
图提证道,Tue May 19 13:42:39 +0800 2020,其他,秦始皇在地下埋着呢，你快下去找他，比谁都厉害👍
祖国领土一点也不能少,Tue May 19 13:42:06 +0800 2020,其他,舒服吗?
长方形怪物,Tue May 19 13:39:15 +0800 2020,其他,再再来给你补充一个 这个号发的这个微博里的聊天记录截图 你看看都几层水印了？真女主手里会没有原图？http://t.cn/A627lfdm
我才不会让你找到我微博,Tue May 19 13:34:28 +0800 2020,其他,真是智商堪忧
长方形怪物,Tue May 19 13:34:28 +0800 2020,其他,我发现吃这个瓜的人 很多跟他说了这是yxh 真女主的号也告诉他了 他还非不信 不知道到底是傻得理直气壮还是只是想找个地方骂人[作揖]
花花的世界53469,Tue May 19 13:34:02 +0800 2020,其他,好，鼓掌喝彩
G班江直树,Tue May 19 13:32:22 +0800 2020,河南,🐠上🐴没
梦幻丽莎发廊i,Tue May 19 13:31:22 +0800 2020,北京,@地铁海淀五路居站06435: 同志们：男主他@的不是这个号，他@的是这个用户名！原号主把账号注销了，现在这个号主趁机改成这个名了！所以你从那个男主那里摸过来看到的是新号主！而男主@的是旧号主！这就是个司马营销号蹭热度！
马尔科夫链蒙特卡洛方法,Tue May 19 13:31:14 +0800 2020,其他,蠢猪
sunshine_圣曦,Tue May 19 13:31:12 +0800 2020,其他,别蹭热度了
__子潇,Tue May 19 13:30:36 +0800 2020,河北,啥也别说了在做的我给你们一人3000万，嘴头支票，你们都去干他把
CC已重置,Tue May 19 13:30:08 +0800 2020,江苏,我支持他骂你
长方形怪物,Tue May 19 13:29:59 +0800 2020,其他,1. 这个号用的荣耀 女主用的11 pro   2.这个号阳光信用极低 及其可能之前是僵尸号  3.这号最早的微博是昨天 在这之前昨天有段时间点进这个id已经不存在了 4. 你知不知道只要id原主人改名或注销 任何人都可以抢注id 并且点进之前圈这个id的 都会跳转到新抢注id的账号 这么说懂了？
黄颖O,Tue May 19 13:29:25 +0800 2020,河北,他可能做的不对，说的过分但是您分别写着抵制网络暴力，您还拿着别人的私信来这里让她被人喷！！！
宛wansdevil,Tue May 19 13:28:22 +0800 2020,其他,[鼓掌]我们以你为骄傲！！！
zxx_9_3,Tue May 19 13:27:45 +0800 2020,其他,我觉得她的意思是“ 不是为自己辩解？”
巴黎小安娜,Tue May 19 13:26:10 +0800 2020,香港,这女的也是蠢到家了，用小号骗人，难怪被人忽悠三千万，这智商[笑cry][笑cry]
别闹快关灯,Tue May 19 13:25:50 +0800 2020,北京,这是女主吗？
_叛逆期延后的小怪兽,Tue May 19 09:59:08 +0800 2020,云南,什么情有可原啊 你这意思 每个人婚内出轨都是可理解的？天哪 你的世界是怎么构建的？
努力奔跑的kevin,Tue May 19 09:58:13 +0800 2020,其他,骂的还是不够狠
Zsz8l,Tue May 19 09:58:12 +0800 2020,辽宁,兄弟们   我刚来   为什么她在发微博的时候都要带上一句不是女主？
_叛逆期延后的小怪兽,Tue May 19 09:58:05 +0800 2020,云南,[绿丝带][绿丝带][绿丝带]🎄🎄🎄🎄[浩克][浩克][浩克][浩克][浩克]祝你以后一直绿
bjgsabkyecnus,Tue May 19 09:56:29 +0800 2020,浙江,真实写照啊，还怕别人说？
不知道叫什么了尼玛,Tue May 19 09:56:14 +0800 2020,湖南,真替我们中南大学丢人，你复读机吗，不会骂点别的词，看的一点都不爽
TIM_NO3,Tue May 19 09:55:23 +0800 2020,北京,舒服吗舒服吗舒服吗
一只一米八五的小矮子,Tue May 19 09:54:23 +0800 2020,陕西,鱼上钩了，但你🐴没了，值得么？
叻叻女孩C,Tue May 19 09:53:19 +0800 2020,其他,就是她，因为她老公以前经常艾特这个号，应该是她小号。你可以去看看她老公以前的微博
雷半疯86976,Tue May 19 09:52:56 +0800 2020,其他,女的觉得男的满足不了他不能直接跟他讲？何必要瞒着  要想跟秃子过你至少讲出来说分手啊  而且还结婚了 还能干出这种事  吐了  你三观也真是的[good]
努力向上的的青年啊,Tue May 19 09:52:52 +0800 2020,其他,我不骂你  我只恨自己没有钱
阿达aDaaa,Tue May 19 09:52:31 +0800 2020,河北,吃别人饭花别人钱 然后无缝衔接 谁有钱跟谁的 三天之内必得新冠 治不好的那种
Lancelot丶l,Tue May 19 09:50:51 +0800 2020,其他,有一说一，你这个智商，不太适合搞地下工作
玉米面088,Tue May 19 09:49:06 +0800 2020,其他,@柚子是芒果的
玉米面088,Tue May 19 09:49:02 +0800 2020,其他,@坤-Quentin
coco冰茶M,Tue May 19 09:48:33 +0800 2020,河南,"哈哈哈 智商捉急(﹁""﹁) 怪不得卖批被骗"
你要我怎么做怎么说啊,Tue May 19 09:42:28 +0800 2020,其他,在你这干什么都情有可原是吗？怪别人给不了那莫多？你自己怎么不去挣？在这说毁三观的话不怕遭人唾弃？
Manta_97,Tue May 19 09:39:30 +0800 2020,北京,别侮辱狗啊阿sir
ABbeibeibb,Tue May 19 09:36:47 +0800 2020,山西,悲哀啊！怎么能骂的这么温和
佳阳_Vicky,Tue May 19 09:35:27 +0800 2020,山西,你前夫在微博录音叫过曼曼 你装什么几吧
Cherisisme,Tue May 19 09:33:05 +0800 2020,北京,心挺大，还替别人悲哀呢，都这个时候了想想你自己吧！作为女性，做了这样的事你应该自我检讨，还舔个b脸在这儿po别人？你不觉得你很弱智吗？怪不得最后啥也没捞着。潘金莲相比于你，恐怕还要再修炼几百年
夏天的催眠师,Tue May 19 09:31:54 +0800 2020,北京,你这欠不登，为了涨粉，取了个人家赶紧改的网名，，耐骂不正常么，不就是为了让别人以为你是女主么
Catheri-,Tue May 19 09:31:48 +0800 2020,重庆,哈哈哈哈哈哈哈哈哈哈哈哈哈哈哈哈哈哈哈哈哈哈哈哈哈哈哈哈哈哈
V94254,Tue May 19 09:30:25 +0800 2020,其他,我是房地产老总，名下资产过亿，需要私我。
老衲爱吃肉馒头,Tue May 19 09:29:20 +0800 2020,北京,差评，骂的太轻了。
胖虎mine,Tue May 19 09:29:08 +0800 2020,其他,说你🐴呢？
胖虎mine,Tue May 19 09:28:01 +0800 2020,其他,骂的还不够狠啊
王小迪就是Monday,Tue May 19 09:26:15 +0800 2020,山东,我怀疑你是友军，但我没有证据[doge]
殷盈盈_Y,Tue May 19 09:24:53 +0800 2020,安徽,@1加1_Dy 笑死人 脸皮怎么会这么厚
长腿先生的靴子,Tue May 19 09:23:39 +0800 2020,北京,不是你自己？那是谁自己？
疯人院核心,Tue May 19 09:22:49 +0800 2020,四川,没感觉悲哀，这才是中南大学正确的三观啊，倒是你自己后面可能要蹲高强，为自己悲哀吧。
武汉一何思维,Tue May 19 09:22:42 +0800 2020,湖北,又一个死了爹妈的
杜柯人-在路上,Tue May 19 09:21:11 +0800 2020,四川,是不是婚内出轨怀孕可以算重婚？这小哥哥能把这个小姐姐送进去吗？[可爱][可爱]
想要哈哈哈也可以呵呵呵,Tue May 19 09:20:28 +0800 2020,其他,不过女主确实智商一般，不然也不会在绿地说自己不育不带套的情况下还让她怀孕了，明显是骗她，她在知道被骗的情况下，还能继续相信绿地，这以后不得被绿地玩死
疯着疯着就2了_,Tue May 19 09:20:23 +0800 2020,北京,[允悲][允悲][允悲]好的好的
疯着疯着就2了_,Tue May 19 09:20:13 +0800 2020,北京,这……
想要哈哈哈也可以呵呵呵,Tue May 19 09:20:11 +0800 2020,其他,你说不是她，这个人图什么呐，所有微博都是关于这事，难道就是让所有人都骂她，这个人是有病吗，还什么营销号，这事过去后谁会还关注她，大概率就是女主装路人为自己辩解，不然她也没什么办法了，真能被人骂，这个号还可以为自己说几句话，
疯人院核心,Tue May 19 09:19:40 +0800 2020,四川,下次骂别的，不要侮辱加鲁鲁跟狗子，气死了
倩大宝向前冲,Tue May 19 09:19:26 +0800 2020,浙江,哈哈哈，笑死了蠢的跟驴一样，被骗活该
史发英是个婊子,Tue May 19 09:17:00 +0800 2020,内蒙古,感觉是真的傻
多健身才是keep噢,Tue May 19 09:13:02 +0800 2020,其他,是我吃错了，不好意思
薇薇_Amy,Tue May 19 09:11:56 +0800 2020,北京,男主1年前艾特的这个昵称（我是馒头***），但是女主把昵称改了，然后后面这个人顶替了女主的昵称来蹭热度！
薇薇_Amy,Tue May 19 09:10:00 +0800 2020,北京,@sushbs 这个才是女主，哪个傻子会写真名让你去骂她？
薇薇_Amy,Tue May 19 09:05:46 +0800 2020,北京,你自己说的话送你自己，睁大眼睛👀，谢谢！ http://t.cn/A627LC8x
云鲤Iris,Tue May 19 09:04:18 +0800 2020,北京,大家别都已经骂麻木了，开始当喜剧看了！已经演完一集了，第二集开始我们给女主出主意如何翻身，如何走正道。圣人也有犯错时，朝闻道夕死足矣，引导她她做一个正确的选择。@我是馒头嘞_manman
找护士聊聊天,Tue May 19 09:03:11 +0800 2020,天津,其实出轨的人很多，只是每把出来而已，
罗罗罗罗罗佩佩,Tue May 19 09:03:09 +0800 2020,湖南,开啥地图炮 是不是有病？
我还是想追梦,Tue May 19 08:57:21 +0800 2020,其他,我看你是来水贴引战刷存在感求火的那类评论 我要在你的鸡儿上重重的打一拳🤫
Rxxxxxrhm,Tue May 19 08:57:13 +0800 2020,陕西,眼睛不用可以扣瞎，还是你故意的？
Adonis藍儿,Tue May 19 08:56:45 +0800 2020,福建,哈哈哈
村村cunge,Tue May 19 08:54:52 +0800 2020,其他,评论说的可真好：净化网络，其实少点你这样博关注的，网络就干净一半
地铁海淀五路居站06435,Tue May 19 08:51:19 +0800 2020,山东,同志们：男主他@的不是这个号，他@的是这个用户名！原号主把账号注销了，现在这个号主趁机改成这个名了！所以你从那个男主那里摸过来看到的是新号主！而男主@的是旧号主！这就是个司马营销号蹭热度！
芽儿哟_wang,Tue May 19 08:48:53 +0800 2020,江苏,你在笑别人，我们在笑你
赫铭heming,Tue May 19 08:46:02 +0800 2020,内蒙古,有毛病吗？
Ayezyzyy,Tue May 19 08:41:37 +0800 2020,其他,两个手机不行？
一片秋叶冷风来,Tue May 19 08:37:27 +0800 2020,北京,我建议拿出1000万洗白，不要在乎钱吗，洗白后还有更多100万。[汗]
疯狂-流浪汉,Tue May 19 08:34:23 +0800 2020,河南,这大学读的很一坨屎一样，难怪要找代写
不二珈-,Tue May 19 08:32:23 +0800 2020,河北,求求你坚持下去，真害怕你能在暴力中挺过去[吐]
-想昵称好麻烦-,Tue May 19 08:32:04 +0800 2020,天津,他以前为什么圈你啊 http://t.cn/A627wbMk
纯牛加糖,Tue May 19 08:31:59 +0800 2020,江西,看法律裁决吧，如果你始终认为自己对，那也是你的事，我们就是关注女主的下场，毕竟错了就得承担，凭什么因为是女生就得网开一面并且获得大众理解，你问问父母会不会理解你
纯牛加糖,Tue May 19 08:28:04 +0800 2020,江西,事情你错就是错了，你还辩解。全世界多少人！出轨的占多少，出轨不认错的占多少，刚领证就出轨的有多少，刚领证就特么有孩子了有多少 95年的 不小了，世界观 价值观 人生观这么扭曲！
Rosa绳,Tue May 19 08:27:54 +0800 2020,山东,就是她本人了 http://t.cn/A627Zuq1
云鲤Iris,Tue May 19 08:27:23 +0800 2020,北京,朋友，我差点没缓过来，差点笑歪了嘴巴
金牌大爷i,Tue May 19 08:23:53 +0800 2020,其他,大家别骂了，我知道了这个人是男主的小三，不然怎么一直被男主艾特却不是本人呢，什么？女主原来没脑子？那没事了[doge]
是从西边出来的西,Tue May 19 08:22:37 +0800 2020,重庆,悲你妈呢？？？你给钱就能被上，跟鸡似的，我还替你感到悲哀呢！
ShiehCY,Tue May 19 08:21:00 +0800 2020,河北,智商太低了吧，这还是出国的留学生？
小沈OvO-,Tue May 19 08:19:10 +0800 2020,其他,保护！！！！！竟然敢挂我方友人
烋噯forever,Tue May 19 08:09:41 +0800 2020,山西,感觉这玩意回复的话里都带着一股浓浓的腥臭味
黄逸洋,Tue May 19 08:09:15 +0800 2020,上海,哈哈哈哈//@007lz: 这是个傻子吗 http://t.cn/A62hplJ6
Amy酱呐呢,Tue May 19 08:08:32 +0800 2020,上海,[允悲][允悲][允悲][允悲][允悲][允悲]这女的太搞笑了吧
齐声呐喊你欣哥,Tue May 19 07:59:02 +0800 2020,其他,营销号④🐴
BANANA_布那乐,Tue May 19 07:53:39 +0800 2020,广东,我都替她捉急
鲜芋牛奶西米露呀,Tue May 19 07:53:00 +0800 2020,江苏,女的智商有点[笑cry]
魏原齐,Tue May 19 07:51:10 +0800 2020,吉林,姑娘凭空捏造伤到了你我们道歉，但是你做过的事实凭什么我们不能说，人都有嘴有思想，你不可能堵住天下人的嘴巴
新一代热搜女神,Tue May 19 07:42:32 +0800 2020,江苏,这女长得不错，智商堪忧哇，难怪被男人骗了，她老公那么好 ，可惜了
老新手儿,Tue May 19 07:41:52 +0800 2020,其他,希望你老婆天天出轨，别说，你绿油油的挺好看
白塔山股神,Tue May 19 07:38:53 +0800 2020,上海,我怎么觉得她越发可爱了。。。女主生动的诠释了什么叫傻得可爱。。。
CN会更好,Tue May 19 07:37:26 +0800 2020,香港,应该这么说，这么拜金的女人，怎么可能会用华为荣耀手机[doge]
不二珈-,Tue May 19 07:35:41 +0800 2020,河北,[微笑]是想那我们当枪使去骂这位兄弟吗？呵呵，这位兄弟说的那一点有错？你自己敢做就得敢承认，还有你私自公布别人的账号信息真是可耻，不要[微笑]
东东东呛,Tue May 19 07:35:40 +0800 2020,其他,骂得好！
小菊花粑粑丶,Tue May 19 07:34:43 +0800 2020,安徽,情有可原[笑而不语][笑而不语][笑而不语]不想骂你，滚吧
波波夫2023,Tue May 19 07:34:40 +0800 2020,其他,现在都支持用国货。他那个老秃头都是国货！这有什么好奇怪的。
小菊花粑粑丶,Tue May 19 07:32:58 +0800 2020,安徽,虽然污言秽语，但是已经很大程度还原当时的情形了，比较秃头老猥琐男也要吃药[笑而不语][笑而不语][笑而不语]才行
孳息孳息201809,Tue May 19 07:32:19 +0800 2020,其他,你看看这些内容的发表时间
泥土你好,Tue May 19 07:32:10 +0800 2020,其他,出了轨，怀了孩子。还要把孩子生下来，户口还得安在原来老公上面[二哈]
GuoooooooL,Tue May 19 07:26:30 +0800 2020,其他,哈哈哈不是自己
媳妇在五星,Tue May 19 07:24:59 +0800 2020,上海,真替你爸妈感到悲哀
长平烈侯,Tue May 19 07:23:22 +0800 2020,其他,有这脑子可惜点进主页是个女权
爸爸妈妈的宝宝成长日志,Tue May 19 07:19:46 +0800 2020,其他,太不要脸了，对你那么好的人不要，要个糟老头子，我呸，
齐声呐喊你欣哥,Tue May 19 07:18:16 +0800 2020,其他,那么爱钱的母狗，会用荣耀？营销号可能性大
我又假装幸福了,Tue May 19 07:16:53 +0800 2020,其他,它好像很开心[笑cry]
KudoShaarawy,Tue May 19 07:14:43 +0800 2020,上海,@华山大王小瓊奇 来吃瓜
Mr秦大帥,Tue May 19 07:07:46 +0800 2020,安徽,你是真的傻
仙女味味的妮妮,Tue May 19 06:59:37 +0800 2020,北京,也就是说我现在互动@ 你，你注销了，有人注册你的名字，我就会变成@ 他
仙女味味的妮妮,Tue May 19 06:58:48 +0800 2020,北京,根本没有互动，互动下的那个号点进去已经注销，你根本不懂微博的使用方式，只要女主注销，有人马上抢占名字，就会出现这种情况
静音钟6477909970,Tue May 19 06:56:00 +0800 2020,北京,这号2017年注册，男主2019年多次互动。别的就不多说了，你能不能懂，取决于你信不信懂。
小May小,Tue May 19 06:55:57 +0800 2020,内蒙古,港真  像你这般没智商的人   能闭嘴活着都是大幸了
boo445,Tue May 19 06:55:39 +0800 2020,广东,在tm是多大的仇[doge]
boo445,Tue May 19 06:51:28 +0800 2020,广东,脏钱咱不赚[doge]
189的FrankMa,Tue May 19 06:50:21 +0800 2020,天津,改名，营销号，蹭热度，后期攒够粉丝改名赚钱
北冥de鱼儿-Hr,Tue May 19 06:40:08 +0800 2020,辽宁,是的她是哈哈哈，一孕傻三年
缘为冰热消融,Tue May 19 06:39:03 +0800 2020,辽宁,那女的也好，蹭热度的营销号也好，tmd就是活该。
DiJia电影票,Tue May 19 06:37:45 +0800 2020,北京,不是吃瓜，是她在演，你在看
缘为冰热消融,Tue May 19 06:37:40 +0800 2020,辽宁,可是她男朋友之前@了这个号
仙女味味的妮妮,Tue May 19 06:25:35 +0800 2020,北京,女主一直用了十年的苹果手机，不是荣耀，这营销号全部都是荣耀这种手机。这个营销号累积了5000粉丝了，上万粉丝后把内容删了，又可以卖一个好价钱了
胖胖汁rou,Tue May 19 06:22:17 +0800 2020,河北,你是不是有经历？所以这么包容女性出轨？
仙女味味的妮妮,Tue May 19 06:22:15 +0800 2020,北京,如果是蠢成这样的本人，还专门换个手机来发？女主之前几年的微博，没有任何一条不是来自iPhone客户端，现在突然变成荣耀用户了？营销号他自己刚好有荣耀，仅此而已
白洋河Y,Tue May 19 06:17:42 +0800 2020,江苏,是不是手段，后续就知道了。不要这么早的下定义，不知道的以为你们是朋友呢。请安静的和我吃瓜，别说话！
仙女味味的妮妮,Tue May 19 06:17:25 +0800 2020,北京,女主本人用了几年苹果手机，从没换过，聊天记录截图也是苹果界面。这营销号全部都是荣耀，以女主的虚荣心不可能用荣耀。
仙女味味的妮妮,Tue May 19 06:16:51 +0800 2020,北京,你第一次玩微博吗？微博注销后只要抢占就会出现这种情况，根本不是女主小号，女主用的是苹果手机客户端，这人全部都是荣耀
仙女味味的妮妮,Tue May 19 06:15:23 +0800 2020,北京,营销号故意手段而已，女主本人用了几年苹果手机，从没换过，聊天记录截图也是苹果界面。这营销号全部都是荣耀，以女主的虚荣心不可能用荣耀。
仙女味味的妮妮,Tue May 19 06:15:12 +0800 2020,北京,营销号故意手段而已，女主本人用了几年苹果手机，从没换过，聊天记录截图也是苹果界面。这营销号全部都是荣耀，以女主的虚荣心不可能用荣耀
仙女味味的妮妮,Tue May 19 06:14:51 +0800 2020,北京,营销号故意手段而已，女主本人用了几年苹果手机，从没换过，聊天记录截图也是苹果界面。这营销号全部都是荣耀，以女主的虚荣心不可能用荣耀。
仙女味味的妮妮,Tue May 19 06:14:31 +0800 2020,北京,营销号故意手段而已，女主本人用了几年苹果手机，从没换过，聊天记录截图也是苹果界面。这营销号全部都是荣耀，以女主的虚荣心不可能用荣耀这种手机
仙女味味的妮妮,Tue May 19 06:14:24 +0800 2020,北京,营销号故意手段而已，女主本人用了几年苹果手机，从没换过，聊天记录截图也是苹果界面。这营销号全部都是荣耀，以女主的虚荣心不可能用荣耀。
摇滚天堂27320,Tue May 19 05:57:09 +0800 2020,其他,你和秃顶有片儿吗，自拍什么的，没准秃子传网上了
摇滚天堂27320,Tue May 19 05:56:02 +0800 2020,其他,昨天看着你的照片那个了，she 了好多
Miguel-曹晔,Tue May 19 05:50:00 +0800 2020,其他,你要脸不？
樊杉菜,Tue May 19 05:45:29 +0800 2020,广东,@韩劭祾 女主小号，在装路人
gzgknfrxhjdk35268,Tue May 19 05:33:48 +0800 2020,其他,实锤了！一孕傻三年[作揖][作揖][作揖]
别叫不是你豪哥,Tue May 19 05:31:27 +0800 2020,四川,吃瓜群众们，女主真正的微博号已经把全部内容删除了 是s开头的， 现在这个馒头 是女主的曾用名，然后这个司马的营销号 改了女主之前的名字来蹭热度，赚你们的流量，别骂别关注 别评论就好
-罗多多钱多肉不多,Tue May 19 05:17:46 +0800 2020,香港,到底是不是本人...是本人我就不讲道理开骂了啊
Sun-胡子,Tue May 19 05:16:19 +0800 2020,其他,活该
Summers的夏天,Tue May 19 05:01:55 +0800 2020,安徽,哈哈哈哈哈哈哈哈哈哈哈哈
我叫王富贵阿,Tue May 19 04:46:41 +0800 2020,浙江,你关注我干嘛…是不是想害死我
阿里嘎多bye,Tue May 19 04:06:34 +0800 2020,浙江,社会常态，只不过刚好这两口被公开了而已，大家吃吃瓜散了吧，抵制网络暴力。
黑海森宇,Tue May 19 04:03:52 +0800 2020,北京,是挺悲哀的 骂你骂的太轻了
黑海森宇,Tue May 19 04:03:08 +0800 2020,北京,你🐴 没了
你算什么辣鸡呀,Tue May 19 04:01:42 +0800 2020,其他,哈哈哈哈哈哈d天啊这女的是怎么考上大学的[笑cry][笑cry][笑cry][笑cry][笑cry][允悲][允悲][允悲][允悲][允悲]
你算什么辣鸡呀,Tue May 19 04:01:01 +0800 2020,其他,就是女主的小号好吧
珠宝鉴定师西西,Tue May 19 04:00:50 +0800 2020,湖北,骗关注就大方点说出来好了，多大点事。还在那洗被老男人骗，欺诈索要苦主男是否为事实，贪慕虚荣是否为事实，利用老男人升职器转正是不是事实？还跑来装楚楚可怜，莫非你和她一样别人刷汗水你刷逼？
Yinruo7,Tue May 19 03:44:07 +0800 2020,其他,哈哈哈哈哈哈哈哈哈
O-Six-Mks,Tue May 19 03:16:51 +0800 2020,其他,老哥威武，不怂她！
中午吃青椒炒鸡蛋,Tue May 19 03:07:11 +0800 2020,其他,有的人真的是为了骂而骂，女主的微博是这个@sushbs 评论区素质可见一斑，劝博主改名字吧，有的人一上网就不能算做是个“人”了
Fariishta-Aquarius,Tue May 19 03:07:04 +0800 2020,其他,傻孩子[二哈]你现在要做的不是乖乖认错然后郑重道歉嘛，这样反往老公身上泼脏水并且锤些无足轻重的料只会让自己被骂的更狠[二哈]你要把一辈子赔上嘛
海梦鲸落,Tue May 19 02:51:06 +0800 2020,其他,wdnmd女👊🏿已经这么刷三观了？？？？？怎么好好的女性平等维权到了这里变成耍无赖不要脸了？张口闭口都是男人给不了？自己没手没脚就不能一起努力？你到哪找长得帅年纪小还多金的小帅哥？就算有人家看得上你这种地摊货色？
鲸落32049,Tue May 19 02:49:53 +0800 2020,其他,哎，又你吗是个绿茶女[拳头]服了假如你没做好准备就不要结婚，如果选择结婚，请尊重并重视婚姻，出轨，是不能，也不会被人原谅的。
洗洗大葱,Tue May 19 02:49:45 +0800 2020,四川,牛啊，就说怎么这博主三观不正，原来是女主
用户小明童鞋,Tue May 19 02:17:23 +0800 2020,其他,用🐴 来钓？真的忍心？
等不到欢喜情长,Tue May 19 02:05:35 +0800 2020,其他,有钱一起赚
难怪会名满江湖,Tue May 19 02:03:35 +0800 2020,河北,你这个不火天理不容
Liusanity泽,Tue May 19 02:01:24 +0800 2020,山东,6啊兄弟
djkfmfnfkrkd,Tue May 19 02:00:33 +0800 2020,其他,老渔夫了
djkfmfnfkrkd,Tue May 19 02:00:00 +0800 2020,其他,骂这女的一晚上了，但看见你的评论还是笑了。😂
萢泡璫,Tue May 19 01:52:50 +0800 2020,陕西,这女真的智商不高，情商为零。。。看了一下评论数量，刚好250，绝了[馋嘴]
BBg-8,Tue May 19 01:50:15 +0800 2020,其他,替你悲哀。大学都白念了
Gzc--,Tue May 19 01:48:08 +0800 2020,陕西,厉害 毕业就有3000万
夏茗悠ing,Tue May 19 01:47:39 +0800 2020,湖北,俩字，精辟[允悲]
职业打狗阿,Tue May 19 01:47:08 +0800 2020,安徽,真的不是女主吗？ http://t.cn/A62hEdNH
职业打狗阿,Tue May 19 01:46:46 +0800 2020,安徽,这不是女主吗？ http://t.cn/A62hEr6W
赵海末,Tue May 19 01:39:39 +0800 2020,其他,又一个死了爹妈的
虽瓜而不皮,Tue May 19 01:38:29 +0800 2020,江苏,这骂的也太仁慈了
BBg-8,Tue May 19 01:38:18 +0800 2020,其他,笑死。[允悲]🙃🙃🙃你叫男的把@你的删了不就行了[允悲][允悲][允悲]
职业打狗阿,Tue May 19 01:37:21 +0800 2020,安徽,绝逼傻子不然能让70岁的给种上？
眼中都是30岁的她,Tue May 19 01:37:13 +0800 2020,黑龙江,悲哀 悲哀啊
水逆的天秤,Tue May 19 01:32:21 +0800 2020,山西,女主是不是把微博号都给你了
Dwade09,Tue May 19 01:29:39 +0800 2020,湖南,骂得好 你就是个营销号 你越是这样发以后你的小孩你大父母越是死的惨
生来倔强ZJ,Tue May 19 01:27:19 +0800 2020,其他,对不起，是我考虑不周，我不是有意伤害你，从知道这件事到现在，我的心情久久不能平复，回想起我们过去的点点滴滴，我相信你是爱我的，这么爱我的你，又怎么会做出这样的事
sweet是个讨厌鬼,Tue May 19 01:25:42 +0800 2020,重庆,多少钱？一起挣啊
无痕大坏蛋几点了,Tue May 19 01:24:16 +0800 2020,其他,你说你咋不找多人运动。一个秃子不够吧
生来倔强ZJ,Tue May 19 01:20:25 +0800 2020,其他,我好无能，从知道这件事到现在，我的心情久久不能平复，回想起我们过去的点点滴滴，我相信你是爱我的，这么爱我的你，又怎么会做出这样的事
夏时雨的空想,Tue May 19 01:17:41 +0800 2020,其他,谁会说不是自己啊，说也是说不是女主吧[笑cry]
这很白Max,Tue May 19 01:15:44 +0800 2020,北京,你会说就多说点[挤眼]
长方形怪物,Tue May 19 01:14:42 +0800 2020,其他,女主澳洲硕士会用荣耀？？？我球球你们了 带点脑子 女主用的 11 pro http://t.cn/A62h8T9Y
蒜苗多些辣子少些,Tue May 19 01:13:40 +0800 2020,甘肃,编，你继续编
莫要太纠结,Tue May 19 01:09:42 +0800 2020,其他,女主的微博用户名已改为@sushbs ，17号晚上我还看她微博呢，就当晚她删除了半年内的微博，半年以前的内容也设置隐藏了 http://t.cn/A62h85wL
boo445,Tue May 19 01:09:42 +0800 2020,广东,这你都看不懂吗我的老天爷[汗][汗][汗]
拾贰孟冬,Tue May 19 01:08:28 +0800 2020,其他,哈哈哈哈哈哈哈哈哈这妹妹太逗了，智商感人
我不是宠儿,Tue May 19 01:07:57 +0800 2020,山东,我没看明白 啥意思这是
Masami再见,Tue May 19 01:07:24 +0800 2020,其他,兄弟，我贼喜欢数码宝贝，兽人加鲁鲁做错啥了，不能这么侮辱兽人加鲁鲁[允悲][允悲]
地铁海淀五路居站06435,Tue May 19 01:05:58 +0800 2020,山东,同志们：男主他@的不是这个号，他@的是这个用户名！原号主把账号注销了，现在这个号主趁机改成这个名了！所以你从那个男主那里摸过来看到的是新号主！而男主@的是旧号主！这就是个司马营销号蹭热度！
地铁海淀五路居站06435,Tue May 19 01:05:01 +0800 2020,山东,同志们：男主他@的不是这个号，他@的是这个用户名！原号主把账号注销了，现在这个号主趁机改成这个名了！所以你从那个男主那里摸过来看到的是新号主！而男主@的是旧号主！
这是我听过最好笑的笑话,Tue May 19 01:02:20 +0800 2020,其他,干这活能给多少钱？
大虾米豆腐汤,Tue May 19 01:01:14 +0800 2020,宁夏,营销号死🐎没地方火化只能暴尸公厕你知道吗
负债青年000000,Tue May 19 01:01:12 +0800 2020,重庆,这个洗得有问题，就是侮辱性的对女主确实不对，但是女主三观确实问题很大。
ok你就当我是浮夸吧,Tue May 19 01:01:02 +0800 2020,辽宁,家访骂他吧，这样过瘾
AaA李十八,Tue May 19 00:59:20 +0800 2020,其他,一条母狗，散了吧
ok你就当我是浮夸吧,Tue May 19 00:58:56 +0800 2020,辽宁,我觉得他骂你骂得对
十生九死就到家额,Tue May 19 00:55:04 +0800 2020,其他,真的我要是他这样演我过了这段我估计我会犯病 抽风 精神不正常
地铁海淀五路居站06435,Tue May 19 00:52:46 +0800 2020,山东,这个账号在昨天晚上还显示“该用户不存在”，而且博主设置只有关注才能评论。就是yxh趁机改成这个名，以此达到蹭热度的目的啊。况且女主真正微博内容已经删光了，又用另一个微博装路人？还望网友擦亮双眼！我们以为博主漏洞百出，事实上被耍的是我们啊！博主看到粉丝蹭蹭涨，还不知道怎么笑话我们呢！
Bo灬yan,Tue May 19 00:52:06 +0800 2020,其他,少玩点手机，对肚子里的孩子不好
马尔科夫链蒙特卡洛方法,Tue May 19 00:47:13 +0800 2020,其他,想给别人出头[疑问]那就先锤死你[太开心]
凉凉哇哈哈,Tue May 19 00:46:12 +0800 2020,北京,中南大学还要人吗。我也想学骂这个女主
张绢娟娟,Tue May 19 00:44:40 +0800 2020,重庆,别说了…… 闭嘴🤐️，别给95后女生添堵了，就是喜欢钱，喜欢奢侈生活，被别人耍了，还在这装无辜
Jennifer0494,Tue May 19 00:42:59 +0800 2020,其他,不管怎么样，婚内出轨还怀了别人的孩子就没得洗，不是网络暴力，而且这么道德败坏的事激怒了善良正义的网友，女主脑子也是真不够用。我倒认为男方理智、冷静，哪怕故意引诱录音也是在捍卫自己的权利。只许她道德败坏不许人家用点手段维权吗？至于500万，被出轨方要求出轨方及小三给予赔偿也是应该的。
boo445,Tue May 19 00:41:50 +0800 2020,广东,求你告诉我这是哪条，我要去事故现场[doge][doge][doge]
zz4J2hh8,Tue May 19 00:39:59 +0800 2020,其他,自己过来掺着一脚，蹭波热度，然后又来卖惨。不是犯贱是什么？ta抵制网络暴力，完完全全可以注销这个账号，之后什么事情都没有了。因为如果ta不是女主的话，这件事和他ta没有半点关系，但显然ta不想注销账号。
小欢喜2332,Tue May 19 00:37:40 +0800 2020,上海,这就是女主小号，之前她丈夫和她这个号互动。你去看看他丈夫的一年前的微博，都是艾特的这个号
过犹不及yyg,Tue May 19 00:37:04 +0800 2020,浙江,事件女主
RT茶色舞衣,Tue May 19 00:36:42 +0800 2020,上海,这号是闺蜜吧？物以类聚，人以群分。男主都@了
Smileivy,Tue May 19 00:35:12 +0800 2020,其他,博主脑子不够用 这个微博翻出来的种种资料和照片都是你啊 [哈哈]
小许林林520,Tue May 19 00:35:12 +0800 2020,广东,牛逼牛逼
往前走不回头hm,Tue May 19 00:35:04 +0800 2020,河北,我的妈呀，这是啥智商呀
你甭管5656222,Tue May 19 00:34:53 +0800 2020,其他,哈哈哈哈哈哈哈哈哈哈哈哈哈我丢，他妈的她这脑子真的
小许林林520,Tue May 19 00:34:37 +0800 2020,广东,有人来骂吗？老子三观炸裂了，曹尼玛的
且行且止2018,Tue May 19 00:34:07 +0800 2020,其他,老哥稳，觉得喷的挺好的[doge]再狠点就完美了
你甭管5656222,Tue May 19 00:33:58 +0800 2020,其他,你老婆给你戴绿帽子你一定要微笑着祝福他们啊
试着让故事结局,Tue May 19 00:32:14 +0800 2020,其他,不是女主，男主很久之前艾特你互动干嘛？难道你是男主的情人，现在以小三的身份给被你绿的女主说话？[喵喵][喵喵]你的智商啊
世纪难题每天吃啥,Tue May 19 00:30:34 +0800 2020,陕西,老秃 哈哈哈哈 晃动着为数不多的几根所谓头发  一阵云雨 所剩无几
11空空空空,Tue May 19 00:26:59 +0800 2020,其他,处罚这个女的方法，就是用钱来处罚
淋雨好好好好好,Tue May 19 00:25:32 +0800 2020,内蒙古,是 你是钓到了 但是你🐎没了 真的值得吗
boo445,Tue May 19 00:24:42 +0800 2020,广东,为什么会有这么蠢的人[汗][汗][汗]
土门最强音,Tue May 19 00:24:35 +0800 2020,其他,这话说的，这辈子不跟马云睡觉，都妄为女人[思考]
纯野生时凉凉,Tue May 19 00:24:33 +0800 2020,山东,你就是个男绿茶
boo445,Tue May 19 00:21:40 +0800 2020,广东,少在网上哔哔赖赖，多和你妈通通电话看你们谁挂的快
怪物小秦,Tue May 19 00:21:19 +0800 2020,山东,甚好[喵喵]
boo445,Tue May 19 00:20:40 +0800 2020,广东,別侮辱🐶了谢谢，说它特朗普脑子怎么样[doge]
姓易的烊千玺,Tue May 19 00:18:49 +0800 2020,山西,这就是个改名字恰烂钱的yxh前身，真正的小号已经被注销了[允悲]就等着网友骂它关注等事件过去然后接广告挣钱[吐]！别把时间浪费在这种人身上！ http://t.cn/A62hj8gS
李简单哟,Tue May 19 00:18:01 +0800 2020,黑龙江,这位可真善良 竟然嘴下留情骂得那么好听
姓易的烊千玺,Tue May 19 00:16:53 +0800 2020,山西,这就是个趁乱抢占昵称的垃圾，就等着粉丝越来越多然后等热度散去接广告恰烂钱。男主微博艾特的那个id地址已经被注销了 http://t.cn/A62hjCjf
羅大大ai_,Tue May 19 00:15:31 +0800 2020,其他,哈哈哈哈哈哈  这是那一条的  笑死我了
Renasuy,Tue May 19 00:14:24 +0800 2020,黑龙江,你也够辛苦了 怀着孕还特么得在这洗白 我服了
姓易的烊千玺,Tue May 19 00:14:11 +0800 2020,山西,它就等着这件事热度散了然后依靠存留的粉丝去接广告挣钱，你看现在都有4千多了…
十生九死就到家额,Tue May 19 00:13:46 +0800 2020,其他,好像是这个女主在演 别人说男主19年微博@过他
LAbbott,Tue May 19 00:13:45 +0800 2020,浙江,做鸡都比你有尊严
一个买涨不买跌的韭菜,Tue May 19 00:13:27 +0800 2020,江西,竟有如此厚颜无耻之人
爱吃饭的小呆呆,Tue May 19 00:13:25 +0800 2020,江苏,骂你什么好呢  可是那些字只会让你玷污了中国的文化  希望你原地嗝屁！
怪物小秦,Tue May 19 00:13:20 +0800 2020,山东,楼主这三观被吃到狗肚子里去了！ 狗脑子一个
姓易的烊千玺,Tue May 19 00:12:55 +0800 2020,山西,它就是个司马yxh[吐]这年头啥热度都有人蹭，啥脏钱都恰[吐][吐][吐]
LAbbott,Tue May 19 00:12:14 +0800 2020,浙江,你的三观炸飞，看来你希望，你自己的头顶也是青青草原
Renasuy,Tue May 19 00:12:01 +0800 2020,黑龙江,刚才又去看了男主的微博 还想把孩子落到男主的户口上 你怎么想的呢 刷新了我对人的认识
Kinjiabang0,Tue May 19 00:11:59 +0800 2020,其他,笑死我了 我的妈呀
小江小朋友爱喝酸奶,Tue May 19 00:11:31 +0800 2020,其他,好吃吧
杨奥哥哥Y,Tue May 19 00:08:36 +0800 2020,安徽,你妈没了
淡定薇薇,Tue May 19 00:05:15 +0800 2020,河北,想给所有私信骂你的点赞[摊手]
Renasuy,Tue May 19 00:02:29 +0800 2020,黑龙江,希望你被抓的那一天还这么刚
鸭梨山大文,Tue May 19 00:02:13 +0800 2020,湖南,祝他啥能力都没有，她老婆嫌弃他，天天给他种草[嘻嘻][偷笑]
打完老板好睡觉201810,Tue May 19 00:01:26 +0800 2020,其他,这个人相当于是在顶风作案，如果说她是普通人，那三观多多少少也有点问题了，如果说是女主的人，那就解释的通了，不过一个好，洗不清吧
鸭梨山大文,Tue May 19 00:00:03 +0800 2020,湖南,情有可原？尼玛没看到用了他个人起码6 70万女主说的，男主在澳洲说明不了男主这个人有能力？你是理解力有误是吗？小学都没毕业吧，我严重怀疑你是那个秃头[doge]
香蕉牛奶你个思密达,Mon May 18 23:58:59 +0800 2020,贵州,应该是，之前的注销之后被另外一个人用了这个名字，不然不会这么活跃
YccQoo7,Mon May 18 23:57:49 +0800 2020,江苏,网络确实容不得半点沙子，女生更要洁身自爱。接下来，等调查就好了，会水落石出的。
永远亭随心,Mon May 18 23:57:08 +0800 2020,北京,"大概看了你发的所有微博后我确定你不是那姑娘，只是用了她曾经用的名，有点类似""借壳上市""，相信你深深感受到了四面八方潮涌来的谩骂指责，各位侠们动动嘴皮子动动手指头就能摧毁一个人。"
鸭梨山大文,Mon May 18 23:57:08 +0800 2020,湖南,是的，骂你一点都不狠，不带脏字的[嘻嘻]
1半纯白,Mon May 18 23:56:28 +0800 2020,其他,这话说的，不要用你浅薄的三观来代表所有25岁“小女生”！人跟低级动物不可以一概而论
土丘一八,Mon May 18 23:53:32 +0800 2020,湖南,男方视频里都喊你小名  manman了，你还在说不是本人。哈哈哈哈哈
福瑞够,Mon May 18 23:53:02 +0800 2020,重庆,全世界都在说中国话 孔夫子的话 越来越国际化[二哈]
菸話,Mon May 18 23:51:53 +0800 2020,江苏,不要点脸了
啊宝87380,Mon May 18 23:51:39 +0800 2020,其他,看到这么多人骂你我就放心了
9986似鲜肉,Mon May 18 23:50:05 +0800 2020,其他,你三观得有多么不正，我真的难以想象这些年的书读哪去了，你可能觉得从另一个角度来说，这男的有错，但是事情的根本是这个女的出轨了，还怀孕了，无论再给不了什么，出轨是不对的，只要涉嫌出轨，那出轨人就永远站在了第一责任人，出轨有的情有可原，但大多数不被理解，我是学法的如果走法律女的绝对输
DSP-SM家族粉,Mon May 18 23:49:46 +0800 2020,其他,那祝你以后的妻子也这样[嘻嘻]怪你没能力给别的男人生宝宝
辉煌在路上无悔,Mon May 18 23:49:23 +0800 2020,其他,你这认知刷新了我的三观，你估计和这个偷人的事一路货色。
密码_91743,Mon May 18 23:44:37 +0800 2020,北京,男的出轨跟女的完全不一样，男的出轨大家会说多正常，80%的男的都出轨，但是女的出轨就不一样了，因为大家都说怎么不浸猪笼？看看出轨的男星跟女星都知道了。所以女人要强大起来，像张雨绮一样，你敢绿我，我就曝光你再离婚，千万别像马伊琍，就算是忍气吞声被人笑话好几年，到最后还是得离婚！
最近最爱吃烧烤,Mon May 18 23:42:29 +0800 2020,山东,是这样吗？被秃子干的爽吗
地铁海淀五路居站06435,Mon May 18 23:41:54 +0800 2020,山东,这个博主和他的言论疑点颇多、非常蹊跷，实在是不敢认定就是女主本人！
Gibault_Yao,Mon May 18 23:41:35 +0800 2020,北京,戏越来越好看了[赞]
哈哈夜神月先生,Mon May 18 23:41:35 +0800 2020,山东,看着不是[二哈]，你看看苦主之前的微博
成shengr,Mon May 18 23:40:26 +0800 2020,湖南,问题是你那破事是一个高素质的人做的？
刘大大法师,Mon May 18 23:39:56 +0800 2020,其他,人家都承认自己不是自己了
九天狐露脸666,Mon May 18 23:39:31 +0800 2020,其他,笑死我了 我真的从来不评论别人微博 这个真给我笑了  哈哈哈
请你喝瓶快乐水,Mon May 18 23:39:06 +0800 2020,江西,我想知道有律师愿意帮你辩护吗，是不是都躲你躲的远远的
YHZerooo,Mon May 18 23:38:24 +0800 2020,四川,醒醒，这好像是女主小号[doge]
PEANDL,Mon May 18 23:37:50 +0800 2020,云南,骂的太温柔了 建议加大力度
我愛喝高樂高,Mon May 18 23:37:24 +0800 2020,辽宁,在一起四年，经历过那么多事情，给这女的花了这么多钱，就是特么养条🐶都得比这女的强多了，这女的但凡有一点良心都不会说出陈军的孩子放在澳洲男户口下面这句话。
栉颖_Holiday,Mon May 18 23:36:50 +0800 2020,上海,好优美的中国话[doge]
Benealan,Mon May 18 23:36:08 +0800 2020,湖北,思修白学的
旧城里的老掌柜,Mon May 18 23:35:32 +0800 2020,江苏,不要脸呀。
请你喝瓶快乐水,Mon May 18 23:35:12 +0800 2020,江西,世界上有几个人能随随便便给你3000万，你他妈怕不是一个捐款箱嗷，给钱就能进
Whitebry,Mon May 18 23:33:02 +0800 2020,陕西,你是不是有sm倾向？专门开个号在这找骂呢？你🐴在家都能哭死
L-ingTon灬g4XRO,Mon May 18 23:32:31 +0800 2020,河北,这个就是她本人
吃饱了199107,Mon May 18 23:31:35 +0800 2020,其他,所以归拢一下就是，女方在于太单纯被人骗[太开心]（受害者），男方在于被绿之后竟然还要追究，“迫害”女方及其“第三者”真不君子，所以君子就是被绿之后还要给他们暖个被窝，然后请他们上床被子盖好，出去关门之前还要说句：“宝贝，记得带❌，晚安”，所以这个君子谁来做，我要看看[兔子][兔子]
樱花树上结樱桃ovo,Mon May 18 23:30:31 +0800 2020,其他,别在女👊了.就这你还袒护？自己犯贱不长脑子还怪男人？有个好男人自己不珍惜.什么叫给不了..我告诉你人的欲望是无穷尽的. 因此为了自己的欲望就可以为所欲为了？？？？？说白了就是这个女的自己犯贱想要金钱名声利益为了这些放弃全部.这种价值观 我呸！
四格漫画达人,Mon May 18 23:29:47 +0800 2020,北京,你是营销号吧？
汉德萨姆阳,Mon May 18 23:29:26 +0800 2020,山东,老阿和了
匹夫为其鼓,Mon May 18 23:29:19 +0800 2020,广东,狗做错了什么？
vrlad,Mon May 18 23:28:57 +0800 2020,江苏,骂的好 你就是条母狗 看看你干的那些事 。。。
_Sky晴天,Mon May 18 23:27:58 +0800 2020,浙江,你这是嘴上说着抵制网络暴力，却在干着网络暴力的事。没事你挂别人干嘛，别说一套做一套。劝你善良
熬夜猪的小迷弟,Mon May 18 23:27:30 +0800 2020,河北,给我骂上去
为什么是大坏蛋,Mon May 18 23:27:17 +0800 2020,河北,我觉得这个大哥做的挺对啊
清清子衿1998,Mon May 18 23:26:41 +0800 2020,其他,最悲哀的人不是这位
薇薇_Amy,Mon May 18 23:26:22 +0800 2020,北京,醒醒，这个不是女主，这人假借了女主的名字
Milk-Champagne,Mon May 18 23:26:17 +0800 2020,其他,给中南大学争光了，这传统的正道的道德观、是非观，以及见人说人话，见鬼说鬼话的活用[赞]
宋冬野Fighting,Mon May 18 23:26:17 +0800 2020,上海,一时'性'起戴绿帽，轻描淡写爱打炮，身怀鬼胎才知道，东窗事发'被家暴'？
只愿cici,Mon May 18 23:25:42 +0800 2020,其他,她配不上🐶🐶[悲伤][悲伤][悲伤]@我是北方的南山南
007lz,Mon May 18 23:25:23 +0800 2020,北京,这是个傻子吗 http://t.cn/A62hplJ6
phlps,Mon May 18 23:24:41 +0800 2020,江苏,我觉得这位表达的还是太委婉了一点
疯着疯着就2了_,Mon May 18 23:24:28 +0800 2020,北京,[允悲][允悲][允悲]好吧
此ID有毒,Mon May 18 23:23:51 +0800 2020,天津,女的是出轨了，但出轨情有可原吧，谁让她老公给不了她那么多?这个男人是真的坏，自己没能力还要把女生毁掉，不光毁掉女生，居然还要把人家新老公毁掉，恶臭男人，吐了[吐][吐][吐]
你好卫冕,Mon May 18 23:22:36 +0800 2020,黑龙江,小号背石锤了，又和网友雄辩的时间不如想想未来的路怎么走。
泥土你好,Mon May 18 23:22:34 +0800 2020,其他,我就想知道一个问题，是不是秃了之后＊能力就强了[二哈]要不女主怎么被干傻了
只愿cici,Mon May 18 23:21:19 +0800 2020,其他,不要侮辱狗子[悲伤][悲伤] 狗子没做错啥
只愿cici,Mon May 18 23:20:30 +0800 2020,其他,@我是北方的南山南 优美的中国话
坐在钢索上吃西瓜,Mon May 18 23:20:07 +0800 2020,湖南,看你确实挺漂亮，关注下，以后说不定有机会……[嘻嘻]
和平精英辅助软件,Mon May 18 23:19:58 +0800 2020,其他,宁脸呢姐姐 这还想洗?
rushnuaa,Mon May 18 23:19:10 +0800 2020,山东,我他妈书都不想看了跑过来骂你 你真是败了道德丧尽良知 被那位陈总用尽过猛捅憨了吧？
只愿cici,Mon May 18 23:18:36 +0800 2020,其他,@我是北方的南山南
糊糊哼,Mon May 18 23:18:09 +0800 2020,安徽,人家说的对啊，你应该很爽吧。
熬夜猪的小迷弟,Mon May 18 23:16:03 +0800 2020,河北,正常啊 骂你是应该的 连985这种高素质人才都看不下去了 骂的好 往死里怼你
OldSpr1te,Mon May 18 23:15:46 +0800 2020,其他,只有中南大学的高材生才写得出这么优美的文字[偷笑]
Solitude8971,Mon May 18 23:13:48 +0800 2020,其他,哈哈还想引到别人身上[哈哈][哈哈]这种小伎俩…… 心真大还登微博
大魔4272,Mon May 18 23:13:14 +0800 2020,其他,不愧是我们中南大学的，骂人都不一样。我只能说可怜了那孩子了，秃头是遗传的
缺科僧,Mon May 18 23:12:26 +0800 2020,广东,你个营销号，蹭热度
华府之dragon,Mon May 18 23:11:17 +0800 2020,其他,你还真把婚姻当做买卖呀？
霸食猩,Mon May 18 23:11:05 +0800 2020,广西,差评，不够暴
M_JINX,Mon May 18 23:09:29 +0800 2020,其他,[偷笑]挂出来干嘛？要更多人骂？
AL3718,Mon May 18 23:08:59 +0800 2020,广东,女主什么时候直播大秀？给你刷火箭😁
地铁海淀五路居站06435,Mon May 18 23:08:57 +0800 2020,山东,这个账号在昨天晚上还显示“该用户不存在”，而且博主设置只有关注才能评论。就是yxh趁机改成这个名，以此达到蹭热度的目的啊。况且女主真正微博内容已经删光了，又用另一个微博装路人？还望网友擦亮双眼！我们以为博主漏洞百出，事实上被耍的是我们啊！博主看到粉丝蹭蹭涨，还不知道怎么笑话我们呢！
-J1n98747,Mon May 18 23:08:18 +0800 2020,其他,给咱们95后丢脸呀， 呵呵， 就这么骚？没男人的j8插就不行了？  你父母有没有后悔当初生下你 没弄死你？
一笑红尘客栈了,Mon May 18 23:06:57 +0800 2020,湖南,尼玛户口还想落在你老公这边，这简直颠覆了我对世界的认识
-J1n98747,Mon May 18 23:06:51 +0800 2020,其他,哈哈
浮生日月,Mon May 18 23:04:42 +0800 2020,其他,不是女主？当然啦。你只是女配啊。
你困了阿,Mon May 18 23:04:33 +0800 2020,湖北,你卖批就不悲哀了？？
荆楚菜籽,Mon May 18 23:03:25 +0800 2020,云南,真能双标，但凡分手都是男的错，这个戴绿帽都戴头上了，你给我说北非女方的错?
包子yangyang,Mon May 18 23:03:18 +0800 2020,其他,确实是不要脸到家了一个女的到这份上也是没谁了.给人家带绿帽子还要人家给你接盘.
王祖贤最美嗷QAQ,Mon May 18 23:02:44 +0800 2020,四川,对你这种为了💰脸都不要的母狗来说骂的太轻了
xxqiang47,Mon May 18 23:00:03 +0800 2020,江苏,还特么学会挂人？？？
乖乖的黑草帽,Mon May 18 22:58:38 +0800 2020,其他,你不说不是你吗
清心孑孑,Mon May 18 22:57:39 +0800 2020,上海,老秃 快用你镶金鸡吧干我 让我b里都是金
阿萌cong,Mon May 18 22:57:22 +0800 2020,北京,所以你是不是特别有成就感啊，还想干？
华府之dragon,Mon May 18 22:56:45 +0800 2020,其他,你能不能考虑男主的感受
清心孑孑,Mon May 18 22:55:40 +0800 2020,上海,老秃老秃快用你镶金的小鸡吧干我[太开心][太开心]
疯着疯着就2了_,Mon May 18 22:55:01 +0800 2020,北京,图片评论 http://t.cn/A62h9iqc
HJR·Jerry,Mon May 18 22:54:55 +0800 2020,其他,别洗了 我想笑
心态一直不是很好,Mon May 18 22:54:26 +0800 2020,上海,[太开心]妹子你何必呢？苦海无边，回头是岸！
007lz,Mon May 18 22:54:20 +0800 2020,北京,玛德一点也不狠
恿从力,Mon May 18 22:53:39 +0800 2020,其他,男主那边更新了[吃瓜][吃瓜][吃瓜]
圆怡,Mon May 18 22:53:21 +0800 2020,海南,同为女人真的想告诉你，你太蠢了，每一步都蠢的可怕
咖喱辣椒嘎嘎,Mon May 18 22:51:06 +0800 2020,其他,真就知道什么是悲哀[费解]
还能再菜店嘛,Mon May 18 22:49:24 +0800 2020,江苏,说实话也不让呗，不要脸
一整瓶的梦境_,Mon May 18 22:49:08 +0800 2020,北京,是挺悲哀的 对你太仁慈了 骂的一点都不狠
肖家属,Mon May 18 22:49:04 +0800 2020,其他,他说的就是我想说的必须赞
刘大大法师,Mon May 18 22:48:46 +0800 2020,其他,他🐴 怀了人家的孩子还要落人家户口本上面 你要脸吗
