评论内容,mood
看了这么半天，最暖心的回复！看到其他骂人的都忍着没哭～突然看到您的回复，真的是心头一热～泪水止不住！！非常感谢！！,2
错了 病毒可以治愈 脑残不会,0
俺不是愚昧俺是讲究[允悲],1
以后国家给武汉政策，给湖北拨款，也请你们理解，别一说就是凭什么？[摊手],0
如果只是单纯的退货没什么啊，只是那位女士说话太难听了你没觉得吗,0
我收了湖北那边的橙子，小龙虾，哪有这么夸张,1
淘宝店名叫什么?我要去买鸡蛋。,1
就问你这个卖家逼着人家买了没，说了不买他们家的，是逼着关门没，人家客服就说了武汉比较难，你就yy这么多不来，便宜卖怎么了，那个商家不作活动，怎么到了武汉就能便宜了，真特么奇怪，啥都是你在说,0
能够理解，国内嫌弃湖北武汉，就跟外国人嫌弃中国是一样的，都是疫区,1
武汉现在消毒做的比其他城市都严谨，卖出去的东西肯定本市和外地都会严查消毒啊！我们都是很注意的，口罩消毒洗手液我随身带备用的。公共场合都要扫码测温，而且武汉还做了全市的核酸筛查，只能说偏见一下就是无法消失，我也认了，希望过段时间真的能消除偏见,1
中国歧视还少吗？用得着这么大惊小怪的嘛？？道德绑架别人的时候，希望你们天天买湖北武汉的东西去支持武汉，做不到就别哔哔别人。,0
哎哟，别人不买你东西，你说别人要逼着你关门，这还不叫逼人买东西。为什么要便宜卖，你自己没数吗？你自己说的话，仿佛在贬低你自己地方产的东西。,0
只是单纯的不买退货没人说的吧，网上有很多这样退货的，没人不去说什么，只是都说今年太难而已，那位女士说的什么？自己去看，然后再来看你现在发那人对你发的“武汉怎么你了”这大句话，不求支持，但别去诋毁。你去听听，那位女士说的啥，你再觉得这句话是逼着你买，我们也没必要再说下去，沟通不了,0
这都是你在说吧，再说了，不是她自己贪便宜买的吗，有本事别看到便宜就买啊！,0
确实，我单位也组织团购武汉产品了，第一次吃热干面，真的好吃，作为东北人第一次吃酸豆角，好吃,2
拒收一大把，无所谓，骂人就不对，说人家故意害人更是不对~~还有什么说的,0
原来是武汉的，难怪别人拒收你的东西，就要把人批死,0
人还隔离吗？,1
是嘛，每个拒收客户都打电话骂你？说你害人？你洗地洗的真奇怪~~,0
湖北武汉。一女子网购鸡蛋后发现发货地是武汉。。,1
你害怕，不理解不怪你，打电话骂人就很无知，什么叫害人？说这么难听~~,0
这就是像国外歧视中国一样,1
非要吃个湖北省武汉市的鸡蛋，多补下脑子，咱可是九头鸟，超补,0
媒体应该告诉一下她，武汉是交通枢纽，好多东西都要经过武汉中转，你还是别买东西了，原地爆炸吧！,0
[摊手]把小号养肥了再来。,0
那个人就是不买你们的东西，然后你就说【武汉怎么你了？武汉企业都要关门大吉吗？现在武汉人民失业率你知道吗？】这不就是在逼着人买你们的东西吗？,0
她自己先嘴臭。理解一下[doge],0
我知道了 你就是这个买家 [爱你],0
正常还是好多人在支持的，要不你说之前给湖北的直播带货都哪儿去了呢，是不,1
失业率高和搞生产有冲突吗？有逼着别人买东西非买不可吗？争取不拿救济不好吗？你自己又在说什么？你有逻辑思维吗？,0
海外美国啊，难怪有这种言论了。,0
这顾客说这段话的时候是不是还觉得自己特别聪明，觉得自己悲天悯人，给人指了条活路？[二哈]吃反智反科学洗脑包到什么程度了？,0
没必要吧..我四月买鞋的时候西安武汉都有这双西安还近，我看武汉人民不容易最后还是加了运费买了武汉的，没那么严重(虽然我承认拿快递的时候确实让站点帮我消了毒..),1
请当事人滚出武汉疫情！,0
人家不知道 心存介意怎么了？ （不是任何人均本科/生物博士 也不是任何人都能接受来自湖北的东西 ）爱心助农 为湖北拼单我也是支持的 但是这家企业以后就拉黑了 凭着少数的事情放到网上营销 就很难接受 单纯发表态度 不妥删,0
道德绑架？请问你懂得道德绑架的含义吗就在这里BB？她这叫无知好吗！大家抨击的都是她无知的行为！不能当新闻？为什么不能？你说这些话之前有考虑过武汉人民的感受吗？疫情发生在武汉！但不代表武汉就是有毒！真正牺牲最大的还是武汉！,0
有些人就是，明知道你洁癖了。你宁愿亏钱也不要这东西，但还逼着你吃下去。你不吃就是不尊重人。你不买就是不支持他们，但这种人自尊心又特高。你不要钱都不行，要按着你的头要你道歉。,0
两个都不咋滴,0
你这种毒源可能更可怕，因为新冠可以治，脑残无药治,0
我昨天才因为武汉发货被退了一件衣服,1
也不是的，换位思考一下，如果疫情不是武汉，也是一样的，人害怕心理是正常，但是不能太极端，武汉疫情期间，支持武汉的人很多啊。,1
感谢对湖北的支持！,2
我想起我妈的一句话:无知比贫穷更让人难受[doge],1
说实话我也不敢吃,1
这位顾客真无知！,0
我还买了武汉的藕带,1
病毒还没有消失，武汉仍然是中国现在最大毒源！谨慎一点没有错！要是哪天病毒问题真的解决了，谁还有什么理由对武汉人有偏见？,0
能理解，但不鼓励，评论里骂别人的沙雕，你不说多了有种去武汉旅游一下支持下经济行不？,0
武汉的湿巾我从年前买了到四月份发货过来，嗯很好用，[吃瓜],1
如果是溏心蛋的话，呃…也不好说,1
武汉现在应该是最安全的地方了所有人都排查核酸,2
饿死她算啦！,0
歧视就是歧视，不分什么个体行为，应不应该追究，这件事就是错误的,0
你讲这话你也高尚不到哪儿去,0
歧视就是歧视，不分个体行为，应不应该追究，就是错误的,0
错了，偏见会消失，病毒不会,0
这个女人就根本没有人性，武汉人怎么啦，武汉鸡蛋又怎么啦？病毒又不是武汉人制造的，武汉深受其害，外国人都为武汉祈祷，你一个中国人居然歧视自己的同胞，你就不配做中国人！,0
你开过网店吗？或者你开过店铺吗？一天多少奇奇怪怪的客人？嘴巴臭的多了去了。你要个个都发网上，你天天都可以发。确实就是属于轻微精神病，需要看医生的。早治疗早康复,0
现实生活中啥人都有，人家也没犯法，关键是这个拿来做新闻，不就是想引战恰烂钱吗[笑哈哈],0
买卖自由，那退货不会好好说？,0
我都不知道你是对武汉自信还是自卑。你又说失业率高又说搞生产，又说不拿救济，又要逼着别人买你们的东西，你究竟知不知道自己在说什么？,0
什么叫投胎到武汉没办法？讲话这么难听应该爆出来，人家武汉人听到伤不伤心？你不想要退掉就好了，什么叫害死你？就是歧视,0
还不是因为这个买东西的嘴巴臭？？搞歧视？要退货就退货，说那么多别的批话不是找骂呢吗 张个嘴不能好好说话，上来就要害死他们什么的，不怼她怼谁,0
曝光顾客具体信息了？声音都是处理的！如此辱骂歧视还不能说了？得护着？害怕可以不买也可以退货，但骂的那么难听就别怪人批评。说到底没发生在自己身上罢了，你可以不支持武汉，但请别伤害。最后是她自己没看清发货地，却骂人家昧良心，害她？评论还理解？呵呵……,0
你们这些喷子敢摸奶自问一下，如果是你突然知道你的包裹是从武汉发过来的，而且突然摆在你的面前，你会一点犹豫都没有就直接去拿？,0
有生之年，如果来武汉，打雷劈死你,0
必须出来道歉,0
还有鸡蛋吃就不错了，我家湖北襄阳的，疫情期间亲戚家的养鸡场鸡饲料供应不了，鸡都杀完了。这个现象也不止湖北有全国可能都有。,1
问问她美国的洋鸡蛋要不要,0
这是可怕的无知。,0
希望她自己能看到大家的评论，认识再提高点,1
这个鸡蛋注明产地了,1
猫传人？？哪里听来的谣言？？鸡是流感病毒，人类的流感是从鸟和禽类来的，全世界还是都在吃鸡！,0
是为了曝光顾客吗？只是说明偏见而已，露脸了 提了商家名字提了顾客ID？谁批斗她个人了，只是对这种行为的不满！武汉怎么你了？武汉企业都要关门大吉吗？现在武汉人民失业率你知道吗？武汉企业不生产找国家拿救济金吗？，呵上嘴唇碰下嘴唇多么简单啊,0
都是喷的。真换成评论区里这些人搞不好跟他一样。八千万还是八百万精神问题最严重的全在微博里,0
我也是[怒],1
又不是个例，去淘宝看看这种人很多,1
退货我能理解，,1
但说话太难听,0
神经病，人家的销售页面有说明是武汉发货。不要可以退货，你反过来么辱骂人家算怎么回事儿？垃圾,0
我只想问一句，如果现在是全球没疫情，就咱们中国有疫情，外国人全部这样歧视我们，联合起来抨击我们，这位女士会是如何感想？做人啊，将心比心吧。,0
个人行为不假，但你以为只有一个人这样吗？他不过是报道出来的一个群体中的代表而已,1
理解。我们这里家长去外地返鲁，学校还让家长学生分隔十四天。,1
武汉人民不活了？武汉的东西吃不了？ 偏见就是偏见，不要给自己的偏见找理由！,0
她的个体行为可以理解，但是话不能那么难听，鸡蛋退货就是，不吃也可以理解，但是大家都是同胞，现在疫情也控制下来了，国家两会都开了，她再说那么难听和歧视的话不应该了，点在这里。,0
退货就退货，说这么难听你什么？,0
好人多，坏人那里都有,1
这个女人有精神病。,0
主要是鸡蛋是生鲜，路上来回几天，快递运输难免摔摔碰碰，退回来基本没用了,1
七天无理由嘛,1
适合当小粉红,0
作为在武汉的人，你可能没有体验过去哪里都被歧视，卖个东西还被不停退货的绝望[允悲],0
以前超市卖鸡蛋，包装箱外面都有注明出产地，比如湖北鸡蛋，湖南鸡蛋等等，现在全部都没有了，只有新鲜鸡蛋四个字。,1
现在都是全国各地跑，如果不提武汉两个字。你都不知道，你身边走过的是哪儿的。没必要对武汉这两个字冠上色彩。,1
有的人看到收货地是武汉会送点口罩，留个纸条写上鼓励的话。有的人会打折或者免单。人一旦有了比较就能看出高低贵贱……,1
因为中国充斥着不平等！,0
你自己的自卑  请别把种族带上,0
”在她的认知范围内……“这句话就很亮眼,1
最大的悲催就是歧视地区！,0
没有七天无理由退货，卖家完全没有必要理会这种混蛋买家,0
我们湖北人出去找工作，各企业不要，我们卖个东西还被嫌弃，真的寒心。,0
不过也要谢谢那些帮助我们，不歧视我们的人,2
神经病，不要和她计较了！,0
圣母狗生活中基本都是那种虚伪到极致的精致立即主义者。,0
哎，这种歧视会持续很久……,0
你这回答也是无知,0
人的狭隘，可见一斑。,0
支持武汉只是口号吗,0
我买的口罩还是湖北产的呢我说啥了[摊手],1
你在说这句话的时候，不但应证你自己的劣根性，甚至加强了一个数量级,0
无知和偏见，有钱别网购，自己买国外的买美国的去，美国的安全[吃瓜],0
这真是存在歧视的思想在里面，可以选择不要，但别歧视一个城市。疫情不在你家，要是在你家，你不得死了,0
这也能当新闻？,0
这种蠢话实在是太伤害你和中国人民之间的友谊了,0
你这种人 请离我远点  身体有病没关系  脑子有病是真会传染。吓死我了 这就去淘宝买个东西 ,0
东西不重要就要武汉的 虽然自己没什么能力。但我有心意诚意[心],2
说明官方还需要加强宣传与说明，避免无知群众产生类似的误解。,0
我觉得可以理解和支持！！,2
信息不透明是主要原因,1
报这种新闻什么意义？,0
偏见和理解是两回事,1
猫是哺乳类动物，鸡是鸟类动物,1
这也很正常啊，每个人想的不一样，为啥要批评，你做的就全对？,1
怎么说呢，无知是这样的,0
我朋友圈也有这样的人，还是高学历好工作的。真的是，很吃惊。关键是自己无知吧，还要发朋友圈晒出来，唉。,0
一天到晚就知道说武汉加油，都特么的都是客套话,0
所有平台一起拉黑不就可以了？,0
一看就是吃中国奶粉长大的[笑cry],0
是的，不是每个人都是病毒学权威，有害怕正常。,1
不过反应过激。,0
病毒会消失，偏见却不会,0
我现在网购首选湖北货源[允悲]，单位提倡的，自己也乐意。,2
没脑子的地区歧视。这负责采购的下岗吧,0
这种智商能有钱海购吗,0
脑子已经有问题了，多吃个武汉鸡蛋怎么了[疑问],0
[笑cry],0
无知是最大的可悲之处！[笑cry],0
9012了，还有这种无知之人。？？,0
建议湖北封杀此人,0
🐔都不会传染病毒给人 更别说🥚了,0
没常识太可怕了～我的热干面都买了好几茬了,1
不是女子是泼妇,0
可以理解，个体行为怎么了，别动不动道德绑架，这也能当新闻？,1
过激反应，属于轻微精神病,0
那这位女子也不要海淘代购了，国外全部都是疫区。,0
无知的大脑，活的真在意,0
好好，我们信，希望美国人也能相信！👍你们真棒。,0
相信很快咱的孙悟空就将特朗普这俩妖怪投胎的父子捉进裹户袋了！！所谓多行不义必自毙！！……,0
一家人病得不轻！,0
特朗普这个老妖太精太厉害了！一心想害咱中国！看来得动用咱的孙悟空才能将其捉拿归案了！！……,0
我就纳闷了，像这样的总统，美国还让他当着，这不丢国家的脸么？真无语，还大国呢。。,0
特朗普可以放心了，这绝逼是亲生的,0
你说的对，去医院走一圈比你在这说有用,0
在古代，这种人可以诛九族的,0
不这样说，老特怎么知道这是亲生的？说不定啥时候就把遗嘱给改了！,0
他这一家子应该读过书吧，不是还是名校吗？？[费解],1
没人比你和你爹更了解病毒了，一天天过得跟演动画片一样,0
活得像个笑话。,0
他们的脑袋真的[费解],0
自取灭亡吧  //,0
一家子都是疯逼,0
死了那多人搁这儿吹什么呢,0
真是一群坑比,0
他全家都注射过消毒水,0
看来这个病有家族遗传史啊,0
川普大女儿，应该是隔壁老王家的,0
把民众当猴耍？,0
憨批父子[太开心],0
这是信了邪教吗？？,0
你全家棒棒哒，都会魔法🔮 🔮🔮,0
这说的太有道理！[鼓掌],0
四川话翻译：“你好帅哟！”,0
我还以为特朗普的儿子只有三岁，没想到满脸胡子拉碴的成年人思想这么幼稚的,0
没有人 比我 更懂 特朗普,0
装了尸体的卡车再装食物是为了把食物给尸体吃？,0
🐶东西，又来蹭热度？还是省吧，小心被扒,0
你跟那秃子干的时候是不是很有成就感？,0
请正面回答是否在现实生活中认识女主？,1
你妈生你的时候你爸知道吗？哈,0
你先搞清楚微博机制吧，就算改名，通过以前的艾特点进来的，也是原主人微博，不是新注册ID的人微博,0
你悲哀你🐴呢 🐔,0
原使用者(那个女的)注销了，然后另外一个人(现使用者)又注册了这个名字。 那个女的大号是@sushbs 里面内容基本都清差不多了,1
就是她，去看她老公以前的微博，经常艾特这个小号,1
你可真是个圣人呢，你现实生活可真清高呢，,0
不以为耻反以为荣，其实你们和女主也没有太大区别。,0
好歹别侮辱兽人加鲁和钢铁加鲁…顺带一提，考虑到这两个一个完全期一个究极体，应该生不出来,0
我差点就不走流程直接开喷了 抱歉[二哈],0
她当初做这件事儿的时候就该想到有一天会付出代价的！求你别洗了 好吗？,0
你真是事儿没出在你身上你不腰疼 如果没有网络暴力 这件事儿根本就是狗男女得道 男主根本无法翻身 凡事都有两面性的,0
中南大学这个兄弟是个人才阿像个相声一样哈,2
这个兄弟说的好。不过要改一下。干我。快了。进来吧。反正你没生育能力,2
干得漂亮，这时候知道抵制网络暴力了？,2
重点画错了吧,0
哈，这女的真的是笑死我了,0
不悲哀，个人反倒觉得为大学争光了,2
我他妈笑死了,0
你这辈子完了，搂着你用身子换来的包睡觉吧😪,0
@LOADINGDIZY 我笑死了哈啊哈,0
人家说得没错啊，你就是这种货色,0
你🐴 没了吗？,0
哥们你牛逼哈,2
真是智商堪忧啊哈,0
你脑子有病吧 我艹 我跟你说 我是馒头嘞_man 这个微博名不是绿地女主 是营销号改了女主不用的微博名字在蹭热度 你就乱咬 你不是脑子有病？,0
哈 女主智商有毛病,0
你妈正在给我咬,0
不要这么说，你妈还在等我蹭呢，我没工夫来蹭这个热度。,0
害在这钓呐，不回墓地看亲人吗,0
其实我对你跟那个高管的视频更感兴趣，谴责和审判是老天和法院要对你做的事。,0
这女的简直是我的快乐源泉,0
这是我今天最开心的一刻，哈,0
我还替你悲哀呢，没事天捡骂，脑子起泡了吧,0
我觉得他骂的一点毛病都没有啊,2
你智商怎么回事儿啊？你检查怀孕的时候能不能把脑子也检查？快去测智商吧，这位姐,0
笑死我了，她怎么可以这么蠢呐，平时都吃啥呀，蠢成这样[允悲],0
哈，姐妹赞你,2
哈真是太搞笑了,0
你拿了多少钱 说出来大家听一下嘛,0
一看就是老秃子了,0
建议清华录取,0
这人是真骚啊，为了蹭波热度妈都不要了[思考],0
怎么带图评论？各位大佬。,1
你全靠钱上的学吗,0
战场没错，那边主战场已经被女主清理了,1
狗：终究还是我扛下所有,0
中南大学的兄弟干的好呀,2
你这三观不正 ，估计也是绿化带大湿,0
改名也不可能通过@链接过来啊，就是这个号没跑了，最起码是男主认识的人。不过种迹象表明这就是女主,1
可能是营销号改名改成这个的,1
活该被骂哈😄,0
智商捉急啊[喵],0
我人笑傻了，这tm纯弱智啊怪不得能给人老秃子白嫖[哈],0
我觉得你应该让你老婆去给陈军做秘书，一片绿油的，。,0
你真的智商堪忧啊，怪不得重修很多次,0
不是女主？那个男生之前一直艾特你干啥？,0
这个就是女主,1
你的智商真是下线无敌[允悲]被老男人在墙角凹凸,0
哈，绝逼是了，自己暴露自己,0
那她是怎么拿到女主和男主的聊天截图的[允悲],0
就是女主，你看一楼那个评论里有图，这女主跟个傻子一样,0
你可以理解为，她愚蠢到不好珍惜对她很好的老公，出轨到怀孕，直到现在，步错,0
你确定那些内容有深度？不过也确实挺有深度的，里面已经触及到了很多法律。,0
我一般两个手机，很多社群账号都注册两个。女主说不定也是,1
不是自己？难道不是他这样说吗？自己都用上了？这智商还是上过大学的？啧？还不如高中的智商高呢。,0
女的知道给不了那么多就不要嫁给他啊 ，当初就直接分手啊，还结婚，还备胎，还安全牌。还不是怕最后钓不到有钱人起码有个傻老公给自己买包买首饰。情🐎🍺可言,0
对[允悲]我也是从那里面点进去的，看见这女的自导自演[允悲],0
你2017年注册的账号，20年五月前的微博全删除了，哈，还装吗 htp:/t.cn/A62Zg1CR,0
有钱人的奴隶玩物 ，白辜负了空有容貌白学只会被老头子给内进了 ，还得最后说能有三千万 ，你是脑子烧掉了掉钱眼了，是想成功难想有钱都想有钱普通崛起很难渴望高层次生活 ，但就不能干之前给钱吗，,0
这就是女主 大家看,1
我也误会了[吃瓜],2
70岁[doge]不是70后吗…,0
三观不正，像个傻 B，我支持中南大学的高材生！,0
图那老🐶 无t内S,0
被两个老男人玩弄了 挺同情你的 男的都是喜欢小的 只怪你心智不成熟 老公也是大九岁 情人大那么多 你刚出社会小年轻玩不过他们的,2
哈兄弟你这太狠了…人cj怎么说也就40多岁中年人，哈,1
真正的美女确实不多…,1
这文采 我只能说骂你还不够精髓 你这种行为已经让我对你无从开口了 怕脏了嘴,0
智商堪忧的女主，秃头公款消费，在他老公租的公寓睡她，空头的30万，被白嫖了还要给秃头生孩子…秃头真的是传说中的白嫖还要拿发票…,0
你下次用小号，记得把iD改一改，每年有两次改ID的机会。[doge],0
你这种死了亲妈的孤儿就不悲哀了？[太开心],0
那你就不要怪男人睡了你不娶你 因为你给不了别人要的 情有可原呀 我祝福你哈 你这种没脑子 没道德 没底线的人 有脸评论？ 孤儿吧没人教养吧,0
秃头给了她什么？公款消费，睡在他老公租的公寓，空头的30W，基本是白嫖啊…你吃瓜也要看剧情啊,0
她是P图怪，本身长相一般的，你可以去看他老公准备520给他惊喜的视频，里面有真实的样子…跟30W还是有巨大距离的，没认清自己，公款消费，睡在他老公租的别墅，被秃头白嫖都不知道…,0
个人感觉中南大学三观很正啊,2
你可笑死我了，我不是我自己？,0
亲爱的，组个群，我最近缺钱，请问发这样一条多少钱呀？有钱一起挣呗。,1
趕快承認錯誤吧，等待結果，後續結果不要洗白了，沒必要。,0
这类似的话语我好像在周扬青和罗志祥底下看见过,1
肚子疼起来了,0
举报他，趁热度的,0
看你老公发的视频了，这个颜值，嗯…,1
我替你悲哀，让你父母蒙羞，丢人,0
你爸今晚必种枇杷树，,0
等着陈军把你的视频po出来吧哈,0
你咋不悲哀自己[二哈],0
@紧张的小鹿呀 这是女主的小号[汗],1
漫，不要演了，一段录音是有提到“漫” 现在最新的视频最后片尾也叫道“漫”，你这演到最后有何意义？,0
就是你，傻子就是你,0
别为了蹭热度竟说些没🐴 的话,0
要不怎么说这是智商最低的一个出轨女呢,0
你这个人就算遭到网络暴力也是活该，我猜你也是和老大叔出轨的人,0
营销号死🐎没地方火化只能暴尸公厕你知道吗？！,0
营销号死🐎没地方火化只能暴尸公厕你知道吗？,0
营销号死🐎没地方火化只能暴尸公厕你知道吗,0
这是男的啊操，什么都扯女权,0
你老婆现在正在为了30万在别人床上呢[可爱]恭喜你中大奖。,0
哈，不要脸，还把上一天条微博删了[允悲]。那条微博我是这样评论的，父母以为女儿在大企业很风光的呢，以前在亲戚朋友同事眼里多让人羡慕，怕是现在就多受鄙视[哈]。找什么爷辈的都可以，前提是要单身[可爱]。有老公，怀着别人孩子，你教师父母在人面前还能抬头吗[挖鼻],0
这应该是个美丽的故事，被女的玩砸了。如果男生没遇到这个女的，一直存钱一直提升自己的事业，实力不凡啊，但是钱都花在这女人身上了，到头来一场空，刚结婚孩子还不是自己的，搁谁受得了啊。,0
这不是事件的女主。这人在这吸粉呢[允悲],0
秃子是不是可以用他的秃头糙 你,0
哈我真的笑死了,0
就问你在陈军地方爽快不爽,0
自己不是自己？难道你是zhu吗[笑cry],0
兄弟写得好，高材生就得一针见血,2
女主已改名为@sushbs ，这个是抢占了名字蹭热度的,0
这种懒钱不要恰，抢个名字蹭流量，抖机灵赚的是棺材钱💰 ，可笑的是连个pro都买不起吗，混淆视听手段也太差了。说你是♀权，文案也不会做。户口本真就一张纸？[太开心],0
真的，这三观把我吓到了，微博里的一些人总是能刷新我的三观,0
老秃可还行，哈😂,0
高素质人才都看不下去你的言行了，真牛皮,0
私下采访下你，是你老公猛还是那个50几的秃头老男人猛。老大岁数了你怎么下得去嘴，还给他吹了吧。你这种烂女人，别说对你网络暴力，杀你诛心都不能解恨。,0
长得也有问题啊，大整过，而且视频跟照片压根不是一个人。你去看她前夫发的视频吧。[doge],0
这不是一般的傻,0
我真替你可悲，女主,0
怎么不是她？我从当事男主19年8月19号的微博过来的 那条微博他艾特了这个号 还有今年1月19号和3月30号的微博 都艾特了这个号 之前我就没看了[挖鼻],0
哈 怎么有这么蠢的人 不是自己！哈 还有以前男主@过你这个号知道吗,0
哈[允悲]劳资大半夜笑出了声,0
出轨还情有可原 那杀人就义正严辞吗 他没能力给她租房？ 是不了解还是三观不正,0
[doge]老秃，艹我,0
这个就是女主角，叫做馒头。不过你叫馒头是因为你的逼是馒头逼呢还是什么原因？人家会给你30万，你也太看得起自己了，真以为你的逼是镶钻的吗？有的给你30万你就要偷笑了。,0
嘴上说着抵制网络暴力，现在却在这挂着别人信息去网暴别人，不仅智商低无底线无道德，还双标,0
老头身为国企贪污，违法，婚内出轨，一个热搜锤的都没有，太好啦,0
智商捉急[允悲],0
不是自己说了不是自己哈笑死我了，这智商真的堪忧,0
哈笑死，不是自己说了不是自己这智商真的堪忧,0
此地无银三百两…真的笑死了…这个智商…,0
嗨 你好！ 不管你是不是女主 我们站在正确的伦理上来说 你确实是犯错了 居然错了 那我们就要认 没有必要去反驳和解释 当下你最应该做的事是 把事情处理好 解决好 回头你还是那个漂亮的女孩 加油💪,2
老妹别怕，哥是真支持你的[吃瓜],2
奴性真强，男的老头又出轨又犯法你不锤，专门找女人出气,0
张雨婷专治不孕不育老男人小作坊开业了！专治各种老男人不孕不育，在这提前祝你生意兴隆！早日靠这本领找到30万！你现在也算名人了，就收10万一次吧，找30个老男人来cao你，你就能实现你的梦想！[允悲],0
再怎样 也请你改之前的这个微博名吧 或者是重新申请个新号 再来伪装成一个路人为自己辩解吧 这样子真的很蠢诶[费解],0
确实是个傻子,0
哈妈的傻子吗[笑cry],0
这是个挨骂的沙雕,0
你智商让我堪忧？你真是在搞笑吗？结婚备胎,0
此地无银三百两[允悲],0
马蓉令人绝望的思维和三观原来天量存在🤮,0
哈世上最强掩耳盗铃,0
你是真的让我领教了什么是智商的下限,0
姑娘，把孩子打掉，然后回去好的跟老公认错，争取原谅吧，别在网上装了,0
你出轨的时候就该想到要被骂 还曝光尼玛中南大学呢 [疑问],0
你不是第一个被陈军干的女秘书，但你肯定是最后一个了,0
就你这智商肯定想不明白，陈军认识你之前玩过多少女人，说你蠢得跟猪一样，简直就是在侮辱猪,0
图片评论 htp:/t.cn/A62zSi0,1
骂得好，请加大力度[god],0
这是她小号！,1
这就是那母狗 htp:/t.cn/A62zXnUc,0
不是女主，特地改id蹭热度，不骂人，已举报,0
草拟大爷的，你也刷新了我的三观~！,0
关注了，吃瓜,1
怎么不说了发啊，锤啊，让男主锤傻了吧,0
我的最大愿望是能在caopron 91pron pronhub看到你，加油，你一定行的,2
按你这逻辑，潘金莲被骂了这么久她也好惨，虽然故事虚构，或者日本人也好可怜，依旧被这么骂，再或者秦桧也好可怜，以上这些人哪个不是已经为自己的行为买单了？哪个跟你有直接关系伤害你了？,0
抵触反三观的一面跟当年的红卫兵批斗性质不一样行吗？你骂杀人犯，跟你在网上跟人撕笔性质一样吗？,0
给你一个亿，,2
我就是来看这个女的笑话啊，她活该啊，我就笑话她,0
你跟我说啥啊有病啊你,0
有没有听说过一句话 活着浪费空气 死了浪费土地,0
别再给营销号增流量了！这个号的关注很假！大家理智吃瓜！别被利用,0
就你这样还留学,0
你真的好蠢[允悲],0
你这也是网络暴力知道吗？,0
老哥你是怎么带图评论的？,1
吃瓜要找对地方，这个才是本人 已经改名为@sushbs,1
你在看吧，这个就是她的号,1
可是她解释说不是自己[笑cry],0
女主去做非绿直播吧，给你刷火箭！😁,0
智力有点问题,0
你🐴 没了 回家看,0
他连鸡都不如啊 鸡都比她好啊,0
祝你以后的媳妇在外面跟别人生八个，全在你的户口本里,0
还装个蛇皮了，你男朋友微博之前艾特的都是你这个号,0
确实是，之前这个号已经显示“用户不存在”了，最近活跃应该是骗热度的,0
@我是馒头嘞_man 你的智商呢？,0
网络暴力还以校友身份为荣？！这位女生是对不起她老公，也确实有点傻很过分，后面自食其果为自己的行为买单是肯定的。但是她没有伤害这位你们校友呀，他又是凭什么攻击别人呢！因为所谓的正义感就可以没素质？！无问西东里面有一段学子批斗画面，就是他的缩影了，你们还会支持甚至成为其中的一员吗！,0
@我是馒头嘞_man 人家虽然语言个性低俗，但你干这件事的时候，怎么就不知道礼仪廉耻？还感叹起别人可悲，你喵的还不是自己咎由自取?做了自己不该做的事情，得为自己所做所为付出代价[挖鼻],0
她删掉了所有怼网友的回复,1
？同是九年义务教育，为什么你这么优秀？,2
说得好，那位说的好,2
我都醉了，跟你们有一毛钱关系？好吃个瓜不行？非得干这么缺德的事，我说的难听点，婚内出轨的10队里面抓出来几队都是正常。只是我觉得做好自己就好了，人家出个轨跟咱也没关系，只能说自己不出轨好生活就好啦。,0
要么别说话🤫要么把妈藏好,0
智商低 素质低 你爸妈怎么教你的,0
我还替你感到悲哀呢 这就是你自己的微博还说不是的 我就是从你老公那里看到这个微博进来的 他艾特你了关于爱情一切的美好 可你啊不知好歹,0
唉 biao子,0
说得好 你不是爱被秃子搞嘛？,0
早改名了 指路牌@sushbs,0
女主 你的智商 [允悲],0
老哥带点脑子 骂也得骂对人 人跟你一条说了你居然还不信 咋还好意思回怼别人瞎带节奏？你确实可能跟营销号一伙的 不然你可能是nt权吧,0
真的蠢到家了,0
女主的微博名sushbs,1
女主的微博名sushbs,1
动物保护协会代表加鲁兽来抗议,0
em不是女主嘛。[疑问] htp:/t.cn/A62zwSOF,1
是不是反讽的友军啊,2
笑死我了哈嘎老秃哈,0
女主发微博了，快去盗图,1
@aboutF,1
祝你 绿帽一顶戴不完 能力越来越差玩蛋去 横批 喜闻乐见,0
让你不骂了吗？让你找对人去骂 跟你说了这是营销号 粉多了这号能卖钱你知道吗 真女主都给你圈了 去骂 行吗？还我占边女主 还扯女权 骂个人你都骂不对@sushbs,0
哈 一孕傻三年,0
你跟女主一伙的？女权？,0
想蹭热度就要敢于接受，就看你耐不耐烫了，呵！又想蹭热度又不耐烫，早点回家吃饭吧！,0
"你的评论让我觉得""这就是女人""这一句话没有错",1
中南大学牛逼，中南大学三观正[能量少女耶],2
可笑!敢蹭热度却没有接受热度评论的勇气，您配吗？配几把,0
那个是钓鱼的[允悲]认真你就输了,0
同理心懂不懂，男生该留下多大的心里阴影。只能说罪有应得，犯错惩罚分为法律和道德。,0
30块，30万够找多少个比她漂亮的女大学生了,0
那个秃头要能给你30万你就算烧高香了,0
虽然真女主发文也是在洗，但是那文笔，你真看不出和这个所谓小号的轻度弱智的高低之分？,0
麻烦这位不是自己的女主，不要想着怼网友了。想你以后的生活吧。中国怕已无你容身之地,0
真能双标，但凡分手都是男的错，这个戴绿帽都戴头上了，你给我说北非女方的错?,0
确实是不要脸到家了一个女的到这份上也是没谁了.给人家带绿帽子还要人家给你接盘.,0
对你这种为了💰脸都不要的母狗来说骂的太轻了,0
还特么学会挂人？,0
你不说不是你吗,0
老秃 快用你镶金鸡吧干我 让我b里都是金,0
所以你是不是特别有成就感啊，还想干？,0
老秃快用你镶金的小鸡吧干我[太开心],0
图片评论 htp:/t.cn/A62h9iqc,1
别洗了 我想笑,0
[太开心]妹子你何必呢？苦海无边，回头是岸！,1
玛德一点也不狠,0
男主那边更新了[吃瓜],1
同为女人真的想告诉你，你太蠢了，每一步都蠢的可怕,0
真就知道什么是悲哀[费解],0
说实话也不让呗，不要脸,0
是挺悲哀的 对你太仁慈了 骂的一点都不狠,0
他说的就是我想说的必须赞,2
他🐴 怀了人家的孩子还要落人家户口本上面 你要脸吗,0
伏地魔:好吧都是我干的,0
美国总统这么随便就当的吗，这届总统花边新闻可真是太多了[偷笑],0
说话太不负责，满嘴跑火车,0
最近民主党的州和媒体把共和党给怂的屎尿不禁，连前任民主党的奥巴马也出来嘲讽了，这时候他的傀儡老哥拜登兴奋中,0
不知道说什么,1
黑人问号.jpg,0
是消毒水导致他们一家人脑子氧化变质了吗[费解],0
你傻还是我傻。。,0
爹3歲 儿子也3歲 絕版反智❗️照他這邏輯：美國8萬多人在裝死 待到11月3日大選之后 棺材里爬出8萬多⋯[允悲],0
我也想这么说来着[允悲],1
真的很荒诞，从未见过如此厚颜无耻之徒[二哈]一家子满嘴的谎言，只想着争权夺利，有命去挣，有福去享吗？,0
为政治无视生命，不过A国更爱自由，只要不是无视自由就好了[嘻嘻]，freedom 何其廉价,0
特朗普家族的四大优势：说学逗唱,0
万一呢？如果大选后真的消失了，那就说明特朗普家的病毒[doge]还能筛选人口，真的很可怕了,0
但是即使这么扯还是会有人拥戴特朗普的,0
不是一家人不进一家门,0
疯王的儿子能不疯？精神病可是遺傳的,0
我草，民主国家真是啥屁话都说也没有什么代价,0
哪个政治不是骗局[笑cry],0
这些人果然是政治家阴谋论用的真好[怒],0
能不能别彪了,0
全球都为了你老爹大选？,0
让那些被感染的人和奋斗在医院一线的工作者作何感想,0
老子英雄儿好汉[二哈],0
意识形态简直就是疯子,0
这可能是我见过最傻的傻子了吧[doge]就这脑子，他是怎么考上大学的？？[微笑],0
虽然…但是我内心特别希望他说的是真的，病毒消失不见不好吗？但是，他是个白痴~,0
没有人比我更懂美国,0
这些人脑子都正常吗？,0
老鼠的儿子会打洞,0
可以的，这很唐纳德,0
这是真的[doge],0
胡说是会遗传的,0
你妈生你也是你爸不带套的政治骗局,0
不是一家人不进一家门,0
这都不用验 肯定亲生的,0
这一家子一天天的在这干啥捏[允悲],0
唐纳德.坑爹,0
要是大选过后，病毒没有消失是不是又打脸了[偷笑],0
Funny mud pee,0
这么特是亲生的，不是隔壁老王的,0
那这个意思就是，病毒是从美国出来的，是吧[挖鼻],0
全家犯病就不说了 求求别带坏小儿子,0
这种言论说不定也是特朗普那一派讨论过后的,0
嗯就很迷惑[挖鼻],0
能人道毁灭这爷俩吗,0
他家人是？？,1
有什么样不靠谱的爹，就有什么样不靠谱的儿子，绝对亲生，一对铁憨憨，呸！[哼],0
脑子进水了这是,0
没办法！美国人民爱死了川普！川普让美国“再伟大”！[吐],0
疫情期间死的美国人里一部分是被气死的吧,0
还是那熟悉的手风琴，亲生的,0
[哆啦A梦吃惊],0
我支持他连任，搅屎棍搅的挺好[doge],0
yes yes,0
果然是言传身教！,0
政客每天都是被害妄想，已经没有科学常识了[汗],0
什么脑回路[允悲],0
这两人是来搞笑的？,0
美国政治牺牲品，美国赶紧赔偿全球新冠死亡者[怒],0
跟他爹是真的像啊[二哈]说话的语气表情甚至手势[吃瓜],0
这些人脑子里装的是什么[疑问],0
改名字叫不要脸家族吧,0
老鼠：有被侮辱到。,0
一家子智商堪忧呀,0
最大的政治骗局难道不是你们家最近的连环大戏？[可怜],0
米国人智商需要上税啊 这样会暴富,0
一家子的神经病,0
傻儿子 厉害了,0
何不食肉糜？傲慢无礼的精英三代才不care什么人间疾苦,0
家产还是就给女儿吧，这儿子不行[笑cry],0
忽悠之王家族,0
DNA活体验亲完毕 👌😎,0
他说这些话的时候不觉得自己很蠢吗,0
跟他爸一样. 都是疯子哈哈,0
哈哈。[赞],0
父子都挺魔幻的,0
不怕那死的五万多人来向你追魂索命吗？,0
没错，就是个骗局！大号流感嘛，“蓬”一下就会消失，咦？这好像是特朗普的骗局，不是白等的骗局。,0
终于明白这个家庭想做总统想疯了，什么叫沙雕？他就是,0
脑袋长泡了吧,0
美国人均智商本来就低，都还不如西欧，更不用跟东亚比,0
zi jia shen jing bing,0
11月过后就是复活节，你品，你细品[喵喵],0
确实是政治骗局，特朗普的政治骗局,0
这种就是弱智 病毒消失很扯就不提了。重要的是这种话说明政客再拿民众的命为自己谋利，你还不以为耻地公之于众,0
没错！太对了！春节的时候其实全中国都在演戏，就是为了骗你们[并不简单],0
裹尸袋里装的是🐶,0
建国同志把自己的儿子都发展为地下党了吗,0
这瞎扯淡的功夫颇有乃父之风[赞],0
绝对是亲生的[允悲],0
说的一点没有错,2
其实我们干着急没用，毕竟文化差异太大。万一美国公民就信他这一套呢[二哈],0
愣货一枚，鉴定完毕！,0
精神病家族使,0
老鼠生儿会打洞哇[偷笑],0
哇 蠢会遗传哎～ 真是青出于蓝而胜于蓝呢！你也去竞选总统吧[微笑] 让美国前两百年的努力和成就都毁在你们父子手里吧[二哈] （不应该幸灾乐祸但我有点忍不住[doge]）,0
两个精神病在搞笑,0
为了选举能利用疫情？那死去的人都是被谋杀的啊！,0
为了利益，让他们的昧着良心说着自己都不信的话,0
所以说美国民众也不咋地，脑子……,0
应该不会，正如你脸上的胡子，病毒已深深扎根于美国这片呼唤”自由”的土地。引用一下就是:总统不换人，新冠灭不净[doge]加油，看好你哟,0
西方文明就是个笑话，西方蠢猪,0
他家网是2G的么 还是断网了？,0
通过这件事大家知道，脑残是会遗传的,0
大选后复活节一施法就又复活了[doge],0
[哈欠]西方人脑子有洞,0
特无谱儿子小无谱,0
这种离远点。,0
哈哈[哈哈],0
有种出种！龙生龙凤养凤，神经病的儿子爱抽风,0
对于美国我真的服气，死了8万多，特朗普和他的团队还可以领导着国家，然后胡言乱语。,0
近亲繁殖的？,0
不愧是儿子，yuchun,0
为什么看着母母淋淋的,0
可就是有人会信！,1
在？看看馒头批,0
奴性真强，男的老头又出轨又犯法你不锤，专门找女人出气,0
我就想知道，这个所谓不是女主的人，以前怎么不提网络暴力。这个女的出事了，就抵制网络暴力了,0
咳……内个…能便宜点吗？,0
发现女主本人weibo哈哈笑死我了,0
你真可爱[doge],0
我也这么认为的。。,1
看不惯营销号这么妖魔化女主智商然后给自己号增加粉丝卖钱行不行啊,0
通过献祭你双亲的方式为自己营销号引流，真的底线感人 👍🏽,0
秦始皇在地下埋着呢，你快下去找他，比谁都厉害👍,0
虽然污言秽语，但是已经很大程度还原当时的情形了，比较秃头老猥琐男也要吃药[笑而不语]才行,0
真替你爸妈感到悲哀,0
有这脑子可惜点进主页是个女权,0
那么爱钱的母狗，会用荣耀？营销号可能性大,0
它好像很开心[笑cry],0
为什么会有这么蠢的人[汗],0
你就是个男绿茶,0
少在网上哔哔赖赖，多和你妈通通电话看你们谁挂的快,0
甚好[喵喵],0
別侮辱🐶了谢谢，说它特朗普脑子怎么样[doge],0
我来看看第三者长啥样,0
我关注你就是为了骂你,0
日常过来看看有没有人骂你,0
其实长的还可以,1
怎么小三你和牛羊不敢出门吗，好想遇见你啊，一定让你感受到来自世界的温暖[悲伤],0
真爱生命 远离网络喷子和无脑狗 你很好 不差 相信你会活出自己的精彩 过去的就让它过去 你是最美最棒的,2
其实我并不讨厌你,1
今天吃避孕药没,0
发生了什么[疑问],1
姐姐别伤心，都是第一次做人，从今往后改改就行，我相信你的。,1
漂亮的女孩 一样脏,0
看到你评论底下都是骂你的我就放心了，兄弟们，开炮！！,0
突然看到的瓜 来看看 长得确实好看,1
喜欢了你6年，走到这一步，真的很心痛。,1
今天吃药了吗,0
半藏森林的颜粉来了 我不管是不是整的 就是好看 而且不管其人品如何 不管她做过什么事情 ,2
（偷偷说一句喜欢你不过分吧[喵喵]）,2
好好的牌打烂了,0
小三呢，还是王者级小三。,0
你特么还在主动吃药，我劝你子宫早点坏掉！,0
还在吃避孕药吗？？,0
这女的死了也活该,0
还不是因为你好睡，不用带套还让你吃药,0
看推荐有文说这只鸡又出来接广告了 真的假的,0
上赶着吃避孕药呢？！寻思着520就把你做了你可真踏马低贱廉价,0
你们难道忘了崔雪莉的事了吗？网络暴力有多恐怖难道你们不知道吗？人非圣贤，孰能无过，你们不能因为她做错一件事，就完全否定他啊，你们也是读过圣贤书的人，怎么从嘴里说的字那么难听啊，她也只是个女孩啊，你们能对她温柔点吗？,1
妈妈从小就告诉我不能插足别人感情，看来有的人是没有妈妈的,0
长的一脸水性杨花,0
您真nb  小号拉黑我？,0
小三三 滚滚 你好美啊姐姐 啊啊我爱你啊 我支持你一直做小三啵 一定要多吃药喔听到没 今天我也爱你呀宝贝(ɔˆ ³(ˆ⌣ˆc),0
每天都有人骂你哈哈,0
我只能说 你活该啊母🐶,0
长得挺好看  没想到是个小三,0
