评论内容,predict
长得真是我前任喜欢的类型[微笑],0
这次网暴挺厉害，真怕你挺过来,0
怎么草比较舒服，跟我干一炮，让你满意,0
听说你和刘洋结婚了？,0
你真的是不要脸啊 吃药咋不吃死你 那么厉害 厉害死你 以为自己什么东西 他能让你当小三 以后你为照样会被绿 可要幸福,0
长得还挺干净的 又不是没有更好的男孩子 非要做三儿 挨骂很开心 你想到家人不会觉得愧对他们这么多年的养育之恩吗？是谁教你去插足破坏别人的感情还发获奖感言？,0
吃你🐴 的血🍺  半盒药药,0
哈哈我们要团结一心，绝不让让小三有复起之日,0
你有没有觉得自己长得好像av女优,0
[给你小心心],0
因为小三太可恨了 道德的沦丧,0
没事刘阳不要你 我要,0
药吃多了不好,0
鸡婆，来给你上坟了。过不了多久就清明节了，给你烧点猪鞭下去吧。,0
OMG！喷她,0
好无聊 骂你来喽,0
妈耶看了评论[允悲]各位姐妹也太给力了吧，每天都来更新的评论,0
姐妹还吃的下吗,0
你的逼还是黑森林么,0
你还没死么？,0
[给你小心心],0
[给你小心心],0
接个楼！直接设置不能评论了，做小三还怕被人骂垃圾,0
我来看看第三者长啥样,0
我关注你就是为了骂你,0
日常过来看看有没有人骂你,0
[给你小心心],0
避孕药真香啊是不是[太阳],0
怎么会有这么贱的女孩子，还自己吃药，要点脸不？？,0
小贱最近吃避孕药了吗,0
笑死我了做个人吧森林母狗,0
无语了你别活着了 你活着也没啥意义,0
看到还有人骂你我就放心了,0
死了没妹妹 下葬记得戴上避孕药哈,0
看到某平台说你要复出 千万别复出我怕更多人骂你[微笑],0
看到没 小三就长这样,0
森林的鸟儿是刘阳 他鸟大吗,0
其实咋们更应该去骂刘洋,0
今天你还活着吗？,0
你妈妈复活了吗,0
现在看到你就像看到🐔一样,0
以后他儿子长大知道他妈做过三,0
又他妈想回来骂你,0
我不是你黑粉我也不是你的粉丝，我只想告诉你出轨只有0次和一百次，你以为你会是刘阳一辈子的小三吗，不你是个是开始。,0
你🐴 biss,0
心情不好，来给你上上坟,0
[给你小心心],0
你才是无脑狗吧。,0
真爱生命 远离网络喷子和无脑狗 你很好 不差 相信你会活出自己的精彩 过去的就让它过去 你是最美最棒的,2
今天吃药了吗,0
其实长的还可以,0
小三[微笑],0
[给你小心心],0
你有两个520吗，没有她不让上哈哈，而且还要有女朋友,0
你好有智慧，小三你今天死了吗？对她不仅是瞧不上，而是发自内心希望她立马死掉呢,0
你也想上骚🐔 ?,0
怎么小三你和牛羊不敢出门吗，好想遇见你啊，一定让你感受到来自世界的温暖[悲伤],0
一辈子的三 生的孩子都不纯洁  影响一生的三～,0
有一些是黑她的。还有一些就是脑子有病,0
她为什么还有粉丝群？？,0
卧槽我今天看了个文章说她和刘阳要结婚我就过来看看她去世了没 有些女孩子就是贱到骨子里,0
今天你吃避孕药了吗,0
吃 吃避孕药 多吃点 两麻袋够了吗  够了 谢谢刘阳 刘阳真好,0
这女的又开始出来营业了[微笑],0
好看是真的好看，但是小三emm,0
你妈是你拼多多拼的？？,0
不来看看你睡不着！看到你们都在骂我就放心了,0
小三 三儿b 你以后的孩子是不是叫半藏三林？？,0
要跟那个爱大自然的男人👨结婚了啊？呵呵，结婚以后好好躲国外去安全点，我怕在国内你们……呵呵，记得教你的孩子不要像你一样哦，要是她成为下一个啊沁的话不知道你这个当妈妈的会不会知道什么叫心痛[Aloha],0
都在骂她 我觉得要骂就应该一起骂，要不是这货恬不知耻凑上去，还有那男的来者不拒，垃圾就只配垃圾,0
长得漂漂亮亮的刚小三要脸吗,0
其实我并不讨厌你,0
又翻到了你的微博 长得贱 怪不得是小3…,0
挺好看的呀，,0
妈妈说不要离有对象的男孩子太近 因为你的可能会要了另一个女孩的命 后来才知道不是所有人的妈妈都这么有素质。,0
他想给她性福[doge],0
为什么她不带套，要吃避孕药,0
网络暴力我来了,0
也许🐔没有母亲[失望],0
我在这个号活跃 大号不敢了,0
~(>_<)~呜呜对不起,0
你咋不出道呢,0
你很好看 但是这都不是理由了 希望你是真的可以反省,0
今天吃避孕药没,0
不过都是骂你的 你怎么这么惨,0
她还有粉丝群!里面的管理员还发骂阿沁的话!服了[吐],0
一下子搞得我想起了那天晚上的视频,0
骂她我们就是姐妹！,0
第一次网络暴力送给你。,0
心里素质真是强，怪不得你和刘阳能狼狈为奸，求你们快死，我愿意做那一片雪花,0
敢再出来就敢再骂,0
瞧不上一个人最好的方式就是闭嘴不提，而不是用恶毒的词语贬损以彰显自己的品味和存在感。情绪是智慧不够的产物！,0
隔了这么长时间看还是呕,0
当小三开心吗,0
你干的是人事吗 你问问自己,0
我的天啊，25w评论全是骂你的你心理素质太强了,0
 妈妈说，不要离有对象的男孩子太近，因为你的出现会要了另一个女孩的命，后来我才知道，不是每个女孩都有妈妈。 你说对吧，半藏森林。,0
发生了什么[疑问],0
想知道发生了什么[思考],0
哇麻烦赶紧死吧,0
论颜值我只服周淑怡,0
当小三的感觉好吗？,0
你千万不要在网络上[微笑]看着烦 见一次骂一次,0
👴的那个可比刘阳的长  要不要尝尝,0
👴想内🐍你  无套那种,0
睡不着来骂你,0
新的一天新的打卡小三,0
可是那男的也有错呀…怎么只骂她,0
不是每个女孩都有妈妈[微笑],0
简单来说就是明知道一男的是自己好朋友的男朋友的情况下勾搭上了 还做了很多难以描述的事情[作揖],0
我家网断了 谁能科普一下她,0
你的性欲就那么强吗？,0
我又来给你上坟了,0
你比马蓉李小璐更加牛逼,0
看你长得还凑合，咋就不干人事呢？,0
呵tui，小三还有脸出来发照片。？这就是臭不要脸。[微笑],0
大家看看啊！这就是小三！,0
这人再出来我还是要骂,0
我还真不是她的粉，却是最有资格和义务保护她的人，她做错事应该受到责骂，但这么恶毒的诅咒就太过分了,0
你说善良我想问问你所谓的善良是指什么?就是原谅这种有失德行的人?生活中一件善事不做?别人的事跟我没关系，那我想问我说话跟你有什么关系？我是说你了还是怎么的了？,0
每个人都做过不同的错事，但这么没道德我想正常人还真没做过[微笑]你劝别人善良，请问她善良了没？你又做了什么善良的事儿?觉得她做得对就是善良？,0
永远做小三！祝福你！人在做天在看，你这辈子都翻不了身！,0
你咋不更新了,0
她的图五是和谁亲嘴啊？刘洋？看着不像，我的天，抢别人男朋友的同时还吻另外一个男生？别跟我说什么哥哥弟弟的话，谁这么亲哥或者弟，朋友也不可能这么开放吧，说吻就吻了？不是脸，是嘴呀！,0
我也是发现了 所以来三这里看看哈哈,0
既然刘阳把评论关了，我就在这里骂他，不知好歹的狗[微笑],0
姐姐别伤心，都是第一次做人，从今往后改改就行，我相信你的。,1
这个是什么？哪里看的鸭？？,0
你这辈子就没做过错事？何况她犯的错也罪不致死吧，这样咒别人真的过分,0
她伤害过你吗，你这样咒她，别人的私生活你干嘛这样大的气啊,0
笑死了 她善良了吗？凭什么要求别人对这样的人善良,0
这是半藏被黑的最惨的一次,0
可以更博了吧,0
不恰她的烂钱，她活着太污染空气了,0
我也得不到啊，所以不盼着她死，哈哈,0
她死了财产又不留给你,0
做为女孩子，你为什么不能善良一点,0
怎么这么多无聊的人啊，别人的私生活和你们有一毛钱关系吗？骂人就这么让你们产生快感？国难当头，还是去关心一下疫情吧！,0
哈哈，你妈妈没告诉你不要随便评论别人的私生活吗,0
喷子的世界没有理性可言,0
理性人[good],0
三当的舒服吗,0
想知道口红什么色号啊[允悲],0
小三一生黑滚,0
微博关掉吧。又不更新,0
很惭愧，要是我我可能也爬了。。太好看了男性本能,0
我也想骂它。。但是。。她太好看了。。,0
02年了还有ncf在ch里洗她……,0
你还活着吗？,0
流阳[男孩儿][女孩儿]鸟林 百年好合，早生贵子！[心][鲜花] 🐔🐔 🐔,0
你还有脸笑出来[摊手],0
避孕药吃多了不怕没孩子吗,0
当狗不好吗？当三？,0
但凡是三观正一点 也不至于接近有女朋友的男生,0
房子塌了[微笑]ctmd,0
吃避孕药吗，吃大片的，两盒够吗，够了，谢谢刘阳 刘阳真好[可爱],0
小三……来看看你,0
烧了你这一片森林qi,0
为什么刘阳把道歉微博都删了,0
。。你跟刘阳准备结婚不？[吐],0
准备复出了？,0
可以评论了啊,0
突然看到的瓜 来看看 长得确实好看,1
小三[太开心],0
你没有你妈妈啦哈哈，憨比,0
漂亮的女孩 一样脏,0
看到你评论底下都是骂你的我就放心了，兄弟们，开炮！！,1
长得也不差，做个人不好吗[哼],0
我去小三那么爱当呀,0
疫情那么多人感染 你怎么没死。,0
不行，要层主笑死,0
哎?我想问一下你感染了吗？,0
长的也没多好看啊,0
宁还是人吗？？抢别人男朋友这么爱当小三？？,0
还有人骂你吗,0
三百块的避孕药好吃么,0
我们跟他们没有任何关系，任何断章取义的人其实你也不是什么好东西，你的思想没有一点主见，为什么要管别人呢？别人说啥就信啥，那你还真是可悲,0
我寻思着你怎么还有脸编辑微博呢,0
你是个什么j8玩意,0
这么想红吗小三？？,0
看你脸色不错 刚吃了避孕药吧,0
知道她为什么要抿嘴笑吗 因为她龅牙突嘴,0
喜欢了你6年，走到这一步，真的很心痛。,1
小三，快乐吧，爽吗,0
举报必须的举报,0
我也是 虽然骂不出来难听的话 但是就是想发几句,0
每天都有人来呀居然,0
还有人骂她我就放心了,0
为什么当小三,0
33整的人模狗样 居然做这么下流的事[鼓掌],0
今天吃药了吗,0
药和蛋糕得配着吃，要不然太苦了。,0
看到这么久了还有人骂她我就放心了,0
照着我宝贝iu整得8🙊,0
你今天吃药了吗,0
想起你来还是很气，臭不要脸[微笑],0
自信点，把问号去了,0
哈哈你快复出吧大家都想看你接避孕药的广告[微笑],0
我刚刚看她微博还是,0
半藏森林的颜粉来了 我不管是不是整的 就是好看 而且不管其人品如何 不管她做过什么事情 所以 别 喷 我 ok？,2
只能说你好惨,0
小三 还好意思出来,0
我真的想小起,0
刘阳阿沁分手就因为她,0
搞不明白，为什么这么好的女孩子要去当小三,0
我想你了[泪],0
为什么要破坏别人的感情？真的是小三。,0
小姐姐 情人节快乐[微笑],0
真的要呕了，典型的🍵,0
骂你的我都点赞了，手好累哦……,0
为什么都说她是……？？,0
（偷偷说一句喜欢你不过分吧[喵喵]）,2
日常打问死者,0
和请刘洋租450的房子住ba,0
都整这么漂亮了为什么要做3呢？,0
还是想回来在骂你一句[悲伤]怎么办?,0
长的肮脏的灵魂,0
为什么要当小三啊,0
又是等姐姐更新的一天,0
好好的牌打烂了,0
小三呢，还是王者级小三。,0
你特么还在主动吃药，我劝你子宫早点坏掉！,0
还在吃避孕药吗？？,0
山城啤酒，凯子男友,0
想尼呢 NN,0
嘎哈呢 TT,0
那你对个小三还挺能真情实感的[作揖],0
时隔这么久还是觉得你挺不要脸的,0
看来兄弟们都好奇，年前问到十五，我也来问一句，今天吃药了吗？,0
明知牛粪已插花，还往牛粪堆里爬。你大概是从苍蝇变成蛆的，苍蝇闻着牛粪香，蛆吃着牛粪甜。自作自受着吧，管你抑郁不抑郁，你都给我们憋好了哟。,0
精修图也就这样，也没看出来哪里好看了,0
哎给你父母丢人,0
不复出没钱花？,0
小三吃药绝育,0
可以说是难么漂亮的人了都会有很好的归宿了以后，为什么要走小3这条路[怒],0
喂刘阳避孕药呢😁,0
这位小三不知道你今天活动可好？？,0
"各位就是闲的,人家的事有啥好喷的,先过好自己的日子吧,他仨又不是啥名人.",0
人和牲口是不能好好对话的,0
看你这绿茶样,0
不要脸[哼],0
我没疯啊…[微笑],0
森林长蛆？[作揖],0
我看你是疯了,0
垃圾小三破坏感情,0
姐姐你鼻子下巴之类的在哪家医院动的我好喜欢哦,1
小起好想你啊[泪],0
记得按时吃药,0
小三新号 半藏森林bot,2
有些事只有自己明白值不值得，并不是由我们这些旁观者说的算得，大家各自做好自己就好,0
当小三的女人都TMD脑残丸吃多了，好好类日子不过非得他娘的做小三，在你身上让我知道了树儿为什么那么绿，帽子为什么那么好看,0
我也！第一次当雪花！也想说活该她雪崩,0
整的挺好看啊。哪家医院？,0
姐姐，我化成灰都比化妆的你好看一百倍,1
这女的死了也活该,0
还不是因为你好睡，不用带套还让你吃药,0
看推荐有文说这只鸡又出来接广告了 真的假的,0
你个小33破坏别人感情,0
整得好美啊，照着iu整的真好 [挖鼻],0
你自己吃，我不吃,0
目前来骂一下,0
小三真不要b脸,0
哈哈这里也有人？哈哈牛啊,0
女人是最大的同盟,0
听说可以无t内🐍,0
从v哼哼唧唧,0
祝你永远都在做别人小三，和被其他小三摧毁的路上,0
？小三还有人辩护笑死了,0
半藏森林你怎么不发微博了[费解],0
上赶着吃避孕药呢？！寻思着520就把你做了你可真踏马低贱廉价,0
你们难道忘了崔雪莉的事了吗？网络暴力有多恐怖难道你们不知道吗？人非圣贤，孰能无过，你们不能因为她做错一件事，就完全否定他啊，你们也是读过圣贤书的人，怎么从嘴里说的字那么难听啊，她也只是个女孩啊，你们能对她温柔点吗？,1
妈妈从小就告诉我不能插足别人感情，看来有的人是没有妈妈的,0
长的一脸水性杨花,0
我发现你最厉害的地方就是装清纯,0
你咋还不死呢,0
心情不好就过来看看你 看到还有人骂你瞬间就开心了,0
希望你被感染,0
破坏别人感情的第三者,0
啊啊你不要过来啊，蛋糕里不会放了避孕药8,0
避孕药好吃吗,0
你图他啥？图他出轨还要吃伟哥才能让你爽？,0
听说是照着我偶像整的 来看看是个什么⌚,0
你爸爸和除了你妈以外的女人好上了，你也支持你爸爸追求真爱不管你妈死活对吗？[二哈],0
别喝了 吃避孕药吧,0
"妈妈说,不要离有对象的男孩子太近，因为你的出现会要了另一个女孩的命，后来我才知道，不是每个女孩都有妈妈。",0
您真nb  小号拉黑我？,0
你有毒吧 这个评论乱七八糟的,0
[doge],0
真给咱们男人丢脸,0
小三三 滚滚 你好美啊姐姐 啊啊我爱你啊 我支持你一直做小三啵 一定要多吃药喔听到没 今天我也爱你呀宝贝(ɔˆ ³(ˆ⌣ˆc),0
简直说到我心里去了呀姐妹,0
嘿嘿，刘阳说你装处女[喵喵],0
臭妹妹[嘻嘻],0
一想到你两交配我就呕心,0
自信点，把问号去了[可爱],0
一看就是当小三的货,0
当小三使你快乐？使你不要脸皮偷人？？[吐],0
刘阳我想吃避孕药  吃避孕药 多吃点 两麻袋够了吗  够了 谢谢刘阳 刘阳真好,0
大半夜笑的我腰疼😂,0
当代文艺女青年,0
净说大实话 爱了[嘻嘻],0
姐妹，下次给她评论不用这么客气 她不配,0
不带侮辱性的评论，但真的就是这样，性感和性暗示真的不是一会儿事，我不是存心侮辱她，但她的确给我一种🐔的感觉,0
关心一下，你有没有死,0
牛逼[鼓掌],0
文豪Marvin和葛洧吟也是一对狗男女,0
长得很像 电视剧做88路公车回去的高山,0
得肺炎了吗？,0
当网络暴力来的时候，千万别把自己当受害者，因为你做出那些不要脸的事情以后，你值得这些谩骂。,0
你是照的iu的样子整的吧,0
那是刘洋的壮阳药~,0
避孕药好吃吗？阿姨,0
不喝酒就改吃避孕药吧  当小三被人唾弃那种,0
今天吃药了吗,0
祖安文科状元，美哉[笑而不语],0
亲，私信你了[可爱],0
害，多好看的姑娘，做事要谨慎，不要有侥幸心理而去做坏事，不然一步错步步错。,0
你好，请问你要脸吗,0
今天得肺炎了吗？,0
讲真的真好看,0
你是喜欢别人家的男朋友？,0
一张好脸一手好牌打的稀巴烂,0
要设置成只可见一个月,0
每天都有人骂你哈哈,0
我只能说 你活该啊母🐶,0
最讨厌破坏别人感情的臭小三，何必这样呢！,0
别指着👴🏼？懂？,0
她的小号在哪儿？,0
还是想Penni,0
键盘侠快出来发挥作用吧！,0
这个时候还有人来骂你，你做人做的太成功了,0
真的有点不敢相信你竟然走到这步,0
长得好看真的没道理啊,0
最近有禽流感，鸡要好好保护自己[太开心],0
好无聊  我还想骂你  还在吃避孕药嘛？,0
大家好，太无聊了，我又来骂你了,0
大家好，我又来骂小三了,0
我真是服了 还有脸在这发照片 不怕被骂死吗 服了 小三 你是个女的 你要点脸,0
不愧是森林～什么鸟都能进呢[可爱],0
你的小号怎么不能评论,0
原来三就长这个样,0
这脸..感觉怪怪的..油腻..z的吗u,0
我有911 可以来和我们家🐷配一下吗,0
帮李小璐开脱了,0
球球您做个人吧,0
给👴 来点无内鬼,0
一秒钟的时间 那条开心到跳起来的微博就被删除了 是这么晚了还在跟刘阳干活吗,0
好恶[哈哈],0
给爷整吐了真的,0
反正都是三儿 应该也不怕网络暴力的吧[可爱]所以大家可以更狠一点的哟 太温柔了姐妹们,0
为什么要当小三呢,0
为什么做小三,0
我想在这楼收集点**[微笑],0
看评论某些男的果然没下限，就喜欢当过小三的女生，吐了,1
真的恨死你了,0
快点回来吧，想你了,0
好有心机的感觉,0
脸做的不错，其他都是垃圾,0
你和刘洋很配的，一对,0
避孕药好吃吗，地址发来，我寄你一箱慢慢吃,0
楼上是想看小三继续更新抢别人男友的狗血剧情吗，果然粉丝都是一个样,0
小起这种不要脸当小三的妹子死了活该，还把评论关了，我知道说的跟过分，顶我上去,0
想看森林更新，过去了都过去了没有关系！,0
那个应该不是避孕药，是刘买的伟哥哈哈笑死了,0
今天接客了吗姐姐[憧憬],0
在家没事干来骂骂你吧[嘻嘻],0
真无语了，为什么一定要做小三？,0
要脸吗？还好意思回来直播？,0
做什么不好，非做小三插足别人感情,0
最近吃药了吗,0
是为了报复男朋友精神出轨才选了刘阳吗？就算这样也不能找个有对象的啊。一手好牌打的稀碎,0
好漂亮，很喜欢,2
[doge],0
来吧我让你感受一下网饱的威力,0
姐姐 duck不必[微笑],0
多吃一点避孕药对身体好 补充一下左炔诺孕酮,0
这个样子好像日本三级片女优啊,0
今天还没死吗,0
半藏森林bot,2
森林里什么鸟都能进🐴 ?,0
绿又怎么样，什么年代了，不反省下自己的价值整天关注别人私生活话说你这么正义热血这期间给祖国做了撒贡献啊,0
来看一下小三,0
确实是漂亮，其实我觉得你没错，你只是选择了自己喜欢的，感情的事本来都是私人的，有些人还拿出来炒作，却是过了,0
来看看您抑郁症了吗？,0
她开了小号在网上蹦哒了大家知道吗[二哈],0
小三，呵呵，当得开心吗,0
女帝说的，长得好看的女孩子值得原谅[哈哈],1
这是她的小号，大家冲冲！！,0
这句话过于动听！！,0
骂名不会停，一辈子就带着骂名过吧。。,0
小三b[微笑],0
蛋糕有避孕药好吃吗？记得吃药,0
我最喜欢你跪着和趴着时候的样子,0
你哪一点比得上啊沁？,0
小三感染肺炎了嘛[太开心],0
万事儿有报应,0
一点儿声不出啊 骂来骂去看不到新的妈的,0
一个吃软饭的男人 没啥好要的,0
长得挺好看  没想到是个小三,1
避孕药好吃吗,0
……阿沁发的两个人的聊天记录,0
害，这个我知道[允悲]啥第一次第二次[疑问],0
爱你么么哒美女,0
半藏森林做了阿沁刘阳的小三,2
避孕药好吃吗？,0
you are 歪瑞good,0
避孕药好吃么,0
她是个惯三了…,0
你跟小三一起死[嘻嘻],0
不也是个a吗？,0
小三[太开心],0
好好吃  阳 避孕药药 最好吃了 两大箱都还不够  继续吃,0
当小三开心吗？,0
是漂亮很多，但是不该做坏女孩哦,0
你这个照片预示了 你即将死亡的征兆,0
发烂发臭[太开心],0
贱小三，把你扔锅里tm还嫌粘锅呢[拜拜],0
啥瓜呀[允悲]吃迟了[允悲],0
[good][弱],0
这么久了，看看你得啥病没,0
好无聊，过来看看大家怎么骂你的,0
你长得和你聊天记录里你发的视频可不是一样的[思考],0
你出家吧别祸害人了,0
你挺好看的。很喜欢你,1
好可怕，长这么清纯可可动人的一张脸，居然做出这么不道德的事情，当小三真的一身黑[摊手],0
小三hh  有男朋友了还出轨,0
你怎么可以这样对待阿沁,0
忽然想来看看,0
还有人吗？？,0
你怎么还活着,0
做鸡得了吧[太开心],0
这是没整以前吗  男的吧这是,0
希望你也被三,0
什么时候死啊,0
长的人模狗样 这么不知廉耻的,0
森林 人人得而种之！,0
三还活着吗？,0
喂你吃避孕药 灌你吃牛羊的精 嘻嘻,0
说句实话，这个女生比阿沁漂亮多了,0
小三当得爽吗？,0
许你118给老子死,0
阳不用戴套 起自己吃药,0
我身边也有一个你这样的女生  看起来温温柔柔漂漂亮亮的  不知不觉偷偷抢走了别人男朋友  后来他爸爸死了  你可能觉得现在报应还不会来  不是不报时候未到,0
现在160w了..[doge],0
忍不了气死我了你[怒骂],0
how made winds,0
路人忍不住说你一句 做人不要太无下限,0
今天你得肺炎了吗，腊鸡,0
整过容就以为自己特别美了,0
我现在还想骂你,0
你得肺炎了吗 🍵？,0
哇姐姐你好骚,0
今天你得肺炎了吗,0
現在了回來看看哈哈,0
你真的好美啊，小三！？,0
过了这么久还是很讨厌你这样的人！,0
你这胸也不大啊,0
因为前者不争不抢 因为后者不知礼义廉耻 因为当事者来者不拒.,0
当小三真开心是吧,0
我是男的我也喜欢森林姐姐,1
老婆[赞][笑哈哈],0
刘阳都发声了 你倒是说句话啊 哑巴了？,0
真醉了一张作作照片赞还那么多,0
小三，吃避孕药能预防病毒嘛,0
林子大了什么鸟都能进,0
好久没来骂你了，小三,0
还不敢说话？？,0
哈哈 还不带套 吃药 没谁了,0
这个病毒应该可以带走你了吧,0
想你更新 想看你照片 求更,0
你是什么颜色，乐色吗[笑cry],0
整的很成功的一个垃圾[嘻嘻],0
是啊[允悲]太快了,0
都两个月了时间真快,0
哈哈对啊刚通，刚翻到你这哈哈,0
你刚通网吗哈哈现在都在关注疫情，这事过去太久了你不回我都忘了,0
男的设置了，骂不了，，,0
想你更新这个号不要了啊,0
你身材好，我顶你,0
说实话，我想睡你,0
避孕药好吃吗,0
都向马蓉看齐,0
整得好成功啊姐姐,0
我觉得小三这个职业还挺适合她的,0
整得很成功垃圾,0
是那个剪刀手女孩吗,0
吃 吃避孕药 多吃点 两麻袋够了吗  够了 谢谢刘阳 刘阳真好,0
避孕药好吃吗[微笑],0
好好做人，不行？？,0
无药可救了这人,0
病毒传染 ……,0
这咬合好别扭。大龅牙,0
好好做个人不好吗？非要做这种让人唾弃的事情。,0
您这脸是崩坏了？[二哈],0
现在骂她还有人点赞吗,0
是锁评论了嘛,0
牛逼，这写词巧底。。我还唱起来了，,0
小三永远被牢记 你就生怕别人不认识你,0
大过年祝你和刘阳得肺炎,0
hh我很奇怪的是为什么妹子们都这么有素质只说了句小三😂,0
希望肺炎早日战胜你,0
支持你美女，把那个男的甩了吧，沾上这种男人会倒霉！！,0
。。不骂  不顶  不批,0
勾引别人男朋友有意思？,0
啊哈哈好厉害,0
知道别人有对象，还和别人的对象上床，不是小三吗？,0
骂你骂到今年 小三,0
这个女的有脸吗？,0
第三者，我去，评论队形很六嘛,0
喜欢她是因为我觉得她好像iu,0
知道别人有对象还往别人身上凑，真没点b脸果然长得好看的都那么贱,0
"妈妈说,不要离有对象的男孩子太近，因为你的出现会要了另一个女孩的命，后来我才知道，不是每个女孩都有妈妈。",0
你的b应该都是黑色的吧,0
好像把这些骂你的话拿给你看，让你夜夜不能寐，活在指责和唾骂中，求死不得,0
我愿称你为最强,0
强啊，兄弟，我愿称你为最强,0
当小三好玩儿么,0
应该是死了吧,0
停更了？两人都不发微博了；,0
哎呀呀。大家都认识你了真好,0
避孕药好吃吗,0
小三[微笑],0
小三，除夕夜来了，做小三良心不会痛吗？好意思跨年吗？丢人现眼的玩意有资格过年吗,0
小三啊 小三,0
小三biss,0
以后你可以接避孕药代言,0
你赶紧死去吧别过年了[可爱],0
兄弟们她长粉了!,0
靠，那个逃离武汉的憨批给你点赞了[费解],0
我明白你的意思，还是她接受了，,0
当然不会了，他有对象还想吃两家饭，我不骂他就算有素质了，,0
这不是网络暴力，这个比当小三怕是惯三，我们只是打抱不平 看不惯 ，所以我们就是正义,0
喜欢就去给她买避孕药,0
她是——母牛生不了崽，牛批坏了,0
还没得肺炎死啊,0
她就是个烂批,0
哈哈人才啊姐妹,0
难道只有我留意到除了避孕药还有被干一次1040吗？,0
那个不是她 是另一对情侣,0
破坏人家感情，你咋就有脸呢？不能自爱一点吗,0
我来看看今年还有没有人骂你呢小母狗,0
死了吗？病菌快来寄生，让无辜的人平平安安，死你和刘阳一个就够了,0
牛 小三 疫情会找你,0
看到有这么多人骂她我就放心了,0
我想知道这个逼娘们为什么涨了这么多粉，这些人是怎么想的[微笑],0
知道別人有對象的情況下插足別人感情不是小三是啥？,0
女神太美了，像一个娇滴滴的小可爱，有种保护你的欲望[心],0
小三还洗白？,0
这三今天不少涨粉！,0
没结婚算小三？,0
没事做小三很开心 找炮友也该找个硬的起来的啊 靠药硬的你也要 垃圾堆里找男人？,0
记得按时吃药哦,0
诶？这就是那个抢别人男朋友还去别人男朋友家吃外卖，和别人男朋友做爱，吃避孕药的三儿嘛？！真的长了副小三脸诶，好神奇噢,0
莫不是照着iu整的[喵喵],0
啧，小三[嘘],0
今天吃药了吗,0
谢谢刘阳真好,0
别骂辣我赞不过来辣[喵喵],0
不能评论了？,0
今天你 吃了吗,0
姐妹，优秀哈哈，她以后的孩子可能出生都不知道爸爸是谁,0
你长着一张做小三般的脸..这也许不是你的错，是天生的[可爱],0
可能因为她没有妈妈吧 死🐴玩意,0
主要是避孕药好吃,0
p5那个手指有点点过分呢,0
小三可以接私信的吧,0
还不能评论给我死,0
借楼。好好笑噢🐔 。明明知道人家没分手。还想☀ b。不骂你骂谁,0
为什么要做小三呢 [馋嘴],0
小三，今天吃药了没有呀！,0
你长了一副精明又尖酸刻薄的样子，她长了一幅温柔的样子。,0
小三就是小三,0
我想知道那张图是啥,0
你真的，不可以再骚了,0
真的无语，男人死绝了？,0
真的气得不知道骂啥了,0
史上著名网络小三 已经记入历史哈哈 以后你的孩子会问妈妈你是小三吗？我可以做小三吗哈哈 你会幸福吗？？,0
这么骚 来做老子的女奴吗,0
长得倒是人模人样 怎么会去做狗事呢,0
过年了，还在做小三吗？,0
今天吃药了吗,0
小三永远无法原谅,0
整的[喵喵],0
她还删留言，敢做不敢当,0
小三biss,0
我觉得你确实比原配长的好看，但你干的这屁事儿你就是个辣鸡,0
你说你以后要管住自己 控制住自己 不要再让无辜的人受伤害，真以为自己换张皮就特牛逼了吗？当个三儿你还挺骄傲,0
真贱 编辑都不舍得删照片,0
什么时候si,0
您还有脸么？？,0
气死了，你个憨批,0
当三吃避孕药快乐吗,0
来骂你了  [嘻嘻],0
祝您生的傻子满天下噢！！,0
这么久还有再骂哦哈哈,0
你可真是个小机灵鬼，哈哈,0
丧（干）心（得）病（漂）狂（亮）,0
我来骂你的，死b,0
成只鸡咁[吐],0
哈哈这么好看骂不起来啊,0
你可能不知道你还有个姐妹叫秦牛正威,0
这三儿高段位 心里啥都明白 还删了她唱歌的视频，恐怕过不了太久还会出来嘚瑟,0
当小三您可真牛逼啊,0
森林你咋不去青春有你2呢,0
你爸妈没教你怎么做人嘛 非要做小三,0
？退博乐？？,0
他用了伟哥之后您爽不爽啊[doge],0
现在不应该是小三出来凑热度吗、姐你人呢,0
第一次网爆，祝你和刘阳快乐😊,0
网络暴力希望你不要在意，您是如抹茶般清纯的女孩，即使他们对你恶言相向，我也会站在他们那边的，加油💚💚,0
哈哈到现在还有人骂 那我就放心了,0
姐告诉你昂！这种男人不能要好吧？以后就不是吃避孕药了！得吃后悔药,0
p的太牛了[笑cry],0
有些东西你以什莫方式得来，就会以什么方式失去。,0
第一次不用吃药的,0
生理需求吧 毕竟爱吃避孕药控制不住,0
上不了台面的小野🐔,0
听说你是浏小秀？,0
半藏森林原名是啥,2
你这片森林有点幽密,0
半藏可爱的女孩,0
好看有个卵用，还不是一肚子坏水[吐]（个人意见勿喷）,0
你被❌ 死了,0
希望洗心革面吧，人要表里如一。心美人更美,0
姐姐很美啊！,0
小三有什么好的啊，难道世界就这一个男的吗？姐姐,0
当小三的感受如何啊  是不是爽啊,0
吃了没文化的亏,0
118那个可怜的女孩子是你吗，一定坚持吃药啊,0
收拾可以出道了哦,0
每一张照片都用微笑掩盖面部不足吗66专业外围真的很用心[doge],0
新的一年 小三这次你要绿谁呢,0
避孕药好吃嘛？,0
事到如今对不起有什么用,0
来看看有没有人还接着骂他 哈哈 小三,0
今天胡雯婕堕胎了没,0
也不知道你哪来的脸发自拍,0
整个森林里都是朽木,0
小姐姐真好看,0
做小三真的不要脸,0
看看鼻子的硅胶透光。看看双眼皮痕迹。哇真的是特别表,0
哈哈特意来看看还有没有人在骂她,0
为什么当小三呢[微笑],0
跟你绿别人，哦！也会跟别人绿你，毕竟天道好轮回，苍天饶过谁，风水轮流转，下个就是你[哈欠],0
为什么做三[二哈],0
暴力她，我支持,0
臭小三就是你？,0
现在参加青春有你还来得及吗？快去！,0
你为啥不参加青春有你，你也有话题,0
你是不是喝酒，但是你能喝绿茶,0
别在出现了好吗？人们并没有那么健忘。如果不被发现，是不是你也不会发那么一篇所谓的忏悔。还和你控制不了就爱上你的人苟合，我真的看不下去了，人家的人生不需要你的原谅。因为不是同一物种，你不配,0
在吗？今天吃药了吗？,0
本来是小网红，闹成了这么大靠黑涨粉,0
事情发生的那天第一次看见你，，事隔这么久再来看你一下，，希望你真的知道错了，，因为你的行为是在要了阿沁的命，，你这么做，，是个人都无法谅解你，，如果我是阿沁，，我会想杀了你，，实话实说。,0
来看看小三怎么样了,0
你要死翘翘了，快躲起来吧！,0
借楼 为什么有妈妈要活成一个没妈妈的样子 说实话我从不在网络上做喷子 但是这件事真的0容忍啊 你能要脸的吗 当小三很香吗 别人的男朋友很香吗,0
小三，还不敢现身吗,0
现在骂你还有人赞吗,0
哇惊呆了🤯 偷吃别人的东西香吗？,0
吃的嘴巴都大了,0
就这？[黑线],0
我想问一下双眼皮哪割的[微笑],0
20年你也是个小三,0
不过你挺好看的哈哈,0
男人都一样，很少有不图新鲜的，所以一切还是怪半藏，她会因为她的不自重不自爱伤害到一个无辜女孩。这不是她自己找爱，全世界男人死光她也不该把眼睛放一个有家庭的男人身上，更何况做着偷鸡摸狗，狼狈为奸的事，不光明，好在阿沁内心承受力强，一般重情女孩真的是会因为她这样的方式介入白白丢一条命,0
就是咯！人家陪伴了几年的男人，幸好阿沁心里承受能力强，一般女孩会因另一个女的出现白白丢一条命的，很多女的说着无关痛痒的话，还说不要指责半藏都怪刘阳，女人何必为难女人呢哪个男的能经得起考验，要是每个女的能做到自重自爱三观正，这世上就会少些这样伤害女人的事和把原本好家庭拆散，,0
每天都要吃药哦,0
小三就是小三,0
一个也不认识，就是赶来看看，当小三多少人来骂,1
你挺好看的，就是不干正事。,0
这女的真该死,0
会说话就多说点姐妹,0
小p孩子多读书 跟个二百五似的 丢人[黑线],0
网络暴力真的很可怕，你这会应该得抑郁症了吧，请问什么时候死[微笑],0
你穿品如的睡衣了嘛！,0
姐妹快发微博呀  想你了,0
我寻思着 长得挺标致的女孩子为什么要做小三[微笑] 害 用什么方式得来的大概就会以什么方式失去吧 等着报应吧这俩[微笑],0
你一个男的你这么来劲,0
别模仿iu了可 继续拍您那x暗示的照吧 适合你,0
我就喜欢你这清纯姑娘,0
看到还有人在骂你。我就放心了[吃瓜],0
哈哈我也是哈哈,0
确实很漂亮，可是人品怎么这样？,0
我一看到她 就想到避孕药 哎……吃吐了吧,0
做鸡小三两不误？,0
[doge],0
怎么又可以评论了？为了热搜？,0
姐姐你还好吗,0
开房爽不爽？[微笑],0
你想过阿沁得那五年吗！！,0
低配版的林小宅[笑cry],0
可能是偷的二营长的意大利炮[悲伤],0
小三 为什么呢 避孕药好吃吗？,0
这货真特么够脏的…[拜拜],0
每天记得吃药,0
这日期？刚跟刘阳睡完觉吗？,0
放心吧他怎么对啊沁 就会怎么对你  是🐶 改不了吃*,0
很漂亮，可惜,0
520粒够不够啊孩子吃大份的，让你老公给你买,0
你觉得这脸是真的,0
你情我愿的事情 两个我都骂,0
好看还是好看的……,1
总有一天他也会嫌弃你胸不如他大[微笑],0
排位输了 想来骂你,0
我有点无聊就想过来看看3  都20了 你看 还是有人骂你,0
祝您118谢谢,0
我感觉我要想骂人小三我就来骂骂你，真的好爽,0
小三biss,0
新的一年俺又来骂了哦[可怜][蜡烛],0
来看看小三死了没,0
长得这么好看做三干嘛，无语 上香,1
i must to signup weibo account because i like this girl <3,0
20继续骂你。[太开心],0
身为一个重庆人，我为你感到耻辱,0
297三粒，一粒99,0
当你选择做小三的那天起，你就应该想到会有今天,0
小三玩意儿好美子，今天吃避孕药了吗,0
发现喷你的大部分也都不是啥好人，20会好的，早日回来,0
为什么破坏人家感情,0
你有男朋友啊姐！,0
明明可以靠脸吃饭，为什么要毁了自己的人生,0
还是阿沁好看,0
睡不着 找点事做哈哈,0
小三为什么要买我的号做僵尸粉,0
你为什么不给我日，我好歹喜欢了你那么久，最后你要去给有女朋友的大鼻孔男日,0
知道为什么喜欢森林吗？  因为是个鸟 都能进,0
有些人真的值得被网络暴力 不然没有脸皮,0
