评论者,评论时间,评论地点,评论内容
泰州海陵gw,Mon May 25 17:02:19 +0800 2020,江苏,特朗普“我觉得全世界人都喜欢我，我和全世界人民的关系都很好”
林烟烟8,Mon May 25 17:01:43 +0800 2020,其他,这么丢脸的事都说
红酒雪茄客O,Mon May 25 17:00:14 +0800 2020,河南,戏精，天天给自己加戏
陶勇0837,Mon May 25 16:59:28 +0800 2020,其他,卖惨！一切为了选票！无所不用其极。
白色大提琴,Mon May 25 16:57:08 +0800 2020,辽宁,建国同志我们帮助你连任！这算不算是干涉你们大选啊？
依-晴,Mon May 25 16:55:17 +0800 2020,广东,戏真的好多[喵喵]
michel722,Mon May 25 16:54:54 +0800 2020,广东,小朋友對你的自信有很多問號 ❓
也对20020,Mon May 25 16:54:20 +0800 2020,其他,他喜欢我但不喜欢我连任[二哈]
午夜翱翔521,Mon May 25 16:51:58 +0800 2020,江苏,我们也喜欢你建国同志，疫情期间千万别走。
无忧树1688,Mon May 25 16:50:21 +0800 2020,其他,我也喜欢你，你是个滑稽商人，但我也不希望你连任，要不死人更多
丫头1049421891,Mon May 25 16:49:04 +0800 2020,其他,我不喜欢你，但我希望你连任[允悲]
我是丑公主,Mon May 25 16:48:19 +0800 2020,四川,为什么这么自信普京喜欢他...
Alan-Fung,Mon May 25 16:46:05 +0800 2020,广东,说反了吧，不喜欢你，但希望你连任
丿秋庭君丶,Mon May 25 16:42:23 +0800 2020,其他,头发跟玉米须一样[笑cry]
做梦都想什么,Mon May 25 16:41:50 +0800 2020,广东,我不喜欢你 但我希望你连任 你太憨了
傻儿砸biu,Mon May 25 16:40:59 +0800 2020,安徽,自恋[允悲]
我有医保我先上FF,Mon May 25 16:40:31 +0800 2020,江苏,这样的川建国，有谁不喜欢呢[喵喵][喵喵]
别说乌龟跑得慢,Mon May 25 16:39:53 +0800 2020,重庆,它不敏捷，你是糊涂[doge]
亚丁201509,Mon May 25 16:38:06 +0800 2020,其他,看来讲新闻自由这点美国人做的不好，为啥呢？大多数俄罗斯和中国人都是希望特朗普当选的。美媒和西媒怎么就不登呢？
一只奋斗的小飞象,Mon May 25 16:35:58 +0800 2020,浙江,我觉得各国领导人的不喜欢他但希望他连任
澳村小野,Mon May 25 16:35:30 +0800 2020,上海,蜜汁黑洞自信：特朗普
sunny元元,Mon May 25 16:29:57 +0800 2020,其他,只有我们中国希望你继续连任[坏笑][坏笑][坏笑]，请一定要赢，虽然卧底身份有所暴露，就像美国现在疫情如此严重，别人指责你去打高尔夫的事情，我们完全是理解的，挺你哈，周末愉快的度假，千万别在乎假新闻乱说，该吃药吃药，该喝消毒水就喝消毒水，该打高尔夫就打高尔夫，这就是人生[二哈][doge]
這裡等你,Mon May 25 16:29:14 +0800 2020,广东,敲黑板，同学们 我们正在经历的是美国的衰退史[doge]
得嘞疯根,Mon May 25 16:28:35 +0800 2020,北京,其实现在米国谁当选对华都没好屁，我倒是挺喜欢建国一家人的，颜值真高。
太不巧就是ME,Mon May 25 16:27:05 +0800 2020,辽宁,呵呵呵呵呵呵～行吧，你说啥是啥，除了美国人不希望你连任，其他都喜欢你连任
Katyyiu_,Mon May 25 16:26:52 +0800 2020,广东,哈哈哈胸前的红领巾[doge][doge][doge]
宇哥的挖掘机,Mon May 25 16:19:31 +0800 2020,湖南,不会真有人觉得特朗普连胜对中国好吧？
一个叫南瓜的姑娘,Mon May 25 16:18:57 +0800 2020,其他,我，看过来，看我，我希望你连任，啊啊啊啊啊啊啊啊，尖叫声，鼓掌👏🏻
SDA_脑子被枪开过的,Mon May 25 16:15:59 +0800 2020,上海,应该在国内搞个民调，如果特朗普在中国支持率超高，对他连任打击应该很大。
子涵HJY,Mon May 25 16:15:22 +0800 2020,山东,他喜欢你得俏皮[doge]
愛DUODUO得姐妹兒,Mon May 25 16:10:20 +0800 2020,湖北,我都要被建国兄笑死了，一天天的，哪来的自信！？还I think he likes me！那也只是你想的而已好吗？
PA1NP,Mon May 25 16:08:55 +0800 2020,其他,都是聪明人
杨柳街小王子丶,Mon May 25 16:07:31 +0800 2020,四川,70多岁还不准他得老年痴呆变傻？
入室自成芳,Mon May 25 16:06:52 +0800 2020,黑龙江,扑哧一声我笑了[允悲][笑cry][嘻嘻]
我高兴是最好的,Mon May 25 16:06:51 +0800 2020,其他,66666哪来的自信[笑cry]
佩皮,Mon May 25 16:05:08 +0800 2020,辽宁,大家都希望床铺连任
金馬驫,Mon May 25 16:02:04 +0800 2020,山西,这家伙脑子是不带回路么
装温柔521,Mon May 25 15:59:52 +0800 2020,浙江,我们都希望你连任，毕竟美国推倒从建还要靠你的。
陈陈陈陈陈搞搞,Mon May 25 15:59:09 +0800 2020,其他,傻不傻不知道，反正看起来不太聪明的亚子[摊手]
捣神,Mon May 25 15:56:40 +0800 2020,广东,说实话，你们谁上台美国都这么讨厌，人家什么在意你谁上台。
19啊文,Mon May 25 15:55:07 +0800 2020,内蒙古,哎呦我的妈傻不拉几
YuKima琪仔,Mon May 25 15:54:30 +0800 2020,广东,我不喜欢你，但我希望你连任！
林公子笑了,Mon May 25 15:54:17 +0800 2020,湖北,对手喜欢他的人品，不希望他连任是因为他能力太强了，川普是这个意思来说给民众听以支持他连任吧[哈哈]
LIsten_HL,Mon May 25 15:51:53 +0800 2020,其他,普京可能喜欢他女儿[doge]
榆木799,Mon May 25 15:50:14 +0800 2020,其他,老杂毛，别人吃饱了没事干看你天天演戏。
修房手册,Mon May 25 15:49:21 +0800 2020,北京,干涉大选?
清风pipi,Mon May 25 15:47:18 +0800 2020,其他,[坏笑][偷笑][闭嘴]
charlene_me,Mon May 25 15:44:59 +0800 2020,四川,跟个憨包一样
米兰映象DJ,Mon May 25 15:43:14 +0800 2020,其他,特朗普，丰富人们的喜闻乐见，大家认识了美国总统说瞎话的本事登峰造极。
清风pipi,Mon May 25 15:41:57 +0800 2020,其他,[费解][并不简单][喵喵]
奶盖微糖去冰,Mon May 25 15:41:34 +0800 2020,其他,哈哈哈哈，哪种喜欢？
IT侯杰,Mon May 25 15:39:15 +0800 2020,辽宁,哦，天呐，额妹子ing，没毛病小川特
topzone888,Mon May 25 15:38:41 +0800 2020,上海,特朗普把人性险恶面表现得淋漓尽致！
荔枝比,Mon May 25 15:36:36 +0800 2020,其他,这老头是怎么随时保持两个白眼圈的？
小火箭950509,Mon May 25 15:35:19 +0800 2020,甘肃,他觉得全世界都喜欢他
天涯歌手53347,Mon May 25 15:34:42 +0800 2020,安徽,特不靠谱又开始胡言呓语
虚拟黑色世界,Mon May 25 15:33:04 +0800 2020,其他,都死了那么多人了  还不算离谱？
Sherry早早睡,Mon May 25 15:31:55 +0800 2020,其他,你这个名字，哈哈哈哈，duck不必
丝绒面料,Mon May 25 15:31:36 +0800 2020,江苏,我们全世界都希望你能连任五届。
纪念法拉奇,Mon May 25 15:29:15 +0800 2020,湖北,全世界人民都无比的支持呢连任
freeanne,Mon May 25 15:26:06 +0800 2020,广东,之前说中国不想他连任，现在又说普京不想他连任，真是够啦！[嘻嘻][弱]你是个什么玩意儿，自作多情！[嘻嘻][嘻嘻]
松花江边的鱼,Mon May 25 15:22:36 +0800 2020,吉林,嗯
剑指蓝天937,Mon May 25 15:20:22 +0800 2020,江苏,大统领，你说反了，都不喜欢你，但希望你一直连任下去。
禾禾绿小豆,Mon May 25 15:18:26 +0800 2020,福建,他太想当总统了，[允悲][允悲][允悲][允悲]
我才是香菇,Mon May 25 15:18:26 +0800 2020,山东,他的白眼圈越来越重了，看起来像个大鹦鹉
等我叉会腰h,Mon May 25 15:17:57 +0800 2020,广东,求你连任吧
胖纸他爸,Mon May 25 15:16:34 +0800 2020,上海,🔚🎈❌ ㊙ 哥—哥—我—还—要—嘛🍆
迪咔咔咔AD,Mon May 25 15:16:04 +0800 2020,海南,哈哈哈哈哈哈哈哈小学生
细风吹过的样子,Mon May 25 15:15:28 +0800 2020,北京,川普总统说的大实话，任何一个想从美国那赚便宜还卖乖的国家都不希望川普总统连任，因为川普总统就是他们的梦魇..因为他心中只有美国国家利益和美国人民利益，所以就会形成美国人喜爱他，国际社会有人讨厌他，巴不得他下台。这很正常啊[哈哈][哈哈][哈哈]
虎纠坑B,Mon May 25 15:14:26 +0800 2020,福建,你继续连任吧，把美国折腾亡国，谢谢。
梭哈赌侠,Mon May 25 15:13:53 +0800 2020,其他,一段……
华人李建华,Mon May 25 15:12:58 +0800 2020,北京,[笑而不语]
深度生活观察,Mon May 25 15:12:54 +0800 2020,北京,希望您老再当十年、二十年……[二哈]
June陈陈小仙女,Mon May 25 15:12:47 +0800 2020,江苏,我也喜欢你们啊！我也想你们都连任！
月朦胧68_76649,Mon May 25 15:10:03 +0800 2020,北京,没有人收集特朗普总统言论，集结出一本书吗？应该很有趣[嘻嘻][嘻嘻]
彩虹伞小可,Mon May 25 15:08:12 +0800 2020,北京,只说对了一半～后一半[笑而不语]
奔跑的手抓饼go,Mon May 25 15:07:28 +0800 2020,河北,我们都希望你和团队连任，必须要赢。我们国家需要你！
有理想有追求的猪,Mon May 25 15:07:14 +0800 2020,广西,精神分裂
茉茉酱Joy,Mon May 25 15:07:04 +0800 2020,其他,为什么眼睛的颜色和皮肤颜色不一样
撸猫王丫,Mon May 25 15:06:06 +0800 2020,江苏,他喜不喜欢和你连任有啥关系，难道说[doge]
伊言默_,Mon May 25 15:05:18 +0800 2020,广东,我就知道能找到普次方
-汪-先-生-,Mon May 25 15:04:52 +0800 2020,吉林,没人比我更懂普京
我马上消失,Mon May 25 15:03:45 +0800 2020,其他,普京：感觉被冒犯到
Eazylow,Mon May 25 15:03:14 +0800 2020,贵州,普京绝对希望你连任。我们都希望你能连任
图默默n,Mon May 25 15:03:02 +0800 2020,广西,[允悲]特没谱连任是肯定可以连任的
大风吹走了我呀,Mon May 25 15:02:26 +0800 2020,陕西,眼睛一圈为啥是白的  一直以来的疑问……
GTSpencer,Mon May 25 15:02:02 +0800 2020,其他,一定要连任，不然美帝不能走向退潮。
Athanasia_Yip,Mon May 25 15:01:43 +0800 2020,江苏,你要相信“喜欢”你的人有很多，希望你连任的绝对更多。
m如梦令m,Mon May 25 15:00:26 +0800 2020,辽宁,他只说对了一半[笑cry]
极目楚天舒001,Mon May 25 14:59:45 +0800 2020,安徽,哈哈哈哈，我也希望特朗普继续，这样美国就能成为发展中国家了，达成特朗普的愿望[污][污]
Aprillindu,Mon May 25 14:59:18 +0800 2020,河北,你错了，他喜欢你连任[坏笑][doge]
想穿越时光的颖,Mon May 25 14:58:53 +0800 2020,湖南,哈哈哈
突然爱上抹茶味,Mon May 25 14:58:51 +0800 2020,其他,他喝醉了才会喜欢你吧
wuyifansgirl,Mon May 25 14:58:13 +0800 2020,其他,i am sorry but i love you[doge][doge]
逸断-尘,Mon May 25 14:58:03 +0800 2020,其他,你想清楚说话 世界第一大国的领导人是个傻子？？身价几十亿没刀的老板是个傻子？？
艾小祖,Mon May 25 14:57:52 +0800 2020,其他,大家都爱我 系列
ALISONzyw,Mon May 25 14:56:54 +0800 2020,广东,。。。。
古铁岳小年,Mon May 25 14:49:07 +0800 2020,其他,估计全世界75%的人都希望你连任，大家没事可以看你找乐子！
西边雨233,Mon May 25 14:47:41 +0800 2020,浙江,中国人民非常支持建国同志在美国总统的岗位上继续发光发热[doge]
济南的南边,Mon May 25 14:31:42 +0800 2020,山东,鲜艳的红领巾飘扬在前胸！[doge]
第三只眼看凡生,Mon May 25 13:39:30 +0800 2020,广东,我不喜欢你，但我希望你连任！
-顺溜,Mon May 25 13:23:03 +0800 2020,其他,我们也能喷川普，哈哈。 跟着官媒每日多喷，官媒，能给老百姓一张选票么
总是多出来的鱼,Mon May 25 13:17:43 +0800 2020,青海,普京：我不是，我没有
iivaiai,Mon May 25 13:16:46 +0800 2020,广东,@光子的一些事一些情 那就是不喜欢你啊
-夏目-,Mon May 25 13:15:17 +0800 2020,江苏,说反了仁兄，不喜欢你但希望你连任[吃瓜][吃瓜][吃瓜]
sa小姐出门找自己,Mon May 25 13:12:07 +0800 2020,广西,哈哈 我们太希望川建国连任了。
小小葱儿123,Mon May 25 13:04:05 +0800 2020,山东,真的是迷之自信
Zonda_1222,Mon May 25 13:02:08 +0800 2020,辽宁,我们也喜欢您，总统先生，因为您，实在是太2B了
Sunshinexx61,Mon May 25 13:02:07 +0800 2020,河北,他们都喜欢你。
Your-Jerusalem,Mon May 25 12:56:13 +0800 2020,广东,没人比我更了解普京
行走的夫子,Mon May 25 12:55:42 +0800 2020,北京,好吧，我以为你是楼主
不靠谱的陈半仙,Mon May 25 12:53:47 +0800 2020,福建,精辟
Lady和博士的妈妈,Mon May 25 12:53:30 +0800 2020,其他,他爱我，但是不想娶我[笑cry]清奇
Melody201911,Mon May 25 12:53:23 +0800 2020,其他,l l la
谁是顶流我粉谁,Mon May 25 12:53:15 +0800 2020,其他,只想和你在一起，过着普普通通的生活
残山剩水无态度,Mon May 25 12:53:08 +0800 2020,其他,为啥川普有白眼圈[并不简单]果然和常人不一样讷
月尽弓长,Mon May 25 12:51:50 +0800 2020,安徽,[允悲][允悲][允悲][允悲]你想多了，不管谁当选，对中国都会是最严厉的政策封锁，这是美国政界共识，反华是第一要务，川普和拜登就互相指责对中国太好，说自己当选会更严格，这是美国国策了，川普当选好歹有点笑料[笑cry]
君夜临,Mon May 25 12:51:28 +0800 2020,重庆,自作多情
吐槽天赋点满,Mon May 25 12:50:07 +0800 2020,其他,隔天普京发文：别说了！我没有！[doge]
奥朗德,Mon May 25 12:47:10 +0800 2020,江苏,尤其喜欢伊万卡[嘻嘻]
空条Nyarlathotep,Mon May 25 12:47:04 +0800 2020,四川,你确定他说的实话？
菰城笑笑,Mon May 25 12:46:41 +0800 2020,浙江,“我们国家真的希望他连任”，这是你的原话。至于我，对美国领导人是谁不持任何立场，我只是反对你说的“我们国家真的希望他连任”这句话而已。
鲁鲁园长,Mon May 25 12:45:56 +0800 2020,浙江,营销高手
我的岁月是把杀猪刀,Mon May 25 12:45:37 +0800 2020,其他,特朗普有被迫害妄想症？？大家都喜欢你，请你继续连任，重建美国，推倒的那种
福星茗茗-Sigriswil,Mon May 25 12:44:57 +0800 2020,上海,普京的喜欢…好特别[允悲]
晴空偷得半日闲,Mon May 25 12:44:52 +0800 2020,广西,其实大家都希望你连任
四派乘十的负七次,Mon May 25 12:36:09 +0800 2020,其他,这种玩笑就别开了
未央的小火车嘟嘟开向De,Mon May 25 12:34:29 +0800 2020,上海,蹭完中国蹭俄国。。。每个人都希望他连任，每个人也都不希望他连任。。。这嘴和屁股有啥差别。。。
2020卡卡罗特,Mon May 25 12:32:39 +0800 2020,其他,大家都想看到特朗普把美国搞垮
十一月的距离,Mon May 25 12:32:31 +0800 2020,云南,被害妄想症
觉无得,Mon May 25 12:32:02 +0800 2020,其他,要不发表个声明，强烈支持特总连任，老特要被吓尿了
默默有点伤,Mon May 25 12:27:54 +0800 2020,浙江,希望你连任，这样每天才有段子
Yvonnelock,Mon May 25 12:27:36 +0800 2020,上海,不不不特宝宝 我们都希望你连任真的 我们无比希望你带领美国再次伟大 hail maga[doge][doge][doge]
猫怪涅亚基拉,Mon May 25 12:26:02 +0800 2020,上海,怼天怼人怼空气，退群退约退地球。
全面沦陷ANG,Mon May 25 12:25:44 +0800 2020,湖北,希望你连任，世界民众的乐趣就会疯长
我亦飘零久Yc,Mon May 25 12:24:59 +0800 2020,广东,嗯？哈哈哈哈哈哈哈哈哈哈哈哈哈哈哈哈哈哈哈哈哈哈哈哈哈哈哈哈哈哈哈哈
全面沦陷ANG,Mon May 25 12:24:27 +0800 2020,湖北,亚历山大
土如金2018,Mon May 25 12:23:43 +0800 2020,其他,你是猴子我喜欢玩你！
苏小宁在沪上,Mon May 25 12:22:56 +0800 2020,其他,全世界人民都爱你
红色拿铁,Mon May 25 12:22:51 +0800 2020,广西,全世界都喜欢你[喵喵]
兔叔先生,Mon May 25 12:22:05 +0800 2020,青海,我们都喜欢你，百年来能把美国搅的一团糟，真心佩服，希望你继续努力，让美国成为发展中国家[doge]
没娜么糟啊,Mon May 25 12:18:47 +0800 2020,其他,我嗑到了？
纪家老纪,Mon May 25 12:17:54 +0800 2020,广东,我们都希望你连任
亲爱的爱米莉,Mon May 25 12:16:32 +0800 2020,上海,总结很到位
行走的夫子,Mon May 25 12:15:52 +0800 2020,北京,是你轻言国家，我可没，老百姓除了知道安居乐业，还应该知道，没有免费的午餐，靠期盼别人脸色的和平是不靠谱的，只有自力才行，国外害我之心不会因为一个领导人的变化就能改变，还是要靠自己[挖鼻]
宋_二珂,Mon May 25 12:13:26 +0800 2020,内蒙古,为什么别人都是黑眼圈，他是白眼圈。
学个小语种,Mon May 25 12:13:09 +0800 2020,浙江,这白眼圈厉害了
靠谱人做事靠谱,Mon May 25 12:12:29 +0800 2020,其他,建国你要努力啊
wxwqm,Mon May 25 12:11:52 +0800 2020,其他,你一个人让美国退步了不少，除了美国人谁不喜欢你
Sungazing,Mon May 25 12:11:08 +0800 2020,上海,普京：我何止喜欢你，我喜欢你全家[doge][doge]
菰城笑笑,Mon May 25 12:10:47 +0800 2020,浙江,说实在的，是揭穿谎言重要，还是在未来四年，仍然是一个政策不稳定，极端保守，甚至肯能发动战争的商人政客来主导第一大国更对我们不利？我不知道怎么分析，但不要轻易为国家下结论。
浦江晚8点,Mon May 25 12:10:36 +0800 2020,浙江,下届还是特总的。
狠爱倪2013,Mon May 25 12:10:09 +0800 2020,其他,@浅笑安然：清华，北大校长都很喜欢我，但是他们都不希望我上他们的学校，我很难过就随便选了给学校
行走的夫子,Mon May 25 12:08:12 +0800 2020,北京,你代表我们国家？我们国家真的希望他连任，不然怎么揭穿西方民主和公知的谎言
网名不要面子啊,Mon May 25 12:07:40 +0800 2020,广东,那是因为你不行 唐建国先生
荔枝冰不甜,Mon May 25 12:07:39 +0800 2020,其他,蹲一个回应[doge]
鼠嘿,Mon May 25 12:07:14 +0800 2020,其他,继续连任啊[嘻嘻][嘻嘻]美国就完了
IsTownS,Mon May 25 12:06:58 +0800 2020,江苏,这种调侃毫无意义，至少我们国家是不希望的
宫崎英高的恶意,Mon May 25 12:06:36 +0800 2020,其他,👐🏻 没人 🙌🏻 比我 🤲 更懂普京
昵称无所谓6964580648,Mon May 25 12:04:59 +0800 2020,江西,为什么要接受采访？
颜语琳,Mon May 25 12:03:53 +0800 2020,上海,你有什么资格做总统，出事了就帅锅给别的国家，不从自身找原因
Protic201509,Mon May 25 12:01:30 +0800 2020,上海,我很有个人魅力，但是我对中俄都很强硬，他们爱我，但不希望我当选
岁末情节-,Mon May 25 12:01:19 +0800 2020,内蒙古,不不不，普京不喜欢你，但是希望你连任
蝶在发呆,Mon May 25 12:00:15 +0800 2020,其他,为爱弃位吧
秦总shu记,Mon May 25 11:59:21 +0800 2020,其他,不是看不起小学学历的博士？
坏人姜小猛,Mon May 25 11:57:20 +0800 2020,江苏,这个大身板子谁举得动啊[跪了]
ST张三疯,Mon May 25 11:56:45 +0800 2020,湖北,美国离不开你这样的总桶，带领美国大众一步一步走向衰退。
SCROPION__11,Mon May 25 11:52:55 +0800 2020,广东,比起他连任，当年叶利钦连任才是俄国更大的噩梦[doge][doge]
芝麻开門-ol,Mon May 25 11:52:49 +0800 2020,辽宁,普京不喜欢你连任，所以美国人民需要你连任 对吧[偷笑]
五十颗星,Mon May 25 11:52:24 +0800 2020,河北,普京喜欢你   这是实话
A-Lin的铁粉,Mon May 25 11:52:16 +0800 2020,上海,川建国是个好同志[哈哈]
急了眼的兔子90017,Mon May 25 11:49:25 +0800 2020,山东,他还真实在啊
8981黑暗示,Mon May 25 11:49:21 +0800 2020,其他,太假了。不希望你连任怎么会帮你放出拜登的录音?
招财猫157,Mon May 25 11:47:51 +0800 2020,广东,搞笑
吕士鑫V,Mon May 25 11:46:45 +0800 2020,江苏,答应我，就算没连任，风格保持下去！热搜没了你，我会不开心的[允悲]
和尚洗头用茅台,Mon May 25 11:45:54 +0800 2020,其他,谱家人比马家人厉害的多
昏迷小书童,Mon May 25 11:44:37 +0800 2020,湖南,老小子又在放烟雾弹，暗地里早就和老毛子勾搭上了
Chords-,Mon May 25 11:43:49 +0800 2020,浙江,想看看普京怎么diss back哈哈哈
-印第安土流氓-,Mon May 25 11:43:04 +0800 2020,其他,受
哎呀我去44235,Mon May 25 11:42:21 +0800 2020,山西,真尼玛的，不光是普京喜欢你，我人类都喜欢你！！！毕竟没有人比你更懂全人类！！还有就是，全人类都希望你连任！！！
老焦随记,Mon May 25 11:41:44 +0800 2020,其他,支持连任
Mimi含菲梓,Mon May 25 11:40:56 +0800 2020,其他,我觉得川普长得像猫头鹰🦉
衣暖香,Mon May 25 11:40:26 +0800 2020,四川,宝宝们都觉得自己应该被喜欢[兔子]
喜欢吃麻花的猫,Mon May 25 11:36:47 +0800 2020,广东,我也喜欢你，因为自从有了你的日子，多了很多欢声笑语，如果你不能连任，我都觉得美国人权自由民主都是空话了
老渔翁hz,Mon May 25 11:23:08 +0800 2020,陕西,[哈哈][哈哈][哈哈]，今天剧本有笑点。
贺拓-,Mon May 25 11:22:35 +0800 2020,贵州,过几天又说俄罗斯干涉美国总统大选
Mersey-Side,Mon May 25 11:18:50 +0800 2020,浙江,艹，怎么他觉得每个人都喜欢他，是不是心里扭曲，从小缺爱啊
觉得有点愤青,Mon May 25 11:17:57 +0800 2020,北京,我觉得你连任对全世界都是糟糕的一件事情
爸爸带你去吃肯德基,Mon May 25 11:09:17 +0800 2020,江苏,建议连任，热搜没有你人生都无趣了[好喜欢]
拒糖美食--家雀儿,Mon May 25 10:56:53 +0800 2020,北京,白袋日渐严重
WannaCrazy_,Mon May 25 10:56:21 +0800 2020,广东,特朗普：“他爱我，我也爱他，我们是真心相爱的”[doge][doge][doge]
辘轳砲,Mon May 25 10:53:11 +0800 2020,上海,老外的熊猫眼长这样！水獭眼？
rabbit漫步,Mon May 25 10:45:31 +0800 2020,上海,真是个宝
财富来了,Mon May 25 10:42:58 +0800 2020,黑龙江,哈哈
西门残忍,Mon May 25 10:41:01 +0800 2020,辽宁,全世界都希望你连任
Insistinteresting,Mon May 25 10:36:34 +0800 2020,陕西,加油，多数中国人民支持你连任，真小人比伪君子好对付[嘻嘻]
casbo_huang,Mon May 25 10:30:56 +0800 2020,广西,真替普京总统感到尴尬！
小心心不吃香菇,Mon May 25 10:30:29 +0800 2020,河南,这哥们眼睛咋了
心若无尘KM689,Mon May 25 10:27:39 +0800 2020,河南,特没谱你的多情全球无人能敌！对，不光他喜欢你，我们也喜欢你，没有你，哪来的看耍猴🐒🐒🐒的欢乐时光
甘草蓝莓,Mon May 25 10:24:44 +0800 2020,上海,搞得你不能连任，全世界的错
心若平湖水,Mon May 25 10:23:51 +0800 2020,其他,普金派来的卧底吧？
Aileen20776,Mon May 25 10:22:37 +0800 2020,其他,[嘻嘻]14亿中国人民都特别喜欢你[炸鸡腿][中国赞]
MCCOLDCHICK冷雞,Mon May 25 10:20:53 +0800 2020,北京,普京：？
念茱萸,Mon May 25 10:16:02 +0800 2020,江苏,普京爱死川普了希望川普去个没人的地方颐养天年……
特没谱先生,Mon May 25 10:14:28 +0800 2020,其他,特朗普的偶像普京，我的偶像普京[喵喵]
五星红旗覆盖全球,Mon May 25 10:14:26 +0800 2020,北京,历任了就可以每天在一起耳鬓厮磨。
普通日子舒坦,Mon May 25 10:14:23 +0800 2020,北京,人人都爱特朗普
是婧不是静靖景,Mon May 25 10:10:25 +0800 2020,北京,普京：我没有 我不是 别瞎说啊[doge]
重设昵称都很难,Mon May 25 10:09:25 +0800 2020,江苏,衷心祝愿Trump连任！
桃紫绾绾,Mon May 25 10:06:47 +0800 2020,广西,川宝宝觉得世界都爱自己系列[吃瓜]
泰山小树9,Mon May 25 10:04:42 +0800 2020,山东,川普同志！我们喜欢你连任
poet_Chen辰,Mon May 25 10:04:29 +0800 2020,内蒙古,🙌🏻没人 👐🏻比我 ☝🏻更懂️ 👌🏻高尔夫
Hamilton-no32,Mon May 25 10:01:19 +0800 2020,四川,"不,他想,你误会了"
蔻尼基瓦,Mon May 25 10:01:14 +0800 2020,江苏,好矛盾的一句话[吃瓜]
akikai鱼鱼,Mon May 25 10:01:03 +0800 2020,广东,普京：你确定你不是来讽刺的？
邱森萬挠痒痒,Mon May 25 10:00:57 +0800 2020,内蒙古,没有人比我更懂普京[doge]
游戏3分钟就拍砖,Mon May 25 10:00:12 +0800 2020,其他,什么叫不要脸，这就是
潮汕悠然,Mon May 25 09:59:57 +0800 2020,广东,中俄都支持特靠谱总统连任
DramaTime,Mon May 25 09:59:46 +0800 2020,江西,真的是一天不吹 嘴皮就痒
旅行MrLiu,Mon May 25 09:59:11 +0800 2020,四川,[doge]
肉丸小猫,Mon May 25 09:58:53 +0800 2020,其他,特:你的自作多情无耻到天地难容了。
赵潇mike,Mon May 25 09:57:31 +0800 2020,北京,建国同志还没搞懂普京为啥喜欢他。放心，普京是希望你连任的。
静我自在,Mon May 25 09:57:18 +0800 2020,江苏,建国同志，组织交给你的任务还没完成，继续努力
确山县法院,Mon May 25 09:56:28 +0800 2020,河南,【特朗普：普京喜欢我，但不希望我赢得连任】
独山独,Mon May 25 09:53:35 +0800 2020,其他,一个73岁的老头还能这样折腾，身体真好。
小信子倔强追夢,Mon May 25 09:53:02 +0800 2020,广东,您可要点脸吧
Sanyee林,Mon May 25 09:52:29 +0800 2020,广东,看看，他又懂普京了
biiiii毕雯珺你可多吃点儿饭吧,Mon May 25 09:52:28 +0800 2020,山东,特特子一定要连任！未来四年的快乐就靠你了！[doge]
恰很多饭走很多路爱一个人,Mon May 25 09:52:12 +0800 2020,江苏,喜欢你并且希望你连任[二哈]
XxxXyYFf,Mon May 25 09:52:01 +0800 2020,四川,你老是评论第一，买这么多赞是为了引导人们去你的主页看你卖的假鞋子？
M-abuse,Mon May 25 09:51:54 +0800 2020,其他,这老头讲话手上动作怎么这么多呢
2020fn,Mon May 25 09:50:37 +0800 2020,四川,要怪全世界不希望他连任了
Lotus-Wong,Mon May 25 09:50:09 +0800 2020,广东,错：普京不喜欢你，但是希望你连任[笑cry][笑cry][笑cry]
一个学霸啊,Mon May 25 09:49:56 +0800 2020,上海,哈哈哈～喜欢你不洗澡，还是喜欢你年龄大～[二哈]
我在乙未年,Mon May 25 09:48:38 +0800 2020,山东,“没有人比我更懂普京”
飞翔的铁块,Mon May 25 09:48:29 +0800 2020,北京,特朗普真自作多情，除了蓬佩奥没人喜欢他
yingengwen_0871f5_480,Mon May 25 09:48:01 +0800 2020,云南,你还是当选吧，那样我们可以天天看戏。
流浪Hope宇宙,Mon May 25 09:47:55 +0800 2020,广东,China
Alleviate_MWB,Mon May 25 09:47:20 +0800 2020,浙江,把大美利坚拉下马就靠你了，建国！
海賊迋41557,Mon May 25 09:47:18 +0800 2020,其他,美国的💩都是香的
会飞的雨人99,Mon May 25 09:46:56 +0800 2020,其他,特没谱怎么这么喜欢说我和谁谁谁是好朋友
雄仔墨迹,Mon May 25 09:46:20 +0800 2020,广东,[doge]下午普京要是就此做出回应“不，我觉得川普是一位优秀的美国总统，他带领全美在新冠疫情期间取得了极好的成绩，我希望他能够连任”
般若菩提净,Mon May 25 09:46:00 +0800 2020,其他,普京：人在家中坐，cue从美国来[挖鼻]
菩提医药,Mon May 25 09:45:21 +0800 2020,山东,连任吧，继续折腾忽悠美利坚，估计地球人都爱看不靠谱的疯狂无聊表演…退群退群特退群⚡[怒骂][抓狂]
读心_ANDY,Mon May 25 09:45:12 +0800 2020,河北,如果没能成功连任，下一届总统会不会把所有的责任都推到他身上，起诉他，甚至判刑？
吴利1997,Mon May 25 09:44:46 +0800 2020,云南,Funny mud pee
香风味老板,Mon May 25 09:44:33 +0800 2020,广东,其实全世界太多人都希望特朗普嗝屁
她走我心即空i,Mon May 25 09:44:23 +0800 2020,山东,你老婆都不一定喜欢你
Homk_120,Mon May 25 09:44:12 +0800 2020,广东,中国广东江门市民表示希望你连任……带领美国走向欠发达国家
自我来敲门,Mon May 25 09:44:08 +0800 2020,其他,通俄通俄通俄
流转X时光,Mon May 25 09:43:21 +0800 2020,其他,舔的好
看不了特全的青苗,Mon May 25 09:43:00 +0800 2020,北京,懂王深谙人情世故
风尘几度飘阳红,Mon May 25 09:42:58 +0800 2020,其他,从未见过如此厚颜无耻之人
包包大人在外头,Mon May 25 09:42:41 +0800 2020,四川,: 你分得清什么是实话不，孩子该吃了💊
iuhuy5710448064,Mon May 25 09:42:36 +0800 2020,河南,说傻话也比说套话强么？
复苏安迪,Mon May 25 09:42:29 +0800 2020,湖南,说反了吧[doge]
泙實中哖,Mon May 25 09:42:20 +0800 2020,内蒙古,普京喜欢柯基而不是金毛[笑而不语]
老终1999,Mon May 25 09:42:17 +0800 2020,广东,特朗普要是连任对中国是不利的，虽说当前都实行反华政策，但特朗普那叫一个离谱，希望别再连任了
涟子73823,Mon May 25 09:42:11 +0800 2020,其他,除了疫情时候会瞎扯，外行指导内行[二哈]
Markie-pooh,Mon May 25 09:40:49 +0800 2020,浙江,普次方 嗑到了
穷酸一笑翁啊,Mon May 25 09:40:46 +0800 2020,湖北,"中国人民真的""很喜欢你""。希望你连任，千真万确！"
余生何其有幸,Mon May 25 09:40:35 +0800 2020,广东,普京忽悠你！
yu遇见y,Mon May 25 09:40:27 +0800 2020,云南,忙着呢，你别管别人家事就行，别人哪有时间管你那破事
tbn007,Mon May 25 09:40:26 +0800 2020,四川,喜欢你，怎么可能不希望你连任，笨笨，别胡说瞎话
foreverCJHK,Mon May 25 09:40:17 +0800 2020,其他,不仅仅对俄罗斯是糟糕的 对于全世界都是灾难
Markie-pooh,Mon May 25 09:40:12 +0800 2020,浙江,普京...喜欢你[费解][费解]普次方嗑到了
不在苏北的苏北,Mon May 25 09:39:17 +0800 2020,西藏,阿川迷之自信
裴听颂的胡萝卜,Mon May 25 09:39:04 +0800 2020,广东,[跪了]对不起，我又想起那个cp视频了[跪了][跪了][跪了]真相是真哈哈哈哈哈哈哈哈哈哈哈哈哈哈哈哈哈哈
平平安安-平平安安,Mon May 25 09:38:23 +0800 2020,上海,我是一个炒蛋总统，鸡蛋鸭蛋鹅蛋我都能放一起炒，所以大号：混蛋！
万里挑一那个灵魂,Mon May 25 09:38:14 +0800 2020,广东,有一说一，我倒希望他连任，毕竟局座说过他会把美国带到谷底[doge]
吒吒小七,Mon May 25 09:38:05 +0800 2020,其他,实话？哈哈哈 美元拿多了吧？
那时候di青春,Mon May 25 09:37:48 +0800 2020,上海,有道理
陆楚恒,Mon May 25 09:36:12 +0800 2020,江苏,为什么他对自己没有清醒的认识，美国总统里以后可能再也出不了一个憨憨特朗普了，我绝对支持你连任啊！！！！
假山流水的古怪,Mon May 25 09:36:02 +0800 2020,其他,不懂就问，他为什么喜欢你？他不喜欢美女吗？[二哈][二哈][二哈][二哈]
开到荼蘼LZP,Mon May 25 09:36:02 +0800 2020,其他,你TM头脑够敏捷的，死了那么多人，说了那么多废话
小百合123321,Mon May 25 09:35:56 +0800 2020,四川,真实的一个普通人[哈哈][哈哈]
椰鹿子,Mon May 25 09:35:50 +0800 2020,其他,川川中国人民也爱你😘 （yygq）
小主吉吉,Mon May 25 09:35:30 +0800 2020,广东,你对喜欢是不是有什么误解？
白水晶01,Mon May 25 09:35:12 +0800 2020,吉林,😊 😷 真是自己感觉良好。
我爱我家咪,Mon May 25 09:35:05 +0800 2020,其他,这货是不是有被迫害妄想症
九月清朗,Mon May 25 09:35:03 +0800 2020,北京,大家都喜欢你，喜欢你连任，继续欢乐
山木头在山上,Mon May 25 09:34:29 +0800 2020,上海,这个人胡言乱语已经到达极致程度
小百合123321,Mon May 25 09:33:57 +0800 2020,四川,说的实话，比官话空话套话强[哈哈][哈哈][哈哈]
cwd918123,Mon May 25 09:33:30 +0800 2020,北京,别自恋啦
手掌心的痛都是你,Mon May 25 09:33:29 +0800 2020,广东,坑货总统！沙币
音乐人红石,Mon May 25 09:33:21 +0800 2020,四川,特别讨厌特朗普，但连任必须连任[喵喵]
喜欢兔子的喵喵,Mon May 25 09:33:08 +0800 2020,四川,说实话，我挺迷惑的[疑问][允悲][允悲]
鹿鹿鹿西亚,Mon May 25 09:33:05 +0800 2020,山西,我也不希望！！！A股集体抵制你连任！！！
小凯西大凯文的铲屎君,Mon May 25 09:33:05 +0800 2020,吉林,他这个嘴，说话就让人膈应
平平安安-平平安安,Mon May 25 09:32:28 +0800 2020,上海,十万，你懂的！这个炒蛋总统不亲自灭掉美国誓不退出竞选的样子，很有战斗力啊[二哈]
lyoson胜,Mon May 25 09:32:18 +0800 2020,广东,没有人比我更适合当总统了[doge][doge]
在凡间堕落的神,Mon May 25 09:32:09 +0800 2020,江苏,评论里的傻子真多，特朗普任期内洗劫全球的经济。他连任中国日子会更难过，怎么可能希望他连任。只能报道些他的负面新闻来阿Q一下，可这能当饭吃吗？能当钱花吗？
小百合123321,Mon May 25 09:31:50 +0800 2020,四川,说的实话，比有些官大人官话空话套话强[哈哈][哈哈][哈哈]
Sissone来自星座的祝福,Mon May 25 09:31:49 +0800 2020,其他,一样特不靠谱同志继续连任，消灭美国人！
姚非言crystal,Mon May 25 09:31:39 +0800 2020,重庆,谁都希望你连任，说谎第一
南海客人,Mon May 25 09:31:37 +0800 2020,其他,普京不喜欢你连任，你想连任就冻过水了。。。
小百合123321,Mon May 25 09:31:22 +0800 2020,四川,说的实话，比官话空话套话强[哈哈][哈哈][哈哈]
演你的爸爸,Mon May 25 09:30:54 +0800 2020,重庆,自作多情
永远D肥仔200501,Mon May 25 09:29:54 +0800 2020,北京,中国人民喜欢你连任五届！！！
chen38213,Mon May 25 09:29:43 +0800 2020,浙江,不不不 大家都希望你再干一百年[吃瓜][吃瓜][吃瓜][吃瓜]
西门吹雪Master,Mon May 25 09:29:28 +0800 2020,山东,建国同志，我们都支持你连任。我们都想看你把美国从第一带到第二。
红日_我,Mon May 25 09:29:01 +0800 2020,北京,因为没有信誉了，说了不算还瞎说。
Summer什麽羊,Mon May 25 09:28:13 +0800 2020,广东,别的不说，川普的手风琴手势和他的脸一样烦[二哈]
如伴,Mon May 25 09:27:50 +0800 2020,其他,有了机智特朗普，自由变得不靠谱，请你带领美利坚，走向衰败每一天[doge]
皓云师傅,Mon May 25 09:27:35 +0800 2020,山东,"要我说啊,全地球的人,乃至整个宇宙都喜欢你“特不靠谱（特朗普）”,但是呢,全地球的人,乃至整个宇宙,也不希望你应得连任~唉........这就是毛爷爷常说的“万恶的资本主义”.[笑cry]"
林枫先生,Mon May 25 09:27:31 +0800 2020,贵州,戏真多
-少年英雄王二小,Mon May 25 09:27:19 +0800 2020,其他,普大爷可能是最希望你连任的人之一
清净灵章,Mon May 25 09:27:17 +0800 2020,甘肃,没人更比我懂什么是喜欢…
潇洒的鱼R,Mon May 25 09:26:49 +0800 2020,广东,我觉得你是个伟大的总统，特别希望您连任
LuiLui小公举,Mon May 25 09:26:43 +0800 2020,山东,Emmm其实我们都希望你连任[笑cry]
用户平静的港湾,Mon May 25 09:26:32 +0800 2020,四川,谢谢爱心博主！敬请查看主页！请多多关注及转发！Police结论是:傻子、修理车的老板肇事逃逸，傻子顶罪，老板取保候审；精神病埋人……在此代表家人叩谢！
紫坑坑,Mon May 25 09:26:31 +0800 2020,重庆,@今日俄罗斯RT
别打扰我进步了,Mon May 25 09:26:25 +0800 2020,江苏,有了机智特朗普，自由变得不靠谱，请你带领美利坚，走向衰败每一天[doge][doge][doge]
青鲤行渊,Mon May 25 09:26:25 +0800 2020,北京,害，特没谱觉得全世界都喜欢他
放开那个仙女行不行,Mon May 25 09:26:15 +0800 2020,其他,公主病，玻璃心，健忘症，臆想症，被迫害妄想症，求世界举高高多抱抱。
黑化回花灰2002,Mon May 25 09:26:13 +0800 2020,其他,给自己找台阶儿
沉梦丶丶昂志丶丶,Mon May 25 09:26:03 +0800 2020,广东,川普就是白宫的小燕子[允悲]
用户平静的港湾,Mon May 25 09:25:55 +0800 2020,四川,#79岁老人遇车祸遭埋尸#抱歉，占用大家信息资源!我的父亲19年10月8号，河南光山泼河镇父亲18点12分遇交通事故离奇失踪，19点42分出现在相反方向约3公里的天网下，后又离奇失踪。家人20天后在距离约3公里的布满荆棘山丘里搜到被掩埋的尸体。截止20年5月25号，因案情疑点重重，老人还躺在县局解剖室…
不一77932,Mon May 25 09:25:52 +0800 2020,其他,真神经了
五品书虫,Mon May 25 09:25:41 +0800 2020,北京,普京：那呢？我太希望你连任了，全世界人民都希望你连任！至于老佩和老彭，我不保证！
马桶盖的钥匙,Mon May 25 09:25:36 +0800 2020,其他,普，普次方是真的？🙊
小家小家全场最佳_,Mon May 25 09:25:36 +0800 2020,湖北,怎么消灭人类变成一件你希望的事情了[笑cry]
锦琇流年,Mon May 25 09:25:02 +0800 2020,河南,这个总统 呵呵
煎饼果子加果篦,Mon May 25 09:25:00 +0800 2020,天津,也是萝卜吃得有点多
萌萌的小飞象,Mon May 25 09:24:51 +0800 2020,上海,普京：不不，全世界包括银河系在内都希望你能连任！
笑论天涯,Mon May 25 09:24:37 +0800 2020,山东,自作多情，[允悲]
春风过后有秋雨,Mon May 25 09:24:30 +0800 2020,山东,明眼人不会嘲笑一个超级大国的总统！就像一个打工者老背后看不上自己老板一样愚蠢
雷梓康,Mon May 25 09:24:26 +0800 2020,其他,除了美国其他国家都希望你能够连任
老朽Ku,Mon May 25 09:24:14 +0800 2020,湖南,中国人好像希望[允悲]
平平安安-平平安安,Mon May 25 09:24:00 +0800 2020,上海,大家都希望你连任，因为你是外星人派来消灭人类的……死了快十万人了，功劳大大的，如果连任，你计划死多少？
天之骄子谁在乎,Mon May 25 09:23:57 +0800 2020,其他,美国人民真是不幸，选了一条特离谱的疯狗来做总统
歌传宣华,Mon May 25 09:23:49 +0800 2020,北京,普京非常希望川皇连任，终于有一个美国总统堪比地图头了[允悲]
天水城事,Mon May 25 09:23:41 +0800 2020,甘肃,#特朗普称普京不希望他连任#【特朗普：普京喜欢我，但不希望我赢得连任】
互联网纪实文学爱好者,Mon May 25 09:23:33 +0800 2020,其他,朗普，那么在乎别人的想法吗？做你自己[作揖]
断捨離DSR,Mon May 25 09:23:18 +0800 2020,福建,你还是回去安安静静的当普京的家庭主妇吧[doge]
草原雄鹰刘媒婆儿,Mon May 25 09:23:18 +0800 2020,其他,自恋体质
取啥名能让n过目不忘,Mon May 25 09:23:08 +0800 2020,湖南,你头脑敏捷，建国同志最能干了
他怕不是个gay,Mon May 25 09:23:06 +0800 2020,安徽,普次方是真的[doge]
iBingo,Mon May 25 09:23:03 +0800 2020,山东,名字都带个普字，一个靠谱，一个离谱[摊手]
机智的苗苗呀,Mon May 25 09:23:02 +0800 2020,江苏,老男同了
妲己,Mon May 25 09:22:59 +0800 2020,江苏,这个猪头自我感觉忒良好了
是猪猴鲶马米蛆的注水团呀,Mon May 25 09:22:53 +0800 2020,北京,我希望你连任[嘻嘻][嘻嘻][嘻嘻][嘻嘻]因为你太搞笑了
我要操死我自己,Mon May 25 09:22:52 +0800 2020,其他,不不不，普京和我们都希望您和您的团队能继续当选
史迪奇哥,Mon May 25 09:22:48 +0800 2020,安徽,咳咳，谁希望？[doge][doge][doge]
Ashley_KANGJIAO,Mon May 25 09:22:46 +0800 2020,香港,川普怎么总是喜欢自作多情[doge][doge][doge]
热情毕大大,Mon May 25 09:22:45 +0800 2020,河南,通俄门警告！
济南同城会,Mon May 25 09:22:45 +0800 2020,山东,特朗普：我觉得全世界都喜欢我[doge][doge][doge]
是米偲偲呀,Mon May 25 09:22:38 +0800 2020,其他,我的快乐源泉
cneyilin,Mon May 25 09:22:37 +0800 2020,其他,你以为普京傻啊[允悲]
历山北路,Mon May 25 09:22:36 +0800 2020,北京,这个锤子精神病
放过那朵花,Mon May 25 09:22:35 +0800 2020,其他,我也喜欢他哈哈哈哈哈哈哈哈哈哈哈哈哈
做自己的Kathy,Mon May 25 09:22:35 +0800 2020,北京,他咋那么自信？以为自己人见人爱？[允悲]
不吃酸不爱甜,Mon May 25 09:22:34 +0800 2020,其他,上次才说中国不希望他连任？？？？
火葬场大夫1985,Mon May 25 09:22:32 +0800 2020,吉林,喜欢你个锤子
Chatiagne,Mon May 25 09:22:29 +0800 2020,内蒙古,没关系 我讨厌你 但希望你连任[doge]
高维观察,Mon May 25 09:22:21 +0800 2020,北京,毕竟登日者，皮就是厚
一把SKS狙击枪,Mon May 25 09:22:18 +0800 2020,山东,建国你的身份可别暴露啊[doge][doge][doge]
中华人敏恭贺国,Mon May 25 09:22:19 +0800 2020,广东,特朗普：没人比我更懂普京。
歪-我是杯面啊,Mon May 25 09:22:18 +0800 2020,广东,我也不喜欢
Daniel钟钟,Mon May 25 09:22:09 +0800 2020,安徽,建国同志真的是对自己的魅力太有自信了
张永乾01,Mon May 25 09:21:56 +0800 2020,其他,哈哈哈
