评论内容,mood_predict
老美觉得全世界都是他家的哈,0.0
这是中国的香港,0.0
真TM是个弱智儿[怒],0.0
送给美国底层人民一句话：星之火可以燎原[微笑],0.0
川建国同志的这招遮人耳目是为了更好的继续在美国做卧底，泪目,0.0
太平洋警察啊,0.0
美国的手长太长了～，不合理呀,0.0
强烈要求全国人大出台德克萨斯民主自由政策法案[doge],0.0
那剩下的6千万失业人口引起的社会动乱呢[偷乐],0.0
你能把舌头缕直吗,0.0
美国，管好收拾好你们自己家的烂摊子，死那么多民众，暴乱那么多，还要把手伸到我们国家，伸太长容易断哦！[微笑] 香港是中国的香港！坚决维护祖国的统一！[心] 美国送你一句话:长舌妇关你屁事！,0.0
？就连新加坡人都知道你不知道？,0.0
美国是不要脸了吗 跟他有什么关系啊 轮到他们指手画脚了吗,0.0
美国自己靓丽的风景线还不够美吗？屎吃多了撑的来管别人国家的事,0.0
💩 呼屁股上了，不赶快换裤子，还要管别人家事。,0.0
@美国驻华大使馆 进来,0.0
香港又不是他的，我们自家的事情，美国也真是个奇葩的存在。,0.0
如有说错。欢迎指点…可是要尊重美国会的决定。不要试图去干预别国内政,1.0
太感动了，超级大国关注我们诶[允悲],0.0
自己国家一堆事怎么还对别的国家这么感兴趣[费解],0.0
感动到了[doge],0.0
我都笑哭了[泪],0.0
那是一套美国的法案…是美国会通过的。跟香港政府以及中国官方 毫无关系。,0.0
都是那么些人了，还有闲心管中国！,0.0
@重庆头号靓仔 哈看评论我笑死,0.0
请某国自重！,0.0
[允悲][笑cry] 抱歉 我只能这样哭,0.0
有空管中国的内政 先把自家事处理好！,0.0
什么叫超级大国啊（战术后仰）,0.0
泪目了[泪],0.0
自己家的事都搞不清楚还来管别人家的事，手太长不要可以砍了[怒],0.0
复制黏贴的太厉害，都不知道别人错别字还语句不通顺,0.0
美国这短的三个月死了十多万人，国内歧视暴乱不断！还这么关心中国人民！天啦我太感动😭了！感动的笑死了！,0.0
哈我哭的好大声,0.0
美国都171w了,0.0
后面少了个“病”[doge],0.0
美国看来自己国家还不够乱，死的人不够多，所以才有闲心管我们家的家事[微笑],0.0
美国管好自己吧,0.0
美国政府先把自己屁股上的屎擦干净！关心一下自己国内的疫情和种族歧视！别人家的内政不归你管！,0.0
好感动，都给我哭。哈,0.0
美国哪里来的ac脸来管？[喵],0.0
关你川普啥事,0.0
我先哭为敬[泪],0.0
大家别理那个会琪，看主页就是个废青[吃瓜],0.0
既然一国两制不合适那就一国一制吧。,0.0
[笑cry]这帮人是收了他美爹的钱了吗叫的真欢,0.0
香港是中国的香港，香港事务是中国内政，关美国鸟事？美国灭亡了吗？天盯着中国，特朗普想竞选人大代表？[吃瓜],0.0
@大头的妹-黄嘉颖,0.0
谢，有被感动到。,0.0
@消昼_ @隶禾,0.0
美国自己都自身难保了还管我们国家的事，管好自己吧[doge],0.0
香港是中国的香港，请美国先管好自己国民的死活，先治理自己的暴乱吧！,0.0
他们连国土都是抢来的，祖传强盗精神了[馋嘴],0.0
哎呀我妈呀[允悲]这就是强盗,0.0
@W-Banshe 笑死,0.0
没关系啊，中国已经可以自主了,0.0
香港台湾即便短期内能享受到美国的恩惠但也不可就此投靠美国。因为这俩地顶多就是个棋子，顶多~最终还是大陆会保护这俩叛逆的娃。,0.0
感动的都笑死了！,0.0
哭@今天也要很酷阿,0.0
这么闲爆乱解决了吗,0.0
@建议做我女友,0.0
直接建一个学校，我去你那边上课如何[允悲],0.0
老美，全世界人民团结起来灭了你,0.0
能不能别哔还插手别人家的事，手动艾特美国，管好自己国家吧可,0.0
哈 力度不够[doge],0.0
管好你自己，别干涉他国内政！,0.0
美国是不是有毛病？总是喜欢管别人家的事。,0.0
哈，愣着干嘛，刷[泪]呀,0.0
这才是普世价值观[doge],0.0
看来得给美国日前的抗议分子一些物质了,0.0
[喵]毕竟中国更重要,0.0
20感动中国人物—美国,0.0
我们应该立法 《纽约国独立政策法》,1.0
不好意思，笑出声[允悲],0.0
所以 美狗干涉我国内政还有理由了？,0.0
教育的力量和传媒的力量在香港反映的淋漓尽致，很幸运能做曾经九年义务教育的一员,2.0
泪目，不愧是超级大国，人类灯塔[泪],0.0
美帝你先关注你家的病毒和死人算了，自己的事不管，光顾着来找中国的麻烦，还嫌肺炎死的不多？,0.0
说实话美国现在感染的人那么多，而且又不像我们国家，给病人治病免费，那些患病的人怎么办，美国政府的行为并不等同于美国人的行为，在人道主义上美国居然连自己国人的性命不管，去干涉中国内政，真的有必要吗,0.0
香港是美国的？ 我看了你的头像我就知道你也是美国的,0.0
美国自己国家的事情都不管，天关心我们国家,0.0
美国死50万都不亏,0.0
美国死的人太少了，至少得五分之一，才能让它消停,0.0
自己家里的事情没办法了，搞定不了，又想转移国内矛盾,0.0
抖nm🐎机灵呢？,0.0
我笑了[笑cry]/@Pandosa:看吧，美国死了十万人，最关心的却是中国人民，我哭了，你呢[泪],0.0
我们中国香港[给力],0.0
突然想，他们那么恶，怎么还活着呢？,0.0
泪目[允悲],0.0
香港是中国的香港，不容外人干涉，[给力]🇨🇳🇭🇰,2.0
慢来，一个接一个[doge],0.0
感动[doge],0.0
中国的香港，我们大陆每个人都很爱香港!只是讨厌港独而已!,2.0
这样不就 又回到封建锁国了嘛,0.0
美国自己都乱套了，还对别国内政指手画角,1.0
真是让人感动呢[哼],0.0
美国这两天种族冲突都爆发了，还有空管香港啊,0.0
建国不愧是建国同志啊[泪][doge],0.0
美国政府看来还是不够忙，钱也够多,0.0
你啥时候有🐴,0.0
美国，你没有心，都不带关心自己国家的人。,0.0
随地拉💩，🍑擦了吗,0.0
美国就是多管闲事，也轮不到它指手画脚，管好你自己,0.0
中央什么时候立个美国民主人权法案,0.0
小时候我妈跟我说，自己家孩子怎么管那是父母的事，别家人想动手管自己家孩子，那真是做梦。,0.0
香港，关美国鸟事？,0.0
泪目们把公屏打在兄弟上[泪],0.0
你啥时候成孤儿了？,0.0
美国为了中国的自由民主注入了大量心里，不说了，眼泪啊鼻涕啊全都出来了,0.0
别人管应该也管不到吧，这不是咱们自己的领地，,0.0
金星看了沉默加流泪[doge],0.0
Superpower,0.0
美国真可恶！我们国家的事情，你没有插手的资格！,0.0
咱们也订啊，华盛顿政策法,0.0
美国立的是什么讨厌的人设 欠蹬人设,0.0
想当世界警察，实质是世界强盗，世界恶霸。,0.0
闻者伤心，听者落泪！[悲伤],0.0
美国在自己国内修改 国内的法案。关香港什么事？,1.0
兄弟们把泪目打在公屏上[悲伤],0.0
谁能不泪目呢[doge]/@Pandosa:看吧，美国死了十万人，最关心的却是中国人民，我哭了，你呢[泪],0.0
自家房子都烧了，还惦记别人家的米,0.0
美国自己的屁股擦干净没有,0.0
管好自己，别干预他国家事,0.0
扇特朗普嘴巴子,0.0
美国赶紧灭亡吧,0.0
美国应该忙着看自己国内的漂亮风景线吧,0.0
2021年1月1日，取消美国各州物业税10年，地方政府工作人员减员61％，自谋职业/@篮球少年AIRMJordan23XZL:人大立法会就最近美国暴力事件将出台涉美法案[doge],0.0
米国真不要脸,0.0
呜哈太感人了,0.0
这得多大的爱，才能这样时刻关心着中国！我也哭了[泪],0.0
你真搞笑，修改法案是美国的权利，但是法案内容关乎的是中国的香港，你觉得就和中国没关系吗。,1.0
泪目们把兄弟打在公屏上,0.0
打蛇打七寸，抛美债；它若动武，奉陪；趁机收回台湾，解决芯片问题！,0.0
就当他放个屁好了，理他才傻，咱们国内的事合法合理干就完事了[加油],2.0
跨过山河大海，穿过人山人海，过来管它爹,0.0
让美国把香港当成中国类似深圳上海的普通城市不好吗？别搞什么自由贸易，有害,0.0
香港是中国的香港🇭🇰，任何外部势力无权干涉中国内政,1.0
197回归的 文盲脑残 好学历史,0.0
和平共处五项原则.,2.0
美国一厢情愿，港独脑子有瘪（想用难民的身份移民。菜子都不敢收！中国真不缺人）[哈],0.0
@_南方草木 哈笑死了,0.0
屁股擦干净点再来和我们说话,0.0
自己的疫情不好控制还插手中国的内政[费解],0.0
给别的国家立法，你丫当你谁呢,0.0
哪都有美国佬，艹他妈，一天的自己家管不好净他妈找别人家的事，美国这些政党死绝了才好,0.0
哈，我也哭了，太真实了[允悲],0.0
说明在他心目中，中国人民比美国人民重要，时刻牵挂中国人民,0.0
@想不出名字决定卸了微博,0.0
美国的国家安全法多如牛毛，五花八门，他们构筑自己的金钟罩铁布衫，却不允许中国堵上一个国家安全漏洞。他们维护自己国家安全毫不手软，却对其他国家安全需要说三道四。谁最看不得别人家装防盗门？肯定是盗贼本尊。自家的疫情和暴乱一堆破事不去解决，倒想管别人的家事，这盗贼手伸的可真长。,0.0
不是的，这你也信。而且美国是卖地不是卖房，除非你住的是公寓。,0.0
哇，太感动了,0.0
美国真的是，自己国内一堆事还来管别人，你家住宇宙的吗[费解],0.0
什么叫做：香港时间？,0.0
真tm吃饱了撑的,0.0
感动中国，感动地球[泪],0.0
天b，抓一个枪毙一个，你看谁还敢乱，本来叛国罪就不用审判的,0.0
哈那些港独用移民吓我们，我们中国缺人还是怎么滴。爱走不走！[微笑],0.0
评论里那个疯子眼里那个美🐶 ，各位就别去理他了，毕竟狗是听不懂人话了，骂他狗都侮辱了狗[太开心]微博都是反中国言论，举报就好了，坐等这个美🐶 被抓,0.0
自己国家都乱成狗了，还这么关心我们，我也是醉了,0.0
要死，差点喷了。[笑cry],0.0
卖假鞋的🐴bis,0.0
香港终于抵不住压力公布公告了，早点干嘛呢？,0.0
你这后面不够阴阳怪气，应该是希望美国能够接受我们输送过去的“清醒且善于批判”的人，以及为了“自由人权”而“战”的人[doge],0.0
美🇺🇸先把要你命的病毒搞好吧ヽ( ￣д￣;)ノ死多少人了，还有那闲心想管hk,0.0
关你美国啥事 脑子有病,0.0
笑skr人了 少当太平洋警察 先管好自家事吧[打脸],0.0
真是的，谁能不感动？,0.0
美国就是闲着没事干，什么都要掺一脚,0.0
[费解]美国是居委会大妈吗 谁家的事都要插一脚,0.0
美国还是先管好你自己的家务事吧[汗]疫情还没稳定下来暴乱又起来了，还要来插手香港，呕,0.0
美国可真是个合格的世界警察，自己国内都这样了还关心中国内政,0.0
自己家事都管不好了，还有时间搁这闲扯淡呢？咋的？脑子里只剩多管闲事了？,0.0
呜泪目[泪],0.0
支持美国各州独立,0.0
@crush1y 大家好可爱,0.0
香港一国两制不适用,0.0
只是一个做大，一个变小了而已管好你自己政党你的事儿,0.0
哈，笑死我了,0.0
这情义感动上苍啊[泪],0.0
美国：想把香港变安稳是不可能的； 中央：香港是中国的，以前是，现在是，以后永远都是； 港政府：坚决维护中央； 废青：被美国踩着真舒服…,0.0
中国的事还轮不到别国来瞎掺和，多管闲事,0.0
笑死我了，哈啊哈/@怕孤单:何德何能，让超级大国这么关心我们，哭了，感恩[失望]/@Pandosa:看吧，美国死了十万人，最关心的却是中国人民，我哭了，你呢[泪],0.0
老美真是操碎了心,0.0
这是一种怎样的“人道主义精神”呢,0.0
哭辽（笑哭的,0.0
维护香港繁荣稳定发展。绝不允许美帝扰乱香港和平、和谐,2.0
美国的国家安全法多如牛毛，五花八门，他们构筑自己的金钟罩铁布衫，却不允许中国堵上一个国家安全漏洞。他们维护自己国家安全毫不手软，却对其他国家安全需要说三道四。谁最看不得别人家装防盗门？肯定是盗贼本尊。 ,2.0
你啥时候有🐴 了,0.0
一个成立30 年不到的国家，居然妄图干预我们的内政，野蛮人就是野蛮人,0.0
真是，太感动了，这莫非就是大国气度[doge],0.0
漂亮国啊 你管好自己家里的事行不 一天到晚我们中国的大事小事你都要插上一脚 这样真的是越来越讨厌你耶[睡],0.0
男默女泪，谁看了不说一声绝呢,0.0
我一时间分不清你是不是洗地[doge],0.0
泪目[悲伤],0.0
泪目了[泪]/@Pandosa:看吧，美国死了十万人，最关心的却是中国人民，我哭了，你呢[泪],0.0
@美国大使馆 我们对明尼苏达州人民的人权侵害表示忧虑关注.敦促美方保持克制.切勿暴力执法.避免不必要的流血冲突 请美方保障人民合法的权益.我们正在考虑推动《明尼苏达州人权与民主草案》我们中方和明尼苏达州人民站在一起[doge],2.0
"香港不能“”一国两制“”不适用，一定要""一国一制"",香港已经回到祖国怀抱了，难道还让香港人民再受苦受难吗!",2.0
美国真自作多情！生怕天下太平🙄,0.0
关你条铁事咩，搞掂你自己噶美丽滴风景线先啦,0.0
你啥时候是个人了？,0.0
崽子，别站错边了。🖕,0.0
一根鸡毛都不能少,2.0
黔驴技穷，疯狂反扑。应验了一句话，两岸猿声啼不住，轻舟已过万重山！,0.0
香港是中国🇨🇳的，美国做你的春秋大梦去吧！,0.0
泪目们把公屏打在兄弟上[泪],0.0
杀人诛心啊你[doge],0.0
胳膊伸这么长也不怕给你砍断了[太开心],0.0
有公众号内味了[泪],0.0
[泪]泪目哈,0.0
自家国内烂摊子一堆，还管别人家的事,0.0
so，你认为香港是美国的?,0.0
你啥时候是个人了[微笑],0.0
对于香港 我们要有吾皇的姿态 就喜欢你们看不惯我又干不掉我的屌丝样[二哈],0.0
感动 泪目 伟大,0.0
美国最爱的事情就是舆论转移[允悲],0.0
今天就是！你想怎样呢[疑问],0.0
要不然直接打吧 我报名奔前线,0.0
你要这么说的话，那我也哭了[泪],0.0
哭出了猪叫声,0.0
自家疫情和暴乱都控制不了，天想着怎么霍中国，你可真美~利~坚[挖鼻],0.0
美国这爪子申伸的太长了，真想给他剁了！ 自己国内死了那么多人不管，光想着管别人的家务事儿！,0.0
美国你的手没那么长，那里都想插一脚[黑线],0.0
污名化最终会毁灭地球,0.0
现在社会出轨 率真的很高，不知不觉中可能你对象就给你戴了顶绿 帽子，不放 心的去 我 微.博查询，快来吧！,0.0
美国好无耻啊，两个走🐶加拿大和澳大利亚真的让人🤢,0.0
美国可能觉得自家人死的不够多[思考],0.0
现在社会出轨 率真的很高，不知不觉中可能你对象就给你戴了顶绿 帽子，不放 心的去 我 微.博查询，快来吧！,0.0
“加州独立”也应该在联合国安理会讨论，这是一个需要迫切关注的全球性问题，涉及国际和平与安全，值得联合国安理会立即关注”，这将威胁加州的民主制度和公民自由。,1.0
美国的繁荣是在世界人民共同努力下的成果，而不是建立在中国人的血泪和累白骨上,0.0
米国自己家都乱成啥呀了自己没点数啊？还一天到晚尽干搅和别人家的龌龊事。,0.0
香港是中国的香港！,2.0
美丽国先把自己管好吧！至于香港，关你美国屁事！,0.0
现在社会出轨 率真的很高，不知不觉中可能你对象就给你戴了顶绿 帽子，不放 心的去 我 微.博查询，快来吧！,0.0
美国心态是：要死一起死。就要拉全世界陪我一起上路[馋嘴],1.0
自己屁股都擦不干净就着急蛮荒来害其他国家我真是服了 自大愚蠢,0.0
疫情过后，世界和中国都将会焕然一新,0.0
美国佬 罔顾自己国家 十几万生命不管不顾 倒有时间关注中国如何立法 真好笑[嘻],0.0
你是台独还是港独？[微笑],0.0
毫不利己，专门害人的美利奸精神，多么崇高[泪],0.0
美国，一个有病的国家,0.0
你的十万国民在地底哭呢。,0.0
美国请你看好自家的风景线,0.0
@薇才不是小面包 [笑cry],0.0
中国落后的时代早过去了,2.0
哈 上次一个美国议员还是什么的说 中国不要干涉美国内政 因为他们对待香港的方式是一种美国内政 这些议员拿了钱真是什么都敢说 脑残的不行,0.0
[doge]哭了,0.0
感动死父亲了，自己国内靓丽的风景线和十万死者搁置一边，第一想到的就是我们，一直为我们操心[悲伤]真不知该拿什么报答，要不就把蓬佩奥的头献给特朗普吧？大家觉得怎么样？,0.0
先把自己家的一堆破事处理好吧，手伸得可真长，损人不利己的事情少干点可以吗,0.0
感谢帝国主义的关注。不然还不能这么快立法呢[嘻],1.0
我的天，它们自个家都乱成一锅粥了，还天管别人家的事，哪来的脸。,0.0
哈 上次一个美国议员还是什么的说 中国不要干涉美国内政 因为他们对待香港的方式是一种美国内政 这些议员拿了钱真是什么都敢说,0.0
管好你自己！,0.0
美国佬真可恨,0.0
我也是 好感动 一个自己都顾不上的国家 还有空管我们 声泪俱下[泪],0.0
这就好比疫情都jb10多天了，美国还在解释为什么戴口罩,0.0
我想爆粗口了，QTMD霉国,0.0
老人是三分之一，另外三分之二非老人啊,0.0
美🐶来讲这是遵循的哪条正当的法律啊？,0.0
灭霸没大了。,0.0
比起这个 我更想知道离婚冷静期 这个鬼东西,0.0
爱咋地，做好准备,2.0
香港是中国的香港，美国插手？寓意何为？,0.0
特朗普要连任，转移注意力,0.0
感动哭了[doge],0.0
自己国家都弄不好，成天去搅和别人的家事，也不累,0.0
既然美国说香港事务是内政，那我们不介意插手美国选举,0.0
不会用只能说明你无能,0.0
97年啊，那女王和总督哭的，一把屎一把泪的哭的可伤心了呢[吃瓜],0.0
容我简单的翻译一下：管的着吗你[微笑],0.0
在中国他的想法没有人听呢[可爱]在美国又呆不下去[可爱]哎呀，他人生还真的是好难呢[可爱],0.0
美国的一贯作风，内部矛盾激化，转移视线，干涉他国内政，然后发动战争…最后回到殖民地时代,0.0
美国为了转移自己国内的压力，到处做长舌妇，手脚并用。,0.0
那就要杀了香港90%的年轻人。你觉得可能吗？去国外的网站上看，几乎所有的香港年轻人都在当废青,0.0
香港是中国的香港，香港事物纯属中国内政，岂容外部势力干涉！,2.0
国际警察，到处捅马蜂窝，在作死的路上越走越远,0.0
自己的风景线都管不好，管别人家的事！真希望一道雷劈死他们[怒],0.0
美国现在疫情那么严重，他们不关心自己的国民，却来管我们的事情，美国人民真实水生火热，生在这种国家。,0.0
骑在你头上拉屎你都高兴的很，我是战狼我骄傲[哈],2.0
简直热泪纵横[泪],0.0
太感动了[允悲],0.0
哪里烂摊子呀！到处都是美丽风景线呀！,0.0
好一句天都要收他们[赞],0.0
你治疗痔疮的能力肯定一流,2.0
移民是不可能的，他想美国也不收，不是什么阿猫阿狗都能进别人国家的，太可怜了[doge],0.0
你的语序乱了吧,0.0
美国在等什么呢？赶快内战吧[微笑]让你们的人都忙起来！不然闲出p了，总是管别人家事,0.0
美国还是管自己的疫情和风景线吧，你看那火烧的多旺啊,0.0
管好美国自己的破事吧,0.0
太感动了 感动得我要哭倒长城了[淚],0.0
有点感动是怎么回事[笑cry],0.0
我们自家的事 关你一外人什么事啊 非要插一脚,0.0
咱们制度优越性这么好，为啥不让香港也用社会主义制度啊，我觉得他们应该也想。难道香港人不配？,1.0
我感动了[泪]！我也关心哈他们，打开电视机，欣赏下美国的美丽风景线[太开心],0.0
特烂普为什么还没确诊[怒],0.0
醒吧/傷害自己長大的這片土地/良心不會痛嗎？,0.0
没事多读书看报活在上世纪80年代你也不容易[微笑],0.0
雁滩滴婆娘操滴番瓜滴心,0.0
您好，就是你觉得没能力，但我们觉得有能力呢[可爱]好像没人听你的，所以这边的建议还是希望你早日移民奥[可爱],0.0
说白了外国关注的都是利益,0.0
就是，笑死了，都快两百万人感染了加上最近暴乱还有心思管中国？[黑线],0.0
没人说要民主 当家作主。只是说没那能力就别去干预别国内政…,1.0
公屏们打泪目打在兄弟们上[泪],0.0
举报就完事了,0.0
美国佬不会有好下场,0.0
怎么那么咸吃萝卜淡操心呢！先把自个国内疫情控制好再说吧！都死亡10万+了，还到处打口仗不干正事儿[怒],0.0
您好先生，这边收到了你的意见[可爱]但是好像没有人理你呢，这边建议您在中国实现不了你当家作主的权利，最好的建议还是移民奥[可爱],0.0
美国一天咋这么多事儿呢？自己国家都管不好，还想插手别的国家的事情，管好自己吧[吃瓜],0.0
是不是连小学都没上过[微笑],0.0
美国感觉就像中国的反动派[doge],0.0
转发微博！香港是中国的，美国无权干涉中国内政！,0.0
泪目[悲伤],0.0
这种人是废青，不是愤青，有差别的,0.0
自己国家都管不好，还想管中国,0.0
美国一贯作风，国内矛盾不断，只有转移注意力，然后发动战争,0.0
屌癌扩散到嘴巴了？,0.0
泪目[笑而不语],0.0
美国脸皮太厚了,0.0
港区政府好样的[鼓掌],2.0
[泪]我是感动哭了[喵],0.0
美国算什么东西，管好自己的新冠和暴乱，自己国家问题都解决不了，还妄想转移国内矛盾给我们。啊呸,0.0
艾玛，你要这么一说，wozhenshi忽然间感动的涕泗横流啊[泪][doge],0.0
屁股放屁，脸怼一下就好，说多了，显得脸和屁股一般见识。,0.0
简直了[微笑]这美国哪都想管，你插手一下香港的事，小心手断了[奥特曼],0.0
兄弟们把公屏打在泪目上[doge],0.0
为什么用谷歌呢那么多软件？,2.0
转移国内矛盾,0.0
我们要感恩，美帝国现在新冠死了十万人，到处暴乱，居然还这么关心中国人民，这是多么幸福的事啊[二哈],0.0
墙外的东西能让你野了心,0.0
做人不能太美国。,0.0
中国要严厉谴责,0.0
米国不要太过分了,0.0
今天风挺大的你棺材漏风了吗,0.0
你啥时候是人了[微笑],0.0
@94号楼的少女 我哭了,0.0
兄弟们把泪目打在公屏上[泪],0.0
我只是说老实话。管好自己国家复工复产 再去考虑有没有能力干预别国内政吧,1.0
自己家的事情不需要外人来管，救你们自己国家居民吧,0.0
美国亡国了所以才总想插手别人国家的事[作揖],0.0
感动中国[泪],0.0
支持美国各州抓紧独立。,0.0
香港是中国的香港🇭🇰,2.0
管好自己国家的风景线吧，这是报应吗，多行不义必自毙啊,0.0
说了一大堆想表达啥？疫情都这样了 国内经济都这么差了。还跑去干预美国内政？,1.0
这就是国际主义啊[笑哈],0.0
从来没有见过这么厚颜无耻的，什么都要管，干涉他国内政还有理，搞得这个宇宙都是你美国的，也不怕撑死，真的是奇葩,0.0
哭的好伤心，美国太关心我们了，我们不能辜负他们，争取早日取代他的地位[太开心][鼓掌],0.0
亮丽不是靓丽,0.0
您好，这边建议你如果觉得不满意就移民奥，没了你也许我们会发展得更好呢！[可爱],0.0
[泪]来一起感动,1.0
特·感动中国·朗普,0.0
美国人管好自己吧，自己家都在放火抢超市，种族歧视，警察过度执法…,0.0
美国自我感觉良好 喜欢用脸贴我们的屁股,0.0
中国管自己孩子还轮到个离了老远的街坊插手吗？天啥事都要来凑热闹,0.0
自己都成烂摊子了还有闲心管半个地球外的是[doge]精力旺盛,0.0
好感人，美国新冠死10万＋人，他们的政府还在关心别国人民。太感人了🙏,0.0
希望他国人死的是剩下政客们，看他们的良心是不是被狗扒吃了,0.0
[泪]哭了，真的太感动了[泪],0.0
美国的疫情还是不够严重[吃瓜]死亡人数还是太少[吃瓜],0.0
听ABC 新闻说 美国现在还叫其他几个欧美国家 一起干预香港这事 就纳闷了 中国的国内事 关你美国啥事 啥都想掺和 整的我现在都不爱听那些新闻 每天都是中国怎么样的不好事,0.0
美国有本事就派兵来！怂就管住嘴，别B！,0.0
美国人这么闲么[费解],0.0
新冠别手软20万在即,0.0
香港是中国的香港，一切损害我国利益的事都要制止，这个紧要关头美国不去制止国内暴乱，对抗病毒，关心自己的百姓天来干预中国的事安的什么心不懂？你是真蠢还是真坏？装什么明白人？,2.0
米国💩 小特脑子有坑 [微笑],0.0
自己的国家都管不好还那么能干涉中国内政,0.0
香港是中国的香港，希望美国先管好自己家那道美丽的风景线再说吧[微笑],0.0
美国政客和媒体最爱中国，感动[泪] 同情美国人民三秒,0.0
哎，我错了，我不该侮辱狗,0.0
普通人没必要用（国外关于中国的舆论真的很能误导普通人，呆湾把控），有必要用的人都被默许使用。高校、研究机构、政府机关都有开放的VPN。,0.0
因为美国欣赏自己家里的靓丽风景线已经出现审美疲劳了，就想到处转移注意力,0.0
先看明尼苏达自由的烈火吧[二哈],0.0
当美国狗叫，放屁[摊手],0.0
@爱吃蛋炒饭的三水 哈,0.0
可怜的美国人，政府不好集中精力控制疫情和暴乱，资源都用在关心别国内政、搞经济打压和各种耀武扬威式的军事巡航上,0.0
太可笑了吧，一个在东半球，一个西半球，你来搞个香港政策法？中国是不是也可以搞一个纽约州政策法？,0.0
@洗發水戏猪 出来哭,0.0
咱们的房子得到或许付出巨大代价，我们从骨子里都比较珍惜，他们的房子都是私有的，可能从心里没把房子当回事吧。就好像我们会把食物不断送给流浪汉，而美国中产还要排队领救济粮是一样的，缺啥重视啥吧,1.0
哈我哭的好大声,0.0
@MINCMX 哈,0.0
哟，老慕洋犬了呀，我还挺喜欢战狼这个词的，怎么也比你这种慕洋犬强,0.0
都给我哭[悲伤],0.0
台湾就不说了，香港堂正是中国的，二十多年前就回归了，本来就是只是租借给英国，这也想搞？有病闲的？,0.0
美国疫情全球最为严重，现在又有抗议示威，不想是不是坏事做多了得到的报应？,0.0
我们也就一个香港管不好，还是被你们搅和的，你们一个洲都管不好,0.0
真的巨他妈好笑，我们自家事，他在那剃头挑子一头热又制裁又立法的，干他屁事啊？让自由的大火烧得更旺点吧！,0.0
被美国得关心中国的行为感动哭了[可爱],0.0
香港终于开始作为了[悲伤][泪],0.0
我的天 谁看了不说一句感动呢[泪][二哈],0.0
自古以来就是,0.0
美国手伸太长了,0.0
美国怎么那么多事呢，插手台湾就算了，香港都回归了，那是我们自己家的事情，有你们什么事，我们有管你们各个州的事情吗？疯了吧，还以为是一百年前的中国？,0.0
我怎么感觉挺好的，空置就是用不上了，这么人性化，这是不是可以做到房子是住的不是炒的？可能美国没房子的比较少吧，混成这样算比较可怜吧,0.0
哈，这个反讽[doge],0.0
泪目[允悲],0.0
支持中美断交！断绝贸易！,2.0
强烈建议川建国同志提名感动中国[泪][doge],0.0
这就是美国干涉中国内政的理由？,0.0
真感动呢[泪],0.0
美国什么时候退出地球？,0.0
老子潮汕人你说你🐴 呢，信不信过来潮汕这边你就得爬着回去,0.0
多行不义必自毙，老美管好你自己家的事情就行了，别人家的事情轮不到你插手,0.0
支持中美断交，断绝中美贸易！,2.0
美国，多行不义必自毙，头顶三尺有神明，早晚会有报应的,0.0
深表同情和不安,0.0
深表同情和不安,0.0
@-诶哟喂-,0.0
果然是川建国同志啊,0.0
支持中美断交！断绝对美贸易！,2.0
美国都到处烧抢了 还有闲心情干涉他国内政[允悲] 真的挺感人的 不把自己国家的生命当生命 却这么关心别人 感动[哈] 真的是为了霸权什么都可以不顾 我想 你美国五角大楼白宫外被敌人围住了都不会忘记干涉他国,0.0
泪目[允悲],0.0
麻痹特区政府不好管理香港，让别人乘虚而入，无能的政府,0.0
我最看不懂的是那些聚集在周围，不停拍照还妨碍警察动线的黄马甲,0.0
菜英文好学[doge],0.0
一直看不懂你们在干嘛，因为啥，为了啥，什么和什么，谁和谁,0.0
辛苦美国了[二哈],0.0
呜，呜哇，哈,0.0
我就是心胸狭窄，我看到美国暴动我开心死了[太开心],0.0
就一句话，香港问题属于中国内政，中国内政不容他国指点，倘若容得下他国指点，怎感言对得起千万为新中国成立付出生命的烈士热血和英魂。,1.0
特区政府官网，应用北京时间，强化一国,0.0
我們的香港，我們國家，輪得到你們指手畫腳嗎？[怒]你們新冠肺炎搞定了沒啊？你們的人民的命保住了沒啊？一天的，沒臉沒皮[吐],0.0
美国赶紧制裁香港！呼吁,0.0
建国感天动地!,0.0
美国真的要亡国了哈[哈],0.0
🇺🇸自己国家的事儿没解决呢 还想操心我们国家？ 🇭🇰香港是中国的香港 一国两制没毛病,0.0
美国真是家住海边管的宽。,0.0
m国真奇怪，自己后院都烧的不行了，还有时间在这边发神经[费解] 这都02年了。,0.0
联邦都马上变邦联了，不管自己那几个州还插手我们家的事儿，嫌自己散得不够快吧[doge],0.0
香港🇭🇰是中国🇨🇳的，外人与狗无权干涉,0.0
香港政府得先把暴徒灭掉,0.0
美帝政府最关心的是中国人民 然后是狗 再然后才是美国人民。,0.0
泪目们把公屏打在兄弟上[泪],0.0
天下何人不通共，乆,0.0
美利坚是弱者？,0.0
美国真的是狗,0.0
Hh我真的太感动了[泪],0.0
真TM感动[泪]世界第一超级大国不在乎本国10万+公民死亡 反而关心远隔太平洋的我们[泪] 为表诚意 我们希望美国政府能够接收公知和香港曱甴！越多越好！,2.0
可以单方面宣布美国解放嘛[二哈],0.0
美国是中国的[允悲],0.0
自己国家都没弄明白了，还有闲心管别国内政,1.0
少了点硬气，拿出点手段出来，听累了,0.0
自由美利坚[二哈]哈，_每一天,0.0
美国就有病。,0.0
是时候了，有些玩意就不能惯着[赞],0.0
脑子是个好东西，丢了咋行,0.0
我们对发生在美国纽约抓捕和平抗议者事件表示遗憾；我们呼吁美国切实尊重各人的信仰自由和他们的人权，并与之展开务实对话；人民在不能通过正常渠道表达诉求时，有时不得不求诸暴力；我们对美国人的生存状况表示担忧，压迫各人的情况一再发生将使美国本已糟糕的人权状况进一步恶化。,0.0
那不叫暴乱，那叫和平示威。,1.0
美国政府无耻,0.0
感动中国十大人物，绝对有特普朗的一份，死了那么多人都还关心我们国家的事。[泪],2.0
美国自己的一身大便～自己国家死这么多人，还这么多“美丽的风景线”，现在还要干预他国内政～自己国家都后院着火了，还来“维护世界和平”，真的是疯了～完全无法理解～[允悲],0.0
香港都表示了，就不要再自作多情了[吃瓜],0.0
香港政府对了的，支持国家才是最好的解决办法！,2.0
自己的烂滩还没收拾好，倒来我大中华撒野，脑子有病吗,0.0
天报道，把港独当垃圾一样清除就好了,0.0
坏事干多了，很快就被反噬,0.0
[哼]关你屁事呢，那么想管 gaza全送你要不要,0.0
美国是不是嫌自己国家的人死的不够多？嘴巴大哪里都想咬一口是吗？[打脸],0.0
香港政府总算肯发声了！,0.0
美国的自由靓丽风景线？川普：哪儿？假消息假新闻[喵],0.0
你，清华北大，我，建，懂？[doge],0.0
我们中国自己的事，轮得到你们这些美国老妖怪参与？先解决好新冠问题好吗，都死10万+，确诊169万+了，有时间泼脏水，不如救美国民,0.0
我尝试看能不能挤一滴眼泪出来[笑cry]哈,0.0
我们终于行动了！[心],0.0
.再等几十年，美利坚都是中国🇨🇳 的,0.0
我没看错吧[允悲]美国务院的香港政策法[允悲]关你们屁事噢…,0.0
查水表了胸带,0.0
美国也是绝了,0.0
管你美国什么事？我们是不是也要去帮你们家管暴乱啊[摊手],0.0
在 生活不如意不看自己怪国家怪社会？给你扔美国去呼吸香甜空气可好,0.0
香港立法会：23=0[微笑] 国安法多次立法被阻，你当基本法是什么？[微笑],0.0
美国这几天不是在闹么，偷给他们卖点烟雾弹啊，大棒槌啥的[笑cry],0.0
美国关于一切香港的法案都属于干涉我国内政 没读过几本书就好意思来抖机灵？,1.0
美国是不是太闲了？这个事情好像别人的爸妈来管自己的孩子一样的。美国务院颁布《香港政策法》？实属有点搞笑，自己各大洲都没法管了，还想隔着太平洋管别人的地方！,0.0
川。川建国同志，感谢您！,0.0
美国希望全宇宙都是它的[哈],0.0
在这里骂别人战狼，殊不知你才是美国的战狗，真可怕[悲伤]可怕又可怜,0.0
我今天又发现了一个牧羊犬，好开心，以后网络宣泄终于可以找他了[可爱],0.0
香港问题是中国内政，别国无权干涉！,1.0
美国的风景都那么美了，还能这样的大公无私真的好感动啊！[泪],0.0
美国自己家的事都不关心，瞎操心别国内政干嘛？脑子有坑吧？[打脸],0.0
港府终于刚一回,0.0
40？你是粉丝吗？能买40咬牙买10,2.0
终于硬气了一回[挖鼻],0.0
没有经济利益了只有吃亏利益,0.0
楼里那个我经常看见 大概是个找存在感的 别搭理了,1.0
美🐶连自己国民是生是死都不关心，却嚟中国关心插手HK嘅事，真是牛逼哄[doge][喵][二哈][笑cry],0.0
我觉得香港的回应比大陆更硬气一点[二哈],0.0
别跟流氓讲道理！,0.0
🇺🇸先管好你们国家警察杀人后的暴乱吧,0.0
现在看到美国的很多行为，只想说，人至贱则无敌，果真世界第一。,0.0
某音看到的你好歹也去查验一下是不是真的吧？,0.0
要不咱努力 们把洛杉矶收了吧,0.0
有个问题不明白，美国是不是有病啊，人家屋里的事你整个什么幺蛾子好像是你的一样？就跟别人来我家里要把控我家里的一切说必须要怎么，这他妈不给他一拳？,0.0
您可管好自己叭[二哈],0.0
会说话，你就多说点，懂？,0.0
美利坚就喜欢干预别国的政策,0.0
你知不知道现在没有大陆人去香港，多少商铺关门，多少人失业。03年非典后，是香港政府请求中央开放自由行救经济，当初中央领导说了要他们考虑清楚，怕香港承受不了，香港政府说会准备好有信心，结果促进了香港经济快速复苏，而带来的问题又责怪大陆。你这就和废青想的一样，真以为香港经济是独立的啊。,1.0
美国务院是真的狗,0.0
小燕子穿花衣，年春天来这里，我问燕子你为啥来？燕子说:“管好你自己”。,1.0
真没想到堂一个国家也能和个体或者个人一样不要个碧莲[吐],0.0
…只不过叫你们别干预美国内政,0.0
美国要对人民有关心我们国家的一半心思，也不至于死了十万还停不下来,0.0
男人看了流泪，女人看了沉默,0.0
美国管好自己家的事儿得了[微笑],0.0
哈我哭的好伤心,0.0
被美国警察压住脖子直至死亡的黑大叔可没敢反抗，这么说你敢？,0.0
你🐴今晚💩的时候我会给她烧两双假鞋[太开心],0.0
这种还有人顶，也是看不懂刷微博的都是些什么人,0.0
请特朗普继续当选，这么作简直太好了,0.0
哈这不合适吧[doge],0.0
你看我哭的多开心啊[允悲],0.0
反驳一下就是战狼了哈 我看你急的不行,2.0
那中国怎么修改对巴政策 就是干预人家内政？人家怎样我们管不了…这本来就是美国赋予的 不然怎么香港的贸易能干起来,0.0
你啥时候是个人了[微笑],0.0
真的是，先管好自己吧,0.0
服了美国了，自己国家都一摊屎了，还有空去别人家惹事,0.0
美国人坏透了,0.0
美国独以强亡[doge],0.0
赶紧把美国干涉人员拘留起来，想孟晚舟太心痛了。,0.0
美国，你那边都死掉那么多人了，最关心的还是我们，看来很荣幸，我生在中国。必须强调香港是中国的香港，任何想分割中国统一的言论，就是与全中国人民为敌,2.0
中国香港🇨🇳,0.0
咱们也发过的，今年初出来的《2019美国侵犯人权报告》[哈],0.0
不怕！明天我们也制定一份《夏威夷政策法》，后天制定《纽约州政策法》[太开心],0.0
特朗普为中国人民做的太多了[doge],0.0
疫情，暴乱都不够他忙吗？,0.0
我们自己家的事，就别插手了。,0.0
自己国家都没管理好，天指点江山[汗],0.0
新冠病毒没解决好，最近又来了警察种族歧视执法[doge] 特朗普今年可不保了,0.0
有道理[赞],0.0
美帝🐶 来了？屁股好舔嘛？香港永远是中国的，你这个猪狗都不如的东西再来几十万也改变不了这个事实！,0.0
没错，美国每次都跟叙利亚伊朗朝鲜利比亚等人民站在一起，却死都不跟美国人站在一起，这是何等的大无畏精神[泪]爱了[泪],0.0
@西虹市首富王多鱼 [笑cry],0.0
美国人民都造反了，马上打进皇城把特朗普点天灯了，怎么还有闲心插手别国的事物[允悲],0.0
那是一套美国内的法案。,0.0
美国就是想搞乱全世界，见不得别人一点好，世界上最大的恐怖分子,0.0
#遇见西南医科大的时光[超话]#,-1.0
就是，人家只是想要自由民主[doge],0.0
善良点怎么了，米国就作罢。,0.0
拥有武器私有化的天然造反自由条件，不要浪费啊。[话筒][哼][ok]/@嫂请自重吖:强烈支持美国人民拿起手中武器，维护公民合法自由人权，对美国政府的各种压迫进行有力反抗。[doge],2.0
米国我在厕所拉屎用什么颜色纸你是不是也要通过《拉屎法案》干涉我用擦腚纸的颜色？,1.0
美国都死了十万了，还关心我大中国呢，我们真要感谢美国佬八辈子祖宗[吐][doge],0.0
米国的合法游行真好看,0.0
属于你🐴下面的臭🍺呗[太开心],0.0
我先哭了，后面的都给我哭[泪],0.0
美国这也是心大，自家事一堆，还能百忙之余关心中国，也是够忙的[吐],0.0
真的太感动了，自己家都成那样了，还来关心我家的防盗门安装的问题，泪目[泪],0.0
美政叫嚣民主实则最专政，连疫情都能黑的说成白的，还恬不知耻煽风点火要赔偿，为了真正民主各州独立吧，美床铺政府无德无能，除了甩锅点火…,0.0
国家怎么了，香港怎么了，美国发什么让它发去，你不理不就行了，该怎么干，让美国自个说去，塔他妈和咱们没关系，你在意它发什么干什么，现在有谁会真正在乎美国发什么，在乎的国家那都是傀儡，不是在乎是害怕,0.0
他们无权干涉香港内政,1.0
我们会保护香港,0.0
有病真的是！关你🔨事,0.0
我们是不是也研究出台个夏威夷或者阿拉斯加法案什么的,0.0
关键是一句话说成这鬼样子还是热一[挖鼻],0.0
美国是中国的美国~,0.0
美国管好自己，我们中国的家事轮不到你一个外人插手，谢！,0.0
真他妈🤢 美国🐶,0.0
[泪]先哭为敬,0.0
这时机抓得不错[doge],0.0
明尼苏达的风景线还不够靓丽啊,0.0
别说了 我爱美国[泪],0.0
直接就让老美闭嘴吧,0.0
自己国家都管不好，还有插手别人？,0.0
他家死人那么多不管，还管到别人头上来了，欠揍的人,0.0
🐶头这么多，一看就是友军。[doge],0.0
应该用英文再写一遍,0.0
香港是中国的香港，不容他人指手画脚,2.0
对流氓、无赖谴责没什么意义[二哈],0.0
中国香港！中国内政不容他人干涉！,1.0
香港换拉斯维加斯把,0.0
美国真是搞笑,0.0
香港政府只有严正对待暴乱事件，并下狠心、果断处理干涉香港发展的暴徒和国外势力才能重启香港的繁荣和稳定！,2.0
美国自己不够忙吗？,0.0
不属于中国属于哪？,0.0
老美都快亡国了，还在做平垂死挣扎[二哈],0.0
大老远的还要惦记着我们的内政是不是有毛病,0.0
立马打脸真就很棒[doge]自家疫情真就不关心啊[二哈],0.0
感受到了美帝的关心呢[泪]我国每一个人都特别金贵[泪],0.0
麻烦美国搞清楚，香港至始至终都是属于中国的，为什么我们国家的事，你也要管,0.0
看公报最后一句话。,0.0
这是一国两制的问题，不是香港是不是中国领土的问题。你是个农民我不怪你，B话少一点就对了。,0.0
自己国家都一屁股💩还来管别的国家内政，美国政府不要脸到极致了,0.0
美国自己家的风景多美啊？,0.0
支持各州独立。,2.0
中国香港🇭🇰,0.0
这层牧羊🐶真多,0.0
美国佬怎么那么喜欢掺和别人国家的家事，像极了日常生活里的长舌妇 无语[费解],0.0
翻墙不难的[笑哈] 有脑子就行[酸],0.0
我TM笑死[允悲],0.0
自己家的事儿还让外人管。 得硬气啊，用伟人说过的话。 一切帝国主义都是纸老虎！,0.0
美国啊还是管好内政吧，国家都动乱啦,0.0
香港永远属于中国🇨🇳,0.0
自己都自顾不暇还妄想撼动别国内政[晕],1.0
怎么在这里也能看到你这死🐴 等下东西[doge],0.0
泪目[二哈],0.0
就凭gogle可以服务于政治,0.0
进去还要通行证，这就是中国香港？,0.0
对，美国这种国家就得老天收拾他们，报应来了,0.0
我也是哭了真tm感动[泪],0.0
自己家的嘴都没抹干净 就想来抹我们家的？搞笑吗[费解],0.0
建国同志应该被评为感动中国十大人物榜首,0.0
泪目[泪]这么惦记着我们 太感动了！[泪]这时候我们应该帮助老美民众让他们打造更美丽的风景线[泪]/@Always_Young平方杨:兄弟们把公屏打在泪目上[泪]/@Pandosa:看吧，美国死了十万人，最关心的却是中国人民，我哭了，你呢[泪],0.0
这时候又想对某些没脸没皮的国家说一句：管好你自己,0.0
想怎么控制疫情吧，我们中国用得着你们操心？,0.0
换个角度来说 我们生活在这个国家为这个国家的建设做出奉献同样是我们应该做的 政府服务于人民没有问题 但是如果将自身的失败 自身的无能归咎于政府 恐怕这样的人才是最大的失败者,0.0
已经泪流满面,0.0
孩子长大了 有点懂妈付出的辛苦了,0.0
中国政府：20-197是五十年[doge],0.0
原谅我哭着就笑了[哈],0.0
美国都是国际主义者[黑线],0.0
鹰酱还是看自家的窝吧，都他妈烧着了还不看,0.0
美国政府是纸老虎而已,0.0
支持纽约独立,2.0
制裁在港美国企业，方能彻底根除强盗伸进的手！,0.0
真是闲得，先把你自家管好吧,0.0
美国手真长都跨太平洋了,0.0
不懂怎么会有这么不要脸的国家政府，自己家后院都着火了还惦记着别人家的肉[哼],0.0
因为，别人不想他闲的蛋疼。,0.0
香港人是不是中国人就不知道了,0.0
美国还是管好自己吧…个新冠病毒都死了多少人了…,0.0
香港啥时候是中国的了[微笑],0.0
美国真是多事，人家一家人吵架你看个热闹就行了，推门而入指手画脚是什么意思，关你屁事？,0.0
建议港独分子赶上美国这波暴乱热潮，找到大部队[doge],0.0
美国人民，还是不够凶，政府还有精力，管别国内政,0.0
感觉美国就是一个国际流氓，地球恶霸！,0.0
美爹不好舔吧？都找到去年的新闻啦[嘻],0.0
但除了我国，还有俄罗斯啦。还有其他国家啦。,0.0
好在家欣赏靓丽风景线不好吗，管那么多闲事，自己的事还不够大？你自己屁股还没擦干净呢[微笑],0.0
香港有觉悟了,0.0
我们自己的家务事你写个报告什么意思？有你说话的份吗？自己家都乱成一锅粥了还有心思管别人家，心真大。,0.0
建议入选今年【感动中国】系列[doge],0.0
美国要脸吗？美国你要脸吗？,0.0
感动[悲伤],0.0
哭得没感情，再哭一遍[doge],0.0
一味地挖苦讽刺政府没有什么意义 以合理的方式进行维权 是应该做的 在评论一件事的时候 应该有区分的去评论地方政府与中央政府 有区分的去评论地方政府的某些官员与地方政府 不能因为某些官员的失职进而批评整个政府 如果连自己的政府自己的国家都不信任了 那么你活着的意义又是什么,0.0
怎么修改是他们的权利，但是这套法案本身关系到香港利益,2.0
美国自己国家都乱成什么样了 还有心思,0.0
哭了，完事我就给懂王烧点钱支援一哈子[泪],0.0
越来越讨厌美国,0.0
老圣母了[doge],0.0
自己家靓丽的风景线好看了吗？那么闲天盯着我们伟大的祖国[兔子],2.0
b里有大香蕉…huvhvubjbi,0.0
突然硬气了？ 敢说话了，不萎靡了。,0.0
所有脏话都想投给美国，管好自己吧！,0.0
美国先看好自己家吧 自己家都要被烧房子了 还在想着如何抢别人的院子[微笑],0.0
对美国佬这种舍己为人的行为，看我感动的亚子[doge],0.0
太感动了，给川建国颁个奖,0.0
营销号能先把语文学了么,2.0
先管好你自己吧，手伸的可真长,0.0
自己一大堆狗屁事情不管，天对别人家事情指手画脚,0.0
美国真的是闲的蛋疼，不服就打，两颗氢弹，让美国人知道什么叫后悔扯蛋,0.0
美国咋不去非洲扶贫呢,0.0
自己家的事都火烧眉毛了，还不管，真替那冤死的十万人感到悲哀啊！,0.0
我哭笑了[笑而不语],0.0
到底要练就多少年，才能有米国这样的脸皮,0.0
美国人闲啊，特朗普个抠脚老汉死了十万人还去打高尔夫，多闲，我们应该空运点瓜子西瓜乌龙茶给特朗普。,0.0
真是不要脸到家了。什么时候这个国家灭亡了世界会和平很多,0.0
美国自己后院都起火了，还有闲心去干涉他国内政，真的是佩服了[挖鼻] 用一句老话“咸吃萝卜淡操心”[汗],0.0
我们自家的事，不怕任何人！,0.0
男默女泪[泪]感动ing,0.0
美国不倒，世界难以和平，无和平二字可言。,0.0
泪水打湿了我的豆鞋,0.0
泪目们把兄弟打在公屏上[泪],0.0
看来还是美国的风景线不够多啊,0.0
每次看到都想爆粗口 我还可以忍,0.0
那香港人在闹啥呢？,0.0
妈的，别人家的内政，美国为啥每次都脸皮这么厚的来干预，自己家现在都一锅粥，还把手伸那么长呢。美国不愧是世界第一大恐怖组织，流氓团伙。美狗挑起了多少战事，让多少平民百姓流离失所，让多少家庭支离破碎，就这样还天把自己当世界警察，还想压死多少无辜百姓？还想让多少人说我不能呼吸了。,0.0
美国这么爱管中国的事，美国是要亡国了吗？,0.0
不评价，不跟风,0.0
打公屏把兄弟在泪目们,0.0
美国怎么那么多事，新冠状病毒还收拾不了你们。真牛,0.0
现在已经嚣张到这种地步了嘛[允悲],0.0
因为我国主张不干涉其他国家内政,1.0
先把简体字普及了，看着难受人,0.0
自己国家人都快死完了还有心思管别人家有点儿病呢不是？,0.0
多行不义 必遭天谴🙏,0.0
香港发展的黄金50年，背靠大陆这个天量的需求腹地。香港的黄金50年，是大陆封闭的50年，内地的跌宕史，恰就是香港的发家史。无论以前还是未来，香港都离不开大陆。香港回归后经济增长速度超过了发达经济体的平均增长速度。背靠大陆，搭乘祖国快速发展这经济快车是香港比其他发达经济体的优势所在。,2.0
你怎么能这么说，美国群众可是无辜的[doge],0.0
国家还不够强大！,0.0
美国是世界的搅屎棍,0.0
真是忙死他们去呢，自己都要毁灭了，还在外面使坏，脑子真是有问题，还意识不到这次灾难再不重视就是毁灭性灾难，而且是自掘坟墓。只是可怜的无辜民众,0.0
香港废青错估了三件事:高估了美国作用，低估了中国决心，错估了自己价值！ ​,0.0
美国自己一屁股的💩 擦不干净还管别人家的事，真是闲的腚疼,0.0
想对美国说：关你TMD屁事，在这叽歪的[鄙视],0.0
你要问Gogle当年干了啥[doge],0.0
自己家的事处理好了吗就搞别人家的事,0.0
故意制造国际争端拿中国转移你自己的国内矛盾，看你家的老百姓能被忽悠到几时 [吃瓜],0.0
感动中国人物—特朗普[泪],0.0
支持！ 但是说了这么久，美国还在作妖,0.0
小时候我对美国没概念，后来我看新闻读历史后发现，美国佬到过的干涉过的地区都没啥好下场。印地安人，伊拉克，这些不都是血泪吗？,0.0
男默女泪[允悲],0.0
改革开放到现在不过四十多年 意味着真正的法治不过四十多年 这个国家政府有很多的不足 法治尚未健全 法治社会仍在建设 我们没有理由用四十年的法治去与西方的老牌资本主义国家对比 我们要做的不仅是监督还有等待 给政府更多的时间给这个社会更多的时间 批评监督要有 但请理性 不足要正视 但不应讽刺,0.0
人家美国每次都有涉港涉台涉什么的法案，我国只会谴责抗议，你特么反击呀，就美国明尼苏达事件也发表个声明啊,0.0
美国还是管好自己国家的事情吧[弱]中国自己的事情不需要外狗指手画脚[弱],0.0
十年的时间，我们就可以超越美国，美国急眼了,0.0
川建国同志辛苦了！胸前的红领巾更红了！[doge],2.0
嗯，应该发个双语的，方便美国好理解,0.0
别给美国口罩了,0.0
放开墙，弊大于利，容易被境外势力洗脑,0.0
必须硬刚，作为普通群众，我们一定做好自己的事情，全力支持国家。,2.0
哭了，真的大国“风范”[泪],0.0
美国一天脚趾母扣,0.0
呼吁本拉登后代再次来美国！,0.0
我想说一句，关美国您屁事,0.0
美国是不是手伸太长了？自己家的风景线看不过来呢，还有闲情逸致管别家的事？真把自己当世界家长了？,0.0
管好你自己[喵],0.0
哈我真的哭了,0.0
呼叫本拉登后代再次炸美国！,0.0
美国人敢暴力反抗，你敢吗？[doge][摊手][拜],0.0
什么鬼东西，天到晚手伸那么长干嘛不怕被断臂嘛。,0.0
香港的事情，和美国有什么关系，@雨眠,0.0
我想说一句我们老家的土话，不知当不当讲 自己屁股擦不干净了吗，管人家没带纸,0.0
什么叫世界警察👮 战术后仰,0.0
这个文章写的很棒,0.0
咱也搞他们啊,0.0
美国都不是不要脸能说的，简直就是无耻之尤！真希望哪国能灭了它，太特么无耻了,0.0
[允悲]自己国家都乱成一锅粥，还来插手中国,0.0
噗哈不错[doge],0.0
可能是因为疫情在他们眼里不严重吧[doge],0.0
看明白了，以后香港没有特别待遇了，香港市民怎么看?,0.0
香港关美国什么事？！奇了怪了！它手伸的可真远！[怒]香港是中国的，美国别搞错了！[怒],0.0
为什么台湾政府收容乱港分子移民的事情微博一点动静都没有…污名化一国两制，公开与中国大陆对立，感觉事态真的很严重，但是大陆并没有很多媒体报道,0.0
先管好自己吧，攘外必先安内！,0.0
美国管好自己的风景线再说吧,0.0
家是外人别干涉，管好自己的暴乱，都出要部队了,1.0
美国管好自己的事务,0.0
骂人战狼而且说话很没有逻辑的你，真是个憨批。就是你这种人在不断提醒我这世上还有很多傻子活得像正常人,0.0
我们希望这种风景线在美国越多越好,0.0
香港是中华人民共和国不可分离的部分。,2.0
哈/@怕孤单:何德何能，让超级大国这么关心我们，哭了，感恩[失望]/@Pandosa:看吧，美国死了十万人，最关心的却是中国人民，我哭了，你呢[泪],0.0
兄弟们很难不把泪目打在公屏上[淚],0.0
整天打嘴仗也看的有点烦了，他出台一个这种鬼东西根本就不用理，你出台怎么了你还想依靠这个来执法嘛，那来试，不然有啥用呢,0.0
管好自己吧，上百万病例管不了还有精力管别人呢，真是不要脸的搞笑,0.0
管得太宽了吧这是本国内政啊,0.0
十万尸骨未寒，白人滥杀无辜，美国先管好自家破事儿吧[拜],0.0
哭，都给我哭！[doge],0.0
嘤[doge],0.0
香港是中国的香港🇨🇳,2.0
泪目，感动中国[doge],0.0
自己家的屁股都着火了还要操心别人家的家事。闲着蛋疼？,0.0
十个泪目九个笑，还有一个在狂笑,0.0
我们放个屁 它是不是也要凑上来闻[费解],0.0
别人家举办婚礼 一个毫不相干的人异常激动[喵],0.0
他们自家的破事都没处理完呢[摊手],0.0
米国深井冰又发作了吧，未教化的蛮夷是吧[费解],0.0
都是利益使然.明摆着的，老美肯定有很多油水在香港，所以他们急了,2.0
关TM米国屁事～多行不义必自毙,0.0
先管自己家后院的火吧，少操心别人家的事[微笑],0.0
干得好，一个普通中国公民一直在你们身后,0.0
就因为当年你🐴在谷歌上乱交卖银，所以国家为了你🐎着想只能关闭谷歌[悲伤],0.0
美国要成为香港的一个老大，还是小弟，中国香港市中，美国在其中属于什么？反正香港归中国管，美国要求管香港归中国管我有什么办法[二哈][允悲],0.0
和大陆无关？多去了解下香港的发展吧！内战爆发和大陆解放，大量人才资本劳动力流入香港，这是香港腾飞的基础。50-60年代，西方封锁中国，香港成为中国通往西方世界的唯一通道，70年代后大陆大批量引进西方成套技术设备，香港迎来了最为黄金的10年发展期，奠定了世界级港口和世界级金融中心的基础。,2.0
地是共和国的地。您不待，就移民,0.0
所以说黑哥们，你们要加油啊，你看你们总统到现在还看不到你们的苦难，还要去管别的国家呢。,0.0
这是说的啥啊 三句话两句话不通顺,0.0
美国疫情确诊人数都快超20万了，死亡人数更是超10万。还闲的没事插手我国内政,0.0
幸亏你这种人用不了,0.0
自己国家亡了吗？天管人家的事？,0.0
它永远都叫中国香港！,0.0
老双标了[可怜]，美爹每星期有警察一枪崩死几个人，咋就不看宁记着呢[可怜],0.0
哭，都给我哭[泪],0.0
也是活久见了，我们这一代没有出生在旧社会，那个时候国弱，现在你美国敢动我们你就问14亿中国人答不答应,0.0
你自己去查嘛，这种地方只有少部分人才富，不然60年代港爆发了类似文哥的事件,0.0
今天有在刚哦！厉害我的国[赞],0.0
美国正在经历“现世报”[喵],0.0
美国自己家后院都起火了 还他娘的管别人呢,0.0
先把自己的风景线管好吧，搞不好会出现更靓丽的风景线[挖鼻],1.0
提一个，明尼苏达州的法西斯暴力政权，报告就行了。在提一个白宫反人类报告。,0.0
制裁？搞笑！,0.0
犯我中华者 敦促谴责,0.0
殖民那会华人和狗不得入内哦[doge]还真以为离了中国你们就会飞天啊，历史要学好，别还没学会走，就要开始跑了，别以为当了几天人，就忘记了过去的屈辱,0.0
我就看不懂，美国在世界各国之间充当一个怎么的存在？,0.0
谴责能管用。谴责全国腐败[吃瓜],0.0
听说你想被压死[思考]，建议去你美爹那试[doge],0.0
你怕是不知道97年亚洲金融危机吧，要不是大陆，香港就垮了,0.0
缺了咬牙，重新发，不然给你开除粉籍[doge],0.0
美国🇺🇸关心的是在港利益[doge],0.0
你用键盘敲出高收入吧？,0.0
好干预下美国。支持美国人民反抗暴力。,0.0
在香港問題上我們絕不退讓，美國要制裁就制裁吧，我願意和祖國同甘苦共命運,0.0
战狼个毛线，就事论事不会吗？[挖鼻]你美爹暴力执法，我能给你一打子新闻，美国的陪审团制度，却保护了杀人的警察，保护他们免于刑责。这个国家怎么了，法律保障的是底层人民的权益吗？[挖鼻],0.0
经济危机的时候美国干预其他国家内政，自己还是经济萧条，现在又来干涉？香港再怎么一国两制也轮不到美国插话吧。,0.0
对待美国必须强硬。以前我们也忍也让，结果八国联军来了，日本鬼子来了，忍让换来了百年耻辱。对待美国的压制，必须反击，不然我们要退到哪里呢？我们能退到哪里呢？,0.0
想起那句话，美国天喊着维护世界和平，但是没有美国，世界会和平很多,0.0
你真特么的有才。香港80年代和中国50年代一样，会饿死人。,0.0
关你美国屁事啊,0.0
你美爹直接锁脖了,0.0
我寻思着🇺🇸哪来的脸说这是他们的内政，真就乱枪打一片呗，好一个“世界警察”，世界乱不乱，🇺🇸说了算,0.0
香港是中国的香港🇭🇰,2.0
big 胆[doge],0.0
美国人是十三点吗 什么都要插一脚 这个无耻之徒,0.0
用语言回击一个一心想把你弄死的人，效果大吗？,2.0
永远只有一个中国🇨🇳 香港🇭🇰 永远是中国的香港🇭🇰 🇨🇳 ,0.0
管好你自已就行，我们自已家里的事情自已可以解决，,0.0
世界没了美国，那该多和平,0.0
请中华人民共和国出台《关于明尼阿波利斯市侵犯人权》的法案，支持他们为人权而战,2.0
泪目们，把兄弟打在评论里,0.0
不用gogle会死咯? 你要想用可以移民啊 移民就可以用了,0.0
看来美国的风景线还是不够多!白人警察再多作会儿，把美国搞成叙利亚才好!,0.0
自己的疫情结束了？自己的种族歧视解决了？自己的国民有人权了？自己的国民自由了还是民主了？怎么那么有闲心管别人家的家事？求央媒，多给我放送一些美国美丽的风景线吧，太好看太美了，声音太悦耳了！,0.0
你，出书，我，40本，懂？[doge],0.0
自由美疫坚，闲的蛋疼每一天,0.0
美国-香港政策法是92年起草的。是美国内的一套法案。所以他们如何修改都属于美国内政。我们无权干涉,1.0
都出要部队？没看懂,0.0
重病缠身还要关心别人这是什么国际主义的精神[doge],0.0
美国人果然不值钱啊,0.0
感动的俺眼角泛起泪花：自家新冠过世了那么多老百姓，暴警杀人引发街头暴乱，自己一屁股屎都没擦干净，还这么关心俺们国家的香港[爱你]保佑善良的大美利坚[二哈],0.0
美国真是闲的，自己乱的一团糟,0.0
美国真是个狗皮膏,0.0
Hongkong，we love hongkong.[心] 希望那个名为“夷洲” （顽皮又任性的小孩 ） 尽快度过“叛逆期” 早日投入到祖国母亲的怀抱 “听妈的话，别让她受伤～”[心],0.0
其他国家全体失语，今天是中国被干涉，以后你们被干涉，可别怪我们也失语,0.0
管好你自己[ok][可爱],0.0
我们大陆连特么gogle都用不了 凭什么,0.0
大家都别人微博骂了，再怎么骂，老美基本看不到，基本只有我们自己骂给自己看,0.0
第一次听说去买东西导致物价飞涨 那韩国和日本巴不得中国人去买东西 人家傻了吗 澳洲狗就是没脑子,0.0
公屏们把兄弟打到泪目上,0.0
呵哒 美国死了那么多人 还在管别人家的事,0.0
美国这次被兔子牵着鼻子走，5.20蔡英文就职大典美国准备赤膊上阵，没想到兔子回过头就去收拾香港[允悲],0.0
原来这个世界有那么一套法律可以规定 对方加我多少税[doge],0.0
中国已不是大清时代的中国。,0.0
为什么没有国家发布美国内部的人权啊歧视啊之类的报告。美国天发报告怼其他国家。,0.0
？香港凭啥特殊？特殊也是中国大陆给的地位了，和美国无关。,2.0
多行不义必自毙,0.0
现在对港府讲的话没感觉。,0.0
感动中国颁一个[泪],0.0
移民澳大利亚的香蕉人 早点死在澳大利亚吧,0.0
手伸的挺长啊，美国管好自己吧,0.0
美国也是奇葩又自己人死了都不管整天盯着别人家事，和全世界的反动派站在一起的美国就是不跟自己的人民站在一起。,0.0
何鸿燊的四太说八十年代到了香港路上到处是没人埋的饿死的人[doge],0.0
自己家没关好还要管别人家,0.0
美国也太可笑了，我要出台一个加州政策法，第一条允许民间武装力量。,0.0
哈啊哈，美国：我就要当个搅屎棍，你管我[doge],0.0
屁儿大的美国，啥都想管。自己国家的屁事都没管好，还想管别个。,0.0
公布了两人是死是活吗？公布了砸伤两人的警察怎么处理的吗？你是老战狼了吧！,0.0
是时候发布明尼阿波利斯市报告了，老美真TM呕心,0.0
早就该这么说了,0.0
某米简直是太不要脸,0.0
回去好学历史再出来丢人现眼，看邓对香港有哪些做为,0.0
香港是中国的香港🇭🇰,2.0
美国自己国内一堆烂摊子，还想插手别国内政，多看你们国内的风景线吧。还想让死亡人数超百万？,1.0
自己的家政都还没管好，手伸得够长，狗拿耗子多管闲事，老美真神烦,0.0
美国疫情控制住了吗？插手参与别国内政是人吗？,0.0
美国天多管闲事,0.0
关你美国屁事？,0.0
美国自己国内一堆烂摊子，还想插手别国内政，多看你们国内的风景线吧。还想让死亡人数超百万？,1.0
美国自己国内一堆烂摊子，还想插手别国内政，多看你们国内的风景线吧。还想让死亡人数超百万？,1.0
战狼果真没文化，看到就喷，警察有权利强行拦截正在行驶中的车辆吗？有权利拿共享单车当做拦截工具吗？有权利无视公民生命人权吗？,1.0
美国自己国内一堆烂摊子，还想插手别国内政，多看你们国内的风景线吧。还想让死亡人数超百万？,1.0
反正都是污名化！,0.0
美国自己国内一堆烂摊子，还想插手别国内政，多看你们国内的风景线吧。还想让死亡人数超百万？！,1.0
就让他损害美国利益吧，这不是我们喜欢看到的吗？[笑而不语],0.0
美国自己国内一堆烂摊子，还想插手别国内政，多看你们国内的风景线吧。还想让死亡人数超百万？,1.0
港独们还不清醒我也服了[偷笑]有钱吃饭就继续闹呗，最后搞得自己无家可归,1.0
你是这是在甩锅？你想说香港的今天是大陆造成的？,0.0
不懂就问：为什么美国依据国内法给予的单独关税地位是由基本法赋予的呢[允悲]这个真的搞不懂,0.0
老公知，怎么不去美国啊，没钱啊，死屌丝,0.0
阿美莉卡唯一放不下的就是我们中国人，嘤[doge],0.0
唉，越来越讨厌美国了,0.0
美国就是双标🐶 。看它美国自己国家乱啥样了。美国也就会到处犬叫。,0.0
？哪来的脸啊,0.0
先管好自己家的事情吧！,0.0
真·感动中国呢[泪],0.0
何德何能，竟然对我们这么好[泪],0.0
别人家小孩不听话，一个外人还想掺和一脚！ 自己小孩都快死了，还不管,0.0
停止对美国的一切援助，低价出售给美国口罩，美国又高价卖出去，不知道我们国家在干嘛？还在以德报怨吗？搞垮他！,0.0
没学过历史？,0.0
哈，不好意思，我笑死了,0.0
香港是中国的香港！自己家里的事都没弄干净呢，还管别人家的事，也真是难为了,0.0
战狼你好，之所以把一年前的事情发出来是因为到现在警方都没有公布后续，吐血昏迷的两人是死是活，违法的警察怎么处理的都没有公布，论双标没人比得过战狼。,1.0
打点麻药割了，这样你能不麻一辈子[可爱],0.0
带着是屁股满世界丢人，美国你还是先自己擦干净屁股再出来嘚瑟，省的转圈丢人,0.0
我怀疑他们基因有问题，不然一群人脑子怎么跟装了浆糊一样[挖鼻],0.0
独立自主的外交政策，永不变,0.0
复制评论也不看逻辑对不对，读不读的通，有没有错别字。什么🐔吧玩意。[吃瓜],0.0
香港🇭🇰是中国的,0.0
美国各洲都他妈的要独立了，还插手别的国家的事情，[吐],0.0
西藏，新疆是他们之前打出去的两张牌，但都没效果，就香港让他们钻了空子,0.0
美国人是不是想找理由开战,0.0
支持美国明尼独立,0.0
泪目[悲伤],0.0
特靠谱很高兴，反正死的大多数是老年人，正好解决人口老龄化问题🐶,1.0
这让我觉得香港暴乱 美国脱不了关系,0.0
自己的事处理不会还来干政别的国家[汗][衰],0.0
美国连自家死了十多万人，还爆发了暴乱（fake news！👐🏻 ）都不管，还在关心香港，太感动了[二哈],0.0
香港本是中国的香港 每次都只是发声明 没有实质性的行为,0.0
金融危机香港也不是自己挺过来的吧没有政府的救市？你可真双标,0.0
中国自己的不足和困难自己有能力有信心去解决，倒是美国最近各方面闹得挺欢不去管，反而插手别的地方。,1.0
哈 别理这种没🐎的人，看到笑就可以了[允悲],0.0
自己家事都管不好，还总是在别人家里多管闲事！,0.0
关你屁事啊[微笑]跨了一个太平洋管人家立家法,0.0
感动[悲傷],0.0
手伸得有点长，容易折,0.0
总想着转移他民众的视线,0.0
自家疫情还没结束，这下暴乱都来了，还有闲心管别人家事,0.0
多行不义必自毙，报应是不会迟到，只是正在来的路上。,0.0
香港想要完成自我救赎，就看特朗普本周六宣布什么有力决议了！要是取消香港结算地就是港独末日吧,0.0
美国真飘了，太把自己当回事,0.0
美国先把自己家后腚擦干净吧,0.0
强烈支持美国人民拿起手中武器，维护公民合法自由人权，对美国政府对压迫进行有力反抗[doge],2.0
劝美国先管好自己吧，自家后院都起火了，还好意思管别人家长里短，闲的胃疼,0.0
厉害了，为了救自己的美国爸，把一年前的新闻都翻出来了[挖鼻]。美国警察乱开枪，暴力执法，每个星期，都能找到新闻你信不信？[挖鼻]你一年还不知道能不能，看到一次中国警察当场击毙歹徒呢[挖鼻]为了救你爸，你可真是煞费苦心,0.0
百年殖民那么艰难都回归了，如今国家已经比几十年前强盛不止数十倍，如果还守不住一个香港，岂非笑掉大牙，支持国家坚定维护国家主权，最好一次性把台湾也收复,2.0
照你的意思。香港能成这样是美国的功劳喽！现在美国要收回去喽？,0.0
泪目[悲伤],0.0
自己国家都乱成那样了，还有闲情插手别国内政，看来是死亡人数还不够多啊还引不起美国政府重视[吃瓜],1.0
人没说让香港独立吧 是你替香港做东人感觉这个环境不适合发展准备撤资自保有什么不对了 做这个决定前肯定衡量过对自己的不利影响 除了谴责好像也没见过你对哪个决定表现过强烈支持,2.0
何德何能[泪],0.0
美国，你的手伸的真长。管理香港是我国的家事，你操的哪门子心。,0.0
你们是亡国了吧？是吧？天干涉别国内政,1.0
建国同志，我是你的上线川普,2.0
口头谴责，暗里勾结,0.0
自己先管好自己家 的事吧,0.0
美国还有闲心呢？嘻,0.0
估计生活中活的很艰难吧[悲伤]可怜,0.0
手伸这么长 该剁了吧？,0.0
弄个离婚冷静期干涉婚姻自由，现在完全没心思关心什么香港了,0.0
美国有脸吗[费解],0.0
麻就去看医生啊天叫烦不烦,0.0
泪目[悲伤],0.0
中国香港，不是美港,0.0
家长管自己的小孩 还要外人来指手画脚 管太多了吧 你哪位？🙄,0.0
@美国驻华大使馆 关你们屁事,0.0
香港跟美国有啥关系，还用得着给它解释,0.0
伊朗都摆不平，还妄想搞乱中国，门都没有,0.0
美国先管好自己家的破事儿吧,0.0
我吐了 何德何能受到美国的特别关心？,0.0
颠覆是不是写错了？,0.0
美国连自己家的风景线都处理不好还想管别国内政，怕不是疯了吧[怒],0.0
美国是不是亡国了，他总馆别人干嘛！,0.0
特靠谱自己家的热度还是不够热啊，还来这么远蹭热度，[汗],0.0
自己都火烧眉毛了，还把手伸那么长，我国的内政，美国说了不算，必须强硬[加油][赞],2.0
别人不想给了，那也没资格指责别人吧。,0.0
遇见这种人反手就是一个宗教民族问题举报就行了，别跟他叭，而且这类号差不多都一个类型，感觉是假的号,0.0
傻北佬又在发神经！,0.0
美国现在还有闲心管别的国家的事？,0.0
香港本来就是中国的，美国还有空管这事？还是管自己的国家吧！吃饱没事干吗[哼],0.0
历史上香港也不关美国的事吧,0.0
特别行政区不归“省”管制。,0.0
美国还是在自己国家看靓丽的风景线吧,0.0
自己家的事都管不好，还来管别人家的事，可笑,0.0
中国政府坚决捍卫美国民众合理表达诉求的权利，敦促美国政府制止警察的暴力镇压行为,2.0
美国就真的这么害怕中国，怕成这样了[二哈],0.0
我也看到了 所有负面新闻他一条不放过 好像全世界就中国有一样 督促指正和阴阳怪气是两码事 懂的人都懂[太开心],0.0
建国同志因为推特封了我们太多账号都找借口要限制推特了，真滴感天动地[doge],0.0
世界是在不断发展的，所谓的规则也是在不断变化的，香港是中国人的香港，本就和大陆没什么不同，只不过是人为的变得特殊而已，不破不立，改变也许会变得更好～,2.0
别理他，他就是个生活不如意的愤青,0.0
该来的总会来，我们不怕！,0.0
兄弟们把公屏打在泪目上[泪],0.0
天卖假鞋，微博居然不封你的号！还宣传什么保护知识产权？,0.0
失误和故意分得清么？[doge]拦了怕出事，不拦不作为，你行你倒是上啊。酒驾bis,0.0
我们啥时候谈一谈明尼阿波利斯？支持下他们的民众,2.0
美国管的可真宽,0.0
香港是中国的香港！,2.0
看来美国内的暴动平息了，疫情也控制住了，又要扮演它国际警察的角色了，也是厉害呢,0.0
这不是去年的事嘛[二哈] 你肯定不是潮汕人 这事都解决了,0.0
男人看了沉默，女人看了流泪[泪],0.0
无耻之徒管好自己[吐],0.0
现在没人过去香港买东西了，请问他们经济和生活水平好起来了吗,0.0
真特么不要脸，自己家都管不了，还调戏我们中国,0.0
就不能消停会，看自己国内成什么样了，美国政府真的是个弟中弟,0.0
我他妈就不明白了，美国管得着香港的事情？真他妈滑天下之大稽,0.0
我们自己家的事，你家死那么多人你都不关心你来关心我们家，真是声东击西阿，无耻之徒,0.0
哈[doge],0.0
特朗普居然发推说中印争端，支持印度。呵，逢中必反，已到癫狂。[怒],2.0
支持美国暴乱，支持加州独立！[doge][二哈],2.0
美国喜欢隔岸观火落井下石，自己家着火了吧,0.0
每天在中国活的很累吧美国狗，语言不通很难受吧[可爱],0.0
自家后院都着火了，还有心思插手别人家的事,0.0
美国人民水深火热中了，还踏马有闲心管香港的事，真是闲的屁痛。,0.0
美国的风景线不管了来管我们的家事？,0.0
我想问一下啊，这个提交所谓报告是向哪提交，我们有必要理会么？当垃圾丢掉不就好了？我不太了解。只是觉得我们不用理啊，如果有人问起，或借机闹事，我们是不是可以直接回答，中国法律没有这一条，然后该抓该处理，直接按中国法律处理就好了。为什么要回应？,0.0
美国无疑是世界上最为畸形的国家，没有之一[微笑],0.0
这楼那个人微博全是说中国不好的我吐了,0.0
你们老百姓都要把警察局拆了还有闲工夫管我们？,0.0
一个卖假货的二懒子，天发你母呢,0.0
哪都有m，服了，凑不要脸🙃,0.0
美国真的每次手都很长 自己国内的事情处理不好 还要管别人国家的事情,0.0
美国真是不要脸到一定程度了，无法用言语来形容,0.0
管好自己的abolish,0.0
香港永远是中国的香港🇨🇳 🇨🇳,0.0
美国手咋伸那么长呢，你是长臂猿啊,0.0
自己疫情都成那个鬼样了。还有心思管我们国家的事,0.0
美国强盗政府,0.0
管好你自己吧别来掺和我们中国的事,0.0
管好你自家的自由甜美空气吧,0.0
每天工作如此累还有时间发微博岂不是说话自我前后矛盾你也是厉害。,0.0
卖假鞋的算不算犯罪？我不懂…,0.0
何德何能，让超级大国这么关心我们，哭了，感恩[失望],0.0
如果美国这个鸟国家从地球消失，世界会太平很多,0.0
我们可以着实研究一下《夏威夷政策法》[喵],0.0
会有报应的[微笑],0.0
什么时候家事轮到外人管啦！管好自己家的事吧，你家现在还不够乱吗？人权自由的美国！,0.0
世界👮厉害噢,0.0
围中救爹又来了,0.0
这大实话，给老百姓雄起[哈],0.0
建议外交文案直接一点：四个字“关你屁事”，不是更直接么?如果不够，那再加几个字“关你美国屁事”。,0.0
新的格局即将诞生！在未来的世界西方不再是主角，[挖鼻],0.0
你永远叫不醒一个装睡的国家，他爱出什么报告就让他出咯，换我真是懒理他，好像真有谁鸟他似的，他试压制裁伊朗朝鲜几十年，人家还不是我行我素，美国还是继续自我高潮[挖鼻],0.0
美国越乱就越想要转移民众注意力，美国再这么乱又没办法解决的话有可能会发动战争去转移注意力，像二战一样，所以挺危险的,0.0
希望美国照顾好自己的国民，我们的国民就不麻烦美国关心了。,0.0
别人家的事，他非要长舌妇似的评头论足，天发声，跟你有一毛钱关系。,0.0
美国真是无语，什么事情都关他们的事,0.0
该批评就批评，别阴阳怪气说些话，令人作呕，一开口就说是老公知了,0.0
美国自己先管好疫情和种族歧视吧！,0.0
美国仗着武器强大到处插手 中东战争把别人打残了 死了那么多无辜平民 很光荣？可惜依然没征服别人 中东都没打赢还损失那么多 你来挑衅中国 你觉得你能赢吗？！等你我损失时别国坐收渔翁之利 到那时谁都占不到便宜！中国本来就不以美国为敌 就算中国下去了 你还会无中生有其他假想敌 因为你好斗自私贪婪,0.0
还是美国好，不就是被警察膝盖锁脖至死么？又不是锁的我关我屁事，老双标了[笑哈],0.0
中美关系紧张气氛升级！疫情影响下！给未来造成的不确定性，和中国抗疫的成功，以及未来的发展，对米国有着重大的危机感！中国梦！中华民族伟大复兴的征程将再次迈上一新的台阶！未来可期，米国反应越大说明我们越强大！,2.0
从阿富汗伊拉克的现状还看不透老美吗？无利不起早的强盗，指望它帮你所谓的伸张正义简直是羊入虎口愚蠢至极！,0.0
对！自己先控制新冠和种族歧视吧,0.0
有病吧，我们国家的事，美国出什么法律啊，自己国家现在什么鬼样，心里就没点熊数[怒],0.0
香港回归之前和中国无关吧，香港80年代收入都过万了，你妈还每个月10块钱吧，香港的繁荣真的和大陆关系不大，现在只不过是大陆人去旅游买个东西，弄的香港物价猛涨，本地人收入无变化，人家恼火死了。,0.0
制裁？现在不是正在对我国做了吗，还有什么好怕的🙊,0.0
先管好自己疫情吧 [黑线],0.0
自己家的事管好就行了！香港问题不容干涉,1.0
美国不要脸又不是一天两天的了,0.0
去年的事还拿来说，说nm呢？你是潮汕人吗？,0.0
美国人真不要脸 自己家一堆烂摊子事都没整明白 还插手他国内政 是时候给美国点颜色瞧了 只要中国反击够狠 能保平安十年。,0.0
美国快亡国了,0.0
美国出《香港政策法》？真的就把不要脸摆在台面上了呗[嘻],0.0
我宣布加州独立,0.0
是有多不要脸，发布关于别家的法案政策。脸太大了,0.0
我们是相亲相爱一家人[鲜花],0.0
美国也就嘴上b ，10多家美企在香港设有亚洲总部，美国不做自贸区 其他别的国家开心死了，特朗普还没这么傻，现在就是为了选举，搞反华，嘴上能耐，真做根本不敢，那帮港独还高潮真以为美国佬会帮他们来损害美国自己的利益[doge]，笑死我了，港独最终会被消灭,0.0
不是他有什么资格来管 那他要是随便来管 那我们也可以去管他们美国啊 一群狗 看不清吗,0.0
明尼苏达州的星之火可以燎原哦！[doge],0.0
[doge]我马上百度一下,0.0
美国的心挺大呀，管自己的国民吧！,0.0
美国多么可笑的国家。哈,0.0
真是哪里都有美国！,0.0
美国佬的脸疼不疼？[喵],0.0
香港是中国的香港🇭🇰,2.0
不是不可分割，而是，香港是中华人民共和国的一个城市，其他国家无需过问，无权过问,0.0
香港是中国的一部分，外国对香港指手画脚是干涉中国内政,2.0
自己家里都啥样了？还管别人。,0.0
我们国家不会摆在明面上[doge]，而且其他国家也会捅刀子，国与国之间还有一层关系就是我自己过得好当然重要，但你过得不好对我更重要。,0.0
美国那是民众的正义诉求吧，说实话无法想象，7分钟一个生命就这样在哀求声中被扼杀，法西斯行径,0.0
赶紧吧，美国枪战搞起来,0.0
老美，先管好自己吧,0.0
美国—麻烦制造者，名不虚传！,0.0
你们米国家自己风景区都来不及建造还有时间管别人？[微笑],0.0
美国自己家里事不管总喜欢管别人家的，自己家的风景线这么灿烂了都，霸权美帝国主义？死不要脸哦。,0.0
我快要感动哭了,0.0
这么看来美国的风景线还不够美！加把劲吧美国🦠，加油美国人！愿你们风景独好！[衰][骷髅],0.0
香港政府赶紧要大陆派一堆城管给你们治爆乱，效果杠滴~爆乱者死刑~看谁不要命,0.0
看香港这才是中国人该做的，再看台湾，简直就是美国的舔狗,0.0
自己家的暴乱还不够嘛，怎么这么爱管别人家事,0.0
只有一个中国，中国现在的局面是多么来之不易。,0.0
自己的风景线不够靓丽吗[喵],0.0
心真大，自己国家乱成那样，还有空管人家的家事。,0.0
自己家都乱成啥样了，还想插手霍别人家[哼],0.0
应该发英文版,0.0
[笑cry],0.0
望国际各国周知,0.0
我们国家也应该出钱支持美国的暴乱,0.0
希望美国人民继续暴乱反歧视争取自由[心],0.0
"特么,管到家门口了,用得着它们来吠[怒]",0.0
自家都管不了，还有闲工夫管别人家的事儿[doge],0.0
首先，香港是中国的香港，其次香港的繁荣是背靠中美贸易，没有国家的强大，香港就是渔港,2.0
其实只要一句话：美国的涉港报告就是个屁！,0.0
爪子够长的[微笑],0.0
这福气给你要不要啊[doge],0.0
自家的事管不好，还好意思管别人家的事，脑子有病,0.0
美国真不要脸，香港都摆明态度不要你管，你咋还往上舔呢，中国自己家的事，你掺和啥？狗拿耗子，多管闲事！,0.0
战狼外交[god],0.0
五眼联盟都变成四眼了，欧盟也要跟美国脱钩玩了，香港的事儿说白了也就美国跟他的狗们在声讨，这几天跳最凶的也就日本，台湾。其他都是吃瓜群众。,0.0
香港跟美国有啥关系，一点关系都没有吧，这霸权主义也太明显了吧。,0.0
这个就直接承认国一制了,0.0
#汕头交警抓车扔单车致两人重伤# 还是我们好，不就是被警察砸成重伤昏迷吗？又不是砸的我关我屁事[哈]老双标了[吐],0.0
美国总统真是一个奇葩，美国内疫情这么严重，还不严控，帮助美国人民恢复到正常生活，整天无所事，吹牛逼，扯皮，还去打高尔夫。不知道美国人民怎么会选出这样的总统，除了吹牛逼，撒谎掩盖事实，嫁祸他国搞事情，真的看不出来有什么能力。无能[doge],0.0
一个中国！香港是中国人的香港！,2.0
还有这说法？求证一下，因为听说永远是听说，咱们一定要看证据[允悲],0.0
省吧，管好自己国家,0.0
直接爆粗，关你嗨事,0.0
自己家尸体都堆成山了，还有空出来乱叫？,0.0
俗称：太平洋的警察管的宽！[二哈],0.0
香港是中国的香港[微笑],0.0
最好美国还多开十几次91，目标白宫,0.0
加拿大自己袋鼠都不救压孟晚舟，美国疫情还没控制住来管香港，无语😒,0.0
我在抖某音上看到个视频说：美国那边私人空置的房屋，如果被流浪汉或偷住者入住一段时间后。可以判房子归偷住者所有。并且也不会强制断水断电。理由是，偷房者已经具备住户条件。（这就能很明显的反应美国人的强盗逻辑了，骨子里的无可救药和匪夷所思：只要我来你家一段时间，你家就是我的了…[白眼]）,0.0
关美利坚屁事,0.0
管好你自己！家里的后院都快烧没了还在长臂管辖呢？,0.0
我就纳闷了，别人给的好处，收回去就收回去呗。,1.0
香港是中国的香港！,2.0
打啊 等什么呢？,0.0
先管好自己吧,0.0
我觉得应该把大陆过去香港台湾的通行证取消了 都是中国还玩通行证,0.0
美国自家事情够多了，还来管别人，看来死亡人数还不够多,0.0
没错，香港是中国土地，香港的独立关税是中国大陆城市根本区别，独立关税是美国给香港的立法，这和中国内政无关。另外，港币可以自由兑换美元，人民币不行。这都和美国有关，如果美国取消了优惠港和独立关税，就和大陆城市无区别了，香港，就不再是香港了，,1.0
自己家都管不好还把手伸到别人家里去[费解],0.0
美国咋总是瞎搞,0.0
能不理它，让它随便蹦哒。,0.0
自己国内的事都管不好，老百姓的生命都保不住，还有时间对他国指手划脚！[怒],0.0
就嗯抄，错别字都抄,0.0
美国佬可谓沙笔一个,0.0
美国👉 💩你先把你自己屁股擦干了净再说！😱[二哈]@美国驻华大使馆 ,0.0
美国不搞好自己国家疫情问题 出来干涉中国内政？闲？,0.0
香港是中国的香港，香港的事务就是中国的事务，米国你自己的内乱搞定了吗[doge],2.0
妈的哪都有美国,0.0
把自己的家事管好，自己后院都着火了，还有心思管别人的事？,0.0
越来越感觉中央真牛逼,0.0
又开始了吗[二哈],0.0
美賊别插手我们的香港了，自己家孩子做错事也是自己家打，轮不着你来教育,0.0
自己的国内事情一团糟，还到处指手画脚！管好自己吧！,0.0
明州的暴乱止住了吗？新冠肺炎控制住了吗？自己国内都内忧一大堆还来管我们中国的家务事，你家房子都塌了一个角了还不赶紧回去修房子当心全塌了。,0.0
一直不懂美国这种自说自话的行为是在干什么 没人理他啊,0.0
那猴子还说美国会制裁我们，做梦吧。,0.0
一国两制，一个完美，一个政府想独立，一个人民想独立[嘻]啥时候改成一国一制吧,0.0
上诉呀，走法律程序,0.0
美国要点脸吧,0.0
美国是吃太饱[吐] 那些帮美国的吃更饱[吐],0.0
就该这样，中华儿女就应该团结起来,2.0
所以呢？！美国的风景线还是不够！非得多来点？神经！香港是中国的，你说再多也改变不了，无知当有趣！,0.0
《中华人民共和国-美国省政策法》[doge],0.0
赶紧通过涉纽约洛杉矶阿拉斯加夏威夷报告,0.0
香港的事情轮不到外人插手,0.0
天呐都不知道说什么好了，美国能不能先好管自己国家的事[疑问],0.0
美国这国家真他妈的讨厌，天指手画脚的,0.0
美国真不要脸,0.0
美国管好自己不行吗 贱不贱呐,0.0
能让美国涉进去 就是你最大的无能,0.0
管好你的明州吧，不然LA也快了,0.0
香港问题，关你美国丫的屁事！,0.0
美国佬最近风景线很多啊，管好自己吧,0.0
[泪]叙利亚的小朋友们都好可爱，眼睛大的,0.0
我们对明尼苏达州人民受到的人权侵害表示关切，敦促美警方保持克制，切勿暴力执法，引起不必要的流血冲突，切实保障明尼苏达州人民的合法权益 我们正在考虑推动《明尼苏达州人权与民主草案》 我们中方会与明尼苏达州人民站在一起[doge],0.0
香港是中国的,0.0
香港是中国的香港🇭🇰 ，香港同胞是留着炎黄子孙血脉的,2.0
真是多管闲事，他们已经死十几万人了还管别国的内政，真当你们是棵葱吗？,0.0
美国长臂猿们，管好自己家暴乱吧,0.0
只是暴乱 离战争还有距离 叙利亚伊拉克人可是连家都没了 生命也不保,0.0
香港是中国的香港🇭🇰,2.0
美國這個國家烂到根了，不停的干涉別國內政，發動了多少不必要的戰爭，中國早已不是百多年前的我中國，絕對有能力處理好自己事,0.0
中国务院《美国明尼苏达政策法》,0.0
自己后院起火都自顾不暇了，还来管我们家事[微笑],0.0
一报还一报啊[喵],0.0
建议我们也出一个关于美国警察暴力执法种族歧视的报告,0.0
美国也不是第一次搬起石头砸自己脚,0.0
强烈想喊出：友持加州独立！支持纽约州独立！自由万岁！@美国驻华大使馆 ,2.0
美国自身利益是否损害就不劳烦港府担心了,0.0
[赞啊]香港是中国的香港！[god][威武][鲜花][给力],2.0
跟美国谈什么国际法,0.0
香港是中国的香港，美国这么哪儿都想插手啊[费解],0.0
真不要脸的美国,0.0
…我如果记得没错的话，美国自己还有一屁股烂摊子吧[鄙视][白眼][鄙视],0.0
应该感谢所有关注中国（包括香港、澳门、台湾、西藏和新疆等地方）的人们，包括美国的人们，但我们不同意美国政府的观点。同时祝愿美国早日防控好疫情，全力实现“美国优先”。,2.0
香港是中华人民共和国不可分离的部分。,2.0
我有个疑问哦，香港不是从英国人手上收回来的吗？就算有啥意见应该是英国提啊，跟美国啥关系啊。,0.0
从未见过如此厚颜无耻之国[doge],0.0
手太长了兄弟，你在试图抚摸狮子的屁股，晚上不要做噩梦,0.0
香港是中国🇨🇳 🇨🇳的香港,2.0
说句实话。本来优惠条款是美国给的，他要想撤回就撤回吧，香港根本无能为力。,0.0
中国这只沉睡的雄狮已经苏醒了！,0.0
冷静点就好了,0.0
不行打一仗吧？都别活*nm,0.0
揍他丫的[允悲],0.0
美国制定香港政策法，美国就是世界笑话。,0.0
有点多管闲事的感觉,0.0
美国请先管好自己吧，你们的老百姓都活成什么样了,0.0
米国政策法警告,0.0
不靠谱到底得上病毒没[喵]，这么有心情管别人家的事,0.0
美国还是管好自己吧[挖鼻],0.0
怎么能说是暴乱呢？那是美国人民为了民主自由的正义之举[doge],0.0
stay with 明尼阿波利斯！fre 明尼阿波利斯！,0.0
暴乱[喵][蜡烛],0.0
香港是中国的，不论怎么看,0.0
[笑哈]看完全文，最后完这个字简直干净利落！,0.0
跳的高的🇺🇸一般都摔得惨[挖鼻],0.0
强烈谴责[哼],0.0
香港是中国的香港🇭🇰,2.0
中国香港[god],0.0
用实际行动大力发展房地产茅台，让价格稳定在高处，利于保值！提升铁矿石价格，保护澳大利亚和巴西的利益，显我大国神威,0.0
老美，你以为所有国家都得听你的吗，再这么霸道没好果吃[鄙视],0.0
美国真是死皮不要脸,0.0
香港是中国的香港！中国一点都不能少！[加油],2.0
厚颜无耻到令人发指,0.0
老美啊还是回去看自家院里民众给放的烟花吧,0.0
美国自己家疫情控制好了吗？多管闲事,0.0
美国已经狗急跳墙了,0.0
香港是中国的香港🇭🇰🇨🇳 关你美国屁事，管好你自家吧,0.0
想干扰香港？痴人说梦！ 看自己家吧，都快成灾了！,0.0
[微笑]某国自家风景线不够美吗,0.0
美国人地理是不太好啊？是不是以为全世界都是他的管辖范围？,0.0
香港[god]早日武统台湾，解放台湾[太开心],0.0
互相博弈，不惧怕它🇺🇸,0.0
管不好自己国家的事，臭手乱伸,0.0
香港是中国的,0.0
@lorenleo: 香港是中国的香港🇭🇰,2.0
有国才有家，这么显浅的道理他们其实懂，故意忽略“一国”，只强调“两制”。,0.0
美国还没灭亡，天理何在,0.0
赶脚要做好打持久战准备了[加油],2.0
一纸空文，不需要理它,0.0
疫情都好了吗？就有空管中国的家务事[允悲],0.0
美国是不是又要采取非法手段转移国内疫情的关注,0.0
中国的香港🇨🇳,0.0
先管好自己吧，自由谋杀每一天的美利坚，还有脸说别人，脸皮恁厚呢？,0.0
[打脸]无语,0.0
香港是中国的香港！一点也不能少！,2.0
我关注你了博主，咱们经常互动吧,1.0
长者之音今犹在，不见当年钦定人,0.0
家事 请不要干涉,0.0
多管闲事关你屁事@美国驻华大使馆,0.0
美国鬼子是真坏！,0.0
这是政治博弈，他们会全方位的遏制中国的发展，包括制造局部地区冲突。你的地方越乱，就越要去疲于应对，这样就没有别的精力去威胁到美国的地位。,0.0
🇺🇸还是管好自己吧。擦干净自己的屁股吧。,0.0
香港是中国的香港🇭🇰,2.0
明尼苏达独立，支持,2.0
管你们自己国家的事吧，再不管暴乱都要升级了，自己国家都管不过来还有精力插手别人家的事[微笑],0.0
我们通过一个加州独立的法案，或者更多美国各州独立的法,0.0
希望美国人都s光,0.0
搬起石头砸自己的脚，现实现报还不够令美国领导觉悟！报应还会继续!,0.0
美国的手咋那么长呢？,0.0
美国手伸的可真够长，把自己先管好吧。,0.0
美国人真不要脸,0.0
中国要强大，也必将强大，香港是中国的香港。,2.0
希望美国会有更多美丽的风景线,0.0
美国管好自己可行,0.0
美国所要采取的制裁措施损人不利己[吃瓜]它对香港的贸易顺差那么大呢[吃瓜],0.0
看来疫情和暴乱不够你忙的，是嫌死的人数不够吗？还有时间掺和我们的家事,0.0
…美国真的越来越有病子,0.0
把手伸进别人家搞事的人真的是垃圾,0.0
任何人 任何政党 任何组织 在任何时候 用任何放松 以任何形式 搞独立 都是痴人说梦!,0.0
咱们不如也出纽约政策,0.0
香港是中国的香港[心],2.0
关美国屁事阿这都要管。？,0.0
自己家里乱成这样不管还手伸那么长,0.0
在这么下去。美国很快也是中国的固有领土了，甚至是世界的固有领土,0.0
香港是中国的香港🇭🇰,2.0
香港问题是中国🇨🇳的内政，不允许干涉！那天中国🇨🇳通过一个法案，是不是也可以管美国🇺🇸的问题啊？,0.0
先按香港驻美国办事机构人员，对等核定美驻港领事馆外交人员数量 ！,0.0
alas阿拉斯加是不是也应该有中国政策法，阿拉斯加矿工资源应属于全世界所有，美国无权干涉世界共同开采权,0.0
人大立法会就最近美国暴力事件将出台涉美法案[doge],0.0
自己家里还没太平，要紧管别人家,0.0
请记住：香港是中国的领土，永远！,0.0
不行 必须要骂句 美国这个不要勾子的[哼],0.0
香港是中国的香港🇭🇰,2.0
自己加马桶炸了 还有时间管别人家长教育孩子,0.0
我们自己家的事，关你屁事？,0.0
美国真是闲出屁了,0.0
香港是中国人的香港，外人别干涉，废青实在不负，支持永久移民,2.0
管好你自己吧 灯塔,0.0
它们管不到！天想制裁，我们不是威胁就能屈服的。,0.0
美国自己的风景线都管不住咯,0.0
管好自己美丽风景线以及控制自己的疫情，别国内政少插手,0.0
自身都乱成一锅粥，还到处伸黑手,0.0
美国先管好自己事吧,0.0
任何人 任何政党 任何组织 在任何时候 用任何放松 以任何形式 搞独立 都是痴人说梦!,0.0
自家后院着火了不去管[喵],0.0
明尼苏达的人民冲鸭，你们没民主自由了。,0.0
香港是中国的香港!不允许外人来干涉内政![加油],2.0
香港是中国的香港[心],2.0
明尼阿波利斯市暴乱后仿佛看到了叙利亚，阿富汗，伊拉克战后的缩影，是报应吗？相信这个世界是因果报应的,0.0
香港是中国的香港，怎么管理是中国的家事，疫情百万又暴乱的美国手不要伸的太长了，易断，,0.0
坚持一个中国原则，不可以被冒犯！,0.0
强烈建议我国也出一个涉美报告,0.0
美国还是先管自己吧,0.0
特区政府现在硬气了好多,0.0
美国都快亡国了 还挑事呢 是不是想加入我们 封你个美利坚英族自治区,0.0
美利坚搅屎棍,0.0
香港是中国的香港🇨🇳🇭🇰,2.0
🇭🇰 香港是🇨🇳 中国的🇭🇰,0.0
美国内风景线看来还不够多，还要出来四处搞事，真是无耻之国,0.0
美国手伸的太长了，都跨过太平洋啦[吃瓜],0.0
明尼苏达人权法案,0.0
美国佬管好你们自己吧，怀里的都扒拉不过来，还敢往外伸。,0.0
香港是中国🇨🇳不可分割的一部分！,2.0
先管好自己去吧~,0.0
美国还有空管这个事儿呢？,0.0
香港是中国🇨🇳的香港[加油],2.0
美国自己国内一堆烂摊子，还想插手别国内政，呵，天都要收他们,1.0
家是外人别干涉，管好自己的暴乱，都出要部队了,1.0
自己家的事都管不好,0.0
美国不知廉耻💩[怒],0.0
请美国停止干预中国事务！香港是中国的！,0.0
感觉他们手里没牌了[doge],0.0
美国自己家都后院着火了，还整天盯着别人家[怒]香港是中国的香港，不劳他人操心了！,0.0
我们对明尼苏达州人民受到的人权侵害表示关切，敦促美警方保持克制，切勿暴力执法，引起不必要的流血冲突，切实保障明尼苏达州人民的合法权益…,2.0
美国总是这么不要脸[弱],0.0
香港是中国不可分离的部分，美国管好自己的暴乱吧[可爱],0.0
美国手伸这么长的嘛,0.0
港府早就应该强硬起来！,0.0
[doge]自己因为风景线变成真正的“美”国，还要伸手管别人的家事，这就是典型的没吃饱硬说自己撑了[偷乐],0.0
香港是中国的香港,2.0
美国麻烦看自家后院，别管别人的家事，行吗？,0.0
无人能挡祖国统一,0.0
美国自己都自顾不暇，还想着别人,0.0
看吧，美国死了十万人，最关心的却是中国人民，我哭了，你呢[泪],0.0
还是得以暴制暴。,0.0
香港是中国的香港🇨🇳,2.0
现在的美国人间炼狱不为过吧？自己家乱七八糟，管好自己再说💩,0.0
川普政府乱弹琴！,0.0
香港是中国的香港🇨🇳🇭🇰,2.0
美国还是在自己国家看靓丽的风景线吧,0.0
美国是不是有病啊？,0.0
嫌美国人制造的废墟还不够多？最好明尼苏达的自由大火再烧会。[吃瓜],0.0
美国手伸的太长[弱],0.0
美国哪里都想插手[哼],0.0
美国警察手这么长，你家都170万了，还在哔赖，管好自己家的事情OK。,0.0
能不能组织一帮人去美驻华大使馆抗议？,0.0
美国佬 管你p事儿[疑问],0.0
美国人 就是死皮不要脸,0.0
香港是中国的香港🇭🇰,2.0
香港是中国的香港🇭🇰,2.0
家是外人别干涉，管好自己的暴乱，都出要部队了,1.0
优秀[中国赞],0.0
自家后院着火了不去管[喵],0.0
中国一点都不能少!🇨🇳,0.0
识趣最好[微笑],0.0
建议驱逐美国驻香港领事馆,0.0
香港是中国的香港🇭🇰,2.0
点赞[god],0.0
