评论内容,predict
热战是不大现实，冷战肯定是开始了，不要觉得你自己妈不好，不能你在外面挨打了，就回来怪自己妈不出去和别人打架给你报仇，你妈能打得过外面那群壮汉？但是真出了事，还是你自己妈心疼你，拿命换你，别人最多陪着掉滴眼泪就算不错了。这么大个人了，这点小道理都不懂。,0.0
难道真的要战争才可以吗？混蛋,0.0
他急了，狗急了,0.0
没问题啊，遵守当地法律，支持制裁,0.0
"加澳不过是五眼联盟的三四当家而已;老二尚且不敢叫得那么狂.今后拉清单,都要应验的[来]",-1.0
用美国法律来对付中国公民，加拿大的做法就是中国人的凶手，中国人的公敌！,0.0
美国院子里养的两条狗，一只叫土澳，另一只就是加拿大了,0.0
西方国家大多数口是心非，卑鄙阴险。,0.0
你懂你咋没当上美国总统呢？国籍都没拿到吧？,0.0
当年反日反韩反法时你们也说过这样的话,0.0
不会就只有你在租房子吧？[二哈],0.0
不是一样的道理吗？他工作在那边你还管他住外面。,0.0
去接了，美国不让飞机过去，没得办法,0.0
除了各种谴责发文，还应该拿出一些实际行动，不然还以为你纸上谈兵不敢把他怎么样，杀鸡敬个猴呗。别啥啥人都来搅和中国内政，这些是吃饱了没事儿干吗，新冠搞定了吗♬(ノ゜∇゜)ノ♩，一天天这么闲,0.0
丢掉幻想  准备战斗,2.0
讨论的东西都不在一个上面。懒得和你掰扯,0.0
一个跟屁虫还有资格发言？,0.0
偷渡就应该惩罚,1.0
不讨论事实，只讨论立场,1.0
我哪抹黑她了，你哪只眼睛看见我抹黑她？我骂她是狗了吗？,0.0
事实上加拿大就是美国的一个州，而且还是全美福利最好的州。没有任何理由不站美国,0.0
这 很强硬了,2.0
买不到票就暂时别买 互相体谅,1.0
加拿大这个国家非常喜欢养狗，全国300多万条狗，这么大的地方全是狗,0.0
以加🐶、澳🐶为首的一群美利坚合众🐶,0.0
中国真棒 说话就是霸气,2.0
🐶的角色无疑了。无耻！,0.0
你要是真以为我们当老鼠，你就这么以为叭，不怪你，怪你太单纯[doge],0.0
我们拿他们没办法更可气,0.0
国之大，扶不起的人也多，这层最多。,0.0
不咋地，你也甭回我了，跟你没啥好讲的，我这种人还真是不配浪费你的时间，所以自个儿杠着吧,0.0
认清现实 认清未来,2.0
阴阳怪气的。,0.0
500多天了，还是这样。谴责和敦促有什么用呢，采取实际行动吧,0.0
为什么有这么多租界门口的辫子军,0.0
撤侨，断交，学张大帅,0.0
为什么不以其人之道还治其人之身？老美那么多企业的手都伸在中国，太愤怒了,0.0
🐶永远是🐶，不能当人看！[怒],0.0
反嘲讽？我觉得他们不是。[挖鼻],0.0
加拿大是国家吗？我还以为是美国行政区[doge],0.0
加拿大，一个离关塔那摩不远的地方,0.0
呵呵 咋滴了？,0.0
这不是租界里的辫子军吗,0.0
那么你在这种时候尬黑尬杠什么意图？,0.0
想到一句话，有奶就是娘。,0.0
国家肯定采取措施了，我们就只吃国家就行了，你在这阴阳怪气个什么劲,2.0
你看看你急的这🐶样子 可别笑死你爹了 装逼敲键盘说的可不是你嘛：）,0.0
评论区说加拿大是🐶 ，那去狗国买房子的是什么？犬中犬？还是买的是狗窝？,0.0
中國怕八國聯軍？那最後為什麼中國還會成立？你為什麼還會在這片土地？,0.0
加拿狗，抓紧时间释放孟女士，不要再当美国的看门狗了。公知天天说你们最重视人权，就是以这种方式重视的吗？随意监禁别国公民，你们两个国家必亡。孟女士回平安回国,2.0
居民和国籍一样吗？笑[鼓掌] 你读书不呆在自己城市出去干嘛？ 你不在自己城市工作去外地干嘛？,2.0
最气的是还治不了它,0.0
我凭什么要证明？就算证明出来了有什么意义？能说明什么？你想说什么？,0.0
加拿大是美国养的好狗，主人指哪儿它们就咬哪儿,0.0
现在每个在华加拿大人都可能是疑犯,0.0
牧羊犬叫两声听听,0.0
正常同文同种，五眼联盟是一个盎格鲁撒克逊民族国家。,2.0
送他一个东风快递,0.0
勿谓言之不预！,0.0
怎么不是中国人？你看了她护照？给你看了？,0.0
这居然还有500多赞[摊手],0.0
支持加拿大独立！,0.0
直接用热乎的屎,0.0
必须释放……,2.0
我是正经的中国红，瞎嚼蛆呢，你美爹都炸了。,0.0
你这只狗没资格说中文,0.0
记住这一切，迟早要还的，君子报仇十年不晚！,2.0
这种依附美国而存在的没主权二等国家也只配我评论两句了，你们都不用理会。,0.0
能让国务院高度重视的事没有办不成的[吃瓜]在这颗星球，有一说一。,0.0
加拿大快点放人,0.0
孟的事不了解不评价。但是对于以美国马首是瞻的这些国家，说一句没有骨气OK。,0.0
你又算个什么东西？,0.0
什么任家，你以为中国人是为具体的人鸣不平？这是为美国的霸权不满，为美国无理打压中国出声，你算什么玩意儿？,0.0
孝忠犬，阿puì,0.0
加麻大真是美帝的一条🐶,0.0
好的，以后中国不向美国出口商品了，哪个企业胆敢出口，直接连老板到员工抓起来。我看美国能不能挺过去[喵喵],0.0
闺蜜还在加拿大留学，感觉心疼她一秒钟，,0.0
哦，原来你是加拿大人啊！怪不得这么急着抹黑孟晚舟[吃瓜][太开心],0.0
一个个的， 跟你们有什么关系！！[挖鼻],0.0
好好的人不做，非要做别人家的狗，小心哪天搬起石头砸自己的脚,2.0
你查下加拿大历史？为什么加拿大在那次战争中会赢？,0.0
哈哈，给爷爬,0.0
建议国安局多抓几个加拿大间谍和美国cia，内地一大把，香港更是多如牛毛,0.0
尽量不去非“一带一路”的国家啊！,0.0
出了国，如果连祖国都显得束手无策的话，太多的身世、金钱又有如何呢？！外交手段也已经尽力了吧！谢谢祖国！以后，作为中国公民的我们要更加禁言慎行了啊，光明达不到的地方就有极端的邪恶和黑暗哎！难道尘埃落定？现实总是残忍地打脸！无论舆论造势有多么的激烈，出国后诸位还是要自求多福哎！,2.0
对对！现在有一些人看问题站在了一个所谓的上帝视角。但是却忘记了最重要的一点，我们是中国人，我们应该站在中国的角度，考量中国的利益,0.0
孟晚舟案的败诉让我们看到，一个合法公民在面对帝国主义、霸权主义时是多么的脆弱和渺小哎！,2.0
加受不了与美关系不好,0.0
加拿大毫无骨气，甘愿做美国得狗,0.0
加狗别看你现在当狗当的欢，小心将来拉清单,0.0
多发些英文版在他们的各大平台给他们国家的人看啊..,2.0
此刻武统台湾的作用就显得尤为重要了。,0.0
这不是好事吗？让那些大佬们看看自己把儿女送出去，有没有可能就是别人案板上的肉。看来天堂永远都是给死人准备的。,0.0
说白了，就是有钱人身边的狗腿子呗！,0.0
不是只有回国贵 出去也是3万多。这里有一个刚好回来过年却不能回去上学的[微笑]你要想好回来就意味着你很有可能出不去 多考虑祖国的难吧 大家都挺难的,0.0
这层阴阳怪气你妈呢！！,0.0
我们是狼，你是什么？哦，走狗哦，怪不得这么看不起狼因为只会舔，🐮 啊,0.0
我说的算吗？你的信息就来自我说要网友说？我告诉你？手指都不愿意动自己去查可靠信息的就知道在网上杠。好歹我还如果俄罗斯体验过一番。,0.0
哈哈，你有毛病吧,0.0
美国的孙子，加拿大[允悲],0.0
加拿大就是条狗,0.0
买不到暂时别买了 互相体谅,1.0
美国挪挪屁股，加拿大赶紧上去问候要吃还是要拉,0.0
我这个在加拿大的瑟瑟发抖,0.0
越多像你这样的狗，就越给“海外”这个词抹黑！,2.0
加拿大就是美国的封臣,0.0
首先，孟是否违反了美对伊朗的禁运制裁协议？其次是否真实存在孟对汇丰的金融欺诈？还是说你们只是单方面希望她“无罪”？还是希望媒体报道可以更加客观，以上。,0.0
一定要让加拿大付出沉重的代价！,0.0
说到底，美加就是怕了，真怕了,0.0
说真的 就你这思想 给官你当估计都撑不久吧[嘻嘻],0.0
你这么懂，赶紧去竞选美国总统，带领美国再次伟大吧,0.0
加拿天（舔）,0.0
对，加拿大做错事就要顺便骂骂移民的，法国出事的时候砸咱自己中国人投资开的家乐福。反正你也不会去当兵举枪打仗为国家做贡献，借着由头欺负咱自己人呗。,0.0
谁说去打仗了，那些当兵的那个不是父母的孩子，打战会死人，会破坏一个家庭，但是这么年以来，确实没有看见国家对外这种混不讲理的国家有什么那种很刚劲的举措制裁是有但是别人不痛不痒下次还搞你，然后中国一直就是谴责，每次关系到中国利益的都是谴责，你去看看推特那种国家人民都是嘲笑什么嘴炮部,0.0
加拿犬，分明就是嫉妒中国。,2.0
加拿大你等着呗  你现在这么做不就觉得中国比美国弱嘛  未来的事情谁知道呢对吧,0.0
孟晚舟有绿卡，网民一边儿倒拥护她有中国国籍就是中国人，有国家做后盾，那为啥普通人有绿卡就要被网民开除国籍喷背叛？唉,0.0
哈哈笑死人了 武汉人死的不冤啊[挤眼],2.0
加拿犬大儿子澳犬二儿子,0.0
国家如果啥都没干的话孟早就到美国了懂吗,0.0
五眼联盟，最大的黑社会组织，恐怖主义源泉,0.0
所有的罪行，会记在惩罚本上的。,0.0
你能证明孟某某在加拿大住的房子是HUAWEI公司购买的而不是她个人购买的？,0.0
都真的是蠢猪,0.0
你在放什么狗屁 说的话狗屁不通 香蕉人给我爬 [笑哈哈],0.0
你买你的华为，任正非和孟晚舟还是用苹果,0.0
有没有搞错，加拿大现在归美国了么,0.0
小朋友，注意审题，都断交？断交加🐶你确定谁会倒退,0.0
博主说出了真谛,0.0
不要侮辱狗，狗还是很聪明的[微笑]谢谢,0.0
实在不行，就开打吧[拳头],0.0
错了！真打仗中国肯定天下无敌！全世界加起来也打不赢中国。前线需要多少部队就补充多少部队，核武器对准美国万箭齐发,2.0
我服了，请问我国有没有什么实质性措施对付狗国！！,0.0
所以加还是觉得美国更不好惹，而中国只要关键时刻服软表现友好中国就会伸出援手，比较好应付。,0.0
感觉中国没有必要往加拿大州和澳大利亚州设立大使馆，有驻美国总领馆就够了,0.0
看到都是骂你的我就放心了,0.0
不愧是加拿大省。,0.0
唉，口罩和医疗设备的糟心事儿这么快就忘了？舔狗最终一无所有[挖鼻],0.0
派你去，用键盘,0.0
博主别理粉红,0.0
你骂加拿大狗的时候也是带上了孟小姐呢[good],0.0
打是打不过的，局部搞几下可能能胜利，,0.0
你知道加拿大在中国疫情严重的时候先给中国送了14亿医疗物资吗？加拿大疫情严重了中国还个礼不是很应该的事？,0.0
博主说得非常好,2.0
你就是自由民主派来的香蕉斗士吗？[喵喵],0.0
美国人还尼玛给我们台湾卖军火呢，这是不是妨碍到国家安全。它自己不和伊朗做生意凭什么要求我们中国和他们一样，做人要不要太双标,0.0
国家给个经济参赞之类的外交官任命，不就走外交豁免权了吗？无视审判，直接回国。,1.0
可以，美利坚加拿大州，美利坚澳大利亚州[笑而不语],0.0
买不到票就暂时别买 互相体谅,1.0
海外🐶死在海外别回来,2.0
你去打吧。你看看俄罗斯人家不也是谴责吗？伊朗军事军官被杀了，伊朗也没打上美国！不过强硬的态度美国也不敢放声了，毕竟实力还是有距离！不然你去造个导弹,0.0
[心]有人说，一个人一生遇到三段恋情是最好的。一段懵懂，一段刻骨，一段一生。那么你今生会遇到几段恋情呢？[思考]点此→→,2.0
我才不酸呢，我和孟小姐是邻居呢,1.0
美狗快，你主人丢骨头了,0.0
我可没说她不是中国人。她是中国籍不过移民加拿大了而已。我说这些主要是回复的层主。,0.0
战狼们天天谴责，加拿大背靠美国，连国防军费都省了。社会发达，战狼们还幻想加拿大站中国？战狼们出征加拿大，你们领导二代不把战狼打出屎？,0.0
“弱国”无外交；以斗争求和平则和平存,1.0
根本不在一个频道。我说的居民，跟你们说的公民完全不是一个意思。不懂就不要叫,0.0
你去接！世界上你打得过美国吗？你知道南斯拉夫吗？你知道南海王伟吗？你知道我们隐忍了多少苦，不是我们这几年有点实力，你以为我们能强硬吗？不然你去打过去！,0.0
我需要你怪？该干吗 别乱动,0.0
"我们要防止的,是内部出精英忠美的人,这种痛恨自己民族、痛恨自己国家,对自己的出生和自己民族的文化充满原罪感、自卑感、对敌人摇尾乞怜的人,这种人的破坏力比外部破坏力还大十倍。虽然这种人比例较低,但这种人也一直存在。",0.0
我回复只是觉得层主那么说，那人孟小姐还移民了呢。,0.0
说加拿大和澳大利亚这两是美国的马前卒，那是好听客气的话，实则就是小跟班、打手、看门狗,0.0
中国虽然慢慢强大。。但还是太弱。。才会被这么多国欺负。。,2.0
今天美国打压华为成功了的话，明天就可以打压第二个第三个华为，直到把中国的高科技公司全部打没，现在任正非要是认怂，上市，美国资本一进入，他直接套现几千亿不香吗？人家这叫铮铮铁骨，真正的为国家了。最简单的道理，华为一倒，一系列配套厂商的员工怎么办？华为的员工抢你的岗位，你比得过他们？,0.0
华为同哪个国家做生意完全是自由！不容任何国家说三道四！再怎么违规也没有比美国私自卖军火给中国台湾罪行严重！美国人现在是欠揍，再来南海万箭齐发直接全歼！还反了它！狠狠的打！,0.0
也许只有孟自己知道自己想不想回来。战狼们瞎操心了哈,0.0
华为同哪个国家做生意完全是自由！不容任何国家说三道四！再怎么违规也没有比美国私自卖军火给中国台湾罪行严重！美国人现在是欠揍，再来南海万箭齐发直接全歼！还反了它！狠狠的打！,0.0
现在不是孟女士的问题了已经,0.0
关你什么事啊 加狗,0.0
还五眼联盟呢！就是一个主子四条狗🐶 [吐],0.0
加拿大国家法律在道德上沦丧为卑鄙无耻卑贱角色,0.0
我直接操他的奶奶就行了，走狗,0.0
韬光养晦？孟女士就一直关着？继续韬光养晦？,0.0
就是美国的狗[白眼]有啥好蹦哒的,0.0
这热搜位置低了 应该达到前排 至少得超过那些娱乐新闻吧[doge],0.0
那孟到底有没有欺诈呢,0.0
你是在说某个前前任吗,0.0
就是因为什么罪都特么没有 先给人关进去再说 欲加之罪何患无辞,0.0
你又懂了？总以为自己是人上人 看透一切,0.0
你自己管好自己国家吧，关别人家的事也要看看自己有没有那个本事[怒],0.0
大家别骂他了，他在中国混不下去，在国外👀中国越来越好，气得牙痒痒，同情一下这条狗吧,0.0
这条底下多是没粉丝没智商的狗罢了[二哈]他们连事件起因经过结果都不知道，满脑子华为爱国美国制裁，一帮hwb,0.0
中国有14亿人口的超级市场，潜力巨大，身边的亲戚朋友从汽车到手机，谁没用过外国品牌？随便反制，看天榻不塌下来,2.0
汇丰出卖了孟，干的事情也不简单，加拿大和美国司法合作有协议，所以老美要引渡孟,0.0
你上过学么在这bb，一看就不知道🐴 是谁,0.0
骂人永远是弱者的行为,0.0
口罩不要运了，留给有需要的国家,0.0
这是持久战 熬 中国是守方 美国攻方消耗的资源会更多 为中国的高科技公司争取时间 华为加油！,0.0
再回一个让你双亲保送,2.0
被中国扣押的加拿大前外交官重不重要，他还是有官方背景的人，加拿大来抢人了吗? 因为任何一个正常理智的政府都不会在非战争状况下去他国抢人，包括强大的美国。,0.0
一边玩去小朋友，我可没空给你在这里讲垃圾话,0.0
能不能抵制进口加拿大产品。,0.0
莫须有的诈骗罪,0.0
人家任总小女儿早就美国籍了，还用你提醒,0.0
美属加拿大狗,0.0
emm…很多国家的言行真很毁三观。,0.0
为啥任总小女儿还加入美国籍啊你给解释一下呗,0.0
美国打伊朗伊拉克用了正当理由？你怕是个憨憨吧？这世界不要想的很完美，谁强谁就可以为所欲为，很简单,0.0
孟极大可能性要被美国长期关押，汇丰出卖了她,0.0
一看就装逼敲键盘呢，怂的要死,0.0
新闻联播最近真的很刚 大快人心,0.0
几个🐴 这么能bb？💩 吃多了？,0.0
你再怎么舔美国，人家也不会把你当人，你气不气[喵喵],0.0
令人作呕的卑劣的商业手段和政治勾搭,0.0
你懂什么啊 美国制裁伊朗关我们什么事 是它美国太强势了 还不允许我国商人和伊朗做生意,0.0
加拿大一直都是美国的走狗，怕挨揍也只能舔美国。,0.0
关你屁事？美🐶 给了你多钱,0.0
口号喊的震天响,0.0
听说你🐴没了？,0.0
无毛鬣狗又来说话了,0.0
[笑cry]有被笑到,0.0
祖国永远是最坚实的后盾！我们不怕！,0.0
韬光养晦你们懂吗？有点脑子好吗？中国发展这么快，晚打不比早打好？,0.0
长点脑子，抓孟能对华为有啥实质损害？伤任的心？原因是华为违反和美国的协议，把美国的技术出售给伊狼，所以被制裁，负责人被抓。孟说，犯事儿的是她手下的员工不是她，你们信吗？美国做的没什么问题，难不成他损害自己的利益？我们为华为发声没问题，但要明白原因,0.0
那我还不能讨厌了？,0.0
是呢，你可真聪明，知道就好,0.0
哈哈，刚脱贫就能全面奔小康怎么不腻害！,0.0
会用微博不会百度？ 还有，你长得像一头猪,0.0
又在卖口水了，早晚被口水淹死！,0.0
笑笑 有被谢到,0.0
怎么样 还能打原子弹是怎么着。中印边境事还没解决利索了 还在树敌。孟这么重要试问那些海归学生有国回不了为什么不去接回来。讲个笑话 华为是私企,0.0
要是都跟你一样没脑子，中国早没了，韬光养晦你懂吗？没有这么多年的韬光养晦，能有现在的力量吗？,0.0
在下了解不多，请问你了解多少，以你的身份应该没什么不知道的吧[doge],0.0
额..有个问题哈..孟晚舟不是加拿大国籍吗[笑cry]这算不算干涉其他国家内政了😂😂,0.0
一切反动派都是纸老虎,0.0
别叫加拿大了，叫美国品种的加拿犬吧[微笑],0.0
喷子你来啦，你这么酸人家你咋不去拿绿卡？[吃瓜][doge],0.0
加狗，这样说侮辱了狗,0.0
看来加拿大不是一个可以安全投资的国家,0.0
什么时候死呢,0.0
希望人出事🙏🙏,0.0
换成俄国，我想一定用同样的方法对付他们,0.0
立刻马上 放人,0.0
所以你哪只眼睛看见政府没办事了？恨铁不成钢？那你可以扛着键盘去加拿大要人啊，法律没有不允许你去也没人拦着你，别在网络上秀你的无知和没内涵,0.0
新冠怎么没把你带走啊？,0.0
麻烦你去看看去年人民日报新闻吧，看看孟晚舟到底是不是中国人，别张口就来,0.0
狗子你来啦[doge],0.0
[doge]不动嘴直接动手可以不,0.0
孟晚舟是中国人,0.0
几个妈啊这么嚣张,0.0
一直谴责。。没有任何行动，中国嘴巴上说强大，然而，美国还是随意欺负[微笑]只用嘴巴谴责,0.0
嘴巴这么毒过的一定很苦吧！小可怜,0.0
哎呀，这事哪轮得到你操心，能管这些事得人都是人中翘楚，那能吃的了亏？咱老百姓就消停工作，带孩子就完事了,0.0
谴责，抗议，敦促，还有其他动作吗？,0.0
这一层要么管好自己的嘴要么藏好自己的妈,0.0
走狗可真多，狗粮可能好吃吧,0.0
加拿大一点笑到我了[doge],0.0
阿尔斯通被搞的时候马克龙是经济部长吧，老惨了[允悲],0.0
想让你看到的和实际做的是两码事,0.0
作为中国人，我们不需要理解加拿大站美国的原因，我们只需要知道，他站在了中国的对立面。,0.0
她本来就住在温哥华啊……之前就拿过绿卡 但听说应该到期了 不过住的房子还是自己买的嘛,0.0
你扛个火箭筒往那边冲，你第一个，我保证紧跟着你做第二个,2.0
你这种人，推特反华言论一样啊，何时渗透到这了,2.0
全世界都知道。没人敢管。美国任性想干嘛就干嘛。像极了我邻居。我偷男人你有本事去偷他老婆啊。不要脸到家了！欺负人欺负到家了。,0.0
成为他国附庸，沦为霸权主义走狗，无视正义，藐视世界法律，这样一个国家，到底能走多远。,0.0
一个人的知识越是匮乏，就对自己的话有一种莫名其妙的自信--罗翔,0.0
抗议、交涉有毛用！,0.0
中国只会谴责吗,0.0
是不是曾经支援过他们医疗物资？让他们还钱。,0.0
哎，反正没看这个调查，也没看到相关报道，就是一句话带过,0.0
这个梁子算是解下了,2.0
感觉很多人都不知道来龙去脉…不自己思考下跟着骂就对了…这算真的爱国么[微笑],0.0
孟女士如果是加拿大人，你们激动个毛！,0.0
不符合原则又能怎样？你不还是一样束手无策,2.0
真的心痛 希望国家能帮帮,0.0
我也在纳闷儿，中国咋反抗,0.0
格局那么小？局限于一家公司？他美国要的是中国科技的命，要的是我们民族企业的衰亡，你是米国人吧,0.0
派你去用键盘敲死川建国,0.0
幼稚，先不说到底卖没卖，那是你美国霸权一意孤行制裁伊朗，观中国屁事。若日后美国制裁中国，要求中国人不准吃饭拉屎，否则就引渡，我看你还拉不拉屎！,0.0
我觉得今中国今年有点傲过头了，关好门来好好帮自家铁兄弟就行了，其他国家意思就行了..老美一天不崩台，身后永远有一帮[doge]..当然这是我个人想法,0.0
真的压迫。去政府办证明像欠他钱一样[汗],0.0
以前我也觉得只会强烈谴责，现在这兩年才明白国家谴责背后有很多我们不知道的伟大动作,0.0
舔🐶:真香，我爱美国爸爸[太开心],0.0
孟真的把美国技术设备卖到伊朗了吗？,0.0
加拿大政府:司法独立！（法院你看着办吧）；法院:如果引渡出现政治强迫可以取消（政府要是有人逼你你说话啊！）；政府:..所以这件事就是加拿大政府不敢得罪美国，拿司法独立做幌子给自己开脱！,0.0
能不能别敦促了，真的窝囊,0.0
你不是中国人，别管中国怎么崛起。你去美国做白人就马上高人一等了,0.0
谴责 封锁消息,0.0
讲个笑话：加拿大是主权国家,0.0
什么时候狗能去嘲讽狼了？,0.0
国家出手保护中国的高科技企业吧,0.0
你干撒。嘴炮不是你最牛？,0.0
你讨厌能有个啥用？？,0.0
美国能从加拿大买下阿拉斯加，就能买渥太华。,0.0
希望国家对美加采取措施，给他们压力,0.0
看你用的挺顺手的,0.0
你出国你牛咯。你当狗你可以咯。继续在加拿大待嘛。国外那么皿煮那么自由的，回来干嘛。,0.0
老gay比  能不能死？中国官方宣传口什么时候说过海外公民是累赘？,2.0
你站在什么样的立场用什么样的身份凭什么样的眼界说的这种话,0.0
美国已经自顾不暇了，不要执迷不悟啊,0.0
你的美国爹地嫌弃你的品种不够高贵，鄙视链底端物种,0.0
加拿大国？不是美国第五十一个州？,0.0
呵呵，你才是吧,0.0
中国上赶着援助的结果，白种猪觉得你更好欺负了,0.0
让我越来越钦佩任非正一家的家国情怀 欲加之罪 何患无辞 望一切往乐观方向发展吧！,0.0
加拿大？又一个打入黑名单,0.0
到底孟晚舟为什么被抓？百度知乎都查不到，只有零星几个微博博主的非官方消息，难道真的犯罪也要被包庇吗？现在国内从上到下都不说明原因，就别那么快下结论，别的国家狼狈为奸，但我们得确实行得端坐得正才能摆脱吧，求求大家理性爱国！,0.0
美利坚后院不是白叫的,0.0
不知道为啥还让加拿大一天一个航班到中国拉防疫物资干啥？让他更有劲儿咬你？？,0.0
抬不起头的加拿犬,0.0
[笑cry]加拿大司法自由？独立？21世纪最大的笑话。一个的国家附庸在另外一个国家 这算哪门子的法律独立  这不是舔狗了  这简直就是鼻涕虫 根本它就没地方生存 没有美国 加拿大一刻都活不下去 就这样的国家也有资格瞧不起中国？？,0.0
不多抓几个美加白人备着 你手里能有什么牌,0.0
赤裸裸的美国霸权，加拿大就是一只只会对主人摇尾巴的狗[怒],0.0
吴亦凡，加拿大人,0.0
国内大豆企业最好能抓住机会，趁势再次崛起,2.0
粉红是因为我们善良爱国，战狼是因为外面有狼。可能你了解不到，因为你是狗你还不算狼。期待你们天天被打脸。期待你们有逼格赶紧转国籍，要不一辈子是别人养的哈巴狗。[摊手],2.0
一天一个投诉小技巧，走狗少一条。,0.0
等打战了，你就只会抱头鼠窜了[嘻嘻],0.0
加国就一舔狗,0.0
请立即击毙这只牧羊犬,0.0
怎么了？和你个美狗一样？,0.0
你这是对“犬”的侮辱，加拿大是禽兽不如,0.0
这才是明白人，那些个说别人怎么不自己买机票回国的人，我笑了,2.0
怎么猛如虎了？没感受到，不然派你去打？哈哈,0.0
美方的目的是为了打压中国高科技企业和华为,0.0
欲加之罪 何患无辞,0.0
我们是中国人， 我们爱祖国！ 你呢，就是条走狗。,0.0
已经定性为政治事件了，等着反制措施吧，大嘛国,0.0
这个不必要吧，没必要因为一个国家去打击到一个公民身上吧,0.0
她妈可能死了,0.0
出兵加拿大[怒],0.0
我们愿意当粉红和战狼怎么的吧，我们为国说话我们自豪呀，可惜美狗们再怎么呐喊美国也不接你们过去，真可怜[嘻嘻],0.0
北美傀儡政权，还他妈是多重的。,0.0
深入想想这件事情我们整个中国人居然没有人出来抗议美加这样的野蛮行为，只是在微博上骂声一片。到底什么原因使我们中华儿女不敢说话不敢上街表达我们的愤怒！,0.0
派你了！！你可以,0.0
李嘉诚好像是加拿大国籍？,0.0
哈哈笑死我了,0.0
加拿大其实对中国还不错的，但他在美帝旁边 没办法,0.0
我不知道啊，所以问一下啊，军事上的钱哪里来的，和我去不去有什么关系，你要是知道你就告诉我一下呗,0.0
怎么会有nt给他点赞啊？,2.0
加哈巴🐶 美帝的舔狗,0.0
是啊 ，你那么有本事，你直接干啊，在这打嘴炮,0.0
走狗罢了[挖鼻],0.0
天天抗议没有别的行动,0.0
这个世界，最没用的火力，就是嘴炮！,0.0
害，🐶 终归是🐶 ，一辈子改不了吃💩 ，一辈子都只能做别人的走狗，别人随便给一点吃的，就忘了自己的身份了,0.0
奔小康有什么用，而且我们大多数人还是处于低水平的小康。加拿大靠的是美国，虽然我们5G出来了，但是这也只是一个开始而已，国际上许多国家还是把美国当老大看，要想不被欺负，我们还有更长的路要走。,0.0
哪个多自己去了解吧，有些事你不懂,0.0
黑暗？就是利益问题，站中国利益不站美国利益。以为自己看透局势，殊不知连屁股都是歪的。,0.0
加拿大方方面面都几乎成了美国附属国，孟放不放要看美国那边的意思,0.0
战狼何在？[可爱],0.0
我就想问问，如果她自己把脚上的脚链取了会怎样,0.0
国土面积世界第二的国家终究也只是只稍大点的🐶而已,0.0
海外狗急了？？,2.0
米国忠实的走狗，趴在地上的臭东西[怒骂],0.0
其实没必要。赚他钱,0.0
加拿大[二哈][怒][二哈]美国[怒][二哈][怒],0.0
加拿大是美国走狗,0.0
NT你那么厉害，让航空公司给你免费通航嘛，除非你买得起飞机还能找到一批机组人员开飞机去接你回来，否则飞机不会自己起飞到你身旁的，没有足够的机组人员愿意隔离十四天飞一趟，因为那些机组人员人家也拿中国护照的人家有资格不通航，而你买不起航空公司的一趟几个亿的航线，接你回来钱我们纳税人出的,0.0
也是啊，加拿大要是不听主人都话早就该灭国了,0.0
因为加拿大和澳大利亚名义上是英女王的领土啊,0.0
加拿大本来就是殖民国家,0.0
倒是反击啊 每次只会警告！！[允悲],0.0
这个国家杀海豹，我就不喜欢他们了,0.0
建议你去俄罗斯的市场逛一圈。跟路边的大爷聊一聊。眼见为实。,1.0
狼走千里吃肉，狗走千里食屎,0.0
快醒醒，你🐴 没了,0.0
欲加之罪何患无辞！愿孟晚舟女士早日回家！,2.0
我还真就乐意做粉红战狼，那你算什么？,0.0
爱国有罪吗？我生是中国人，就乐意一辈子中国红。,2.0
我可以不恨你，但我绝不能原谅你[拜拜],0.0
加狗:我就不放你能咋滴，别以为给我送口罩呼吸机我就会感激你，这是理所应当的，旺~[doge],1.0
而且加拿大的种族歧视真的特别严重,0.0
所以以后就不要去🐶 国买房了，换个地方买不香吗?,0.0
命题就是错的，加拿大一开始就是和他们一窝的都是狗。,0.0
可能是我信息闭塞，好像没有看到过关于孟女士究竟是做了什么事，而被美方加方如此不公对待的内容，请问有相关的介绍吗?,0.0
中国不是以前的中国 谁都别妄想来踩低我们 我们不是不反抗 而是在给你们认错的机会 时间一到 加拿大你就和你的大腿美国一起接受来自正义的惩罚,0.0
吴亦凡出来挨打,0.0
你是真酸，没点啥成就就是能喷,0.0
发声明有用吗,0.0
哦？加拿大原来是个国家哦[doge],0.0
你就别放臭屁了，小学生一个,0.0
加拿大是美国的北方州,0.0
在国外唯唯诺诺，在国内重拳出击，孤儿是你吗,0.0
严励打击忌妒、打压别人的人类。,0.0
加拿大狗，狗腿子[二哈][吐],0.0
一起跟我去大使馆骂,1.0
是复兴，不是崛起,0.0
外国来中国投资的也挺多的，怎么说,0.0
哈皮[doge],0.0
一开口就知道老公知了,0.0
他们的优势或许就是永远不在意民众的呼声，一意孤行，肆意妄为。,0.0
咱们应该对加拿大实施事实上的制裁。,0.0
你拿着键盘炮轰加拿大吧,0.0
别侮辱狗狗了,0.0
不卖人家还有别的法子搞我们  只能说美国就是这么肆意妄为  我们还拿他没办法  你看我们每次都发什么警告  人家照样搞事无视我们,0.0
也不看看美国风景线都漂亮成啥样了，还在这抱大腿呢,0.0
并不是，就是想知道，如果加国就是不放人，那要怎么解救孟女士呢,0.0
按你这么说来中国投资的是什么人,0.0
你们别骂了，赞不过来了,0.0
吾辈自强才能不在被欺凌[拳头],2.0
制裁加拿大。,0.0
我不懂，阁下高论，寰宇无敌。,0.0
住在中国的加拿犬要小心[doge],2.0
核弹头已经锁定了加拿大,0.0
海外啊！不是青蛙就是废青,0.0
你这么懂 你怎么没当官呢？  海外议员身份都捞不到的人 还在这侃侃而谈政治 您也配？[二哈],0.0
他两同都是央格鲁撒克逊民族主宰国家的，，美英澳加新西兰  这几个打死都是一家人,0.0
张嘴闭嘴就是战狼的，你可算知道这个词了,0.0
老百姓和政府之间老百姓也是弱者,0.0
错 是加麻犬[二哈],0.0
不是无知，他们是坏，会说我爱中国咋咋滴滴的，然后说着一些恨国的话，然后在跟他们辩论，就会说我不支持华为就不爱国。其实爱国不爱国跟华为没有关系，他们太狭隘的……而且无知。说白了，其实就是外国狗，而且他们根本不了解华为，对华为就停留在手机上，让他们多说，都说不出来……没文化的太多……,0.0
对汇丰欺诈？欺诈个毛线，巨额转账汇丰会不知道交易双方是谁？是美国拿其他把柄威胁汇丰，强迫汇丰交出客户隐私数据！然后硬说华为欺诈汇丰，zz角力黑的说白的，太正常了，不会真傻的以为是什么经济犯罪吧？一个万亿级别大公司的财务部分，会不小心犯这种错？,0.0
说这么多没用呀，人弱被人欺，我们也没办法让她回来。在人家的地盘用人家的法律。唉，玩得过嘛,1.0
不想做中国人，当美国舔狗都不配哦哈哈,0.0
中国人，别污蔑了,0.0
除了谴责还有什么？,0.0
昨晚看新闻，任正非说做好了见不到女儿的准备[泪]不行，您女儿一定会平安回来,2.0
你逗几句机灵就觉得自己很懂了，只不过是傻狗一个,2.0
四月份之前我们在上学鸭姐姐[嘻嘻]希望姐姐你了解一下再来评论噢[嘻嘻]不要什么都怪我们噢[嘻嘻],0.0
加拿大真是侮辱了可爱的狗狗,0.0
不会吧 真的有四十二个nt给他点赞吗,0.0
大型粉蛆集结中心[阴险],0.0
一股怨气涌上了我的头,0.0
一看上个月注册的，那没事了,0.0
四月份是国内建议不要回国的。而且学期还没结束。你在想什么呢大姐,0.0
太抬举了，最多算是一条走狗而已,0.0
真是一条忠狗，美国再次伟大全靠你们满世界疯咬,0.0
你好，很遗憾以这种方式认识你[太开心],0.0
就你懂，你最懂，比你们特靠谱还懂！！,0.0
哈哈，他踏马当然是个鬼,0.0
我被生我养我的国家洗脑有什么不对？反到你被那所谓自由民主的国家搅烂脑浆对人哈头哈脑的还不是要被别人用膝盖压在地上，别死不要脸跑中国大使馆去，死外边了也别回中国,0.0
如听仙乐耳暂明,0.0
附属国一点也不意外⋯,0.0
之前好像是听说国家有包航班的，不知道现在怎么没了，一直包航班也不现实吧，回不来就好好做好防护吧[允悲],0.0
哈哈给👴整笑了 国内多少黄牛时差都不管在那刷票 我懂你的逻辑了 只要人在海外就是有罪[嘻嘻]就是拿着中国护照那也有罪[嘻嘻],2.0
一天天的就知道粉红，战狼[费解]还很引以为傲 tm的你是中国人吗,0.0
操他妈干他.加🐶,0.0
不好意思我眼光放得高，我认为这是一个国家层面的事情。你说这也🐶话并不能让我不支持华为,2.0
落后就要挨打啊,2.0
请全面制裁加拿大🇨🇦,0.0
三问： 1孟是否签了禁运协议？ 2孟是否明白隐瞒实情可能导致汇丰会被处罚？ 3你认为孟做错了但是仍然希望他无罪？还是你认为他没错。,0.0
实在不行咱也查扣一个，换[允悲]。,0.0
以彼之道还施彼身,0.0
四月份之前没限制的时候你怎么不回来，限制了你想起回来了？再说了疫情期间都让滞留国外的所有人全部回来了你觉得中国能管控的了吗？国内费了多大的物力财力才抑制住了疫情，牺牲的不是你的亲戚朋友，说得这么轻松，佩服！,0.0
将来一定要加拿大十倍奉还！！记住！！,0.0
打？怎么打，拿什么打？航母战斗群有作战能力了？海军有远洋作战能力了？,2.0
希望多下水几艘军舰,0.0
加拿大就是美国走狗🐶大家都赞同吧#加拿大就是美国的走狗# ,0.0
这才是真懂的人,2.0
公民指具有某一国国籍，并根据该国法律规定享有权利和承担义务的人，读书少的加拿大狗就别在这儿犬吠了，先搞懂我们中国的九年义务教育再来叭叭,1.0
啊？不会还有人觉得爱国是可耻的吧？不会吧？,0.0
今天美国打压华为成功了的话，明天就可以打压第二个第三个华为，直到把中国的高科技公司全部打没，现在任正非要是认怂，上市，美国资本一进入，他直接套现几千亿不香吗？人家这叫铮铮铁骨，真正的为国家了。最简单的道理，华为一倒，一系列配套厂商的员工怎么办？华为的员工抢你的岗位，你比得过他们？,0.0
你在获得四百多个赞的同时也永远失去了亲🐎[哈哈],0.0
其实有点搞不懂。美国都这样子对待我们中国了，为什么还要各种捐口罩什么的救助他们,0.0
孟是巨无霸企业高管，大多数人一辈子也得不到人家一年薪水，外界传hw相关企业与伊朗有不法合作，且盗用us知识产权。幸好是在ca，请个高明的律师或许能减免。前提是信任加国法律，瓜客散了吧，与尔等无关。,1.0
谁不是中国人,0.0
必须加大控制对加的经济，人员交流,2.0
美国卡着包机不批,0.0
面临感染危险和回国有什么关系？不管什么时候，让自己的国民顺利回国这是底线。借口怎么找都是有的，解决方法也是。你们不是被牺牲掉的人，当然可以在网上放肆BB。,1.0
哦呵，那也比你好[二哈],0.0
加麻大要没芬太尼了[笑而不语],0.0
孟晚舟到底咋了，我查了半天没查到到底咋了？,0.0
快看，活🐶[太开心],0.0
应当打仗了！给加拿大一个下马威[怒]中国公主都敢欺负,0.0
加拿大，没骨气，就像满清政府,0.0
说白点就是美国牵着的一条狗,0.0
建议拘禁加拿大籍艺人，严查其相关活动是否合法,0.0
黄牛也是你们海外的人整的，要是在国内谁敢这么整？,2.0
非我族类，其心必异，叛出族类，其心当诛！,0.0
五个一减少航班数量控制境外输入没毛病啊，又不是拿着中国护照到国门口不让你进,0.0
中国崛起，中国民族自信心崛起，尊严的崛起，如果只是口水崛那么以后就不要提崛起了，华为作为民营科技第一品牌，结果创始人只能自己咽下苦果说做好打算不让女儿回来了也绝不妥协，普通老百姓呢？那以后出去是不是需要蒙着头夹着尾巴做人，想做人只能想清华北大去美国的人才一样，全部申请绿卡。,0.0
太刚了[赞],0.0
厉害了，键盘侠,0.0
我的百科：加拿大——Canada又称“加拿犬”，又因“犬”都是抬举，而Canada没有“一点”良心，所以史称这坨屎为“加拿大”[二哈],0.0
都是纸老虎  人家知道,0.0
能不能打啊，一天天就会警告。对付无赖这样可不行[二哈],0.0
具体什么罪名，什么证据，怎么说的，，都讲下啊,0.0
请释放无辜中国公民,2.0
黑帮模式的全球霸权是地球之耻，动物越来越人性和有爱，说明大自然的主题就是人与人，人与自然，与动物之间爱你无条件的爱，人类应该也具有。而美国带领的黑帮模式，带来一股恶风，乌烟瘴气。,1.0
国外精致的利己主义者们可能李姐不了什么叫舍生取义。任教主和圣姑都是值得尊敬的,0.0
所以什么时候能回国呢？哎。。,1.0
加方纯粹是美国后院的一条看家犬,0.0
明天🇺🇸更新死亡病例中，必有你。,2.0
哈哈原来是海外🐶 啊,0.0
正义永不缺席,2.0
爷不是小粉红，爷是血红！,0.0
我摊牌了，我就是粉红战狼，摊牌了[泪],0.0
释放无辜中国公民,2.0
我国是不是也该收拾一下加拿大了？,0.0
经历这件事后希望大家不要用苹果了，让苹果退出中国市场,0.0
嘴炮儿世界第一值得骄傲,0.0
再怎么样也不能叫加拿大是go啊，加本来就是一个和平的国家，夹到两个大国的“战争”都不知道怎么办。而且孟也算是加的国民。华为和加也一起研发5G。现在孟呆在加挺好的。如果我是加的政府我也是这样选择的，毕竟目前来说美还是对加有最大的帮助，政府都会保护自己国家的利益。,0.0
美帝的狗腿子,0.0
钓鱼岛是中国的！,0.0
你知道现在不给别国物资国际舆论会怎么看中国吗？你知道中国舆论压力有多大吗？你知道中国为什么要花20亿美元在世界疫情上吗？你知道外面言论有多少是不利于中国的吗？你知道国家在深化改革如果制裁有多少外商会撤资吗？难道中央决策层连这点会不懂吗？,0.0
加拿大原来还是美国的舔狗，长见识了。希望孟女士安好,0.0
用价值观给人定罪[doge]来，大家给狗下价值,0.0
同谋！！不止是走狗！,0.0
大事大非上中国人民看的很清楚，不需要屁股不知道坐到哪里的人来说教,0.0
你自己看看你这有逻辑没 加拿大为啥赢了？,0.0
哈巴狗都比他加有自尊,0.0
仅抗议没用，要坚决制裁，加拿大知道疼了抗议才有用,0.0
你不也是在这敲键盘 你有本事当三军总指挥去呗,0.0
直接点举报了,0.0
学了个新词 不知道咋用好了是吧您,0.0
啥时候？赶得上吗，c,0.0
hh废狗也在这乱吠[爱你],0.0
这是犬被黑的最惨的一次,0.0
这一套说辞我都会背了，来点实际的？没人会怕你的真的,0.0
一直都是🐶，要什么骨头呢？,0.0
"应该看清,要解决这件事,必须出重手反制,宜早不宜晚",2.0
一直抗议但依旧到了这地步，明显美加也看透了，知道只会抗议不会有大动作，就好比军舰肆意入领海一样，所以孟晚舟回不来了吧，终究会成为牺牲品吗？,0.0
狗还是改不了奴性的,0.0
我也是，同问因为啥事？,0.0
现在所有的枪口对准加拿大狗，一切献媚加拿大的国人都是我们的敌人，制裁到他良心发现，自愿做一个人，而不是一条美国的丧家看门犬,0.0
美國的走狗還真多，一長串,0.0
这样敦促完全没有用啊啊,0.0
抵制美货加货,0.0
其实华为作为一家民营企业只要把公司搬到美国，向美国投降，孟女士就能回国了，但是华为并没有那样做,0.0
没实力威胁 再强烈督促都是没用，目前就是,0.0
是因为什么被抓的？,1.0
一个是恶人，一个是恶犬,0.0
说的太好了[good],2.0
吃里扒外，就你看得多？你知道狗为什么要护主？,0.0
说的含蓄了，就是走狗,0.0
哈哈，奇怪的是很多人想当🐶 ，你说奇不奇怪[费解],0.0
脑测比谁都强，既然都国际关系复杂，你凭什么判断这些？张口就来，且不说是不是自投罗网，这明显的你爹打压科技的技俩，维护国家利益还洗脑，想想是不是自己被洗脑,0.0
合2国之力，对付一个父亲的女儿，可耻！,0.0
立即释放。。咳咳,0.0
全世界都看到了美国与加拿大无底线，没有法律判罪还能临时加＋，用价值观把一个企业高管拘押一年多后任意定罪[摊手]，实例告戒世人，别跟美国做生意，更不要从加拿大转机[衰],0.0
疫情的时候我们就该对加拿大冷对待 对美国冷对待！！,0.0
疫情期间就不应该帮他,2.0
你在这杠什么呢，华为这么大的企业还不能跨国了？为了方便还不能买个房子了？有毛病吧,0.0
希望孟晚舟女士能早日平安回家,2.0
你妈今天活了吗？,0.0
你这么想一定是因为过的不如意，说的再多再好可真正有底线的中国人不信。,2.0
你們呢一群人天天罵這個是狗那個是狗有什麼意義？自己不強大別人欺負你能怎麼辦呢？,0.0
狗改不了吃💩，真理！！,0.0
jia na dog,0.0
吾辈当自强！,2.0
你家房子都烧了还来操心别人的事呢？,0.0
狗子，你还是没变[悲伤],0.0
你咋懂这么多呢？,0.0
没有主权的寄生国家,0.0
因为他回来对中国弊大于利呗，笨,0.0
封你为三军总指挥，打去吧,0.0
嗯，你厉害，你去美国呗，口嗨,0.0
只希望华为和外交部能够使加拿大知道，中国人不容侵犯！,0.0
美国病毒，加拿大病毒,0.0
[汗]🧠是个好东西，你怕是没有,0.0
直接抓美国人报复，废什么话，越看越生气。,0.0
永不踏入加拿大🇨🇦 这个破地方,0.0
哈哈懂王您又来了,0.0
[嘻嘻]加拿大在帮谁隐瞒都不知道呢，网友一个劲地点赞啊，瞎操心,0.0
这层主内心得多阴暗啊，这么黑国人,0.0
战狼ptsd患者们消停一点吧，美国打压中国的高科技产品对国人没有任何好处,0.0
舔狗是没有好下场的,0.0
你孝起来真好看，走🐶,0.0
这就是传说中的公知？见识了[doge]美国等相关机构给了你多少钱呀？有钱大家一起赚不是[doge],0.0
没毛病 但我觉得在国家能承受范围内多开航班接中国公民回家也没毛病 而不是让中国公民寄希望于超出市值的黄牛票[嘻嘻],2.0
妈的 东风送他家,0.0
不理解加拿大人和加拿大政府的政府有什么关联,0.0
第三次世界大战,0.0
正义拳头才是硬道理，我相信华为是清白的，你看日产汽车躲车箱跑了，中国却没这么做,2.0
那就抓加拿大人吧,0.0
加狗最终的结局就是被他美爹卖掉还帮着数钱,0.0
打铁还需自身硬，啥时候不用他的专利技术了。他也就打压不了我们了,0.0
被政治斗争洗脑了,0.0
先把加拿大那个毒贩判死刑了，单独罪大恶极，留着浪费中国人粮食！！,0.0
控制境外输入减少航班有毛病吗？[费解],0.0
那叫买房子？那叫买狗窝,0.0
废话少说，看有什么法子报仇雪耻，中国人太憋屈了,0.0
怎么会有这样的一个国家，要做🐶,0.0
过俩月就忘了这事儿了 该去加拿大移民的移民 该旅游,0.0
无耻的人见得多了，这么、大言不惭、厚颜无耻的人还真是罕见啊！,0.0
很多是咱们优秀党员,0.0
中国每次只有谴责，有用吗?人家根本看不见，发给国人看?能不能有点实际行动,0.0
#孟晚舟未能获释#吾辈当自强，欲加之罪何患无辞！祖国强大震撼了老美，祖国的未来需要当今年轻人的努力加持，加油，中国人！,2.0
加拿大，做狗真的很开心吗？,0.0
中国也只是会叫叫的那个啥,0.0
想品尝一下中国广大民众的愤怒吗？,0.0
这东西就是政治斗争，伊朗可以变成伊拉克委内瑞拉，懂不懂，欲加之罪何患无辞,0.0
加拿大不帮美国难道帮中国吗哈哈,0.0
嘴巴不要在那里哔哔…望你们有志气点…,0.0
我真是看这新闻就要被气死[微笑]先是香港接着又是加拿大[微笑]MD 中国是你爹吗？天天想着碰瓷 贱不贱啊[微笑],0.0
是只狗！然而没有好处[吐],0.0
美国做了一百件好事做件坏事别人也觉的是好事🤓透支的是美国的信用,0.0
自投罗网说得通吗？被引渡还是保财保命的好事了？谁会给自己添麻烦，得多无脑无良知的东西才能编出这种谎话企图带节奏引导舆论，真心看不起这种垃圾,0.0
啊？难道你还在租房啊，这,0.0
请大使馆注意工作人员的人身安全,0.0
是是，就你懂，说那么多站那么高你不怕摔下来吗，居高临下你跟谁炫耀呢，那你呢？在这大放厥词，你想证明什么，我不会跟你犟什么事实真相，因为确实没有证据别人无罪，我就知道同是一个国家的，不为自己人伸张正义去跟加拿大一张脸是什么理由。哪怕小粉红，他们也有民主主义，看这么透不去当教授可惜了,0.0
能反制吗？不能反制就别说狠话了，乖乖提高自己的实力吧。,0.0
中国扮演的是山贼,0.0
美国加拿大市,0.0
我在说什么你个睿智知道吗 球你🐎呢 加拿大差不多就是个美国附属国了 笑死人,0.0
加拿大使馆门前和平示威去,0.0
黄皮白心？哈哈，这个种杂交的不错[二哈],0.0
中国就有你们这种键盘侠，才被压制，但凡你们有点大局观，也不会沦为键盘侠。可笑,0.0
畜牲就是畜牲，你咋喂它好吃的它还是畜牲。加拿大就是畜牲国家[蜘蛛侠],0.0
美国的狗真不少,0.0
它还是从前那个加犬 没有一丝丝改变,0.0
加拿大🐶没有骨气 还配立世,0.0
记住这些时刻，以后都会被历史印证！只有自己强大，国家强大，别人才会尊重你，其他国家才不敢惹你。加油！中国！,2.0
说它是走狗真的侮辱了狗,0.0
原来你妈不在了啊,0.0
每次都是强烈不满，能不能来点硬的[喵喵],0.0
中国外交最后的辉煌在邓公时期,0.0
世界阵营应该很清晰了，中国，俄罗斯，朝鲜，古巴，美国的狗们。,0.0
法律没资格，相反我们也有多数的权利，拳头大就是力量！当年他们完全瞧不起我们所以挑衅，现在是急了所以挑衅，懂吗？ 第一岛链内我们无敌，外加军事力量的强大，科技力量的疯狂发展让他们感受到了威胁，不用那么悲观。您是90还是80后啊？咱们现在的00后也十分关注国际局势，观察者网和观视频都有关注,1.0
你们是收到什么压迫了？妻离子散了？难道是因为太穷了，就怨政府了？,1.0
[笑cry]是的，我的错,0.0
要打痛这条🐶,0.0
法国人，乐了，无内鬼，今日辱法来一点，法国投降笑话也来一点,2.0
说什么都没用，立即反制就对了,0.0
吾辈当自强！,2.0
吾辈当自强！,2.0
可惜他们再怎么白心。也是黄皮，在白皮眼里他们始终是狗！,0.0
你懂你最懂笑死我了,0.0
他就是个不带脑子的人,0.0
你有发言的权利，但是这已经上升到国家层面上，是一件政治事件！在公共平台你的立场必须与国家一致！如果你是中国人，如果你爱中国！如果不是那就请你闭上你的嘴,2.0
加方政府做成了美国的走狗难道加人民就不觉得羞耻吗,0.0
??你这不用这么直接表达你是海龟吧，,0.0
是啊 买了的戴上了电子镣铐,0.0
英国：英国人。美国加拿大：侵略逃荒至此的英国人。澳大利亚：犯罪流放的英国人。,0.0
加拿大不是美国的一个州吗[二哈],0.0
华为在加拿大有分部，有研究机构 ，需要高管在那儿，买房有问题吗？有绿卡可以更方便的进行公司管理，有问题吗，一群无知人到处乱喷。,0.0
等着，14亿中国人制裁你,0.0
能不能把孟晚舟抢回国啊，还有那个脚镣，国内没有顶尖黑客能解么?华为那么有钱，暗中悬赏不行么？小说里那么多桥段咋到现实里就用不上了??,0.0
可惜你想买也买不了[二哈],0.0
公知天天打脸你不是还做得这么快心？,0.0
还没见过香蕉开花，香蕉开花吗？,2.0
干什么？??为什么要侮辱犬[doge],0.0
美国确实拿着这个事儿针对华为不假，但是起因是因为孟晚舟借贷汇丰15亿，但是没有说这钱用于和伊朗合作，汇丰因此被罚了十几亿，这事儿应该汇丰告孟晚舟而不是美国，说欲加之罪的洗洗睡吧，官方只喊口号不说法庭细节就是因为孟晚舟本身行为已经构成欺诈了,0.0
[吃瓜]美国警察的膝盖想问问你脖子能抗住几分钟,0.0
所以这层楼里面的人是盼着战争是嘛？,0.0
难道美国和它们的走狗们都灭亡了，我们就不活了吗？,0.0
说得再多，人家照样可以抓你，还不放你，你有什么辙呢，只有一点，那就是待在国内不要随便出国门。。,0.0
传说中的公知，见识到了,2.0
有什么用？人家想扣继续扣。不需要理由，没有对应的强制手段，人家不就是想怎么来就怎么来。,0.0
加拿大作为一个国家，成为美国走狗。加拿大人民是否感到羞耻,0.0
够还是从前那条狗，没有一丝丝的改变,0.0
有国家谴责就行了。我还是老老实实上班。华为公主还需要我操心吗。,0.0
你怎么知道张着你这臭嘴说了，不应该去拿着臭嘴把人叼回来吗,0.0
破喉咙都没办法改变什么了,0.0
不做喷子，不做键盘侠··希望孟晚舟女士能早日平安回国[拳头],2.0
嘴硬就完事了,0.0
承担就承担 反正我不差加🐶的这点烂钱 我不屑赚他们的钱,1.0
呵，吸纳最多中国移民的加狗,0.0
也许你月薪还不足500才会来一个月薪100人的底下评论,0.0
从苹果问事以来一直追随，且一出新款必买，今年开始我已改用华为手机，支持国货#孟晚舟未能获释# ,0.0
这话说的，就像是个缺了钙的软骨头，一点骨气都没有！[允悲],0.0
学会了粉红这个词就到处扣帽子？黑心棉,0.0
那你现在给我找一张六月份的机票出来 飞机没有 人回不去 跟限制本国公民有啥区别？？,0.0
如果反华意识越来越严重，你们这些香蕉人会独善其身？？你看看历史上的排华行动哈哈。,0.0
是加拿大州[笑cry],0.0
有的人该不会以为自己喷喷中国人就能加入美国国籍吧？不会吧？[太开心],0.0
6亿拿着100元的战狼操心着住千万加元大house的公主。3个死在赞比亚的公民却得不到一点关注度，死的公民没人关心，在国外犯了法的公主却一堆人抱不平，可悲哦,2.0
我们也抓一个加拿大籍类似孟晚舟的人，用人质换人质！,0.0
有钱真的可以为所欲为[允悲],0.0
你就欠用膝盖把你压地上七分钟[二哈],0.0
施加一些除呼吁，谴责，严正交涉此类以外的压力或者措施吧,0.0
跟西方这种无赖写的没必要讲道理，更不用按常理出牌，因为他们很不理解不了,0.0
那个铰链绑的是祖国的尊严～还是不够强大啊…,2.0
从苹果问事一来一直追随，且年年用最新款，今年开始我已改用华为手机，支持国货#孟晚舟未能获释# ,0.0
能不要再严重谴责了，天天打嘴炮，干点实事好吗？,0.0
新冠病毒防控措施也可以听美国的,0.0
这一层的很多人反嘲讽？难道就一定要打仗了，你们就开心了吗？感觉总算有点行动了，是吗？你以为外交部只是单纯的抗议，谴责吗？脑子呢？[微笑],0.0
总是谴责、抗议，可对方还是不放人，如果直接打他呢！,0.0
额加拿大也有很多法国人的，魁北克还在那呢。。,0.0
对对，就你这香蕉人长了脑子，爱国的人都是被洗脑的[微笑]你可真棒棒,0.0
500多天了，还不放出来,0.0
海外犬种[吃瓜],0.0
他有这一点，是加拿犬；没这一点，是加拿大。这一点，他是缺得，还是缺不得？,0.0
加拿大名义元首还是英女王。能有啥骨气。[允悲],0.0
你怎么不说自己国家没骨气[笑而不语]就会敦促 交涉 强烈谴责[笑而不语]孟晚舟这事都谴责一年了,1.0
喷子的🐴 炸了，体谅一下,0.0
加拿大就是🇺🇸 的🐶 吧[费解],0.0
加麻国[微笑],0.0
你既懂国际关系复杂 又懂国内暗黑 就你这自以为是不要脸的架势  越发觉得自己与众不同的估计也没啥脑子,0.0
哈哈，加个点很形象,0.0
欲加之罪何患无辞，搞了这么久也没有实锤，明显就是诬陷！唉，我为什么跟你这条狗说人话？,0.0
今天你给我们带来的 往后加倍奉还[微笑] 狗是真的狗,0.0
人家长公主在加过好日子呢,0.0
禁止向加出口医疗物资！[怒],0.0
你怎么知道啥也没做？,0.0
它哪有一个国家的尊严和骨气，以后就叫它美利坚加拿大省,0.0
美国狗越打击中国，打击华为，  我们作为中国人，就越要支持中国，支持华为！  华为胜，则国有光！大家支持起来！！让华为继续雄起！！,2.0
请直说是走狗,0.0
敲键盘确实不会怂,0.0
什么时候是个头,0.0
选其他有害信息,0.0
就是在美国版图上面的那个加拿大[吐],0.0
让他死在海里最好,2.0
还可以抗议 交涉！,0.0
自古以来，和我大中国作对的国家，没有一个好果子吃，包括美国，这是历史定律，加狗也在我大中国门前晃来晃去，关门打狗是迟早的事情，只是时间上的问题罢了[doge],0.0
加就是美狗腿子,0.0
海外的来我们中国狂叫什么？,2.0
有没有英文版的 让他们好好看看,0.0
这就是蛇与农夫的故事,0.0
好一条Canadog[微笑],0.0
送你前线你去吗[摊手],0.0
中方坚持互不干涉他国内政,2.0
强烈谴责！严正交涉！,0.0
你行你上[赞],0.0
断交？俄罗斯占了我们土地，日本杀中国人最多，断了吗？,1.0
加拿大的华人一般都不从政 导致政界根本没有华人，没人在他们讨论这种问题的时候为华人说话！我们自己在海外不帮自己人 不抱团 是不会有人无缘无故帮华人的 换来的就只能是自己受气。mwz只是一个，像这样的在国外也有很多。但是加拿大整体对中国人其实是很友善的，这个大家可以询问很多加拿大华人,0.0
还崛起呢，把你脚打骨折了看你怎么崛起；一群只配做奴才低等种族的命,0.0
啧啧，好一条美🐶公知恨国冚家出殡翻车扬灰畜,0.0
吴亦凡也是加拿大的吧,0.0
孟女士在海外的不平等待遇也许反映出了大多数海外华人的遭遇呢？每位公民都值得被保护。,2.0
总有些人人云亦云,0.0
以后有的是机会反击[微笑],2.0
你被西方国家洗脑太深了 米国走狗,0.0
人出去上学不行？我是不是该问问你为啥要出生？,0.0
我这么说主要是这个层主骂去的人是犬，那人孟小姐也去了呢。,2.0
打嘴炮，要结果,0.0
美国制裁伊朗，制定法律禁止对伊朗贸易，华为通过汇丰银行和伊朗做了贸易，被汇丰银行举报了，加拿大用美国的法律抓了孟晚舟！赤裸裸的霸权主义！,0.0
居庙堂之高则忧其民，处江湖之远则忧其君！我们只是为国！你！！现处江湖之远不忧国，除了风凉话你连薪火都未传递过；若是处庙堂之高你也定不忧民，和你相比，我们这些“粉红战狼们”比你强多了！,0.0
只要美国在，加拿大一辈子只能当🐶,0.0
华为最根本的错误就是拉错了赞助。站一群刚出校园意气风发的小毛驴派，大打爱国主义的旗帜，丧失理智，令人无语。有了他们这样的所谓支撑你永远别想有好日子过。哈哈,0.0
人家比你们有骨气多了，你们只会打嘴炮还会干嘛？可惜人家不想跟哈士奇计较知道吗，还东方龙呢我看东方🐛,0.0
对！一定要狠狠地谴责抗议！我呸[太开心],0.0
孟欺诈银行，别说在美加，在中国也是犯罪。,0.0
我猜他怕和美国的关系越走越远，所以只有跟着美国回家了。见过解放前那种三姨太吗？含情脉脉的看着情人，然后一个大肥猪邪恶的指着她的情人云云，三姨太假笑着跟着大肥猪越走越远那种。寄人篱下，没有尊严被包养的加拿大，你不配成为一个国家。,0.0
你才是瞎，麻烦你看清楚，我说的居民！不懂就不要叫。,0.0
看门狗 加拿大。,0.0
吾辈当自强，打屎他们[怒],2.0
加纳犬，说的真好,0.0
恨国蛆biss,0.0
什么时候会狗咬狗呢[doge],0.0
用拳头和行动还手。,0.0
打嘴炮第一大国，无能政府第一，还不如大清政府呢，赶快垮台吧,0.0
虽然不是我的对手，还是可以成为美国狗🐶 ，狗 狗[doge],0.0
美国的狗腿子进来看看,0.0
[good],0.0
中国六亿人们的公敌,0.0
然后呢 如何行动,0.0
一条丧家之犬有何资格在这儿狺狺狂吠？吃了几碗米饭就想当别人老师？凡事首先得想想我配吗？我算老几？,0.0
拉布拉多都比他忠诚,0.0
香蕉人，有的人阿就是痛恨自己的黄皮肤,0.0
干涉加拿大内政不好吧,0.0
我是来支持华为、给外交部喊加油的！跟丫干！,2.0
从此我讨厌的国家又多了一个,0.0
老子就是战狼，战的就是你这头白眼狼！,2.0
大使先生，你这发文毛用没有。不如做点实际的，撤离加拿大怎么样！,0.0
你能当个人么？希望你家里人都在国外无辜被抓被引渡活在一辈子活在枪击惶恐里,0.0
键盘敲得真响,0.0
文明就可以让人家欺负？,2.0
生而为人，请你善良，有点儿良心,0.0
为了不伤害狗狗，你叫加拿小[doge],0.0
美国给了加拿大一点，就成了加拿犬[打脸],0.0
你是不是傻？中美敌对多长时间了，你见过中美断交吗？政治不代表经济。,0.0
加🐶去吃美国爹的屎吧[二哈],0.0
我坚决抗议，我明天开发布会坚决谴责,0.0
美帝狗 灭我国之心不死,0.0
孟晚舟被引渡去美国会被怎么样，继续关押吗,0.0
必须严惩加拿大！[怒] 转发微博,0.0
措施采取起来,0.0
严正交涉，再次敦促，不要搬起石头砸自己的脚。,0.0
自己国家没本事，拿其他人出什么气[摊手]美国种种行为真幼稚,0.0
你想那么多干嘛，买房子算投资，碍你事了？,0.0
孟女士的坚强，看着更加心疼[泪],2.0
听到这个消息感觉天空都是蓝的，自作略不可活，一点不冤枉,0.0
我们能看到的都是国家想让我们知道的，不想知道的也不会让我们看到。,0.0
把全世界的海外公民都接回来的话，中国接下来半年就不用发展经济了，财政漏洞填都填不完了,2.0
狗就是狗，一个国土面积比美国还大的国家却依靠别人来保护，如果说它是狗，那么它这是一条不思进取毫无骨气的狗,0.0
做狗爽不爽呀？尾巴摇的不错哦～,0.0
😂😂为什么你们一个个看的这么透彻,0.0
中国外交什么时候能变得霸气点  不想总是听到谴责这个词了[允悲],0.0
人家哪做的不对吗,0.0
为主人效完力，会被主人炖肉吃的！为啥甘愿当条狗被人牵着走，也不愿堂堂正正做人呢？！,0.0
也该好好整顿外企了！！尤其是资本家企业,2.0
感觉是犬房奴,0.0
我们采取的措施是什么 除了文字警告,0.0
说这有锤子用，弄他啊,0.0
没必要，真的没必要，你这种行为跟当年砸日系车一样，只会让别人觉得中国的服务态度不好，政治是政治，经济来往是跟以前还是一样的，中美的敌对多少年了，不是还在贸易往来，想清楚一点。,0.0
哈哈强烈的不满和谴责,0.0
加拿大，澳大利亚，再加小日本，一定要注意。,0.0
既不是古文也不是现代文学，以为写成这样很高深莫测吗？？以为自己是民国时期看清局势的才子吗？？我呸,0.0
应该制裁加方。。,0.0
狗币，你有多少个妈够网友炸的啊,0.0
吾辈自强[赞],2.0
英5g事件，澳调查病毒源头，加拿大孟晚舟时间，美国的盟友，希望今日的青年不只点赞和欢呼，更是努力为了明日的振兴,0.0
辽宁舰核潜艇歼二零萌开的全给他开过去，看他懵不懵逼！,0.0
如果真到了任总选择女儿和华为的时候，我支持任总选择女儿。,2.0
萨德事件都限韩了，结果国内人不争气[拜拜],0.0
又看又阿普，讷呕看讷呕BB,0.0
搞笑，外交部都发声明了，你在这乱解读什么？你比外交部还要有智慧吗？,0.0
光说不练嘴把式,0.0
当用非常手段接回孟！,2.0
以前就一直以为加拿大是美国的一个州，现在看来好像也没区别[允悲],0.0
有啥用，人家就是不放,0.0
立即释放孟晚舟女士并让她平安回到中国[good],2.0
驻加大使们要注意安全鸭[给你小心心],2.0
能想办法把他们打疼吗？,0.0
微博喷华为黑孟晚舟的人真多啊，还一个个坚持不懈的每层楼都喷一下找存在感，给了多少钱啊,0.0
什么时候我们不用只在媒体上谴责这些国家的行为，什么时候我们能采取最根本的手段，我们国家才是真正的强大。难道在微博上泄愤就能救出孟晚舟？,2.0
“远亲不如近邻”,0.0
中国太难了，华为太难了。那些自以为思想独立高人一等的恨国党能不能看一看我们所处的形势,0.0
哟哟海外的孤儿 b话这么多怎么不坐你妈坟头说呢,2.0
反制加拿大，吾辈当自强,2.0
不愧是加（家）犬,0.0
敦促，谴责，愤慨，严正交涉,0.0
大家直接举报他,0.0
整天就会警告敦促，咱们中国怕事吗，能不能硬一点，真是受够了,0.0
我们采取什么行动了吗，对付流氓得用流氓的方式吧？不是吗,0.0
妈呀，大使注意人身安全啊！,0.0
所以到底起诉她是以什么理由的？我到现在都没弄明白,0.0
评论一边倒 兄弟 看来全是网控,0.0
我感觉侮辱了狗  [二哈]但是你说的没错,0.0
你这种人赶紧移民去，子孙后代也不要踏足中国土地，嫌脏,0.0
加拿大的司法独立就是一个笑话，美国一条狗罢了。,0.0
我们手里还有什么筹码可以打疼他……太气愤了！[怒]以眼还眼，加拿大在作死，选择美国就是我们的敌人。,0.0
刚啊，这话听的真爽,0.0
搞我们 这只能让你们看到我们更快更强的步伐 中国人绝不妥协 只是让孟女士受苦了,2.0
放弃幻想，准备斗争，现在是近30年最困难的时候，撑过去成为世界第一了，那些国家会反过来舔,0.0
这样说有用吗？得行动了，该让它知道得罪我们的下场了,0.0
都全面奔小康了，世界上绝无仅有的吧,0.0
那他们军事上的钱是哪里来的,0.0
美国的狗腿子！[怒],0.0
这条美狗新冠入脑了[吃瓜],0.0
你能想到的方法，我们都用了,0.0
都说了是中国公民你是真瞎还是装瞎？司马玩意颠倒黑白,0.0
你们这些牧洋犬不也是一片犬叫么？中国用得着买平安？不然就得被整死？当年国外各种封销，被整死了吗？不照样搞出原子弹？你自已懦弱无能不代表国家懦弱无能，不要拿你自己的垃圾模样来看整个国家,0.0
是不是被公知洗脑给洗没了？,0.0
光谴责加拿大有何用，看问题看不到本质。想要救孟晚舟我们得拿出筹码跟美国谈判。,0.0
激起了网友一波又一波情绪的这场悲剧，什么时候可以划上问号。,0.0
方方倒是中国人，你有什么想法？,0.0
怎么着，我不支持我自己的国家，难道还和西方一起对我自己的国家“和平演变”？？,2.0
感觉中国好难[汗],0.0
我觉得我们不能老是嘴炮 应该出台对策啦,0.0
吾辈当自强 今天美国赤裸裸的欺凌 日本的背后捅刀我们都要记住！,2.0
不懂就不要乱说，说加拿大是美国走狗的你再看看，这不是狗是什么？,0.0
能制裁加拿大吗？比如，禁止向其出口冰箱，不买它的农产品。,0.0
所以就不反击？就因为太不简单？,0.0
美国限制加拿大地区的网络运行，加拿大这条狗就乖乖听话。听主人的，在作死的道路越走越远，早日亡国吧,0.0
我们还是多说少做,0.0
你犬吠什么?,0.0
其他的我就不说了，这招很高明吗？你也就这点见识了。自以为看破一切，可以居于高位俯视众生。你以为你这就算看破了国际关系的复杂了吗？实际上也只是一条卑微的犬在摇尾乞怜罢了。你这样的人实际是最可悲的,0.0
多少新闻重申了多少遍，孟晚舟是中国公民[微笑],0.0
它们连hk的事都不懂整天就是跟到骂骂[笑哈哈],2.0
请你讲英文，不要玷污我们中国话,0.0
继续带节奏别停奥，加大力度奥利给,0.0
说加拿大是美国走狗，都侮辱了狗。,0.0
唯一一个把自己的公民说成累赘的国家[笑cry]全世界都撤侨，到了某国就是别给国家添麻烦。那也行，就不要立强大后盾的人设了。又当又立自己不尴尬吗,0.0
中国商务部  该出手了,0.0
加犬做得再好也抵挡不住美国佬的靓丽风景线。,0.0
可恨可耻，美国跟加拿大这等可耻的政治行为，应该受到全世界的唾弃，他们也必将为此受到惩罚。在此也祝愿孟晚舟女士能早日脱离此事，中国永远是你坚强的后盾，也希望国家能早日协助孟晚舟女士一同解决此事[拳头],2.0
最后一句 很耳熟了[哈欠],0.0
制裁的伊朗是美国，加拿大并没有制裁伊朗，加拿大给出的理由不是法律条文，而是美国的起诉符合加拿大的价值观，这不是狗是什么[疑问],0.0
当然是真的不信跟我去玩玩你就懂了,0.0
加方别废话，赶快放人！,0.0
去狗国买🏠的挺多的,0.0
那些整天阴阳怪气不遗余力踩华为的高贵的果粉呢？,0.0
中国的废青喷子键盘侠比任何反华势力都可怕,0.0
第一，美国是为了制裁伊朗，第二，是为了贸易战下打压华为缩短中美贸易逆差。光谴责有何用，治标不治本，加拿大政府和孟晚舟都是棋子和牺牲品。,0.0
我们一起等你回家。,1.0
不是扮演就是一条美国生养的哈巴狗！,0.0
不会真有人以为后浪们没在租房子吧[笑哈哈],0.0
违背人道主义，颠倒是非！加方！,0.0
能不要再侮辱狗狗啦[允悲],0.0
会翻墙真了不起，美国爸爸说什么都对,0.0
一直觉得这个国家的人很变态,0.0
又一只海外的,2.0
国家认证的孟是中国人,0.0
越发的怀念以色列人在76年实施的代号为恩培德行动的经典案例,0.0
这层的朋友们 举报就完了！跟狗讲什么道理？,2.0
你不看大使馆说的是中国公民吗？？,2.0
强烈建议 制裁加拿大！不对，加拿犬,0.0
开战。先撤侨,0.0
它急了，它急了！,0.0
采取措施吧[心],0.0
还是希望国家的手腕能更硬一点,2.0
当人不好吗，非得当🐶,0.0
我也是搞不懂那些说开战打一架的人 真以为开战很简单吗 到时候不管是谁输谁赢 都会给国家带来多大的损失 我们的人民会不会受到伤害 说的倒是很轻巧 有本事你上战场呀 我们没能为国家做什么大贡献 就好好支持我们的祖国好吗,2.0
先制裁加拿大犬,0.0
为什么又是这样[失望]欺负人没够了吗…,0.0
政府无能的话，疫情能控制的这么快？,0.0
敦促有用吗！！[伤心],0.0
狗狗🐶又多了一只品种:加拿大犬[喵喵],0.0
你妈今晚被我生吃,2.0
我还在跟你沟通，让你停止错误！如果哪一天我懒得说了，加拿大准备接受中华大地的怒火吧！,0.0
慕洋犬你来了，这没有喂你的骨头，败家之犬，找你的美爹去，奥，你没爹啊，那没事了,0.0
你怎么不换美🐶血美🐶皮？你家祖坟在加拿大？还是美国？,0.0
也就你还在租房子[笑哈哈],0.0
加拿大是美国犬吗当犬的感觉如何！,0.0
加拿大除了土著就是英国人，英法七年战争后英国从法国手中夺取了整个加拿大，然后英国保皇党就大部分移民了，接着北美条约后加拿大是由英国人统治的,0.0
加：我们就是美国的一条🐶[摊手],0.0
对付美国流氓，世界法西斯，资本主义纸老虎，不能再处处被动挨打受欺负，丧权辱国的年代已经一去不复返了。我们应该举国之力打一仗，捍卫主权，维护祖国统一战线，没有满目疮痍皮粗肉糙，哪来国富民强安定团结。,0.0
请祖国不要卖给这个人国家医疗物资，也不要给什么支援！n n,0.0
真的是现代的爱国英雄,2.0
加拿大💩💩[怒]走🐶,0.0
加拿大是个国家？我还以为是美国的一个州[二哈],0.0
加拿大：我就是伪装成国家的美国的一个州。我不帮我爹难道帮你中国？闻所未闻，天大笑话。祝我爹，福如东海，寿比南山[嘻嘻][憧憬],0.0
典型的小人之心[笑cry]你骨子里流的是中国人的血吗，你爹妈知道你这样做吗,0.0
如果是这样，中国就不应该在加驻大使,0.0
嘴长你们身上,0.0
表示强烈不满有用吗 没有实际行动 只会利用社会舆论,0.0
其实加拿大只要保持好跟美国的关系，其他的就不用管了，别说加拿大的国防军队之类的，如果加拿大收到攻击，美国会比加拿大更积极的多,0.0
  转发微博,0.0
你该关心一下你🐴肛裂了吗，就你这种🐶，不配说别人,0.0
也就只能说说，人还是继续监禁，国弱被人欺，没办法。,0.0
加拿大，以后叫它大麻犯罪国好了，按加拿犬司法长臂管辖权逻辑！,0.0
以后狗又多了一个品种，加🐶！,0.0
加拿大：我当时害怕极了[哈哈],0.0
美方旗下一条犬,0.0
到底犯了什么罪，一直弄不清,0.0
您真高贵[good]您去美国吧,0.0
华为的名字都很高，有志气，有志向，咱们能理解，外国狗不能理解也正常,0.0
美狗请别用中文！别侮辱我的母语,0.0
无知可怕[doge],0.0
对傻子被卖了还帮着数钱,0.0
别的国家是用行动在抗议[微笑],0.0
这。。一模一样的说辞,0.0
[二哈]你不会还在租房子吧?,0.0
[笑cry]我猜这群人连孟晚舟干了啥都不知道。拿了200月薪操心这亿万身价的人，赞比亚被杀的中国人，都没这待遇，赞比亚市长反华言论的视频，被国内屏蔽了。,0.0
对加拿大制裁一下吧,0.0
然后呢…没了…[哈哈],0.0
伊朗怎么了？尼玛人家不是一个国家吗？你隔壁邻居天天管你家的事，你还恬不知耻的认为自己母亲可能做了什么对不起邻居的事，邻居是对的，你个奇葩,0.0
加犬，澳狗，土狗，印狗，以犬……,0.0
希望加拿大早日被mieguo,2.0
记住这一切，吾辈当自强,2.0
侵犯到我利益了  我为什么不说,0.0
它在叫什么？？,0.0
人家再怎么是🐶你也拿人家没有办法[二哈],0.0
不要在错的道路上越走越远听到没加狗,0.0
canadog,0.0
加拿大那条狗 不要在路边挡着 惹急了吃狗肉,0.0
如果不放孟女士 我更关心中国会怎么做 拭目以待,0.0
突然想到郑强的一句话，谁他妈和你说科学无国界，无国界为什么要打压中国高科技,0.0
不用害怕。我们的背后有一个强大团结的国家,2.0
冯小刚之类的人（贬义）,0.0
离婚问题怎么说？,0.0
新浪为啥不把这种人的号封了，,1.0
至少美国加拿大特区比中国香港特区在执行中央政策方面强太多[吃瓜],0.0
加拿大还是曾经那条狗🐶没有一丝丝改变[二哈][怒],0.0
形容你这种人，只能用bana来形容,0.0
加拿大制造不买～～,0.0
沒错，它们来自大麻犯罪国犯罪集团，按加拿犬司法逻辑！,0.0
你杠着键盘世界大战去……,0.0
快走 快离开我们国家,0.0
是有钱人啊，我有钱我也在世界各地置业。,0.0
只能说个体在政治年轻太无力了，能怎么办？,0.0
你这个点，加的简直是神来之笔,0.0
加拿大制造不买～～,0.0
加拿大当美国的狗当的真积极,0.0
把加拿大使捉了，人质交换[可爱]哈哈说笑[微笑],0.0
最近很多海外，香港的骚操作。,2.0
呵呵，还国家意识，你懂什么叫国家意识吗，粉蛆误国,0.0
美國又想看(美麗的海岸線)，針對干涉他國內政事務，以牙還牙，以眼還眼，以其人之道還治其人之身。乾脆點，把美國海風景區海岸線給炸了，看什麼海岸線，沒得看了!,0.0
李洪元，他是 的粉丝，想想就知道什么样的人,2.0
哈哈你急了。什么嘛，被洗脑成这样还过来劝别人哈哈，好像搞传销的那种哈哈,0.0
不好意思，你的主子根本不把你当人看，甚至不当狗看，摇尾乞怜，换不来一口饭吃，换不来一个尊重,0.0
他是黄皮黑心🖤,0.0
離美國太近[吃瓜]可能怕被打,0.0
只要我们一起努力，我亲爱的祖国啊，您一定会越来越好，谁也别想欺负我们！！[泪],1.0
果然还是加狗，改不了的,0.0
加拿大真美国[微笑],0.0
这是真的吗？可以带我一起试试吗？,0.0
看见所有人都在骂你，我就开心了[嘻嘻],0.0
有钱有权的人[doge],0.0
在国家崛起之时，各行各业的优秀个人和企业，是冲在最前面的，面对各国的虎视眈眈，各种阻碍、恶意和风险，为我们趟出一条崛起复兴之路，而国家，是大家选择义无反顾前行的后盾和底气。,0.0
全家安好吗？嘻嘻[嘻嘻],2.0
我粉你管得着吗？晓得你这条狗多门儿清一样。,2.0
他可能输送很多键盘,0.0
你可一定要一直在海外千万别回来啊,0.0
希望政府有所作为,0.0
给点具体经济，政治上压力,0.0
国家说了八十遍孟是中国公民，你是选择性看不见么[疑问],0.0
说错了吧，应该说加拿大很好的扮演了一条狗的角色,0.0
要一直韬光养晦😂,0.0
[允悲]底气不足，所以强硬不起来。吾辈当自强呀！,2.0
就你懂，看把你能的,0.0
强烈不满、严正交涉、督促……， 每次都是这些词 然后有用得到真正解决？？,0.0
华为一定要不屈不挠，刚住啊，因为身边在华为工作的人都被裁了，深感华为此时的处境确实艰难，希望华为加油！也希望我的朋友能够振作,2.0
孟不也是个资本家？ 🐶咬🐶罢了  你们这帮穷🐶还要护主啊,0.0
蟹蟹！反手一个举报！你一票我一票，恨国蛆下diyu没好报[微笑],0.0
看你头像就知道你是个脑t[赞][微笑],0.0
除了说能有什么实质性措施??[摊手],0.0
说的话就像你的名字一样肮脏，下流，没节操只认姓和钱，就像[doge]一样，有奶就是娘什么样人说出什么样话,0.0
粉红战狼总比白皮走狗强,0.0
妖言惑众的脏东西,0.0
那又怎么样？中国政府能保护自己企业吗？香港是内政还没管好呢。什么时候能跟美国一样不讲理就行了,1.0
加拿大这条哈巴狗不是一般的听话,0.0
加拿大根本不是什么中立国，走狗？,0.0
没犯罪谁敢明目张胆去抓你！而且还500多天。,0.0
公知美狗香蕉人，又出来蹦跶了，哪来的优越感，觉得自己比别人聪明？粉战再怎样，也比你这条🐶强多了！,0.0
你这条大毒蛇是五眼联盟中那个把你养大的？在中华新闻上喷毒？,0.0
可别侮辱狗，狗狗忠诚还有记性，这坨💩可是没有记性，瞬间就忘了中国的援助。它只是一坨散发着恶臭的💩。,0.0
别跟他说那么多：投诉-有害信息-宗教民族问题。,0.0
公知，宁来了？公知宁配吗？,0.0
看你们都在骂狗狗，别侮辱可怜的狗狗了好不.[傻眼],0.0
说得好，也许怕是第二个孙杨吧,0.0
李宏宇我倒觉得被抓的不冤枉[吐]还嫌少了,0.0
世界上有些国家即便经济再发达也不愿改变自己的奴性,0.0
都在发泄情绪，没人关注事情本身吗？关于美国制裁伊朗和涉嫌银行欺诈的事件本身不应该更值得讨论吗,1.0
香蕉人急了？,0.0
外交部说很多遍了，她是中国公民，在加拿大转机的时候被捕,0.0
你这🐶 日的,0.0
扮演？它还用扮演？狗腿子的本色出演,0.0
交涉有用？交涉500多天也没出个结果啊，打！不打不行！,0.0
我们是文明国家OK,2.0
真是条忠犬[微笑],0.0
早就过了韬光养晦的时代[吃瓜]该出手时则出手，狗和主子一起打！[doge],1.0
加拿大的进口产品，以后得仔细考虑买不买啦,0.0
不要侮辱狗，谢谢,0.0
你能你成就超越任家去，不能就闭上你的腚,0.0
好可惜我手里现在没有骨头，好想喂给你哦,0.0
这才是我关心的问题啊啊！[泪],0.0
呵呵，你以为你胜券在握了是吧😁,0.0
分清楚绿卡和国籍,0.0
奉劝加拿大认清局势，继续选择做离经叛道的美国走狗，还是走维护正义的光明大道，不要在错误的道路上越走越远。别低估14亿中国人民的决心！,0.0
看见这么多人骂你我就放心了。,0.0
谁能解释一下，这种“敦促”加拿大会听吗？,0.0
嫌中国赚了他们钱了不乐意了，美加是想逼中国低头打击华为，不想让中国这么发展下去！,0.0
又给华为招黑,0.0
美加这样骚操作，只会让国民更团结，让华为更强大,2.0
严厉谴责加拿大，大家都是华为人！,0.0
反制才能让他们知道事情严重性,0.0
你懂你解决呀,0.0
能不能把之前抓的加拿大两个间谍直接枪毙了？,0.0
一直整不回来，就显得咱们无能了！以后被打压那就是常事了！,0.0
如果不放，中国下一步会怎样[微笑],0.0
我们得拿出办法惩治才行,0.0
你最好永远不要回来了……,0.0
这个人是钓鱼为了增加粉丝的吧。。,0.0
yellow  dog[吐],0.0
就不能伪装跑回国吗,0.0
大早上气死我了，咋滴还想来个500多天？中国企业需要孟这样的人才回来！而不是被上电子脚铐！！,0.0
黄皮白心香蕉人,0.0
现在狗都能打这么一大段话了？,0.0
狗狗多么可爱，不要侮辱狗,0.0
对待走狗的反击要让它永世难忘,0.0
关押还要持续多久啊[悲伤],0.0
这句话去年我就听过了,0.0
无知真多[doge],0.0
打起来派你去前线你去么,0.0
zou dog[二哈],0.0
真小人=加拿大,0.0
1、加拿大有权利，也有义务，并基于事实对于涉嫌犯罪的行为向司法机关举报。 2、如果孟小姐认为他的权益受到了损害，加拿大支持他运用法律武器维护自己的权益，包括起诉加拿大政府。,2.0
怎么还有你这样自以为是的狗，下次再说这样的话请不要说中文，直接用你家主子的鸟语好了！LJ,0.0
我估计加拿大的政府都是美国人,0.0
加麻大[doge],0.0
不要光说，要有行动呀。,0.0
他们会有报应的，美国走狗,0.0
有些人说国家一直光说不做还给对方抗疫物资，抗疫物资这块是出口，这生意不做既不人道也不经济，国家一直有反制措施，像加拿大澳洲这类国家就是不进口一些非必须的商品农作物，所以不关注不了解就别乱说。,0.0
猎枪打狗啊 就算打不到狗放一枪威慑一下啊,0.0
美帝及其走狗、打手不会放过任何打压、羞辱中国的机会，银河号、南海撞机、南联盟使馆被炸直至香港暴乱、中兴、华为被全面深度打压，它们的罪恶罄竹难书！国耻勿忘！吾辈自强！,2.0
不要欺负我们,0.0
哈哈[good],0.0
没有一点独立自主权利的国家，jnd,1.0
要是他🐎的开战，我把米果和加拿犬都给灭了[微笑],0.0
嘴炮，谴责，都把敌方说皮了，别叭叭，直接来实质的,0.0
应该制裁加拿大，不然老是严正交涉没什么用。人家没当回事。对他没有任何影响。,0.0
现在美中俄三国都有实力给世界洗个核澡，你觉得谁敢轻易开战？万一狗急跳墙毁灭世界，到时候大家一起玩完,0.0
一路红，赔率低，去吧兄弟,0.0
我们不懂，我们该有正义和良知，也没拿美分，凭啥要懂?,2.0
生气啊，啥时候能不被欺负了？,0.0
[嘻嘻]昨日连红4黑1，运气不错，今天继来续场 bp801.run  欢关迎注~[可爱],2.0
首先我不是幼稚不成熟什么的，别喷。面对这种无赖一味的退让只会让对方更加得寸进尺，去年就开始所谓的“理智”应对了，换来的呢？对方更加肆无忌惮，和无赖是没有道理可讲的。,2.0
你说尼玛呢，回去问问你爹妈这样说话合不合适。,0.0
中国能不能采取行动制裁，别老是嘴上动动啊！,0.0
行动吧，500多天了，弄不出来人可还行？无语,0.0
挺你兄弟[good],0.0
真是，这是啥呀,0.0
来，给你上个脚镣试试,0.0
必须靠祖国出面对加拿大施加压力，否则加拿大可能会更加变本加厉。,0.0
你呢？不仅少玩点手机做不到，连大是大非少说点丧气话也做不到？不会真以为自己是个人物吧？,0.0
走狗一样的国家,0.0
断了加拿犬的抗疫物资。,2.0
欲加之罪何患无辞！加拿大那个贩毒的罪犯枪毙了？,0.0
虽然国家强大了，也不是说打就打的，因为打仗就得牺牲，试问战士的生命不值钱吗。,2.0
加拿大就是美国的附庸，一个连自己国家安全都依靠别人的国家，怎么可能是站着的。,0.0
缺一点叫加拿大，不缺一点叫加拿犬，就问这一点你是缺德还是不缺德,2.0
打起来吧 抢人了,0.0
昨天闲着无聊，在这〖 be 6 8 6  .tv〗莹了大几干。、菜膘、电子，摆 乐，其牌，打工是不可能打工的，不如播一博，单车变摩托,0.0
有事强烈谴责，坚决抗议，听腻了,0.0
一贯打嘴仗，强硬不起来。也无所谓了[二哈],0.0
哈哈我帮你妈去世好不好？,0.0
快点救回来啊啊,2.0
这就不是法律的事，跟着人家扯什么法律。,1.0
国内叫内政  跟你犯了错你爹妈管你一个道理  要是别人家的孩子犯了错 你爹妈能够自由发挥吗？ 加拿大司法独立总统总理都不能插手 它铁了心站队美国你拿它有个p的办法  拿枪抵它脑袋叫他放人？,0.0
既然变成了美犬、那就把我们忘却已久的打狗棒拿岀来使使,0.0
你又知道国家背后不做努力？？你有能力怎么不去帮一把[打脸],2.0
美国的狗腿子，支持反制,2.0
希望美国疫情战胜你[微笑],0.0
加拿大是你兄弟？要不是看你打的汉字，我都怀疑你的姓氏，上帝视角让你沾沾自喜，殊不知自己是丢了心的死尸，别卖弄你的技巧，走的不是中国特色社会主义道路，却顶着中国公民的头衔，我说你挂羊头卖狗肉你说我跟着洗脑机，噢～你的美国心！skr～,0.0
这样一搞，老任估计要把5g技术直接送给美国了。这中国人谁敢再搞创新？明摆着你搞我就绑架你家人。,0.0
你被西方媒体洗脑了还不自知呢，可怜，总以为自己知道很多，实际上不过是没脑子而已。西方娱乐性政治软化老百姓头脑，可真遇到事儿了，就是命如草芥。你但凡有黄皮肤，你就要小心，祖国有个不好昔年犹太人的命运就是你的！华为是中国的民企之光，这你也能扯阴谋。傻子被人卖了还替人数钱呢。,0.0
不要污蔑我司，他们自己的行为赖我们，太不道德了,0.0
咋了？靠不靠美国跟中国有关系了？,0.0
狗都不算，他顶多算滩没有生命的屎💩 ，狗都认家，他连自己是哪的都不知道，可怜可悲[哈哈],0.0
我觉得你们评论是不是有点侮辱狗了啊[挖鼻],0.0
看到这条新闻我生气的想拿块砖🧱拍上去，中国的款白捐了[微笑],0.0
这楼里有奇怪生物在攻击层主呢，可惜现在的国人没以前容易被忽悠了，请停止你们的表演🤮,0.0
看看评论，央妈果然无所畏惧，你吠任你吠，然后什么来着？,0.0
哈哈，宁是来搞笑的吧，脑袋里装的浆糊,0.0
海外狗就别来这儿秀了吧,2.0
黄皮肤，外国心，你美国爸爸今天还在上映民主每一天，快移民到美国吧，看看下一个被美国警察掐死的是不是你,0.0
海外狗啊，那没事了嗷[笑哈哈],2.0
从中兴的电脑里面发现华为贷款给伊朗,0.0
牲口还是加牲口，看主人眼色而不会看刀已经架在它门口。[摊手],0.0
应该称它为加拿大州,0.0
对付狗的最好方法就打到他服,0.0
不要🐴 的孤儿用啥中文啊?贱不贱啊?,0.0
你这只加🇺🇸🐶还是去美国领狗粮，晚了就没了💣,0.0
[挖鼻]为什么不拘留加拿大在华商人有罪的那种哦🙄,0.0
当初就不应该卖抗疫物资，给他。非是不听啊。自作自受。,2.0
好气哦，你不是白皮,0.0
你什么时候死？,0.0
强烈抗议和不满有用吗？我觉得：国家层面应该拿出切实有效的反制措施。,1.0
高贵的香蕉人,0.0
加拿犬早晚被主人宰杀,0.0
搁着过家家呢？,0.0
要是真打起来，你还能在这放屁？,0.0
吾辈当自强！,2.0
你懂个球！判的不符合你预期就开始乱咬？,2.0
一直强烈谴责呗，还能怎样[允悲]突然发现199年被美国欺负的，现在20年依然被欺负，20年后依然被挨打，唉,0.0
严正交涉了能怎样,0.0
黄皮白心的老狗过来叫嚣？你在海外也蹦哒不了几天了,0.0
别的办法就是干,0.0
真的是，500多天了，他们证据不足，咱们咋滴为啥弄不出来人？这样还要持续多久？,0.0
我从不抵制任何国家的产品，市场经济，优胜劣汰,0.0
送多少东西都喂不熟[二哈],0.0
别在中国侮辱我们的同胞,2.0
大家都在笑你无知呢,0.0
就是，这俩都是美国的狗[白眼]说是狗都侮辱狗了[白眼]他们啥也不是，就知道讨好美国[顶],0.0
我国需要韬光养晦,0.0
你不知道中国的网民很喜欢意yin的么？因为他们生活压力太大了！,0.0
收到短信，visa卡到账，5美分[笑哈哈],0.0
制裁加拿犬吧，说多了没用，最终还得靠“打狗棒”。,0.0
难道开战？理智一点,2.0
警告是没有用的，要制裁,0.0
欲加（拿大）之罪，何患无辞,0.0
加拿大是条好狗！美国好好养啊！迟早咬到自己,0.0
一直都是美国的鹰犬,0.0
看到这么多人喷你，我放心了,0.0
断交吧，反正我也觉得没有机会去的。,0.0
不搞点制裁啥的？,0.0
？呕，令人作呕的发言,0.0
拿着不足100  元  。操心月薪几万 的公主。。,0.0
孟女士的新闻每看一次都心塞！！太难受了[怒],0.0
经济是一个整体，所有的经济后果都会是所有国民承担，不要认为你的行业会相安无事。,0.0
资本走狗[喵喵],0.0
请大家看一下这个博主吧，在家里被强奸殴打，用挂锁活活的砸，两年过去了，罪犯却没什么事，她去了公安局，检查院，扫黑除黑等等部门都没有得到任何帮助。#阳朔女子家中被性侵殴打# （无意占热搜[失望]） ​​,0.0
香港永久居民，香港护照，怎么？香港不属中国？,2.0
中国的孟晚舟抓的完吗？,0.0
那些在这个问题上不跟国家站在一起的人，美其名曰探求事实真相，我就想问问，你想知道什么真相？说了你信么？,1.0
卧槽兄弟，你这话绝了！我真的佩服[赞],0.0
是不是他美爹不知道 肯定是你美爷[笑哈哈],0.0
你知道的可真多嘞,0.0
跟狗叫什么劲呢？直接打狗就好了,0.0
能怎么样呢，谁叫我们的二代甚至三代都在他们国家呢[允悲],0.0
去犬国买房的人该扒一扒了,0.0
你以为事情就你想的那么简单吗？？,0.0
一个国家，甚至几个国家，不要脸的对付个人和企业，任正非无论如何都已经醒了，美国已经彻底输了,0.0
看到都是骂你的，我就放心了,0.0
二鬼子到哪里都没人喜欢，都是要优先处理掉的,0.0
你美爹断航了解下？[笑哈哈],0.0
就你懂，国际军事专家,1.0
我就支持断交怎么了 我又不去加🐶 我也不和加🐶做生意[嘻嘻],2.0
想想疫情期间还到处送医疗物资就来气。为什么不制裁他们！又拿他们没办法,0.0
不好意思明说是狗腿子,0.0
能动手的 绝不动嘴,2.0
"字母➕海外,懂的都懂[笑哈哈]",2.0
一直都在限制本国公民啊 五个一,0.0
加拿犬早已经是美国的附属国，名存实亡了,0.0
Dirty piece of shit,0.0
希望加拿大有事🙏🙏,0.0
加狗已经走了两年了，so ？,0.0
香蕉人给爷爪巴,0.0
法院有底气国家无骨气,2.0
美🐶 说出“不懂国际复杂”就离谱，你把带🔥 都整乐了,1.0
谴责有个屁用，对[二哈]应该抡棒子狠揍[拳头],0.0
毛主席早说了，国家外交只有一句话：实力。,0.0
一个公民在加拿大被羁押了500多天，都没办法，还有脸大放厥词,0.0
建议进行制裁跟抓捕国内加人士,0.0
加🐶 ，你🇺🇸国 爹都那样了，你还想搞点事情？是不是感觉这次疫情快过去了，你开始漂了？当狗可以，但是做事留一线，日后好相见，🇨🇳 爸爸会记住你的所作所为的,0.0
任家厉害呢，可以操作美加,0.0
应该是对外要慎重吧，万一不和，打架可不是闹着玩的，无辜的人也会受到牵连的，一顿骚操作，duang…over了,1.0
能再强硬一些吗 天天严正交涉有什么用啊  这事从发生到现在都一年多了  她还是在外面受罪[泪],0.0
滥用？无稽之谈，支持孟女士运用法律武器维护自己的权益，包括起诉加拿大。,2.0
犬:不是说好我是人类的好朋友嘛？！[二哈],0.0
战狼就战狼，总比你这条狗强,2.0
昨天我滴滴就接送一个加拿大人，我用有道翻译问你他是哪里人，他说加拿大人，我直接去取消订单，不送加拿犬,0.0
自己看驻加大使馆发言内容好吗？不信外交部难道信你的小道消息吗？,0.0
有用吗？从被炸大使馆就是这套说辞,0.0
希望可以制裁加狗,0.0
是美国的狗本性永远不会改的 记住这一点就好了  帮了他能感激就不错了,0.0
国家想办法救人啦[泪],0.0
即使这样也阻挡不了华为前进的步伐，,0.0
我寻思吴亦凡不是加拿大人吗,0.0
即使这样又能如何，既不能跟他们打战，又不能打金融战（米国的世界货币中心地位还没去除）。要不拉拢加拿大呗，但加拿大忌讳米国的各方面碾压，根本不敢跟米国作对，难。,0.0
加拿大做实了就是美国的狗！！,0.0
这首先就是法律问题。,0.0
美利坚合众国加拿大省还真是川普的走狗,0.0
不知楼主是被哪里的洗脑机洗的？真厉害，中国人出国几年就自认为自己是上等人高人一等，看看自己的肤色吧，你再怎么样也是中国人，别对着你的白大人摇尾巴了！,0.0
你这么懂咋还是个键盘上叫唤的升斗小民呢？！,0.0
你为嘛要出国给别人添麻烦，别的国家不安全了又想着回来了？出去的时候怎么没想想怎么都是娘身边最受庇护,0.0
我还年轻，等着加报应的那天。无脑领导人,0.0
赶紧移民去什么都争第一的大国，特别是新冠第一，这样可以去享受新冠病毒的自由！,0.0
加拿大没脑子，没远见，没自由,0.0
吴亦凡这时候站来出来[吃瓜],0.0
就你懂的多，就你最能，就你最像个🐒,0.0
加、美、澳、新西兰是同文同种同胞，英国是宗主国，一个窝里五条毒蛇,2.0
这狗哪来的？,0.0
狗狗，Canda！！,0.0
吴亦凡有被笑到[二哈],0.0
加、澳等所谓国家只是老美的狗而已，根本谈不上独立的国家！！,0.0
这些屁情况不懂的喷子 可能六万块钱得活一年吧^,0.0
加油  中国！！我们当代大学生毅然守护中国,2.0
有用吗，就一张嘴,0.0
法院有底气政府无骨气,0.0
老子是战狼🐺,2.0
都这么久了 交涉的我真的想笑,0.0
都挺不是东西的,0.0
是加麻犬谢谢,2.0
什么时候能看到它们狗咬狗,0.0
救国？搞笑呢吧，让这帮人张张记性，记住中国强大的原因在于中国人都不是好惹的！,2.0
我实话实说而已[偷笑]你咋还开始爆粗口了呢，叫声越大内心越害怕[doge][二哈],0.0
神仙打架，我们这些在下面摇旗呐喊的“小弟”们能帮助老大的也就是照顾家兄弟别给对手送子弹了……,0.0
打倒美帝国主义及其走狗，真是美国狗腿子你还是主权国家不司法外交都能被左右，可怜天堂太远美帝太近，当美国儿子真好替爹当枪使接个烫手山芋，到时被美国卖了人家做个顺水人情你可傻眼，诚心给你和平搞经济等合作共赢你捅刀给脸不要脸[摊手],0.0
