评论内容,predict
看到了巴黎美女,2.0
穿米老鼠就是装少女啊？去看了看你，还真的印证了那句话面相可以看出一个人的恶善。。,0.0
图7 好像李亚鹏,1.0
线雕的忠实拥趸者。,2.0
那么多明星都不美容嘛,0.0
终于又有热乎的菲可以看看了 菲迷可真是太难了,2.0
这是十四岁？,2.0
王菲好好看啊！！,2.0
嫣儿生日快乐！每一个孩子，都是降临人间的天使[抱抱],2.0
王菲看着还挺年轻的,2.0
图九那个小女生真好看,2.0
有没有发现李嫣手机壳是王菲表情包哈哈,1.0
朋友美容院里她是会员,2.0
别人的14岁,1.0
这水军请的尴尬不尴尬,0.0
说她医美，可是她离婚前显得苍老点，离婚后反而越来越年轻，因为爱情吧,0.0
虽然我不太喜欢王菲但是这皮肤这状态绝了，还有李嫣的腿[赞],2.0
有钱人没生活烦恼脸上皱纹就少，加上每年的皮肤护理花费也是惊人的[二哈],0.0
真的是天后，天下无双的王菲，什么岁数了还这么有气质，百看不腻。,2.0
感觉是18岁了[允悲][挖鼻],0.0
太美了吧，一边吃着不要钱的布丁一边看女神。 http://t.cn/A62xQNRH,2.0
岁月从不败美人[允悲],2.0
岁月从不败美人[污],2.0
王菲的衣服好好看！当然也可能是因为穿在她身上哈哈,1.0
50岁了穿个米奇T恤都那么可爱。[悲伤],2.0
真的好美，羡慕,2.0
妈妈给女儿过生日，居然上热搜[汗],0.0
还是喜欢王菲大气的美,2.0
所以说李嫣十四岁染发就没有被骂，为什么多多染发就一直被骂还上热搜.. 真的不是很理解,0.0
看起来本来就很少女啊，可能比你看着年轻,0.0
嫣儿这大长腿,2.0
我咋感觉这个14岁和我差不多,0.0
旁边是巴黎吗,2.0
手机壳好个性,2.0
自信是最美的。,2.0
李嫣气质好赞,2.0
说二三十我都信,2.0
她小姐妹好漂亮哦,2.0
种草了 http://t.cn/A62xHYq5,-1.0
图9小姐妹也好好看[羞嗒嗒],2.0
最后一张图的巴黎好美啊,2.0
王菲大眼睛，又高又瘦，还特别会穿衣服，皮肤白，注定了怎么样都好看,2.0
李嫣闺蜜周子玄,1.0
别人的14岁[微笑],1.0
他是那个和周巴黎玩得好那位？,2.0
她的女儿好丑,0.0
我的天 她怎么这么好看 越活越年轻啊,2.0
[允悲][心]太难了。,1.0
太漂亮了，女神，你咋不老的,2.0
才14岁，这也太早熟了吧[允悲],0.0
p9李嫣闺蜜好好看啊,1.0
支持搞黄新浪！,2.0
王菲还是适合谢霆锋的jz[允悲],1.0
新浪要多一点你这样的评论就好啦,1.0
王菲好漂亮啊,2.0
周巴黎周子玄 李嫣的好闺蜜,2.0
对，感觉一直都超级年轻哎,2.0
嗯嗯？才14嘛！！妹妹才14嘛！！,2.0
关你屁事 酸出屏幕了,0.0
看着怎么那么像姐妹吧[吃瓜]包养得也太好了吧#王菲为李嫣庆14岁生日# ,2.0
瞅瞅人家14岁[摊手],0.0
终于翻到和我想法一样的了！！,2.0
这看起来哪有14岁孩子的样子，看起来好老啊,2.0
菲姐看着好年轻啊,2.0
太好看了吧(｡･ω･｡)ﾉ♡,2.0
14岁？黄发，红酒，场所,2.0
老王太好看了！！,2.0
五十多岁了状态还这么好[鼓掌],2.0
这是14岁的崽儿！？,2.0
别人的14岁[二哈],0.0
爱情才是最高级的保养品,2.0
不老啊[泪],2.0
右边的是谁呀,1.0
王菲倒是越来越知性女儿恐怕不是李亚鹏要的款吧,0.0
晕了 好他妈漂亮,2.0
王菲也太美了吧..,2.0
王菲很好看哦,2.0
状态超格啊～天啊～女儿的气场也是绝了～遗传太强大～,0.0
李嫣的嘴怎么不去整整，觉得她从小就是爱美的小姑娘，即使整容变更好看了大家也会支持的,2.0
手机壳：跟你有什么关系，跟我有什么关系，跟他们也没什么关系呀[二哈],1.0
人家念国际学校,2.0
其实不管有没有打针整容，一个人的眼神是整不了的，年龄再大她的眼神还是那么年轻纯净美好,2.0
心态年轻比什么都重要，不像有些人人还没老心已经跟七老八十的差不多了,2.0
"我喜欢这件紫色T恤,有链接吗[嘻嘻]",2.0
巴黎也太太好看了!!,2.0
只有我看到了图九中左下角女孩了么？,2.0
女儿的小姐妹也好漂亮啊[污],2.0
我菲姐是真美人啊！,2.0
李亚鹏:今晚留下，好久没交作业了。[笑cry],1.0
王菲实在是太漂亮了吧，快618了有姐妹一起做功课的吗 http://t.cn/A62xYrH7,-1.0
李嫣的14岁可真酷,2.0
虽然我穷这个我可以！,2.0
王菲不会老嘛！,1.0
李嫣都14了……时间真的好快,0.0
我之前室友也和我说过，但是也一直没有在意，后悔了,2.0
靠手速抢！真的需要一个内部群,2.0
这个是真的姐妹，我之前室友天天在撸还不告诉我,2.0
虽然我穷这个我可以！,2.0
哪个是母亲，哪个是女儿[疑问][笑cry],1.0
真的，蹲点抢就可以，我抢到过很多,0.0
想知道p9嫣嫣旁边的姐妹是谁,1.0
你的怎么这么便宜，我双十一买的都没有你这便宜,1.0
老婆真美 宝嫣的大长腿儿[羞嗒嗒],2.0
14??我以为起码16,1.0
女神永远都是女神！,2.0
她的小姐妹好漂亮,2.0
不就是撸货吗？这很正常,2.0
不愁吃不愁穿，没有生活压力,0.0
求方法 一起蹲好嘛 姐妹,2.0
以前还以为是假的，直到自己买到了,1.0
这是破坏规则，快删掉。,1.0
下次有活动也带上我吧我100多买的同款,1.0
姐妹们别进群，会沉迷捡漏无法自拔的！,2.0
简直是我这个学生党的福利,2.0
哈哈，母女俩都好漂亮，神仙颜值有没有,2.0
怎么保养的！！,2.0
李嫣旁边是周巴黎吧？哈哈,2.0
看到周巴黎了,2.0
看到周巴黎了哈哈,2.0
好了我要去买手机壳了,2.0
我菲真的是越活越年轻了～～[污]怎么肥四这个人～[色][舔屏],2.0
图9有个妹妹好漂亮啊,2.0
居然长这么大了，越长越美丽,2.0
怎么感觉天后的女儿都没遗传到天后的天生丽质[允悲],0.0
转眼李嫣也14了，真是时光如梭呐,2.0
王菲越来越年轻哦,2.0
真不至于几百万,2.0
果然年轻的都扮成熟，成熟的穿年轻,2.0
旁边是周巴黎？,2.0
她女儿长得 真丑,0.0
我就想知道李嫣旁边的好朋友是谁？,1.0
我的天王菲好年轻[费解],0.0
确定只有14岁？？,2.0
喜欢王菲和窦靖童，李嫣，爱不起来[黑线],0.0
这母女俩的气质真的太绝了[心],2.0
B……好……麻……aa,2.0
才14岁 看着快赶上她妈了,2.0
王菲明明比我大三十岁，我怎么感觉她皮肤状态比我还好[疑问]这状态怎么保持的[跪了],2.0
好像李亚鹏啊 http://t.cn/A62xji7X,1.0
您家住海边？管得真宽，人穿什么和你有关系吗？[黑线][摊手][费解],0.0
您酸什么呢？？,2.0
要是我14岁染着发，穿成这样，我爸妈非打断我的腿，老师绝不会让我进校门的。,2.0
未成年人能饮酒吗,0.0
王菲姐太好看了,2.0
王菲的状态绝了。。我的天 有的人真的是越活越年轻,2.0
李嫣衣品很好!有气质,2.0
忽然发现王菲和李嫣眼睛很像,1.0
女儿腿真的好看,0.0
瞅瞅人家的十四岁，哎，，,2.0
菲姐最美[爱你],2.0
我的关注点在这个紫色T恤好好看[允悲],1.0
还穿米老鼠，装少女，恶心！,0.0
图9左边姑娘是谁,1.0
菲姐，状态好好啊，好年轻,2.0
跟李亚鹏一摸一样[二哈],0.0
心态好，生活幸福就这样哈哈,0.0
比我年长27岁  但是看着比我还小  这是什么奇迹呀,2.0
瘦瘦，[心],2.0
保养的太好了,2.0
手机壳，名场面,2.0
真的很漂亮哦[可爱],2.0
14岁好成熟，我还以为[允悲],1.0
哇也太好了吧 14岁可以染发[悲伤]我14岁在家补作业到哭,2.0
王菲真的太年轻了,2.0
[泪]怎么可以这么美,2.0
想到的只有一句，岁月不败美人,2.0
唉，她爸真的太丑了，她又偏偏像她爸，哪怕有一点像王菲，都会比现在好看很多,0.0
偶尔听到你的消息，偶尔能够看到你，挺好的。,2.0
苹果用着香吗？,2.0
王菲，我的不老女神[米奇比心],2.0
祝福，希望她们开心，别来微博玩了，太杂乱,2.0
旁边那个女孩子好像是巴黎耶,1.0
生日快乐姐姐,2.0
别说她这个年纪了 现在二三十岁定期往美容院跑是很正常的事情吖,0.0
美颜相机越来越牛逼了啊,0.0
⊙∀⊙！这么多年了李嫣还只有14岁？？,2.0
你怎么不老呢？？,2.0
好喜欢王菲的状态,2.0
真的是太喜欢王菲，仙气飘飘,2.0
另一个妹纸是谁？很漂亮啊,2.0
面由心生，心态好的不容易老[并不简单],2.0
好的马上来！[嘻嘻],2.0
别人的14岁..我都十八了还没别人的十四岁成熟..,0.0
keep得几好,2.0
气质太好了[赞],2.0
她在我朋友的朋友美容院会员,2.0
啊，我的十四岁[二哈],0.0
图三后面是李亚鹏吗,1.0
美颜相机很强大，了解一下,0.0
这个兔唇，能治的和平常人一样吗,2.0
有谢霆锋滋润啊,2.0
Paris蛮好看,2.0
别人家孩子的14岁～,1.0
李亚鹏一家子要怎么感谢王菲都不够，如果不是王菲的坚持，李嫣就生不下来。,1.0
希林娜衣高和李嫣长得好像！,1.0
14岁染头发！？？,0.0
不老的啊！！[酸] http://t.cn/A62Ij7sw,-1.0
14岁那么成熟,0.0
绝了王菲，你真是不老啊,2.0
卧槽她十四岁了?我感觉我是看着她出生的[笑cry],2.0
T恤哪里买的？,2.0
女神真的冻龄了！,2.0
关键是感觉这是素颜啊，也太美了,2.0
不老的啊！[酸],2.0
这个年纪心态年轻，再加上保养自然美美哒,2.0
旁边是小苹果吗,1.0
李嫣生日快乐！好美一个姐姐#王菲为李嫣庆14岁生日#,2.0
人家搞双修的啊 那可是能保容颜不老[感冒],2.0
才14吗，羡慕,2.0
她那个朋友是整了[费解][二哈]鼻子👃嘴,0.0
真的太年轻了,2.0
无琐事烦心才能如此,1.0
14岁就这么成熟了,0.0
14……真成熟,0.0
这…14岁[拜拜],2.0
我们家菲姐是越来越美了，哪像2个孩子的妈呢,2.0
我菲好美[爱你],2.0
真的晚上9点睡觉？,2.0
聚会喝的什么酒啊[思考],2.0
窦靖童是谁女儿,0.0
才14吗？？,2.0
啊啊我的阿菲,2.0
哈？你是她邻居？？,2.0
王菲年轻的时侯真的很绝,2.0
她真的气质挂！,2.0
王菲50岁了怎么看起来比我23岁还年轻[允悲],1.0
这么成熟嘛[二哈],0.0
有什么好看的,2.0
最后一个图里的妹妹是谁 好漂亮,2.0
这小女孩好看了很多呀,0.0
衣服有谁知道咋买,0.0
女儿像爸爸[可爱],2.0
#王菲为李嫣庆14岁生日# 王菲是仙女啊！小女儿14了，自己还是“少女”状态[心]这也没谁了吧[good] ,2.0
这打扮的哪里像14岁，不得不说有钱人家的千金是不太一样，说不出来的一种感觉,0.0
呃 打针p图不就好了,2.0
旁边的女孩是哪个啊，太好看了吧！,2.0
有人注意到嫣儿和她朋友的手机壳是王菲吗[笑cry],1.0
第三张照片放大，后面那个男的，是李亚鹏吗？[吃瓜],1.0
我比较关心王菲怎么这么年轻看起来,2.0
王菲状态真好啊，越来越年轻,2.0
14岁好成熟啊,0.0
我的天 王菲好好看,2.0
几百万倒不至于 不过确实是挺贵的医美,1.0
我想要王菲的同款米奇T恤 太好看了,2.0
大长腿啊……,2.0
周巴黎好好看,2.0
我看着也像巴黎 指路,2.0
明星的孩子吧 可能都这样[并不简单],0.0
周巴黎好好看,2.0
愿闻其详 她怎么了[费解]是哪一点不对你的眼了[疑问],0.0
也许不在国内,2.0
旁边是周巴黎吗,2.0
王菲吃啥了？一点都不会老,1.0
这孩子才14岁？太成熟了，之前美妆购物各种新闻，我以为今年该18了呢！普通人家孩子如果这样，父母不愁死,2.0
王菲这颜太可了吧,2.0
图九左边是谁 好漂亮,2.0
李嫣才14岁[允悲],1.0
为什么能用ins，国内的网路不是不支持么？,2.0
真好，天后越来越美,0.0
我老了 我爱豆都不老[doge],1.0
菲姐可算露面了，还那么年轻漂亮[爱你],2.0
还是咖啡时间的柠檬红茶 我至今有照片,0.0
是有巴黎吗[doge],2.0
李嫣这个发色好好看！,2.0
那她旁边的那个人怎么比她老,1.0
我非常的迷惑，李嫣才14岁 这打扮是不是有点成熟了,1.0
图八的那双腿我羡慕了[酸],2.0
菲姐越活越年轻了吧……状态好好[跪了],2.0
菲姐太美了，图九坐着的妹子是谁？好漂亮！,2.0
每次看见这个发色 这个长度 我以为是mmq,-1.0
嫣儿越大越有范儿,2.0
14岁穿的像个24岁的,2.0
李亚鹏的基因太强大了[允悲]，王菲的两个女儿长相都比较像男方,0.0
这姑娘才14？,2.0
修图谁会不美嘛，这帮傻子[允悲],1.0
14岁好成熟啊[允悲],0.0
女神还是女神。,2.0
手机壳是亮点！菲姐绝佳的气质 个性  审美也只有嫣儿跟得上。[鲜花],2.0
媒体有病吧 放个屁也能上热搜,0.0
妈比闺女还年轻。,2.0
人家谈恋爱呢……,2.0
第二张第三张合影的是谁,2.0
眼睛里有光~[酷],0.0
这个年纪连法令纹都没有,1.0
我还以为他得十七八了呢,1.0
卧槽？？这是什么神仙价,2.0
太棒了天啊姐妹,2.0
你说出来大家都难抢有意思吗？,1.0
你说出来大家都难抢有意思吗？,1.0
51岁的菲……顺带我想要那个手机壳[嘻嘻],2.0
靠手速抢！真的需要一个内部群,2.0
最羡慕菲姐的是和两个孩子感情都很好，与前夫关系也不是老死不相往来,2.0
简直是我这个学生党的福利,2.0
哈哈我也看到了！菲姐真的看起来好温暖55,2.0
不就是撸货吗？这很正常,2.0
求方法教我把,2.0
这是破坏规则，快删掉。,1.0
不就是撸货吗？这很正常,2.0
第一次见可怕,0.0
居然14岁了，果然别人家的孩子大得快,1.0
第一次见可怕,0.0
我买了好贵呢,2.0
太棒了天啊姐妹,2.0
下次有活动也带上我吧  我100多买的同款,1.0
我也要撸！天啊加油,2.0
赞你给方法吗？,2.0
卧槽？？这是什么神仙价,2.0
别人的14岁[二哈],0.0
还是旗舰店的厉害,0.0
我也要进群！！,2.0
虽然我穷这个我可以！,2.0
你微博有教程看到了,2.0
简直是我这个学生党的福利,2.0
是你微博教程吗,0.0
求方法 一起蹲好嘛 姐妹,2.0
这个是真的姐妹，我之前室友天天在撸还不告诉我,2.0
#王菲为李嫣庆14岁生日# 生日快乐！,2.0
看你微博找找去,2.0
我比较关心这个美女是谁[哈哈] http://t.cn/A62xppHu,-1.0
绝了  哪里蹲求带,2.0
真的么，在哪儿,2.0
有没有群拉我,0.0
这个也太年轻了吧,2.0
真的，蹲点抢就可以，我抢到过很多,0.0
看到了周巴黎,2.0
每晚九点睡觉，一般人做不到,1.0
王菲真的太好看了😭 ,2.0
还真有这样的群,2.0
王菲为何永远不老,2.0
靠手速抢！真的需要一个内部群,2.0
什么时候的神车，我怎么没有看到,1.0
你的怎么这么便宜，我双十一买的都没有你这便宜,1.0
以前还以为是假的，直到自己买到了,1.0
状态真的好赞啊 好美啊[色],2.0
以前还以为是假的，直到自己买到了,1.0
菲菲好好看[憧憬],2.0
她女儿腿也太好看了吧,0.0
菲姐图2眼眶有些微红,2.0
耦合色可真好看,2.0
我真的好羡慕她的自信，感觉自信的人可以加倍的好看！,2.0
这个是真的！我在群里买到了！！,2.0
教教孩子吧，一直想学,2.0
我也要进群！！,2.0
她朋友的双眼皮是只开了一只吗 ？[喵喵],2.0
王菲太太少女了吧…,0.0
哈哈 李嫣这个手机壳我需要一个。“跟你有什么关系啊”,1.0
这个是真的！我在群里买到了！！,2.0
哇，李嫣都这么大啦,2.0
姐妹们别进群，会沉迷捡漏无法自拔的！,2.0
是真的，库克都找他进货,2.0
王菲看起来这么年轻！！,2.0
这姑娘才14岁啊,2.0
大长腿[太开心],2.0
这个是真的姐妹，我之前室友天天在撸还不告诉我,2.0
妈呀，她才14岁吗？？,1.0
她居然才14岁,2.0
14像24的,2.0
感觉李嫣越来越漂亮了呢，不过不像14岁的装扮,2.0
平时表情丰富的人，以后就会显老,0.0
总之，有女儿是件幸福的事❤️#李嫣# ,0.0
衣服可爱ớ ₃ờ,2.0
王菲也太美了！他女儿也太幸福了。！有钱太好了！！,2.0
王菲也太美了！他女儿也太幸福了。！有钱太好了！！,2.0
在爱里长大的孩子[心],2.0
有新鲜的菲菲就很快乐呀哈哈,2.0
明星的娃和普通人家的娃到底不一样,0.0
太年轻了吧！我以为紫色衣服是李嫣还想着怎么跟她妈妈长那么像,2.0
为什么谢霆锋不在？,2.0
还是有味道的,2.0
#王菲为李嫣庆14岁生日# 生日快乐！[蛋糕]这个阳光，自信的少女，真的太喜欢你身上的气场啦，[赞啊],2.0
我儿子13岁还跟小孩一样，女孩成熟要比男孩早吧,0.0
这个怎么买呀,2.0
看了热搜果断淘宝买了手机壳[允悲],1.0
圖三李亞鵬在對面，王菲到底是怎麼處理的關係這麼好的，真🐮,0.0
等阿菲上热搜整天需要这种方式[笑cry],1.0
虽然可能明星们都在医美保持青春，但是王菲这个太自然了吧，而且特别舒服好看！,2.0
将军枯骨无人知，戏子家事天下闻,0.0
已经冲到了哈哈 某宝second19姐妹冲,2.0
王菲也是吃了防腐剂吗,2.0
某宝second19都出了  安排[doge],1.0
心态好，懂无常，不为俗事挂心。还有就是晚上九点睡觉。反正我都做不到……[二哈],1.0
这尼玛14岁,2.0
王菲也是个奇女子啊,2.0
王菲这状态也太好了吧！！,2.0
时间过得好快啊，李嫣都14了，印象中还是个七八岁的孩子,2.0
14岁挺成熟的了,0.0
说实在她女儿有点fzl 别喷我,0.0
14岁？这么显成熟,0.0
医美了解一下,1.0
菲还是那么好看[舔屏]李老师生日快乐哦🎂,2.0
这姑娘都这么大了,2.0
这么多年感觉没有变，还是那么美,2.0
最近的评论怎么了？渣浪出来挨打吧！,1.0
嗯，图七是李亚鹏的咖啡店,2.0
王菲的女儿14岁染头发就不成熟了？为什么差别对待 想当初多多被骂的那么惨,0.0
这个小腿是真实存在的吗,2.0
果然气质这东西是天生的[允悲],0.0
姐妹们，这是真的啊，和那些离谱手机不一样！！你可以去那蹲蹲你就知道了，这个车厘子也是非常好的价格[爱你] http://t.cn/A62xCMOf,1.0
实话实说嫣儿的气质我贼喜欢[憧憬],2.0
除了李亚鹏，感觉他们一家活的爱谁谁[摊手],2.0
又带货……就问那米老鼠的衣服啥牌子……,1.0
什么？她才14吗？,2.0
这个女人太漂亮啦,2.0
她才14岁，感觉她离开妈妈很久了，成熟很久了,2.0
李嫣旁边的是井冈山的女儿吗 好漂亮,2.0
那是什么[吃惊],2.0
李嫣现在挺好看的,0.0
王天后越活越年轻[舔屏],2.0
有钱人的保养！,2.0
嘴巴还是好明显,0.0
李亚鹏的基因真的不咋滴,2.0
王菲近看还有点像俞飞鸿,1.0
14岁？看着比妈妈还老？,2.0
我以为18岁,1.0
hualuoyingshi.top 这个可以免费看电影,2.0
生图状态太好了吧,2.0
怎么觉得妈妈比女儿年轻[允悲],0.0
这个是李亚鹏开的那个餐厅～很多艺人会在那边办生日派对，真的很适合环境不错,2.0
另外那个小妹妹是谁啊？也好好看啊！,2.0
啊我爱的女人,2.0
看见的是忧伤和不负责任,0.0
嫣儿越来越漂亮了，加油,2.0
那件衣服我好像有件童装哈哈,1.0
菲女神好美！！,2.0
她怎么越来越好看[酸],0.0
菲还是那么美阿…,2.0
周子玄也叫周巴黎,2.0
宝贝，看到你了🙈🙈,2.0
14岁就喝酒？,2.0
只是14岁生日而已也能上个热搜[微笑],0.0
李嫣还是像李亚鹏多一些,2.0
50岁这气质和年轻时的才华是你这俗人能懂的[doge][偷乐],2.0
生日快乐 嫣～,2.0
图二图三是谁,2.0
#王菲为李嫣庆14岁生日# 女神还是那么美,2.0
好想要嫣儿的手机壳[鲜花],2.0
始乱终弃，搞不懂喜欢她的人三观何在,2.0
天价童颜针了解一下,1.0
王菲真的好漂亮呀[心]不是冻龄，是逆龄[鲜花],2.0
菲菲呐[给你小心心],0.0
自己的女儿都不，，她和谢霆锋也是自在,0.0
啊天哪 她怎么了这么年轻[允悲],1.0
王菲少女感绝了！,0.0
9图左下角那女生太美了，我看了好多遍[坏笑],2.0
不知道为什么，好喜欢王菲,2.0
菲姐真的太美了,2.0
阿菲太美了[污],2.0
我菲是吃了什么仙丹[吃瓜],1.0
既然想要王菲短袖,2.0
这是14岁？？这也太。。美丽了叭？？！！比我零食价格还美丽[污]评论底下那些手机就离谱 http://t.cn/A62xKErx,1.0
哦！这位就是06年上缙云山请李一道长转过胎的那孩子，一晃儿长这么大了。,2.0
状态太好了吧,2.0
谁是妈妈？谁是女儿？傻傻分不清楚,0.0
你这行啊  没少整啊,2.0
嘴巴手术做不了吗。,0.0
哎呦  好巧啊  我也在这玩  昨天刚买了一套冠军限定[/cp],0.0
我看成了王耀庆[困],2.0
"忙碌的工作很累，烦恼使人狼狈，压力实在疲惫,尝试吓栽！  〖 bp680.net 〗 王者荣耀、英雄联盟、dota、彩缥、电子、佰佳樂。你会发现快乐来的好干脆，生活也变  得有滋有味。",-1.0
图四好像周扬青,1.0
她女儿长大后总是气质出众,0.0
菲姐眼睛好清澈,2.0
对啊 真的是越活越年轻啦 菲姐永远18岁吖 拥有年轻永远不变~ 美少女一个 女儿也好美啊啊[好喜欢],2.0
我好像看见了巴黎,1.0
王菲状态太好了,2.0
马的眼睛做坏了哈哈,0.0
这个女人太厉害了,0.0
哇[色]我菲这件衣服想立刻拥有同款。,1.0
都是他带的. ，主要是这张券，加上本身有点满减，就是这个价格了，实在话，特别难抢，还好他线报速度快！特别感谢他,0.0
可惜了王菲的颜值，生的两个女儿都不像妈[允悲],1.0
这是破坏规则，快删掉。,1.0
简直是我这个学生党的福利,2.0
我之前室友也和我说过，但是也一直没有在意，后悔了,2.0
姐妹们别进群，会沉迷捡漏无法自拔的！,2.0
这个是真的姐妹，我之前室友天天在撸还不告诉我,2.0
虽然我穷这个我可以！,2.0
真的，蹲点抢就可以，我抢到过很多,0.0
这是破坏规则，快删掉。,1.0
不就是撸货吗？这很正常,2.0
你的怎么这么便宜，我双十一买的都没有你这便宜,1.0
以前还以为是假的，直到自己买到了,1.0
皮肤状态也太好了吧,2.0
你说出来大家都难抢有意思吗？,1.0
求方法 一起蹲好嘛 姐妹,2.0
靠手速抢！真的需要一个内部群,2.0
我天啊，王菲的眼睛太清澈了！,2.0
顶级富二代　周巴黎,2.0
我菲状态太好了[憧憬],2.0
吓死我了，没看后面的，以为第二第三张黑色衣服是她女儿，还说怎么这么老[允悲],1.0
感觉王菲像女儿，她女儿像妈妈[笑cry],0.0
下次有活动也带上我吧我100多买的同款,1.0
王菲的状态，绝了；李嫣的长腿，绝了。,2.0
为啥李嫣比王菲看起来还老（……）,0.0
阿菲啊  你怎么那么年轻小女孩的感觉  我好喜欢[心],2.0
最后一张图李嫣的朋友是谁啊 好好看哦[允悲],1.0
我觉得李嫣甚至比王菲大……,1.0
P9左边周巴黎吗,1.0
就这？大长腿？,2.0
她朋友好好看 有点像程潇[笑cry],2.0
我看到热搜的第一反应，才14岁？,2.0
老王简直了！！亲姐妹？？[可怜],1.0
王菲是真的好好看啊,2.0
别人的14岁,1.0
要是我妈允许我十四岁染头发就好了[允悲],0.0
[好爱哦][蛋糕],2.0
我怀疑我和王菲的年龄调换了，怎么那么年轻[泪],2.0
她女儿十四岁？？看着好成熟,0.0
这孩子是长得越来越像王大治了[doge],0.0
图四、图八好有范👍👍,2.0
你眼睛脑子都应该治治,0.0
说实话王菲真的好看漂亮美,2.0
现在14岁孩子都这么成熟啦,0.0
姑娘才14岁啊  还以为18了,1.0
幸亏出生在有钱人家了，如果出生在普通家庭，肯定自卑死了，不用和我杠，事实就是如此,1.0
王菲也太美了,2.0
想要同款手机壳 菲菲真好看,2.0
哈？我俩一天,0.0
巴黎好好看啊,2.0
这tm20岁？,2.0
王菲的这件衣服不会是优衣库的吧，几十块钱的衣服,1.0
另外一个女孩是周巴黎吗,2.0
看起来只有30岁,2.0
#王菲为李嫣庆14岁生日#李嫣越长大越美，王菲俩母子同框真的是像俩姐妹，越活越年轻[可爱],2.0
菲菲真绝！！,2.0
小姑娘其实挺好看的呀,2.0
王菲姐姐好美啊，冷艳脱俗,2.0
王菲女神气质这一块拿捏的稳稳当当,2.0
菲姐在婚姻上的情况不予置评，各自有各自的想法。总觉得她在和小孩儿的相处上都是和小孩当朋友处的感觉，这样挺好的,1.0
我的这乖乖 这只剩腿啦 http://t.cn/A62xSE4e,-1.0
天 他女儿才14岁[笑cry],0.0
菲还是这么美[好喜欢],2.0
14岁的孩子头发就染成了金色？[蛋糕],2.0
王菲到底是有多少个女儿呀,0.0
少女菲[爱你],0.0
逆生长，怪不得谢霆锋爱的死去活来的,0.0
这状态[爱你],2.0
14岁？！看起来像24,2.0
王菲真的是触碰不到的女神,2.0
为女儿庆祝生日不是应该的吗，这也要上热搜，现在的热搜真是,0.0
李嫣好朋友  家里也很有钱,2.0
说24我也信,2.0
菲真的好美好年轻活力,2.0
人家的14岁和我的14岁[酸],2.0
哇哇菲姐太年轻了！！还要李嫣也越来越美了！！好会打扮超洋气哒[太开心][哈哈],0.0
喜欢不老女神[爱你],2.0
菲姐眼神真明亮,2.0
我们14岁的时候可能也就是穿着多啦a梦在吃下午茶吧,0.0
一辈子很短，王菲活的很精彩，何必在意别人的看法,1.0
98年的我白活了,2.0
怎么这么好看这么年轻啊,2.0
王菲真的 好可爱好美[泪],2.0
王菲是真漂亮,2.0
为什么觉得她有些像希林娜依高,1.0
都是他带的. ，主要是这张券，加上本身有点满减，就是这个价格了，实在话，特别难抢，还好他线报速度快！特别感谢他,0.0
求原图啊姐妹,2.0
谁是女儿啊！！太年轻了吧,0.0
14岁好成熟啊！！,0.0
王妃挺好看的 女儿真是一个比一个……,2.0
旁边这个女生是谁呀,1.0
王菲气色好好啊啊,2.0
她女儿的年龄给她妈了吧 十四岁这么成熟？,0.0
王菲怎么感觉比李嫣还清纯[doge],0.0
菲姐是不是要出新专了啊，不然怎么会这么高调,0.0
受不了 太美了 菲菲越来越少女了,0.0
孩子这体型啊随妈了,2.0
有必要上热搜吗[疑问],1.0
这是姐妹吧，哪是母女啊,2.0
菲姐医美真的做的好好！！效果杠杠的,2.0
超好看的我菲,2.0
菲姐真逆生长啊,2.0
我给我妈看猜她几岁 她说三十六七吧 😂,2.0
这么便宜啊？！损失了一个亿,2.0
我也要买！！,2.0
这是昨天的了。我也买到了。,1.0
姐妹带带我能进群吗？,2.0
天，菲牙齿太白了🥱,2.0
李嫣都14了啊,2.0
图片评论 http://t.cn/A62xaaiM,1.0
欧，巴黎！！[求关注],1.0
几个女儿个个叛逆,0.0
周巴黎真好看！,2.0
李嫣才14啊,2.0
我和王菲一样都有两个女儿🎀🎀☺️,0.0
wf412是真滴吗,2.0
哇哦呀呦呦[给你小心心],0.0
姐妹带带我能进群吗？,2.0
我也要买！！,2.0
王菲真的不老女神啊,2.0
好像诸葛大力！！,1.0
第四张好帅啊,2.0
啊啊，姐妹我要跟你一起捡漏,2.0
这是昨天的了。我也买到了。,1.0
明星的孩子果然早熟,0.0
姐妹，你太厉害了吧！,2.0
怎么买到的，这价格真便宜,2.0
图片评论 http://t.cn/A62xawnL,1.0
王菲真的好看,2.0
怎么做到的，在线等教程,0.0
能带我吗?怎么买到神价,2.0
什么时候的神车，我怎么没有看到,1.0
激动的我一晚上没睡好[笑cry],0.0
这是真的，我昨天群里也买到了,0.0
看着真的年轻！,2.0
带带弟弟进群买,2.0
哇塞妹妹好好看 啊,2.0
怎么买，可以教我吗？,2.0
你的怎么这么便宜，我双十一买的都没有你这便宜,1.0
好便宜呀，姐妹,2.0
怎么买到的，这价格绝了！！,2.0
这件t好好看啊！#王菲# ,2.0
好酸啊，吃柠檬了,2.0
求方法，怎么跟你一样买到那么便宜,2.0
这是真的，我昨天也在群里买到了，感谢姐妹,2.0
这14岁长的跟30一样,2.0
这么便宜啊？！损失了一个亿,2.0
姐妹太厉害了吧。我的天！！,2.0
带带我这穷苦的大学生吧,2.0
在线等， 带带我,0.0
怎么买到的，这价格绝了！！,2.0
本来挺好的一个歌手，哈哈。,0.0
我的妈呀 现在已经长大了 时间真的是不饶人啊[泪],0.0
时间过得好快，李嫣大姑娘了,0.0
感觉她活的可能挺幸福的…而且脸型抗老,0.0
"20开年绿帽，老实人领证婚前发现自己是'最绿接盘侠' , 搜出一堆老婆之前在会所上班的不雅照片和视频 , 疑似被tou拍!查出十几部在jiu店被偷拍的影片，想知道你的爱人有没有背着你做些什么吗？偷拍的视频都会出现在网上，通过图片识别就可以找到，快点wo头像去试试吧。",1.0
恋爱让人美丽🍋,1.0
真抗老，我到她这个岁数能达到她一半，我都能半夜笑醒,1.0
14岁打扮成24岁了,2.0
粉丝：王菲，好漂亮！王菲：都一把年纪了，还漂亮什么！[允悲],0.0
人家就是生的好,2.0
14岁就染头发,0.0
母女二人看起来非常亲密？什么虎狼之词。,2.0
姐妹们别信私‬我了[允悲]！我也是 首页看到的  店铺卷➕折扣很容易，有时候存库‬多可随以‬便买的，我也抄是‬他的作业，一有漏洞他就马上通知！,1.0
真 zoom,2.0
以前还以为是假的，直到自己买到了,1.0
我天，王菲太好看了吧，喜欢,2.0
这天后都不老的吗,0.0
状态真好[抱抱],2.0
兔唇这么难治吗，感觉还有影响,0.0
瞳孔没法整容，王菲眼睛里的光泽和灵动不会随着时间消失，佩服！,0.0
同款已get,1.0
不老女神[心]容颜取决心态，气场取决自信[加油],2.0
嗯起码女儿男友两头顾，不错,0.0
14岁？头发真黄,0.0
王菲确实好看啊，衣服也好看,0.0
姐妹们，我是在首页看见的，好东西和大家共享！还有之前0元入手的电火锅也很安逸[嘻嘻]！ http://t.cn/A62xXfRY,-1.0
追你的我们都快老了，您嘞怎么就不会老？[污][爱你],1.0
爱情的力量吧,1.0
14 ？？[费解] 好高…的感觉[跪了],0.0
王菲真年轻！,2.0
我前几天就进群了，搞到了不少羊毛哈哈,2.0
你这个券是要抢的吧，消息很快呀！,2.0
我昨天就已经进群了，跟着这个群主做功课哈哈,2.0
#王菲为李嫣庆14岁生日# 王菲和二十年前没啥变化，太美了！说是两姐妹还差不多，冻龄女神王菲，其实现实生活也有好多人也是冻龄，保养有道，和女儿做姐妹那不是梦[来]#深圳·深圳蓉悦医疗美容[地点]#,2.0
姐妹们别进群，会沉迷捡漏无法自拔的！,2.0
王菲感觉越来越有韵味了,0.0
简直是我这个学生党的福利,2.0
带带吧，我穷哭了哈哈,2.0
绝了  哪里蹲求带,2.0
长大必成海王,2.0
王菲状态也太好了吧，女神啊。李嫣也好看 简直了[泪],2.0
我前几天就进群了，搞到了不少羊毛哈哈,2.0
姐妹，你也太厉害了吧！,2.0
我昨晚进的群，就上神车了,1.0
谁是女儿 没看出来,0.0
王菲状态真的太好了吧？！！向往的状态！,2.0
姐妹你这捡到宝了啊！这要很快的线报才有的,2.0
李嫣的腿也太好看了吧,2.0
14岁孩子打扮这么成熟了？？,2.0
这个群主有点东西，凌晨经常有神价[doge],0.0
谢霆锋和王菲和他早已经分手，谢霆锋为了制造炒作话题，偶尔一起外出旅游一下，请熟悉的记者拍几张照片炒作一下，王菲受不了这样大吵一架，谢霆锋还打了王菲一耳光，我有发吵架视频，谢霆锋为了内地市场，始终绑定王菲炒作！,1.0
我的618就交给你了，姐妹！！,2.0
阿菲还是那个阿菲，我们却都老了,2.0
王菲是不会老么！！,1.0
生日快乐！把我捡，漏的东西送你！ http://t.cn/A62x6s4A,-1.0
她的孩子为啥长的都不如她..,0.0
嫣儿你手机壳是怎么回事[doge],2.0
求带，别藏着掖着了,2.0
李嫣都14岁了。。王菲依然像个“少女”❤,0.0
你的怎么这么便宜，我双十一买的都没有你这便宜,1.0
啊啊，我要跟你一起捡漏！,0.0
依然美麗動人的菲姊[爱你],2.0
怎么这么美啊……,2.0
真是太美了[心],2.0
我昨天就已经进群了，跟着这个群主做功课哈哈,2.0
姐妹，厉害了,2.0
我进的也是他的群，昨天就买到神价了[哈哈],0.0
求方法 一起蹲好嘛 姐妹,2.0
活得恣意，态度由心。凡俗如我，等到五十岁的时候，能有老王一半的修为，就很满足了[心],1.0
以前还以为是假的，直到自己买到了,1.0
有两张图片确定这姑娘14岁，怎么感觉比王菲还老[允悲],1.0
酸了 ，下次有这种活动带上我好吗!!,0.0
进了群之后，我也天天沉迷捡漏了,1.0
女儿身材好好,0.0
多换几个老公更年轻,2.0
带带我这个穷苦大学生吧！,2.0
真的假的，前几天入手的瞬间不香了,2.0
靠手速抢！真的需要一个内部群,2.0
你这个券是要抢的吧，消息很快呀！,2.0
大老奶[挖鼻],2.0
席子屁事天下知,0.0
你眼睛治治吧，,0.0
这是14岁[黑线],0.0
这个是真的，我之前室友也和我说过，但是也一直没有在意，后悔了,2.0
怎么买的呀。这个价格绝了！！,2.0
真的想知道王菲是怎么保养的？[doge],2.0
你眼睛治治[哼],0.0
教教孩子吧，一直想学,2.0
天哪噜，不愧是菲姐，辣么美,2.0
哈哈，不是她出来，是被别人要给带到热搜。随随便便有关王菲的事情，都能冲上热搜。,0.0
菲姐太可爱了[爱你],2.0
50岁，你看这皮肤，眼神，气质，不好？？,0.0
哪里好看了[哼],2.0
谢霆锋没参加吗,2.0
李嫣都十四了，天啊，时间好快，我又暴露年龄了,0.0
看看人家的十四岁,2.0
当妈的给女儿过生日还能上热搜 真服了,0.0
人美歌甜，爱了，逆龄生长，酸了，抓紧保养，溜了[允悲],1.0
图二里面那个女人是谁啊，和王菲好像,1.0
她是吃了长生不老药吗,2.0
真好看呀，终于出来了哈哈[心],2.0
看看人家的14岁生日🍋,2.0
想要同款啊哈哈,2.0
只有夸漂亮，年轻，温馨，时尚，腿好美等才不会被喷吧！哇，好漂亮啊。,2.0
这手机壳[允悲]果然被偏爱的都有恃无恐,1.0
图二王菲身边的是谁啊？,0.0
我也今天生日[嘻嘻],1.0
王菲每次的穿着看着都很舒服，很悠闲，很轻松的样子,2.0
她怎么越来越年轻？因为用了赫莲娜！[doge][给你小心心],0.0
王菲真是美绝人寰,2.0
钱多心态好有爱情滋润,2.0
这是50岁的颜 我算个啥,2.0
这完全是姐妹俩嘛,2.0
巴黎我看到了,2.0
14岁！！？？,2.0
不老女神[心]菲你莫属,2.0
王菲是自然美，真漂亮,2.0
又在胡扯??[费解]听说，听谁说的?看你微博，就是一个杠精[太开心]，生活是有多不幸福，天天造谣,0.0
阿菲还是这么可爱[爱你]小姑娘腿好长啊,2.0
！！李嫣才14？！！真的假的,2.0
手机壳我要买,2.0
王菲看起来最多30，不能再多了,0.0
我感觉我都快老了，但是她一直没变[二哈],0.0
她女儿越活越老[允悲],0.0
我菲的烦恼依旧是 太红了[doge],2.0
我猜这个手机壳要火🔥哈哈！顺便问下有姐妹618要一起捡漏做功课吗？[doge] http://t.cn/A62xi9y7,-1.0
这是别人的14岁[摊手],1.0
真不知道怎么想的当妈的给女儿庆个生有必要炫耀吗够够的,0.0
我菲好美好少女啊，爱菲至永远,2.0
热搜能不要给明星,0.0
其他不说 小李嫣真的很时尚了,2.0
哈哈。生日快乐， http://t.cn/A62xiSy4,-1.0
王菲的老公们都有女儿。,0.0
小姐姐状态太好了[坏笑],2.0
嫣儿这个发色超好看！,2.0
手机壳是？  哈哈,2.0
既然都上热搜了，那就再转一个[doge],1.0
卧槽王菲真的五十岁？看起来三十多而已,2.0
奥奥！！对！我知道的！以前知道！但就是这会儿没想起来[允悲]好久了,0.0
李嫣好会穿啊 美,2.0
这该死的魅力 我又被击中了[爱你],2.0
被嫣种草了手机壳！[蛋糕],2.0
两手撑在脸两边也可以有把脸部上提的效果[哈哈]  不过她确实心态各方面都很年轻 还是那么少女 就像李亚鹏说的我永远的高中女生 我觉得女生就是要像她这样的心态活得年轻点,2.0
我菲姐太美了[爱你],2.0
就菲菲这个皮肤状态 不知道比我年轻了多少岁,2.0
最后一张和妈妈王菲好像啊,2.0
李嫣隔壁那个女夜太美了吧,2.0
图九是綦美合么,2.0
为什么我看出了吴昕的样子😂,2.0
李嫣是王菲和谁的女儿啊？,0.0
最后一张坐着的小女孩好好看啊,2.0
我菲状态也太好了吧[跪了],2.0
請問faye有超過20歲嗎,2.0
我醉了，这状态[作揖],2.0
太太美好了[心],2.0
[心]如果是很宅，除了工作也没圈子，身边的男的很少，就算喜欢也不敢主动认识。缘分是天定的，幸福是自己的，想知道你和他的缘分指数吗？马上戳一下了解吧↓↓20超准预测[心],2.0
我滴个妈呀～我菲姐永远都这么美,2.0
美得一发不可收拾,2.0
51岁不扎针能这样 听说她每月花费美容几百万,0.0
王菲[鮮花],2.0
没跟你开玩笑，不知道哪真挺像[允悲],0.0
旁边的女士更美,1.0
抱走我菲，素颜都这么好看[喵喵],2.0
天呐，这像五十多岁吗,2.0
王菲真的好绝一女的！怎么还这么年轻[跪了]她女儿也太可爱了⑧！DIY手机壳[求关注],2.0
还在读书可以染头发？,0.0
王菲状态太好了,2.0
这个女人真的不会老的吗[吃瓜]，我最近好喜欢她[笑cry],2.0
我关注了那个米老鼠紫色T恤,1.0
啊我觉得这个壳好好看哈哈 我要冲了[嘻嘻],2.0
有爱情的女人幸福感满满,2.0
天哪！我菲怎么可以这么美[色],2.0
我菲好美啊！！嫣儿的手机壳哈哈,2.0
赫莲娜，看官们要不要来一组,2.0
我也要[doge],1.0
小姑娘身材真的好啊，基因真好,2.0
她怀孕要是不抽烟喝酒也不至于害了孩子,2.0
卧槽，这什么神仙状态,2.0
王菲出个保养攻略啊！怎么能这么年轻！特别是眼神！好亮啊,2.0
我把穿黑衣的看成王菲,2.0
菲姐保养得太好了吧[泪],2.0
王菲太好看了[太开心][色][爱你],2.0
姐妹俩[爱你],2.0
我对象还说我是广利港李嘉欣呢[doge],1.0
美shi了！,2.0
照片里另外一个女人是谁,2.0
我怎么感觉你跟Wf神似[允悲],0.0
图片评论 http://t.cn/E9RfWii,1.0
好暖喔 http://t.cn/A62xhfGb,-1.0
我只想说14岁这么成熟的吗,0.0
本来就是姐妹[嘻嘻] 三妹和二姐,0.0
怎么说来着，永远的高中女生对吧[并不简单],2.0
生日快乐 这..这腿 留下了羡慕的眼泪[泪],2.0
#王菲[超话]# [米奇比心],2.0
有钱，有爱情，没烦恼，每天开开心心，就年轻了[好喜欢],2.0
秒杀旁边友人,1.0
打针啊，线雕啊……,2.0
果然 气质啊绝了,2.0
有新图了！过年了！,2.0
为什么李嫣染头发没人喷 黄多多染头发那么多人骂 搞不懂,0.0
不是，她是不是谎报年龄了？？（想搞个同款手机壳了哈哈,1.0
我菲极美[爱你],2.0
菲[蛋糕]嫣儿！！,2.0
越来越年轻的菲[爱你],2.0
状态太好了，我也想要50岁可以有这个状态,2.0
王菲这状态是真的爱[能量少女耶],2.0
这个懒女人的专辑做的怎么样了？[二哈],0.0
[跪了] http://t.cn/A62MgG9t,-1.0
我菲好美啊！！,2.0
新鲜的大老王嘿,2.0
啊啊 王菲好美啊啊,2.0
美菲！[心],2.0
[心]当初的分开可能是因为各自都不成熟，[伤心]分开了才发现对方是适合自己的，那你分手后会复合吗？[心想知道你们分手后复合的几率有多大吗？来测一下吧[来],1.0
啊啊，我的菲菲[憧憬],2.0
千年老妖•faye,2.0
太美了，状态太好了。跟王菲一比，我才像50岁[允悲],1.0
李嫣长大了，王菲依然那么年轻，那么美,2.0
[心]相见时难别亦难，春风无力百花残，我们在爱情生活中一切都是那么幸福美好，而当可怕的暴风雨到来时，[悲伤]感情的小船说翻就翻。是否会设想过在你和另一半分手之后还会有多大的机会能够复合呢？测试一下就知道答案了[来],0.0
没有人可以像王菲一样一直年轻[笑cry],1.0
老王这张脸真抗老,2.0
卧槽 王菲美得太夸张了吧……到底做了啥？？,0.0
我看到李亚鹏,2.0
图片评论 http://t.cn/A62MYj6B,1.0
时代在变❤️爱菲不变！ http://t.cn/A62MYfYe,-1.0
爱菲菲🌹🌹爱嫣儿,2.0
转发微博 http://t.cn/A62MO9h5,0.0
啊啊我来晚了！！王菲我爱你！！,2.0
图片评论 http://t.cn/A62MpkZo,1.0
小菲菲是天使,2.0
哈哈手机壳很奈斯,2.0
嫣儿越来越美了，我菲太美了[色],2.0
不愧是妳[doge],1.0
想要同款哈哈,2.0
这是五十几的人?这是仙女吧[爱你]啊啊绝了,2.0
阿菲你真的好喜欢紫色嗷,2.0
我！想买同款了！这个短袖我觉得我应该还是买得起的[舔屏],1.0
好漂亮[爱你],2.0
心态好，心善人美,2.0
果然熬夜是不会让人失望的,0.0
啊啊 王菲太美了 啊啊阿菲 [泪],2.0
要命啊这个女的咋回事啊！！,2.0
心态年轻啊 永远是小姑娘,2.0
这女的怎么回事儿？欠着一张专辑的债没还呢(还有自拍)！！还这么嚣张？？！！,0.0
气质都遗传到了！真好！,2.0
我菲太美了！永远不老！,2.0
天哪这是仙女下凡吧,2.0
咱们不多说 王菲 我爱你！太美了[泪],2.0
[羞嗒嗒]菲菲我爱你,2.0
出来解释一下[doge],0.0
你这粉老黑了[二哈],0.0
[羞嗒嗒]嘿嘿,2.0
有菲姐同款链接吗 好可爱啊,2.0
状态太好了！美！,2.0
老和你菲有关系吗,2.0
呜呜 为什么那么可爱！,2.0
少女菲 太好看,0.0
这么多年一直是我们的少女阿菲[泪][憧憬],2.0
生日快樂嫣儿，菲菲14前的今天辛苦啦！希望永遠幸福快樂美滿[亲亲][爱你][鲜花],2.0
啊啊紫色！！米奇！！,2.0
激动的心 颤抖的手 看见王菲直接停车🅿,0.0
有没有🈚️水印点👀,0.0
啊啊菲菲真的太美我的仙女啊啊我死了,2.0
我定的还在路上的手机壳黯然失色[允悲],1.0
我好羡慕啊为什么她这么年轻可能她是二十多岁我才是五十岁吧,2.0
她是仙女本人,2.0
我二十多岁我好羡慕王菲[允悲],1.0
仙女罢了 http://t.cn/A62MoVT6,2.0
妈妈呀，好美好清澈的菲,2.0
啊啊新鲜的菲！！ http://t.cn/A62MoUca,-1.0
真 少女 我一十多岁小孩儿比这位仙女差远啦[失望],2.0
天呐，真是越活越年轻，怎么还是这么漂亮呀[爱你],2.0
菲姐你太少女了 我可报警了啊！！,0.0
我菲也太少女了8[心],0.0
嫣儿长大了，越来越漂亮了！,2.0
妈妈爱你[爱你]我的小林bb,2.0
14岁的我还在中二,2.0
你敢相信这是五十岁的王菲？！！,2.0
王菲会老吗 不会,1.0
王菲真是越活越年轻，真好，我爱她！！,2.0
这这51？？ http://t.cn/A62MSpjp,-1.0
跟你有什么关系啊[doge],1.0
胶原蛋白分我点？,2.0
我看看是谁在多管闲事 http://t.cn/A62MSaaH,-1.0
好看死了[鲜花][心]这女人 http://t.cn/A62MSXb4,2.0
小菲妹妹怎么越来越奶了？哥哥爱你[爱你],0.0
我爱这个女人👩 [酷][鲜花][心][爱你]至死不渝的那种 http://t.cn/A62MSML5,2.0
啊啊我死了！！我菲太美了[色],2.0
生日快乐🎁🎈🎂,2.0
大美菲[鲜花][爱你][心] http://t.cn/A62MStZB,2.0
终于出现了！,2.0
啊啊我疯了 王菲你怎么这么好看[舔屏],2.0
手机壳 跟你有什么关系啊！王菲真是不考哦,2.0
真的好绝一女的,2.0
呜呜喜欢[泪],2.0
这也太乖了的样子啊，真是好看死了,2.0
三妹怎么跟二姐一样嫩！！是我的菲，嫣儿生快[心],2.0
也太美了一点吧,0.0
哈哈这也太可爱了吧！！我好爱一家三口啊,2.0
嫣儿14，妈妈18顶多啦！,2.0
嫣儿生日快乐[蛋糕][礼物][给你小心心][心],2.0
呜呜太美了吧这人明明才十五岁,2.0
王菲也太好看了！！爱了,2.0
好美腻！好漂酿！[色][憧憬],2.0
天呐我晕，世界上为什么会有越活越年轻的人[哼],0.0
啊啊，是wuli年轻貌美的菲菲啊啊[心],2.0
王菲绝美！不老女神,2.0
我在克制地哭,2.0
是的 我菲是仙女 不会老的[爱你][鼓掌]嫣儿🎂生日快乐,2.0
菲好美！嫣儿好酷！[求关注],1.0
宝贝呜呜啾啾[亲亲],2.0
我知道你还有图 都放出来吧 搞快点[泪],1.0
宝嫣儿，二姐，贝多嫣，李老师，李十万，Lyla  Li[心]生快[蛋糕][鲜花][爱你]今天也是妈妈的受难日，要跟妈妈说声辛苦了呦[鲜花] http://t.cn/A62MaoQB,2.0
卧槽！王菲是仙女吗？状态太好了吧[羞嗒嗒],2.0
妈妈太美了 女儿太有气质了,2.0
菲妈可可爱爱,2.0
王菲看上去状态也太好了吧，完全不像五十几岁的人诶。,2.0
王菲真是越来越美,2.0
僵尸号 你艾特她干嘛🙈,0.0
[心] http://t.cn/A62MafDa,-1.0
李嫣的衣品也太好了吧，腿也太长了吧,2.0
哇[好喜欢],2.0
[舔屏][心][色]菲菲 http://t.cn/A62MacnV,-1.0
妈呀，等一天了终于来了[泪],2.0
紫色的美菲（这件T想要了,2.0
[挤眼]雯雯菲菲是一家[挤眼],1.0
我菲怎么那么好看！！,2.0
啊啊 这大晚上的 激动死了,0.0
宝贝 我爱死你了,2.0
呜呜紫色安安排,2.0
好可爱啊我的菲,2.0
嫣儿生日快乐 哎呀 母女瓜系真好 http://t.cn/A62MaLvt,2.0
嫣儿的气质有王菲那味儿了，祖传的好气质！,2.0
55王菲把我从婧里拉回来了 永远爱你 您太年轻了 嫣生日快乐🎂 55,2.0
宝贝怎么不会老啊 http://t.cn/A62MazkH,1.0
太可了，太好看,2.0
仙女都不会老的,2.0
前几天刚看的嫣儿出生那一年狗仔队疯狂拍摄我菲生孩子画面，记得是5月27日。今天新闻就来了,-1.0
真是绝了[爱你] http://t.cn/A62MaPby,2.0
天啊[爱你]这怎么那么美丽啊！[爱你] http://t.cn/A62MXs80,-1.0
我们菲菲儿真的好美[色]终于有新图了[泪],2.0
问你呢 怎么回事？,2.0
[泪]怎么可以这么美 王菲你不会老的吗！！,1.0
来个原图[爱你],2.0
不行 我的宝贝这么好看 我都自卑,0.0
王菲太好看了吧？嫣儿生日快乐！,2.0
这就去买紫色小衫儿!,2.0
怎么可以这么年轻啊,2.0
妈妈！！王菲出来了！！,0.0
哈哈！宝嫣儿真可以[酷][doge][心]（手机壳是重点） http://t.cn/A62MXda1,1.0
李嫣生快🎂王菲[鮮花],2.0
保养得也太好了！,2.0
菲太美了吧！！[泪]嫣儿也是长大了，成大美女了，这什么神仙母女呀！！[爱你],2.0
三姐和二姐真的就像姐妹一样，王菲是不会老的吗？？[心],2.0
王三妹跟李二姐,2.0
她怎么回事儿？？越活越年轻！！,2.0
我的天王菲也太好看了吧！！和女儿就像姐妹一样！！[心] http://t.cn/A62MXYsJ,0.0
哭了T﹏T好美[泪][心][蛋糕][鲜花][爱你],2.0
啊啊 啊王菲怎么能这么年轻啊啊 啊啊,2.0
