评论内容,predict
麻烦把这层骂人的爽份截图给我，谢谢了,1.0
太可爱了，造型我爱了，腿我也爱了[心],2.0
哇哇好看[心][嘻嘻]哈哈,2.0
原谅我真的欣赏不来……,0.0
一直在寻找这条评论我以为我的眼睛不太好（狗头保命）,0.0
挺可爱的，就是第一张被后期p的好崩,2.0
郑爽这个腿我真是酸成了柠檬精[酸],2.0
我也三十好几了，咋了，我穿个衣服，弄个发型，化个妆，就是装嫩[费解],0.0
简直受够了她天天上热搜都是造型 无语 还他妈屏蔽不了 还好意思说自己是演员[费解],0.0
啊我的爽终于有肉肉了[太开心],2.0
我也觉得不好看,2.0
最近这女的经常上棒了，棒棒哒,2.0
粉丝能不能别尬夸 真的没以前好看了 微微立夏有多好看现在……,0.0
不觉得[挖鼻],1.0
20郑爽第n个造型之泡面刘海[微笑],0.0
可爱的呀[羞嗒嗒],2.0
明明不好看啊,2.0
咋那么好看啊,2.0
期待 不管怎样我还是喜欢郑爽，攻击她颜值的你慢慢攻击吧，看看自己正常的大多数身边人谁会专门评论人家长相？,0.0
胖了一点太可爱啦，怎么样都好看,2.0
粉丝不控评难道让您这样的“人”讽刺嘲笑吗？让您这样的人霸占整个评论吗？别人的粉丝控评怎么不见你去喷呢，郑爽粉丝控评你倒来劲了，真是中国驰名双标呢,0.0
我tmd以为就我一人觉得,0.0
爽妹儿是真的好看[兔子],2.0
虽然但是emm,0.0
终于找到组织了，讲真我之前真的纯路人，现在每天微博都能看到真的很烦，又不能屏蔽掉,0.0
我想讨她做老婆[喵喵],1.0
买热搜第一名,0.0
你都21了，也不要装嫩了,2.0
[疑问]又来了,1.0
颜值在线 但是是不是增肥没控制住 有点胖过头了[允悲]或者是造型显脸大？（别杠，杠就是你对）不过我真的没想到有一天我会觉得郑爽脸大[允悲],0.0
一个月十多次热搜 烦不烦,0.0
头一次被爽MM可爱到[太开心]太可爱了,2.0
说句不好听的，就是凤姐如果有这样粉丝，天天也颜值吹破！天天好看上热搜..这他妈什么破微博,0.0
我的天啊，好期待啊，终于可以看到郑爽带孩子了,2.0
期待[舔屏],2.0
元气少女没得说[爱你],2.0
牛批，什么造型都能上热搜[作揖],0.0
感觉在哪都能看到你[允悲],0.0
天天你妈上热搜没作品没颜值 给老子爪巴[吐],0.0
正常评论来了！造型哪好看了？服了 天天因为穿这穿那上热搜 前排全是控评 真隔三差五出来让人不舒坦[拜拜]你哪怕把颜值统一了也行 回回脸都有不一样的地,0.0
皮卡丘郑小爽,0.0
只要打开微博，就有她,0.0
啊，姐妹在哪里看花絮呀[羞嗒嗒],0.0
老男人给我滚  不喜欢别点进来看  找骂是吧,2.0
？？这造型认真的吗,0.0
真是各种造型都能Hold住，太可郑爽了,0.0
卧槽 发型和服装严重不搭,0.0
敌军还有三秒到达现场,0.0
又来了，她的热搜又来了。咋的，这也能上热搜,0.0
真的不好看啊，发表意见还要被骂,0.0
天啦，这是谁家小朋友[心],1.0
是不太适合，显着脸有点儿大，没必要听到一点不同的声音就出来攻击人吧！！郑爽是挺好的，但不是每个造型都适合她啊[摊手],1.0
期待小爽和孩子们的相处，让我们明天一起看奇妙小森林吧[心],2.0
期待郑爽和小朋友们，5月30起，周六中午12点芒果TV《奇妙小森林》,2.0
她的热搜真的奇奇怪怪，没质量，没有含金量，什么时候有个作品再来吧[二哈],0.0
一点破事就上热搜，看烦了……,0.0
这刘海乱糟糟，全靠脸撑起来,0.0
明天中午12点来芒果TV【奇妙小森林】看郑爽带萌娃,2.0
哈哈吒儿也很可爱,2.0
这个脸好肿，我还是喜欢瘦瘦的郑爽[费解],0.0
好看……吗？,2.0
这个脸，别说泡面刘海，就是顶着泡面也好看啊！,2.0
要不你帮秦买个热搜??,0.0
哈哈  没事放心说，第一张可能胖了可能p圆了，确实和视频里人有差距，我也觉得第一张有点不像她自己，但是请放心，正版粉丝并不会随意喷，都很佛系，只要不恶意骂人，都没关系。,1.0
天天上热搜，没有一次是有好作品,0.0
我报复？不是都说这杨紫挺好看的吗？我又为什么报复杨紫呢？ http://t.cn/A626UtG6,0.0
我家小仙女  希望你越来越好,2.0
哎呀，怎么办，深陷她的颜值，每次觉得不怎么喜欢她的时候，就用她的颜值征服我。,2.0
一般吧 啥造型啥动作都要上热搜吗？没有作品，再怎么也没有价值。都快三十了，还这么不成熟……,0.0
像爱丽丝里面的大头皇后[二哈],1.0
她真的好有元气啊！[太开心][爱你],2.0
为什么眼睛那么小了,0.0
哇撒 好有元气啊 是我喜欢的小仙女没错了,2.0
郑爽真的应该审视一下自己的内心  作为一个心理医生的角度  她可能改变一些看法会过的更快乐一些,0.0
..你在说啥啊,0.0
看到了当年的楚雨荨啊啊[爱你],2.0
#郑爽泡面刘海# 🌸#郑爽奇妙小森林# 🌼好期待郑爽新综艺，5月30日起每周六中午12点芒果TV ​,2.0
我也觉得好做作……特别是笑容……但怕被粉丝喷,0.0
太可爱了这个女孩,2.0
没有 不喜欢她  为啥天天买热搜……,2.0
这组造型加上刻意笑得有点尬,0.0
？？天天热搜？,0.0
我有一点不是很get到[允悲]（粉丝不要喷我，个人意见，没有杠的意思）,1.0
真的是流量可以 没事就上个热搜,2.0
这位姐每天都挂热搜 还是莫名其妙的内容 无语了,0.0
知道为什么翻到这吗 就是为了找到你呀,0.0
颅顶为啥这么平？？这造型师不行,0.0
不光热搜，没见过拍剧，全是综艺。一年几档。,0.0
虽然但是。。这组照片没有之前长发漂亮哎,1.0
有钱真好[二哈],0.0
陈……陈奕迅？对不起我走了,0.0
九张图嘴巴都是一个动作，小爽咱能不能自然点,0.0
爽太可爱了吧！[羞嗒嗒],2.0
#郑爽泡面刘海# 🌸#郑爽奇妙小森林#🌸 好期待郑爽新综艺，5月30日起每周六中午12点芒果TV ​,2.0
天天不务正业。没看演过啥好戏，演技也差的要死[二哈],0.0
明天中午12点来芒果TV【奇妙小森林】看郑爽带萌娃[好爱哦],2.0
她粉丝一直说她热搜体质，虽然我看她天天热搜我觉得很烦，但我也信了，但是！！我观察了一下，她平时几乎天天热搜，可是前几天胡彦斌那个事情热搜后，郑爽接连好几天都没有热搜，现在事情过了有开始了➕她自己说：热搜会涨片酬。我坚信很多热搜是买的了，至少可以控制不上热搜的。,0.0
天呐，甜死我了,0.0
你泡面我泡你[喵喵],1.0
期待 郑爽奇妙小森林,2.0
真心觉得您的评论带有一丝的女性歧视。咋了，您是有多嫩，穿你家的吗？用你家了吗？,0.0
看下来终于看到一个不捧得，我寻思这天天换个发型自个拍都得上热搜？,0.0
爽妹子脸圆了,1.0
真的是。明明不好看啊。而且多大的人了还这扮相，笑容假的一批[拜拜],0.0
我看到了楚雨荨的影子,2.0
什么都是买热搜你也瞎了吗？从后面上来的。,0.0
"不是吧阿sir,这也热搜？",2.0
是我家小仙女无疑[爱你],2.0
天啊太好看了,2.0
emm？兄弟我觉得你戾气最大吧…我也是粉丝 这个造型的确不好看…是不好看…但没人开骂吧？额？…,2.0
能不能撤了热搜呢，这还吹了？？,0.0
不是谁都能驾驭，比如我[允悲],1.0
我爱这个皮卡丘,0.0
可可爱爱[兔子],2.0
我本来之前挺喜欢她的，但是现在……唉（别杠我！我也不黑她）,0.0
是我头像么[笑cry],1.0
终于找到你了！！刚看评论都在说好看颜值可以，但是发型真的是怪[允悲],0.0
总于有正常人了,0.0
是谁家的小可爱呀,0.0
#郑爽泡面刘海# 🌸#郑爽奇妙小森林# 好期待郑爽新综艺，5月30日起每周六中午12点芒果TV ​,2.0
好像是楚雨荨回来了,1.0
还是觉得他跟杨洋好配,1.0
期待小森林[求关注],2.0
太漂亮了[憧憬],2.0
人是我家的，衣服呢？谁知道？好好看,1.0
期待[爱你],2.0
她可真可爱[可怜],2.0
媒体和节目组过度消费郑爽也太明显了。一个月上了好几次热搜。还有娃不是那么好带的，你们一定会很后悔参加这个节目。[允悲],1.0
不好意思我来晚了,1.0
路人无下场，要不路人黑，要不路人粉，哪有路人喜欢关注和自己没关系的人，更何况评论了,2.0
能不能少买点热搜 能不能,0.0
天呐 ！好美 ！爱了❤️,0.0
小爽好可爱呀，元气满满,2.0
这种精灵古怪的造型让我想起了范晓萱,0.0
这层里粉丝要解释就好好解释，一定要踩别人才会说话吗？,1.0
有一说一，真的尬，而且我觉得她每次笑得都很(你懂)[二哈]，没有以前的作品笑得自然[摊手],0.0
能把north face穿出特步的感觉[doge],0.0
老邪你居然拿大号，我是粉丝我感觉还挺好看的，很元气的感觉，但是买热搜这个事，明天节目要播了，肯定是要宣传的，就把她推出来了[跪了],0.0
爽姐 多大了 🙊,0.0
不好意思，我也不是粉丝。如果说参加超话是粉丝那我就是杨紫郑爽刘诗诗赵丽颖张一山的粉丝不知道你在说哪一位啊？,0.0
我觉得好油腻啊,0.0
是挺好看的 就是脑子不太好使,0.0
这组好可爱啊,2.0
很清新的感觉,0.0
看你说的话，就知道你也是个屎壳郎，苍蝇都会找💩,0.0
不是吧阿sir，这也行？,2.0
她真的圆一点比瘦更好看,0.0
太美了叭[心][可爱],2.0
郑演员这个造型真的太可了  啊啊,0.0
我的天，童颜,0.0
为什么郑爽又上热搜了,0.0
爽妹子路人粉，这个造型不好看，有点土有点low，衬不出她的颜值,2.0
我他妈的……被可爱到了,2.0
可爱[哈哈],2.0
哈哈好可爱呀,2.0
你不是一个人[允悲],1.0
我觉得这个刘海不适合它,1.0
先看看评论再来狗叫,0.0
我觉得第一章好奇怪，也不好看那，真真搞不明白了,2.0
这是哪家仙女吖,2.0
郑爽的鼻子可以戳人了,0.0
你长得好看，你咋不买个热搜？,2.0
勿cue我爽 抱走,1.0
这哪是快三十的人啊！！,0.0
造型师辞了吧 [黑线],0.0
我姐只有12岁不能再多了[心],0.0
我我，我家的,2.0
哇哦，好好看,0.0
真不想看这位姐的热搜…,0.0
真得超适合这个造型[爱你],0.0
这姐怎么换个造型就热搜?,0.0
缓缓打出一个？,0.0
她家粉丝已经开始威胁楼主了,0.0
这个发型，得相当漂亮才能驾驭[允悲]一般人真是,1.0
这个发型好有年代感,0.0
姐妹，脑残粉在哪？ 有郑爽粉丝在这骂人还是说一定要让您夸她好看了？,2.0
爽子姐太美了可爱！,2.0
好好看可爱小精灵,2.0
真的不好看…脸好大……,0.0
这组的确好看,0.0
如果我长成这样，我做梦都会笑醒,0.0
大朋友要和小朋友一起玩耍了,2.0
没有就是在模仿她说话，让她感受一下。说完别人脸大后还勿喷。给自己加戏呢啊……,0.0
谢谢你勇敢的说实话,2.0
人美怎样都好看啊,2.0
和杨紫什么关系？ 别人评论一下热搜你就顺藤摸瓜报复也太幼稚了吧？,1.0
天天奇奇怪怪的热搜[怒],0.0
姐姐的颜值又回来了[鼓掌]  还是胖点好看,2.0
美美哒小爽！,2.0
谢大脚！？？,0.0
笑起来8颗牙齿，鉴定完毕,0.0
我还在想这评论终于没有杠精了嘛，好家伙，在这等着我呢[微笑],1.0
不神神经经的还是挺好看的,2.0
姐姐太🉑啦[心],0.0
每个人审美不同 那些不喜欢的可以左转出去 没必要非要刷存在感,2.0
说实话会被骂吗，好想说大实话,0.0
不是很好看啊，显得头顶好平,0.0
别出来演戏就行,0.0
还我痛处？我没作品天天炒作嘛？[哈哈]我换发型炒作嘛？我可没那么多nc粉,0.0
头一次被爽mm可爱到[太开心],2.0
上去必须上去,0.0
是我看错了吗，9张图都是一个表情[思考],1.0
这杨紫不是挺好看的。。,0.0
颜值确实没什么好黑的,1.0
天太可爱了[心],2.0
官博睁眼说瞎话，哪里减龄了,0.0
虽然楼主是yz的粉丝，就被zs粉丝拉去对比，一阵黑yz，能比比演技吗？你们家那位出道十几年的噘嘴瞪眼小动作多的不行的演技和不专业的职业素养及粉丝所谓真实的个性不晓得哪里来的优越感！以前还多喜欢这位的，现在她的人设不晓得到底想表达个什么东西！,0.0
[疑问]前两天不是说粉丝和偶像不是上下级，粉丝会偶像任何一人的言行都不该对方买单吗 原来这句话只能在特殊背景下运用[偷笑],1.0
真不懂这B有什么好看的,2.0
我找这个评论好久了！！,0.0
笑的..好假,0.0
抽你的奖去吧[笑cry],1.0
郑爽好看~~但是这个造型不适合她。。[允悲],0.0
别买了可以？尬不尬,0.0
个人觉得不好看，别喷,0.0
哈哈。。是元气少女蒸小爽没错啦[心],2.0
这个真的适合头发少的妹子啊,0.0
怎么感觉这照的眼睛好小……[doge],0.0
每个人都有自己的审美，您觉得不好看没关系，想那些让您挺住的粉丝来了挺有意思，粉丝不会对您怎么样，放心就好。黑子我们不会搭理，像您这样的真正的路人我们尊重。谢谢！,0.0
这图一是什么鬼！得罪修图师了？,0.0
就喜欢你你们不喜欢郑爽又干不掉她的样子,2.0
我已经快不认识她了[允悲]感觉还是演微微之前最好看，微微的时候太瘦了，现在好像胖一点了，但是这个鼻子啥的，她是不是又微调了，感觉没有以前清纯好看了,0.0
嘻嘻 谢谢啦！,0.0
终于找到组织了,2.0
期待小爽9耶[心]这个造型很可呢 http://t.cn/A626ymvk,2.0
不是 也没有人逼着你们点进来看吧 不想看就别点进来 何必呢,1.0
好漂亮耶[憧憬],2.0
她真的太少女了,0.0
小仙女，你是吃可爱多长大的吗,2.0
哪里好看了……,2.0
我如果在杨紫照片下面说杨紫不好看，看她的粉丝会怎样，我只是说专注自家,0.0
郑爽放屁 粉丝:姐姐放屁好香啊,0.0
我也，没好意思说,0.0
这是发腮了吗,1.0
精灵🧚‍♀️,0.0
真的不好看🙃 而且我真想求求她别再天天因为造型综艺上热搜了 没演技没情商只能靠造型了？而且造型也不好看 鼻子整过头 整个脸也怪怪的 越来越反感（粉丝别来杠我懒得跟你哔哔赖赖）,0.0
🤮又来！！每天一条烦不烦[吐],0.0
？你们真的觉得这个刘海很好看吗[疑问]（发出疑惑的声音）不过郑爽很漂亮就是了,2.0
她怎么天天上热搜,0.0
僵硬的傻笑。拍出了没脑子的感觉。,0.0
都30了，这么装真的好么……,0.0
怎么天天都是她热搜,0.0
呃……这……,0.0
没有演技却能天天在热搜上现眼，好尴尬啊！,0.0
真的好看??这个发型显脸大一圈,0.0
太可爱了丸子头的小爽[心],2.0
我可没本事，她那么牛一天天的吃饱了撑的屁事都上热搜我还能来高兴的怼怼呢,0.0
爽姐好看的(｡･ω･｡)ﾉ♡,2.0
真的不如郑爽灵气不然演了那么多剧早出圈了，我说的就是我这张图里你扯肉丝干嘛？,0.0
 越来越少女[作揖],0.0
一般般吧为什么都要尬吹尬捧,0.0
？？所以，又热搜了？？,0.0
天天上热搜烦不烦啊（别杠，杠就是您对）,0.0
那来啊、我今天就会会你 [哈哈]没作品 天天上热搜、给爷爬,0.0
这姐们快30了真不像啊  🍋,0.0
路人粉表示比别的造型差远了[允悲]但是并不影响什么啊[允悲],1.0
龇牙吐舌头，晕，热搜没点东西[跪了],0.0
超级可爱的[给你小心心],2.0
我天哪！妥妥的小可爱！[憧憬],2.0
好 好期待啊,2.0
带着粉籍千万不要说别家爱豆不好，真的！姐妹一路走好[允悲],0.0
好好看看就是仙女本人,2.0
黑眼圈p都p不掉了[doge],1.0
好喜欢她的腿,2.0
我姐可可爱爱(⑉°з°)-♡,2.0
真的…不太好看,0.0
图一的脸是认真的吗,0.0
我欣赏不来[允悲],0.0
向漂亮姐姐看齐，我要瘦,0.0
图一的脸是认真的吗,0.0
我欣赏不来[允悲],0.0
向漂亮姐姐看齐，我要瘦,0.0
没有吧，我看了她首页照片还可以啊,0.0
你不是一个人。。这个人其实本来对他无感 单总觉得每次上热搜都是些小事然后还有一大群粉丝评论美 好看 觉得有些反感,0.0
头好方的感觉,0.0
接lol陪玩[爱你],0.0
微博提示我赞的太快，那我只好给大家评论了[doge]，给我上去,1.0
天天上热搜，路人缘都败光了。,0.0
是我家的，都别抢,2.0
这个脸怎么这么圆乎了，是胖了还是P图问题・_・?,0.0
不是粉 但是这也太好康了吧！,0.0
为啥我觉得不好看[允悲],0.0
我怎么没看见有人怼？,0.0
期待小仙女[羞嗒嗒],2.0
这层？对女孩子善良一点好吗[微笑]积点口德,1.0
小爽也太美了吧,2.0
把骂她的评论都赞了一遍[可爱],2.0
这姐们几岁呀😭,2.0
这大姐又来了。,0.0
！！终于有人说了,2.0
是的谁家粉丝都比不上你家正主的粉丝（别跟我杠杠就是你对,0.0
快听吐了，每次都是只有我一个人，咋了？只有我一个人咋了？是只有你一个人，你牛逼，你上帝，你说啥都对[费解],0.0
天天都有她的热搜  粉丝还抱怨心疼她上热搜。。,2.0
同样是饭爱豆的不是我说哈，说人家不好看还非要在人家新闻下面说的真的是自己贱了，杠你活该，咋不杠死你呢[挖鼻],0.0
就这鬼造型也热搜…？,0.0
小爽自带热搜体质,2.0
天呐脸好大啊,0.0
头顶头发怎么这么平，造型师搞啥,0.0
什么乱七八糟的都能上热搜，吐了,0.0
期待郑爽小姐姐,0.0
好不容易胖了点，一胖就胖脸，也没啥,0.0
这个衣服好看啊[心],2.0
不是呀，我来你这层是戳你痛处呢。,0.0
这腿真的羡慕啦,0.0
？？真的好看么？？这控屏有一手[笑cry],2.0
有一说一 这个发型真的不合适[doge] 怕被p,0.0
这造型很一般啊,0.0
咋还能这么可爱啊我家爽宝[可爱][好爱哦]这么可爱谁受得了啊[doge],2.0
是因为这个发型不适合她啊，我为什么要承认她好看[喵喵]就是不好看,0.0
真的是热搜体质[允悲],0.0
一言难尽的发型,0.0
真的没有恶意，对她本人无感，但是这种总是因为一点事情频繁上热搜真的让人反感！,0.0
感觉脸好宽。。,0.0
小爽终于有点小肉肉了！开心[太开心],2.0
翻了好久终于找到你了[doge],2.0
好可爱啊！！♥,2.0
我曾经弄过这刘海 被我爸连续训了一个周,2.0
管的着吗我去哪看关你屁事守好自己的主别让她出来犯病就行了哪来那么多事,0.0
她的脸真的一点都不明星 很不高级的感觉 人也有点不太正常..,0.0
大家好，我是郑爽今年18岁，谢谢！,2.0
咱不懂咱也不敢说,2.0
我还以为控评了,1.0
我觉得你也不好看，我可以说吗？我说的实话，你真难看，毕竟我要说实话，并没有嘲讽的意思，你很高兴吗？,0.0
每个人都有自己的审美，你可以觉得不好看，别人觉得好看不行吗？每个人都要跟你一样不然就是不理性不客观了，笑死[挖鼻],0.0
微博被控评了，整天是她什么衣服啊发型啊胖了啊瘦了啊的，前面的评论根本看不到正常的发声,1.0
这有什么好上热搜,2.0
专门找你来点赞,0.0
怎么这么奇怪,0.0
有人真觉得好看吗[汗],0.0
不如郑爽灵气是事实好吗？郑爽也就这几年惧怕镜头演技时好时坏掉，不要觉得不红的人就一定演技好这也是偏见。,0.0
我家的[挖鼻],2.0
好好看！！还有这腿。。我是羡慕不来了[允悲],1.0
好可爱吖[求关注],2.0
你可以去上层吹彩虹屁的那儿发言啊、我们不能来？合着你来我们这层就是故意找骂呗[哈哈],0.0
面部一个表情[佩奇],1.0
我觉得我不认识了,1.0
我什么时候长成这样不好看，我做梦笑醒[允悲],0.0
不行吧 没之前的造型好看 这个显得脸好大啊 （没说郑爽不好的意思 粉丝别杠啊 只是吐槽造型）,0.0
有种当年《一起来看流星雨》的感觉了[偷笑],2.0
她咋又上热搜了?[允悲]真的有点烦。别杠我。我又没别的意思，就看到很多次她上。杠就是你对,1.0
哇，显得年龄好小啊,0.0
啊啊太好看了吧[爱你],2.0
期待(๑˙ー˙๑),2.0
我觉得不太适合她，不过仙女怎么打扮都还是美[允悲],1.0
照照镜子就客观了，在座的各位,0.0
摄影师审美或许……,0.0
期待爽妹子的新综艺，不得不说，真好看,2.0
绝了，路人觉得太可爱了，太美了,2.0
我也想要，奈何体重只增不减,0.0
我也觉得不好看[可爱],2.0
这哪像是个30左右的人啊[拜拜],0.0
好可爱啊，还有她的腿好羡慕[酸],2.0
这有什么上热搜,2.0
每天上热搜？你这不也在这贡献热度吗[允悲]粉丝也觉得挺尬，好热搜上不去，黑热搜造型一上一个准，所以才有了你们的看不顺眼不是吗？综艺明天开播，正常宣传而已，如果换做别人，你恐怕不会这样说吧！,0.0
哈哈 谢谢啦  艺兴也帅！,0.0
第二张特好！看！！,0.0
感觉有时候脸真的很奇怪,0.0
这热搜看了个寂寞,0.0
这脸也太宽了…,0.0
整天买热搜？,0.0
微博说我赞的太快了[doge]唉 真想把你们说实话的都赞一遍,1.0
我以为我审美出了问题,0.0
好好看呀！期待节目播出！,2.0
咬肌变大了？？,0.0
宝贝我觉得你可以试一下 哈哈,1.0
能不能别买热搜，看到就烦,0.0
评论里全是夸好看的 我真是怀疑我的审美了,0.0
脸胖了好多、,0.0
好长的腿，这发型很可爱啊,2.0
感觉最近好多热搜,0.0
没别的意思..她的颜确实没的说..只是这个造型.. http://t.cn/A626yI0l,1.0
胖了一点真的是超级仙女了，全部长在了我的审美点上了,2.0
不适合，显得脸有点圆，还是八字好看,0.0
为啥一直因为造型上热搜……,0.0
特别好看一妹子，跟张恒分手之后整的鼻子我到现在还看不惯[泪],0.0
妈啊太可了～～,0.0
第一张眼睛都快没了，脸盘子p的很大，其余很好看的，喜欢她的漫画腿,2.0
她好可爱(/ω＼)害羞,2.0
感觉她只要不恋爱状态就很好,2.0
是太瘦了吗？显得头和脸好大,0.0
哈哈，辣鸡粉丝要跑路了，邪少,0.0
有点难看[doge],0.0
我真实的说哈，我当过一段时间郑爽的粉丝，但是现在是路人。我不知道爽的造型师的问题还是咋，最近的造型都没有很好看。然后上了热搜之后就有点尬吹的感觉[允悲],0.0
灰常期待[嘻嘻],2.0
又买热搜，真是尴尬，演技没演技，作品没作品[汗],0.0
我觉得你脸好大的感觉，美颜滤镜还用的可怕（看了你的首页，觉得可怕，勿喷）  模仿你的语气，谁的粉也不是，说完人家脸大还加一个勿喷，岂不是戏太多[允悲],0.0
哇哦，可爱，,2.0
造型工作室总是不在线,0.0
太好看了吧！！[鼓掌],2.0
郑爽的热搜也太多了吧[费解],0.0
就她有头发，一个破头发频繁买热搜，适可而止吧，提升演技，练练台词,0.0
是我家可爱的小朋友上线了呀❤️🌹,2.0
上热搜最多的女偶像,2.0
就是有你们这些人总爱说，哎呀，又是买热搜的，哎呀，只有我一个人觉得咋咋？你他妈干啥都行，有评论这时间还不如去提升自己呢，都是什么一群恶魔都集训在一起？,0.0
这也太可爱了,2.0
有个问题，1真的好看吗，只看了前几张🙉🙉我审美有问题🤨,0.0
妈呀，虽然是路人，但是小爽每次都在我的审美上[憧憬],2.0
👀看起来怪怪的[疑问]还是脸变宽了,2.0
有个问题，1真的好看吗，只看了前几张🙉🙉我审美有问题🤨,0.0
妈呀，虽然是路人，但是小爽每次都在我的审美上[憧憬],2.0
👀看起来怪怪的[疑问]还是脸变宽了,2.0
终于不像以前那么瘦了，这样多好看[太开心],2.0
太好看啦！！,2.0
想看小爽带娃,2.0
我是粉丝我也觉得不太行 之前那个丸子头多好看,0.0
给她单独开热搜吧，看着烦人,2.0
周六中午12点准时收看 奇妙小森林 郑爽带娃啦[憧憬],2.0
哈哈，还有感情[喵喵],0.0
终于找到了这一条,2.0
好可爱颜值回归！,2.0
好，他们偶像难看的时候我也去ky就对了吗？，这三观呵呵，好了搞得自己蒸煮都好看似的,0.0
她是不是胖了[喵喵],0.0
我也觉得想点什么  ，又记不起来了[允悲],1.0
把她拍的脸好胖,0.0
王一博粉[爱你]我是他墙头,0.0
冲吧皮卡丘[怒骂],0.0
哦哦 皮卡丘,0.0
这是哪个读中学的小朋友啊,1.0
真的感觉她的脸越来越僵…并没有很好看[黑线],0.0
期待小爽和萌娃[心],2.0
这哪里好看了？,2.0
期待[鼓掌],2.0
啊啊太好看了,2.0
啊啊宝贝[笑哈哈][憧憬],2.0
太美了。期待[憧憬],2.0
[泪]好欣慰,0.0
你有本事不要让微博有热搜呀~,2.0
这个造型真的显脸大啊…,0.0
有点像马大脚的女演员了,1.0
我都不敢说，还是你勇敢，小心他的脑残粉骂,0.0
不止造型[doge],0.0
就不能实话实说吗？不好看就是不好看，理性客观的追星不行吗,0.0
这个造型好好看啊，小精灵啊,0.0
怎么上热搜的,0.0
感情，言语，发型，照片，从微微一笑之后，感觉就没有什么演员的事情了，上次热搜还记得，她说她不想要粉丝，想成为大众的，希望她行动跟想法能保持一直，对于她目前的状态真的很反感,1.0
这个发型没有彰显出她的美,0.0
哈哈 确实像，哪吒也很可爱啦！路人不要慌，真正的爽粉是很理智的，说不定还会和你一起笑 哈哈,2.0
是我的崽崽[羞嗒嗒],0.0
怎么都美出天际的小爽[爱你],2.0
微博不是还有你们吗，知乎这个窝你待着不香吗，还要来微博找不痛快呢。你的同类们和你说同样的话，还满足不了你吗,0.0
期待啊 好可爱,2.0
爽爽爱你[亲亲],0.0
还好我没放弃,1.0
果然，人好看了穿雨鞋都好看🤗🤗,2.0
哇😯 ，太萌啦！[心],0.0
这就又买起来了 。。,0.0
好可爱呀 活泼爽[太开心],2.0
虽然很美 但是我不敢说脸部有点奇怪 怕被骂死,2.0
背的包好像和平精英里的小黄鸭！！,1.0
啊啊宝贝可爱,2.0
这也不好看啊,2.0
屁大的事也上热搜,0.0
真富裕，热搜又安排上了，一天一上[二哈],0.0
那些评论说不好看的，看看自己弄这个发型有没有别人美再说话好不好，承认别人漂亮有这么难吗？真的是什么样的人说什么样的话。,0.0
[费解]这也行,0.0
爽是哪种发型都能hold住啊！每次都好漂亮,0.0
这。。真的不太好看。,0.0
我也是，脸好大啊显得,0.0
热搜疲劳[二哈],0.0
姐妹挺住！！,0.0
为什么好像宝莲啊,1.0
还是喜欢她曾经的颜值,2.0
好可爱，[爱你],2.0
别问，问就是可爱，问就是率真[doge],2.0
本来演流星雨的时候就说他的头像小哪吒，现在倒好，自己搞成这样，真不好看大姐，你要不天天自吹自擂的上热搜，我真不想骂你，大家在微博不是为了天天看你这张大脸的，在娱乐圈又这么委屈，何必呢？,0.0
这个发型一言难尽[汗],0.0
奇妙小森林，芒果TV。。,2.0
接受评价，也谢谢关注！,0.0
爽子终于胖了一点 嘿嘿,2.0
你们才是邪教组织啊！,0.0
哈哈，把你脸p上去也毫无违和感，哈哈,0.0
不喜欢这个人,2.0
反正我get不到但是我不敢评论我怕被骂[嘻嘻],1.0
可能她呼吸也要上热搜[二哈],0.0
期待奇妙小森林,2.0
滋滋粉真没素质，专注自家吧[允悲],1.0
明天中午十二点芒果TV奇妙小森林不见不散[爱你],2.0
真  脸越来越大，真  并没有好好看,0.0
姐妹你挺住！感觉没有那么好看,0.0
天天上热搜，还都是鸡毛蒜皮的小事，烦死了,0.0
这也上热搜。。,0.0
没有作品，为什么还老上热搜！！,0.0
我觉得这个造型不太行……（没有说郑爽不好看的意思）,0.0
这也能叫好看[doge] 如果你反驳我 那你是对的,0.0
可可爱爱小爽,2.0
怎么又天天热搜啊。。,0.0
没之前的造型好看,0.0
同，不喜欢，作,2.0
待播剧有三部，有一部已经通过审核，马上就上了，也许有那个可能郑爽新剧郑爽演技等一系列热搜上了之后，还能看见你的身影！之前因为作品上热搜说她不行或是看不见也就罢了，芒果综艺明天开播不让人家宣传了？,1.0
[费解]我不懂,0.0
握握手[握手]我也是这样,0.0
终于看见一条正常的评论了,2.0
天天买热搜累不累啊,0.0
好可爱，爱了,2.0
哪里好看了？,2.0
我就想问小编说这些话良心痛吗,2.0
哈哈调皮可爱[太开心],2.0
小爽姐姐真的只有三岁了，不能再多了[心],0.0
很显老啊。。,0.0
脸好胖 头大腿细的感觉..,0.0
好期待郑爽啊,0.0
一言难尽 说不上来哪里的怪…,0.0
好幼啊，喜欢！！,2.0
我也害怕哈哈,0.0
期待周六中午12点来芒果TV【奇妙小森林】看郑爽带萌娃[好爱哦][污] http://t.cn/A626Lk2P,2.0
纯属路人，对她不感冒而且有点略微反感[二哈],0.0
好可爱啊！！想捏她哈哈,2.0
太幼了！我的妈呀！顶多3岁吧？,1.0
哈哈还真是！,2.0
终于找到你了，她脸怎么崩成这个样子 [吃瓜],2.0
清清爽爽的大壳,0.0
哎在这层楼里评论会被骂吗 天天热搜真是把路人缘消耗尽了,1.0
好像那种登山队领队大妈哦，挺潮的加油,2.0
一有动静就上热搜，这粉丝力量也是可以,1.0
感觉是拍照的问题，显得眼睛小脸大,0.0
什么人找什么人啊[费解]，什么心理扭曲的，与自己意见不同的，就非得找和自己相同的，你他妈是上帝呀,1.0
我是路人，但是感觉郑爽这造型真的绝了,0.0
那我们也看的高兴啊，你有本事就把知乎下架啊，那微博是你们舔狗的窝？,0.0
这双腿，我承认我很羡慕[笑而不语],1.0
俾：：可：：粘了：：ded,0.0
感觉是买的[笑cry],0.0
昂昂，那你就看吧,0.0
大壳胖了耶，好可爱呀～[太开心],2.0
我的天啦，你这句话我不得不回复你了，李沁，热巴，关晓彤，蓝莹莹，那个演技不必郑爽好？,0.0
和郑爽一起走进奇妙的小森林,2.0
感觉越来越不好看了，之前演微微一笑很倾城时的模样最自然好看。,0.0
好好看(｡･ω･｡)ﾉ♡好可爱呀,2.0
胖了真好看～,2.0
好好看(｡･ω･｡)ﾉ♡好可爱呀,2.0
胖了真好看～,2.0
天！！好可爱，姐姐是不是才八岁呀[好喜欢],2.0
因为只有你是真人，他们很多都是黑郑爽的键盘侠跑的比郑爽粉丝还快[笑cry],0.0
这个腿，真的太羡慕了,0.0
好可爱的丸子头哇！真的好瘦,2.0
怎么那么清爽？,0.0
原谅是我瞎了[微笑],0.0
日日热搜，不明白[二哈],0.0
哈哈这还是21世纪吗？？,0.0
这个小姑娘可真美啊！,1.0
元气满满啊！,0.0
真的好看吗[doge],0.0
咦？马思纯演技不可以吗，赵露思演技不可以吗，李沁演技不可以吗，不是还有一堆的人吗，怎么就那几个了？,0.0
好可爱[心][挤眼][爱你],2.0
好看的[心]#郑爽# ,0.0
天天上热搜不烦嘛,0.0
一般前排都是控评，每次我都是按时间倒序看才能找到同感评论,1.0
好不好看先不说  能不能先整点作品？加强一下演技  每天因为这些无聊的造型服装上热搜,0.0
集美们别私我了，我都是跟这个姐妹买的，零食也不错[嘻嘻] http://t.cn/A626Lu4G,2.0
这个老姐每次都靠造型上热搜[费解],0.0
能不能因为演技上次热搜，还不是被吐槽的那种？,0.0
造型师会搞么 不会让我上也行啊 别啥流行就一股脑都糊上去了,1.0
原来别人只是做一个澄清，就说别人可怕。 网友也太双标了吧。可当自己站在上帝视角来评论别人的时候。往往他自己也不会想到他说的这句话对别人影响有多大。,0.0
总算找到你了哈哈,0.0
这层被害妄想症[笑哈哈]?人家粉丝说话了吗,0.0
是不我的刘海,1.0
这个发型真不好看,0.0
卧槽，太好看了吧,0.0
好看[憧憬],2.0
路人感觉脸好像有点胖了（别杠，杠就是你对）,1.0
这是楚雨荨吧，好青春,2.0
不是呀，说到你痛处了开始问候父母了？你反驳别人也能反驳你呢~,0.0
我啥时候有这么不好看，我就开心了[允悲],0.0
就这？？又上热搜了？？,0.0
第一张照片是不是没p好啊，脸的比例有点不对,0.0
这哪是快三十的人[摊手]  很可爱啊,2.0
整体散发着智商不太高的小学生气质,2.0
情人眼里出西施，热搜，照郑爽这么隔天的上，早就破产了，没办法喜欢她的人多讨厌她的人也多，所以热度就是这么来滴,0.0
我的天，好好看,0.0
又双叒叕上热搜了。。,0.0
好可爱啊[爱你],2.0
这是雨靴吗[思考][哈哈],1.0
不要白日做梦,2.0
快30岁了还在卖萌装嫩真的好么，戏路很窄，只能演一些学生剧。,0.0
这真的不好看[允悲],0.0
大家不要赞我，我怕被喷狗头保命[喵喵],2.0
理发店生意又要变好了,1.0
18岁吧！[憧憬],2.0
好好看啊[嘻嘻],0.0
期待下次郑爽喝水，郑爽擦嘴，郑爽吃饭，郑爽上厕所，郑爽走路上热搜[太开心]活在热搜里的人,0.0
疯爽又上热搜了,0.0
实话说真的有点儿土,0.0
那两啾啾，哪吒吧(ಡωಡ)hia,0.0
不点不就行了吗？微博热搜50多条，你每个都想点？搞笑了[费解]（别喷，我不是粉丝啊！，要喷的话都是你对好吧？）,0.0
都30了，不要再装嫩了，再见,0.0
她是把热搜都买通了嘛,0.0
显得头发脸大不好看,0.0
邪教粉 真的可怕 哪里好看？ 太可怕了,0.0
妈呀，这是几岁的小姐姐[挤眼],1.0
为什么她热搜这么多[二哈]（狗头保命）,0.0
就这？我觉得不好看[白眼],0.0
这老姐又上热搜了 🤮,0.0
好可爱啊小爽爱啦,2.0
小爽可爱死啦[心],2.0
不好意思我没开学我就是有时间一个个的看，看见她我就要点进来看看这次是什么奇葩方式上的热搜,1.0
我就喜欢小圆脸,2.0
只有我觉得这个发型不适合她嘛😶,1.0
好难看..而且眼睛也小了 脸盘还大,0.0
好青春，好好看,0.0
这也叫好看?,2.0
这腿，我酸了[酸],2.0
真的好看吗？我疑惑,2.0
她的脸是不是真的宽了？,0.0
姐穿的是应援色哎[憧憬]期待新综#郑爽奇妙小森林#,2.0
又双叒买热搜了[挖鼻],0.0
总感觉她的脸有一点点🤏肿,0.0
哈哈，可爱的有点憨憨的赶脚,2.0
get不到好看…,2.0
这是综艺宣传看不出来吗,1.0
好好看，哈哈,0.0
不是呀，知乎当然不是粉丝控评了，是黑子控评，专门满足你这种人的趣味呢,0.0
这脸是咋了 怎么肿了,0.0
这造型不适合她,1.0
拿得出手的作品没有，天天这个造型那个造型的上热搜,0.0
这样不好吧？人表达一下自己的观点你就怼人家正主？她虽然是杨紫粉丝但是在郑爽这件事她就是个路人啊？难道追星的人不能评价其他艺人了吗[疑问],0.0
不觉得显得头很方吗[黑线],0.0
有种楚雨荨的感觉啊啊太好看了吧,2.0
太好看了吧[兔子]太可爱啦郑爽,2.0
30岁了啊大姐，就别装少女感了，女人每个年龄段都有她的美。还有好好琢磨一下演技吗？少买一些热搜，这真的好看吗？天天换一个造型上一次热搜，累不累啊？,0.0
太可爱了！！,2.0
一个路上。天天看郑爽挂在热搜上，有点看烦了,0.0
黄泉路人戏真多[二哈]难道只能你们骂郑爽，不允许粉丝空瓶？？无语了,0.0
那个做饭的小森林？？[费解],2.0
真好看，小精灵，小仙女,2.0
怎么叫脑残粉[黑线]嘴真臭[黑线]情人眼里出西施懂吗 人家粉丝喜欢她就觉得好看咋的了,2.0
她那个鼻子还是在修复一下吧，稍微笑一下正面人中都快看不到了,1.0
郑爽放屁 粉丝:真香啊,0.0
包 年 热 搜,0.0
哪里有点奇怪,0.0
明天中午来看《奇妙小森林吧》,2.0
小黄鸭，cos？,0.0
串场了[允悲],1.0
求可爱的小秘诀,2.0
我的天，这位光是5月最少上了8次热搜了，比人家流量明星一年的次数都多，这是包月吗？怪不得自己都是热搜能提高片酬,0.0
我就觉得挺可爱的,2.0
可爱[鲜花],2.0
吐了 就不能换个表情[摊手],0.0
认真营业咯[可爱],2.0
我有郑爽这身材和脸我去阳台洗澡不关门[微笑],0.0
我的妈，太好看了！！[憧憬],2.0
嗯……其实吧..挺一般的..,1.0
其实她也可以可盐可甜 只是她想做自己而已,1.0
姐姐真的太可爱了叭,2.0
一个造型买一个热搜，真的是够了,0.0
这脸都是宽的[费解],0.0
梦回小爽18岁～,2.0
我觉得她有点土,1.0
郑·皮卡丘·爽,0.0
郑爽，萌娃\(//∇//)\,2.0
我见过一天在3个热搜上[doge],0.0
我看见你不止一次了，你不喜欢，别点进来啊，差您一个[费解],2.0
这个P图是咋回事儿？脸圆眼小[吃惊],0.0
太甜了吧[憧憬]全程姨母笑[哈哈],2.0
粉丝杠了吗？有被迫害妄想症吧你,0.0
终于没有死亡👃侧影 了！！,2.0
好看呀(｡･ω･｡)ﾉ♡,2.0
好看吗⊙▽⊙这个发型我觉得不如以前那些好看,0.0
怎么感觉脸又变了……,0.0
小黄鸭皮肤套装[doge],1.0
搜黑料看怎么了？只要我高兴我看啥不行。知乎是黑料聚集地那微博是什么？我看是知乎不能控评你们着急了吧,0.0
好难看[黑线],0.0
好难看[黑线],0.0
郑爽又登热搜榜了[太开心]天天是这些新闻,0.0
有点儿像小学生拍照，别喷我，我以前还是郑爽颜粉,0.0
姐妹挺住，一直在翻这条,1.0
好可怕[悲伤]请问我是骂你了吗？还是说你不好了，好无辜[泪],0.0
[疑问]你胆子真的很大哎[喵喵],2.0
你敢相信吗 这是一个超级给力的男粉[doge],2.0
有一说一，这次造型还可以,0.0
不是啊、我只是正对ZS啊 又没说你、你急啥 那是你爸爸还是你妈？,0.0
可爱到冒泡 ,2.0
修图好奇怪……（没有说本人的意思）,1.0
鼻子👃太怪了,0.0
我也觉得[允悲]有点显脸大…,1.0
爽妹子的笑容太甜了吧 甜到心里去了,2.0
真的好一般啊 不知道在吹什么 服了,0.0
状态好好[鲜花],2.0
怎么可能没人领[喵喵],0.0
别买热搜了，这个有啥好看的,0.0
郑三岁，你好！,0.0
感觉笑的假假的,0.0
无语，反手一个屏蔽🙃,0.0
这刘海不好看感觉不适合她（非杠非黑）,2.0
??理解不了大众审美,1.0
以前觉得她真的好好看，这阵子觉得真的不行了。。,0.0
期待元气爽姐！[心],2.0
额。她还是适合御姐类的造型吧……尬夸大可不必,1.0
好甜，可爱小爽,2.0
说买热搜的，给你们指条路往上滑，看看阅读量,0.0
期待我们的小仙女综艺[挤眼][鲜花],2.0
。。还没以前好看,2.0
奇妙小森林  每周六中午12点芒果TV播放,2.0
评论太可怕了[允悲],0.0
百变郑爽[好喜欢],2.0
妈呀，也太那啥了吧,1.0
不过骂人的粉丝就那几个，也不多，比我想象的少，有的粉丝还是比较争气,0.0
天呐，就因为自己有了喜欢的明星就不能评论别的明星了吗，这层楼郑爽粉丝好招黑啊。。(杠就是你对!你们最美!),0.0
我觉得可能是发量不够[doge]显得脸大，但是看视频里，她的脸真的好小的[哈哈],1.0
这腿啊啊我想拥有,0.0
期待明天中午十二点的奇妙小森林,2.0
何时拉屎上热搜？,0.0
瓜子脸整成了国字脸,0.0
不要关注 她的头发  衣服了  主要是期待奇妙小森林  啊  应该是很治愈的节目  这个夏天正合适看啊  有兴趣  可以  看看啊  [ok],2.0
我说什么了吗？我连一句不好看胖都没敢说好吗？好惊啊？粉丝们都是这样追星的吗？我只是把杨紫的图片发出来而已一起鉴赏一下而已啊？ http://t.cn/A626Lq5I,0.0
她来了 她带着她的刘海又来上热搜了,1.0
在你心里，和你意见一样的就是正常人，不一样的就是邪教[doge]你这个想法，很正常人了,1.0
鼻根好粗，应该动了,2.0
放个屁都能上热搜…,0.0
像大S 但是没大S好看,2.0
终于找到友军了[握手],2.0
可能我的审美眼光有问题吧，我不是很喜欢[汗],0.0
这腿太好看啦,2.0
这是哪家邪教粉丝🙊,0.0
有一说一，为什么她的热搜整天是这些奇奇怪怪的东西而不是作品,0.0
我怎么觉得不好看,2.0
这种泡面刘海烫不好就是泰迪 朋友踩过雷哈哈,1.0
来了，是我老婆 http://t.cn/A626L49i,1.0
你更无语，电视剧天天上热搜买热搜，也不见你出来说，人家芒果综艺明天开播，正常宣传就是不对了？,0.0
终于找到你了,2.0
感觉楚雨荨又回来了[憧憬],2.0
一个表情到底,0.0
真谢谢你们为小爽贡献热度，没事儿就多说几句谢谢啊,0.0
哈哈我就喜欢你们！[doge]我特么都粉转黑了莫名其妙的,0.0
大壳可爱啊！！,2.0
礼貌问rs包年多少钱？,0.0
终于等到你，我以为还要再刷下去呢,2.0
没事，各花入各眼啦[爱你]我们接受批评，只要不是直接上来就骂就好啦[抱抱],0.0
我感觉他那句话都可以说是歧视女性了[摊手]男的穿学生装什么的就是年轻女的就是装嫩还被说是老女人[摊手],0.0
这个妆容不太适合这套衣服和发型也不搭，化妆师不太行,1.0
这是郑爽？？咋又变样子了[喵喵],0.0
我觉得第一张图看着好怪[允悲]感觉把脸扯圆了[允悲]到底是爽妹子吃胖了还是造型的过啊,1.0
师弟！快学！跟你有点像,1.0
快三十岁的女人了，唉😔，看她四十还能做什么妖,0.0
我不是路人，我是黑子，ok[挤眼],0.0
不如原来好看吧,0.0
我能说我的也这样嘛[doge],1.0
？？第一张什么鬼,0.0
这颜值太可爱了吧，三天两头的热搜，真是古灵精怪,2.0
？这个脸型真的不可,0.0
哎，不知道说什么好,0.0
话不多说我爱她[亲亲][喵喵],0.0
期待小爽的带娃之旅[嘻嘻],2.0
不理解郑爽怎么频频登上热搜，不能好好的做个演员吗，能不能好好提升下演技！不要一直在消费自己。,0.0
我的妈呀  头太大了吧,1.0
还有清一色的粉丝控评,0.0
💚走进森林，治愈心灵。和一起去#奇妙小森林#寻找小精灵吧！,2.0
少儿频道主持人？可爱,2.0
小仙女郑爽[心],2.0
期待爽姐姐[给你小心心],0.0
她的腿我真的慕了[憧憬],2.0
只有我觉得难看？,0.0
💚远离浮躁，亲近森林。期待大朋友 和小朋友们[好喜欢]5月30起，周六中午十二点#奇妙小森林#[心],2.0
这双腿，慕了[酸],0.0
你的眼睛呢！！,0.0
hello？好看？,2.0
为什么显得脸这么大，她动图真的比硬照好看太多,0.0
这也太可爱了吧[憧憬],2.0
不知道这位姐姐的卖萌路线要走到多大岁数，演员就该多出点用演技打动人心的热搜。,0.0
图一不可[允悲],1.0
我以为我的审美出现了问题  尤其第一张  显得脸好大 脑袋顶平平的  这个造型真的欣赏不来,0.0
💚远离浮躁，亲近森林。期待大朋友 和小朋友们[好喜欢]5月30起，周六中午十二点#奇妙小森林#,2.0
爽姐越来越可爱了,2.0
看到有人觉得郑爽粉好像没说什么 那是因为她们都直接跑到别人微博下面或者直接私信骂人家了 牛逼[作揖],1.0
这不好看啊[黑线],0.0
这发型emm一言难尽,0.0
好美的仙女啊,2.0
我就想进来看看有没有正常人啊、结果这层大部分都是正常人,0.0
真的，脸好看，什么奇奇怪怪的发型都能抗[二哈],0.0
好的呢，跟路人安利也是我的不对（真他妈隔应）,0.0
冲鸭[哈哈],0.0
我要屏蔽这俩字了，这鼻子和下巴是认真的吗？一点协调感都没有，尖的都可以扎死人了[微笑],1.0
哈哈终于找到你,2.0
"💚#奇妙小森林#“蝉噪林逾静，鸟鸣山更幽""，这个夏天，和走进森林，看郑爽和萌娃们有爱互动，一起享受大自然的清凉时光吧！",2.0
我本来是想烫一个这样的，结果硬生生变成包租婆,0.0
这位大姐可以歇歇吗？观众不想天天看你，你也歇歇吧，这么累又委屈，在娱乐圈天天抛头露面干嘛呢，让自己这么委屈干嘛呢,0.0
好像楚雨荨啊,1.0
真是烦死了，天天弄这些玩意上热搜,0.0
吐了  昨天上热搜是因为打许魏洲,0.0
明天12点芒果TV郑爽《奇妙小森林》看郑爽如何带萌娃,2.0
无脑黑粉装路人真可怕，先骂别人还不允许人回怼，咋滴，就你长个手，会敲键盘？,0.0
图片评论 http://t.cn/A626LvIJ,1.0
同感[允悲]我一直觉得她脑回路跟别人不一样[笑cry],1.0
谢谢，谢谢你们为小爽贡献热度，多说几句谢谢啦,0.0
真的土 无语子,0.0
图一脸有点大,0.0
我来认领我家的,2.0
我也觉得不好看，我看了上面的，我以为我瞎了,0.0
脸大，眼睛小,0.0
都快三十了，还演这样的剧,0.0
精明能干女汉纸遇到爆笑萌娃，会产生怎样的逗趣反应?锁定芒果TV【奇妙小森林】，看与萌娃的爆笑日常![赞],2.0
杨紫这张还蛮元气的耶,0.0
感觉郑爽美回来了，而且状态也超级好,2.0
[笑cry]xswl一层看下来没几个粉丝全是找组织的,0.0
所以你为什么点开看呢,1.0
我怎么感觉她脸有点儿崩？是不是修图修的？,0.0
我也觉得好难看,0.0
这衣服真好看,2.0
终于有个正常人，不然我还以为我做梦！,0.0
这发型我想到陈奕迅,0.0
这也太好看了叭,2.0
第一张怎么感觉有点胖…[doge],0.0
这样说实话太危险了 他的粉丝太可怕了,0.0
我感觉她现在活出了自己，以前很阴郁，不太喜欢她，现在这种状态就很好，希望她以后越来越好。,0.0
哈哈，我只是在模仿黑粉说话[偷笑],0.0
感觉胖一点了，好好看,0.0
清清爽爽的发型它不香吗,0.0
别侮辱周海媚,0.0
我也觉得 找不到这个评论,1.0
这是哪位小仙女下落凡间,2.0
好看 喜欢#郑爽泡面刘海# ,2.0
分手真是谢天谢地，法制咖我们配不起呢,2.0
 郑爽早就和某男子在一起了 我发了俩人同回爱巢在窗台接吻的视频 俩人挺恩爱的 还是祝福吧 能清晰看到俩人的脸 在一起实锤了！,0.0
同意，而且她在拜托冰箱里面招黑死,1.0
评论里的杨紫粉丝少来郑爽的热搜倒贴，ky，也不看看你自己蒸煮那身材，那脸……，看看你自己的简介，专注你自家，还有评论里的人好奇怪，我们粉丝说自己偶像可爱，元气，好看，也是脑残粉[费解]，你才是脑残吧，不夸郑爽夸你吗？？而且我们大多数是在期待节目#奇妙小森林# http://t.cn/A621ST,0.0
图七八好好看！！,0.0
哈哈黑子不讲道理的[抱抱],0.0
您可真搞笑？  不能发表自己的看法？ 发表了就是酸[二哈] 牛逼,0.0
就这？？可以称好看？？[笑cry],2.0
我觉得好看 唉呀妈呀 你们这么多人 会不会开骂我 我好怕 哎呀,0.0
哪。。好看了。。,2.0
虽然还没开学，但我想换书包，好奇这款书包[允悲],1.0
她18没错吧,2.0
真的不好看。。,2.0
我在找一个回答,0.0
这个泡面刘海两年前我烫头发不会吹刘海洗完就这样 真糟心 奉劝大家没颜值别作[允悲],1.0
好可爱[心],2.0
可爱本爽了，爱了[挤眼],2.0
脸好僵[拜拜]笑的太僵了,0.0
有一说一 有太多比她好看的了,2.0
爽妹儿，你也太可爱了吧~[憧憬],2.0
没以前好看了,2.0
青你2选秀有个女的叫林小宅的，长头发然后刘海全部弄卷的，笑起来眼睛那感觉挺像的。,0.0
好可爱呀[给你小心心],2.0
欣赏不来，特别是第一张。,0.0
我没有别的意思，她近期上的热搜的很多造型真的不适合她[允悲]，真的不好看！,0.0
94 支持博主,2.0
我还是满期的待的，希望是那种在森林的那种，田园风光的那种妈呀想想就开心😁,2.0
郑爽长真的太治愈了,0.0
这腿羡慕了[憧憬],2.0
她好像动过鼻子之后，就不太好看,1.0
好不好看咱不说  能不能整点作品 天天整这奇怪的小事儿上热搜,0.0
脸大了不少[允悲],0.0
预感这又是不久以后很多女孩要干的事，把自己的刘海也弄成这样,0.0
第一张没拍好这个是真的,0.0
看起来好开心哈哈,2.0
周六中午12点来芒果TV《奇妙小森林》期待郑憨憨大可爱 到底如何带着小可爱们呀🌟,2.0
算术题，爽妹子到底有多少个综艺,1.0
怎么天天买热搜[笑cry],1.0
[汗]想说点什么又不敢说 直到看到了这条评论才找到了组织,1.0
真觉得不好看！,2.0
只是是模仿黑粉的话，他们经常这么说[偷笑],0.0
每次热搜都是造型,0.0
我的腿好短啊[泪],0.0
就很想帮她捋一捋～,0.0
皮卡丘莫名想到了许魏洲,0.0
无语了..这位换个新造型就要上个热搜，一年有365个日出这位就有360个热搜[跪了],0.0
郑爽粉丝挺住,0.0
青春斗真正的客观的评价，就是除了台词偏快演技很自然你不服你拿着具体片段来跟我讨论好吗？[摊手]我从来不觉得郑爽演技好，但是相比除了我说的那几位其他的更差。但我不认同她没作品。,0.0
这姐们天天上热搜,0.0
像创造营里的路人甲,0.0
还是颜值hold住啊,0.0
你的卷毛可以试试,0.0
你可能不知道吧、就算我们不点热搜排名也能买上去的、别问为啥 问就是以前我也是专门给这种流量小生点赞啊、评论啊、我们还有个大群、好多人 你们蒸煮买的最多[笑cry],0.0
终于有个明白人,2.0
是拍巴啦啦小魔仙吗,0.0
太喜欢姐姐了呜呜,2.0
人好看，但性格不行,2.0
[笑cry]，你的微博暴露了你不是个单纯的路人,1.0
把脸衬得好大啊。。谁弄的造型,0.0
哇呜姐妹[喵喵],0.0
这腿撅了太羡慕了,0.0
为了她，我把她的名字 和“爽”“小爽”“爽子”这些关键词都屏蔽无数次了,2.0
期待小爽和萌宝宝[羞嗒嗒],2.0
非常羡慕着双腿,1.0
啊这 热评都是认真的吗（别来骂我 你骂就你赢）,0.0
喜欢这种营业档期密集的感觉，多赚点钱气死那些黑酸键盘侠，不能白受那么多网络暴力，越黑你你就跑的越快 http://t.cn/A62jMV,0.0
发型不好看但是人好看,0.0
真是不想看了,0.0
明天就能看郑爽带娃了！,0.0
天呐，我们家大壳真的是～好看惨了[嘻嘻][心],2.0
我觉得好看，但是你也可以觉得不好看[爱你],2.0
她的脸怎么了,0.0
[爱你][鲜花],2.0
哎、鼻头整的太垂了，给她p了一下就好多了 http://t.cn/A62W0I,0.0
这腿是真实的吗,0.0
我也[握手]天天热搜都有她,0.0
怎么能不弹出郑爽的信息？,0.0
看看邪教粉吧，还说不邪教！每次都撒谎说不骂人！ http://t.cn/A62Wht,0.0
以为上热搜了多好看呢……就这?,0.0
猜你肯定被喷了[喵喵],1.0
？？人家说个不好看也能上升正主吗？？她没说太过分的吧？ 听不得一点否认的话吗绝了,0.0
这个发型不好看,0.0
好可爱啊，好像用我五百块买的苹果手机去帮她拍照[允悲] http://t.cn/A62OLo,1.0
又上热搜？搞不懂,0.0
她的脸现在怎么这么大[挖鼻],0.0
果然胖了好看,2.0
宝莲是你吗？？,1.0
完全不想看到她的热搜,0.0
你好看，你最好看，世界大美女吧,0.0
敢不p图吗？天天买热搜。一点不考虑别人感受，任性妄为，这样的明星给未成年带来什么榜样力量,1.0
看到这条热搜 点进来第一观感 好看在哪了？？,2.0
没想到妆画的太过还能遮着格格巫的脸[鼓掌],2.0
看到这条热搜 点进来第一观感 好看在哪了？？,2.0
没想到妆画的太过还能遮着格格巫的脸[鼓掌],2.0
别的不说，郑爽30周岁了，又整过很多次容，但是这么多年就一直是青春美少女的感觉，没有变老，虽然状态差了点，但底子还在，比比她小的巴巴看着还小，真是天生的，羡慕不来,2.0
我仿佛看到了楚雨荨[求关注],1.0
哈哈没有作品,0.0
终于有人说她胖了，开心😄,2.0
强颜欢笑都这么好看，我真是爱了,2.0
草 我怎么上来了 好害怕[衰],0.0
哦我就是来看有多少人骂她 看到别人骂她我就开心[太开心],2.0
这是新综艺#奇妙小森林# 四个人的带娃综艺节目，新综艺有热搜不是很正常吗？,2.0
是脸胖了吗？,0.0
一天天的热搜没完没了！又没有好的作品要上！就知道炒作！,0.0
你真敢说[doge]我从来不敢说[doge],1.0
比以前长点肉了 腿是正常的细度 脸也有婴儿肥的感觉 健康又活力！,2.0
脸好像变大了,1.0
官方认证皮卡丘,0.0
憨批[笑哈哈],0.0
她的脸这是浮肿，还是胖了，之前长发披肩挺好看的,2.0
昨天今天都是有综艺，节目组推的，有兴趣可以去看奇妙的小森林，明天首播。,1.0
个人觉得，没有那么好看,0.0
实话 真的有点不太好看 别喷我[允悲],0.0
是的咩，大饼脸，翻了这么久才发现一个和我意见统一的，不容易啊,1.0
这个造型青春活力呀，赞赞[摊手],2.0
个人觉着，她离糊不远了…加油,2.0
她的脸  看起来 又尖又方,2.0
姐姐太可爱了！,2.0
图一脸好方…这是p的还是本来就？我以为我不懂审美,0.0
我大壳不愧是大壳，又上热搜榜了 哈哈,0.0
图1简直是大饼脸，绝了,0.0
也不必硬夸……,2.0
我的天！！18岁的小爽又回来啦[憧憬][给你小心心] 我的楚雨荨啊[嘻嘻],2.0
[笑cry],1.0
是的，十几年了还是那个噘嘴瞪眼歪头小动作多的不行的演技，粉丝还各种夸，尴尬的不行，不晓得她的粉丝看中了她哪点。,0.0
有楚雨荨那感觉了,0.0
郑爽⭐️ 郑爽⭐️,0.0
超喜欢这一张[求关注] http://t.cn/A62XfB,0.0
包年热搜[作揖],0.0
为啥又上热搜了，一脸懵逼的样子,0.0
也不知道谁无脑，讲道理都看不出来[摊手],0.0
即使春光抚过脸颊也不如笑颜轻吻了岁月的你！,0.0
有一说一是这样,0.0
不好看就不好看，就是评论叫唤挺住，我看不懂,0.0
看到她  23岁的我感觉已经是老年人了,2.0
你权重太低了[doge],0.0
这还不好看啊，也请让我29岁的时候不好看成这样吧,0.0
热搜位几十个，你应该不会那么有时间一一点开看吧，既然这样，为什么点一个不喜欢的呢[doge]有时间做点有意义的事不好吗,0.0
你是我见过最美丽的女人，你拥有最动人的嘴唇，你拥有好听的生音还有着一颗善解人意的心。我喜欢你的眼睛，你的眼里想藏着星辰大海让我深深的陷在了里面永远爬不上岸。❤️,2.0
有颜值的人怎么打扮都好看,2.0
真是无奈[摊手],2.0
戏是真多[doge],1.0
她到底哪里好看。。,0.0
她是真的没啥作品啊，明星偶尔上热搜刷刷脸其实也没什么，但她真的太频繁了，现在那几个流量花基本都在剧组拍戏，就她总是靠些破事上热搜维持热度,0.0
不知道是小朋友带你 还是你带小朋友[太开心],2.0
太幼了吧这个，可爱,2.0
你们真的觉得好看吗,2.0
估计和渣浪 包年了,0.0
好像回家的诱惑里的宝莲……,1.0
哈哈终于找到组织了！,2.0
好喜欢现在这么多活动的郑爽！天天都能看见新消息！,0.0
好奇怪，刘海感觉好乱,0.0
很好看啊。。,2.0
我没生气，我是跟他讲道理他就说无脑，谁无脑一眼就看出来吧[摊手],0.0
有楚雨荨的感觉了！,0.0
为啥小爽看着越来越小了,2.0
💚远离浮躁，亲近森林。期待大朋友 和小朋友们[好喜欢]5月30起，周六中午十二点#奇妙小森林#,2.0
这个状态真元气满满了,2.0
我的天太可爱了惹,2.0
怎么屏蔽啊 好累,0.0
不好看，，但是五、六张还挺可爱的,2.0
百变小爽，都好好看[太开心],2.0
口区，热搜queen,0.0
不喜欢看的可以略过！不爱请别伤害！谢谢[心],2.0
图1确定不是来黑她的[doge],1.0
我觉得比他之前那些尬吹的好点,1.0
小号得我就是没有感情的转发机器,1.0
有点怪[ok],2.0
可爱[鼓掌],2.0
啊？每次换造型都能上热搜？？,0.0
💚#奇妙小森林#你保护小花，我保护你。 在小森林，请大胆做自己！💪 5月30日起每周六中午12:00芒果TV全网独播 ​​,2.0
郑爽每次的热搜都好莫名其妙。。买的吧,0.0
是我的审美出问题了吗..,0.0
好像他妈个坐地炮,1.0
我的天，这种发型能驾驭住可有点难[笑cry],0.0
路人，觉得很好看,2.0
💚走进森林，治愈心灵。和一起去#奇妙小森林#寻找小精灵吧！！,2.0
今天又是可爱爽[憧憬],2.0
受不了了，昨天晚上刚点赞了骂她买热搜包年的评论，今天又看见她了，真的要吐了,1.0
爱辽，爽姐真的好好看啊,0.0
终于[允悲]看到了一个,1.0
第一张P过了脸,0.0
好萌，感觉自己还是个娃哈哈,0.0
哇啊啊，好喜欢,2.0
啊啊我可以妹砸,0.0
卧槽这腿！！,0.0
明天中午12点来芒果TV【奇妙小森林】看郑爽带萌娃[好爱哦],2.0
不喜欢看的可以不用从热搜点进来吧,2.0
除了好看啥都不是,0.0
我想吃了咋整[允悲],1.0
是这么回事，但是她家粉丝[二哈],0.0
小爽也太灵动了叭,2.0
别回黑 他故意 别把自己气到了,0.0
……额，算了，跟粉丝讲理是我不对 http://t.cn/A62GOV,0.0
虽然但是，能不能少点这些各种造型的热搜啊，也不是很好看，多点作品热搜吧…,0.0
小爽❤️太可爱了,2.0
💚走进森林，治愈心灵。和一起去#奇妙小森林#寻找小精灵吧！,2.0
地铁 老头 看手机 就一种表情吗？？,1.0
感觉都一个表情,0.0
💚#奇妙小森林#你保护小花，我保护你。 在小森林，请大胆做自己！💪 5月30日起每周六中午12:00芒果TV全网独播 ​​[心],2.0
说实话没觉得哪里好看,2.0
💚#奇妙小森林#你保护小花，我保护你。 在小森林，请大胆做自己！💪 5月30日起每周六中午12:00芒果TV全网独播 ​​,2.0
无语=_=，屁大点事儿，都能上热搜，讲真，真的不好看……,2.0
有点肉肉了大壳儿,2.0
太元气啦，喜欢郑爽[心],2.0
💚远离浮躁，亲近森林。期待大朋友 和小朋友们[好喜欢]5月30起，周六中午十二点#奇妙小森林#,2.0
啥啥不行，控评第一名,0.0
其他不说，这个腿我真的[酸],0.0
感觉我的楚雨荨又回来了[给你小心心][泪],0.0
这脸。。这是咋了,0.0
b里有粘液'……hjnj,0.0
"💚#奇妙小森林#“蝉噪林逾静，鸟鸣山更幽""，这个夏天，和走进森林，看郑爽和萌娃们有爱互动，一起享受大自然的清凉时光吧！",2.0
可可爱爱郑三岁[笑cry]http://t.cn/A62ybJ,2.0
哇姐姐真的太好看了吧 一点看不出岁月的痕迹,2.0
有一种回到年少的感觉[爱你],0.0
期待郑爽和萌娃们[憧憬],2.0
哇卡卡，可可爱爱,2.0
这也太好看了吧，好可爱呀[爱你],2.0
而且哪里好看了[摊手]比她好看的一抓一大把好么[doge]她的粉丝真的不敢恭维[二哈],0.0
怎么感觉有点奇怪,0.0
别双标了，嘴上在网暴着郑爽以及粉丝，还说人家粉丝可怕？网暴人家就是对的，粉丝护犊子就是错的，你看人家粉丝搭理你们吗？真是不知道自己脸有多大，带粉籍的就专注自家，可以评论，但是你要想好后果，千万别给你家主子招黑，记住了，路人不是一直有，但高贵的黄泉路人可真是一点儿都不少。,0.0
无脑粉丝真可怕…,0.0
姐姐好看的[兔子],0.0
她怎么老是上热搜，而且不是作品或者什么成绩上的，而是一些八卦[允悲],0.0
小珍珠眼妆有点好看！,2.0
感觉眼睛有点小,0.0
说实话，有点胖,2.0
真的是疯狂营业啊,2.0
我也不知道，空降,0.0
可爱，期待！,2.0
卧槽，古灵精怪小爽好好看！,2.0
郑爽粉真可怕,0.0
翻了半天终于找到组织了,2.0
💚#奇妙小森林#你保护小花，我保护你。 在小森林，请大胆做自己！💪 5月30日起每周六中午12:00芒果TV全网独播 ​​,2.0
突然觉得成年人分手真的是一件很容易的事，,1.0
这腿太好看了吧[羞嗒嗒],2.0
天天上热搜，真尴尬,0.0
b里有粘液'……hj,0.0
你发的这条评论，对得起你的简介吗？专注自家不好吗[doge],1.0
💚远离浮躁，亲近森林。期待大朋友 和小朋友们[好喜欢]5月30起，周六中午十二点#奇妙小森林#,2.0
你是粉丝你说啥都对,0.0
太可爱了，有楚雨荨的影子了，爽妹子要走花路呀,2.0
哪次上热搜和衣服发型没关系？？…啊，还有撕逼[二哈],0.0
小仙女郑爽 我爽最棒最美[心],2.0
期待郑爽大朋友带可爱的小朋友[鼓掌],2.0
啊啊我好像看到了贝微微,1.0
也没见郑爽粉丝骂人，倒是这里的黄泉路人一个个像传销一样给人洗脑郑爽粉是邪教，到底谁是哦,0.0
不得不说 好看,2.0
这姐啥时候能靠演技上一次热搜,1.0
新综艺上热搜不是很正常吗？？,2.0
爱了[嘻嘻],0.0
我觉得也是，你要靠作品上热搜，靠个这个造型那个花边新闻的，挺反感的,0.0
请营销号不要把我尬到谢谢 其次一点也不像看到这货 别买热搜了谢谢,0.0
搞不懂她为啥脸大了一圈， 一直到贝微微时期脸都不像现在这么大啊,0.0
好看[太开心],2.0
最近是参加了多少节目啊[鼓掌],2.0
可可爱爱 幼幼稚稚,2.0
20认真营业吧 姐姐！！[憧憬][爱你],2.0
终于找到你了,2.0
嗯，想要个刘海的教程[嘻嘻],0.0
好看又可爱，是我家的没错了[憧憬],2.0
我觉得好像看到了楚雨荨,1.0
好好看[鼓掌][爱你][心],2.0
吃可耐长大的仙女本仙[哈哈],2.0
主要是好看的人穿啥都好看呢，这大长腿爱了,2.0
好奇怪[摊手],0.0
你爱豆最好看，别黑，谢谢,0.0
💚远离浮躁，亲近森林。期待大朋友 和小朋友们[好喜欢]期待5月30起，周六中午十二点#奇妙小森林#,2.0
三天两头是她，干嘛啊，这热搜买的,0.0
怎么感觉脸歪了呢,0.0
完全没有表现力,0.0
漂亮姐姐就应该好好营业呀,2.0
是小仙女本仙了,2.0
明明不好看啊,2.0
这小脸真想嘬一口[亲亲],0.0
好像是发腮了,1.0
终于遇到一个说实话而不是盲目空瓶的人了,1.0
可可爱爱还有点圆乎,2.0
图片评论 http://t.cn/A626AkKL,1.0
哈哈 我也是这样 哈哈,0.0
长得好看，果然任性！爽姐！加油呀！,2.0
又一抄袭综艺 滚,2.0
绝了，要是带美瞳的话会更好看 http://t.cn/A626ADXV,1.0
怎么有点像红皇后[馋嘴],1.0
你；你你，最可爱啦😄,2.0
期待活力满满，青春阳光的郑小爽，期待#郑爽奇妙小森林# #奇妙小森林# [心],2.0
哇塞，可甜可爱,2.0
最喜欢的明星 没有之一,2.0
是没钱了疯狂参加节目吗[喵喵],1.0
未成年似的，似不似业务不好都开始接童装了,0.0
？？是我不懂欣赏，打扰了[吃瓜],0.0
滚滚 又买热搜,0.0
我想说话，我不敢,1.0
最重要是见好看,2.0
虽然但是我觉得不好看诶[doge],0.0
图一又回到十年前的你，好好吃饭，越来越好看[鲜花][心],2.0
我就从来没觉得她好看过[允悲],0.0
啊啊，太美了,0.0
up同感..,2.0
太土了吧  是童星写真吗？,0.0
受死吧，你被邪教包围了[吃瓜],0.0
老男人嘴这么臭，想吐[doge],1.0
期待郑爽小仙女！,2.0
这也能上热搜？而且我还点开看了[打脸],1.0
郑爽的腿呀，慕了,0.0
我也觉得[嘻嘻],1.0
她就差上厕所，上热搜了…,0.0
她怎么天天上热搜,0.0
爽姐果然是热搜体质。哈哈。 又来一个热搜,0.0
真是个小可爱,2.0
wok我觉得好看！,2.0
吃可爱长大的,2.0
看你发完以后我替你担忧了一下，她的粉丝很牛逼的，[挖鼻][微笑],1.0
天呐，好年轻,2.0
明天一起看吧#郑爽奇妙小森林#,2.0
话不多说我真的爱了！！这一刻她不再是爽姐，是我的宝贝呀[羞嗒嗒],0.0
哪好看了..,2.0
这个鼻子👃 是仿照娜扎整的吗？,0.0
真实，我也是这样,0.0
没关系，萝卜白菜各有所爱，不过带粉籍不太合适，容易给自己的爱豆招黑，谢谢关注。,2.0
这姐买了包年热搜了,0.0
感觉一般啊  吹得太过,0.0
抓到一个小可爱哟[可爱],2.0
不好看，显得脸好平面，还有热搜有规律娃，隔三差五的，买房了吧在热搜,0.0
以前真的挺好看的，做了鼻子之后感觉没有少女感了，再弄这种造型就不太适合了…（纯路人，不喜勿喷[doge]狗头保命）,0.0
一起打包举报,0.0
为什么脸型没有以前好看了,2.0
其实我还是吃她的颜的，但是尬吹很尴尬呀[笑cry],1.0
看起来真的好幼！最多15岁！,2.0
感觉热搜被承包了,0.0
吃藕[二哈],0.0
你们不觉得第一张怪怪的么？,0.0
我也jio的,0.0
这也太好看了吧,2.0
天哪，知乎就是个黑子聚集地吧，你搜任何一个明星都能看到黑料呢，你呀，搜别人黑去看，真是闲,0.0
天天热搜 确实过分了 确实是不想看别看 但是天天挂热搜 很烦的啊！,1.0
又特么因为这点事上热搜。,0.0
是不是胖了哈哈胖了好看[太开心],0.0
好看吗…你去看看你初中时候的运动服也这版型这配色，倒也不必这么闭眼吹，无语子,2.0
……[允悲],1.0
我觉得她不笑的时候好看一点哈哈,0.0
我天？楚雨荨的时候18岁，十一年过去了还能一样吗？你能跟你十一年前一样吗？,2.0
带着粉籍出来说啥说。送人头吗,0.0
可耐死了你是小可耐是吗[哈哈],2.0
终于找到这条评论了,2.0
期待小宝贝的带娃记[笑哈哈],2.0
郑爽的脸为什么越来越方啦！是错觉吗,0.0
强迫症患者忍不住拿出大梳子来了！[doge],1.0
[允悲]第一张脸像不像小时候玩的陀螺。她脸也不是这样的啊[允悲]拍的啥啊,0.0
怎么这么好看呀[爱你],2.0
我也流过这样的刘海，想象中是这样可爱俏皮，实际上我妈说我像是多年没洗头,2.0
好看的点在哪里？,2.0
我也觉得，微微的时候真的很好看，但是这张图感觉脸型又变了…,0.0
挺好了，起码这次没有不开心就直接甩手走人[doge],1.0
我元尼玛呢 把眼睛捐给需要的人吧,1.0
看起来好幼！！,2.0
P1是什么东西,0.0
哈哈就你敢说[doge],1.0
郑爽，你为什么一直都这么好看[挤眼],0.0
她脸怎么了？感觉比微微的时候方了呢[笑cry],0.0
她还真是住在热搜榜上……,2.0
不是三天两头是天天,0.0
大家都是欣赏美女的 你要觉得不好看你就划走 也没人逼你看 每个人审美不同 你觉得不好看就不许别人觉得好看？ 全世界以你的审美做标准？,0.0
想看正常的评论只能点“按时间排序”[疑问],0.0
太tmd可爱了叭[憧憬],2.0
天天尼玛买热搜，能不能带来点科研，军事，教育的？明星给你下葬的时候捧骨灰盒,0.0
评论里的杨紫粉丝少来郑爽的热搜犯贱，看看你自己的简介，专注你自家，还有评论里的人好奇怪，我们粉丝说自己偶像可爱，元气，好看，也是脑残粉[费解]，你才是脑残吧，不夸郑爽夸你吗？？而且我们大多数是在期待节目。,0.0
想看小爽怎么带孩子[哈哈],2.0
估计以后拉个屎也得上热搜吧、～,0.0
怎么眼睛都给拍小了，,0.0
太好看了哇哇,2.0
zs放个屁也能上热搜,0.0
小朋友应该喜欢的，期待郑爽新综艺奇妙小森林,2.0
zs放个屁也能上热搜,0.0
小朋友应该喜欢的，期待郑爽新综艺奇妙小森林,2.0
狗头加得好 不然我已经开始口吐芬芳了[二哈],0.0
爽姐，您就别博大众眼球了，好好待着吧，还有，上综艺说话时过过脑子，人都被您得罪光了。。,0.0
期待我憨憨如何带宝宝[哈哈],2.0
[憧憬]这位小盆友可爱到犯规啦,2.0
楼上超级尬的评论，就这？[吐] http://t.cn/A626A0ka,0.0
好可爱啊[爱你],2.0
好可爱  这颜值终于回来了  啊啊  我的小仙女,2.0
这姐这么多年  吃啥了  和当年没有一点区别[泪],1.0
这还是郑爽？不认识了,0.0
你居然能上热评！我要把你抓走,0.0
越来越年轻了,2.0
这也能上热搜[费解],0.0
说出了我的心里话[作揖],1.0
好美啊  好期待,2.0
我的天哪，小仙女本仙,2.0
笑的这么开心，祝福,2.0
好讨厌的女人,0.0
本来就是呀，热搜位几十个，每天很闲吗一个个点开看？不喜欢就不要点进来蹭热度嘛,0.0
最近我爽好多综艺呀,1.0
期待逗趣带娃，每周六12:00锁定芒果Tv#奇妙小森林#,2.0
脸没拍好吧，显得好大，应该是没拍好,0.0
感觉现在有一点点僵硬……16年是她的颜值巅峰了,0.0
这也太可爱了把,2.0
多年前的楚雨荨啊！,2.0
爽太美了，不过还是希望长点肉，不然头身不协调[心],2.0
什么节目，带小朋友的吗,1.0
郑爽简历就是买热搜哈哈,0.0
不知道为什么我一直觉得她在假笑,0.0
我觉得不好看,2.0
这次还有没有拍海报期间说去上厕所然后直接走掉呢 [doge],1.0
好可爱呀，发自内心的笑容,2.0
18岁吧[笑cry],1.0
姐姐我爱了[心],0.0
只有我觉得她的脸又大又歪吗？嘴巴也是歪的[摊手],0.0
热搜包年了？？,0.0
可可爱爱没有脑袋[哈哈],2.0
郑爽带娃记即将上演，期待郑爽和萌娃的生活日常，每周六中午12点来芒果TV看《奇妙小森林》,2.0
状态好到爆啊，我爽,2.0
谁家可爱的娃，没人要，那我就收下了[doge],2.0
郑爽是谁不重要哦，明天一起看节目吧,0.0
我也觉得不太行 但是我不敢说 怕被喷[骷髅],1.0
爽妹子三天两头上热搜[挖鼻],1.0
#郑爽泡面刘海# 好看，可爱，鬼马精灵，青春阳光[心],2.0
这也太可爱了吧，乖，赶紧跟我回家,2.0
这是谁家的小朋友，那么好看，记得看好了[心],2.0
不好看，还是她的空气刘海更好看,2.0
漂亮姐姐在假笑,0.0
而且还一点都不自然，尬的我呦。[汗],0.0
哈哈 有毒[笑cry],1.0
终于找到这条了,2.0
她真的好显小啊,0.0
我心中的小可爱[太开心],2.0
怎么没有像样的作品呢，流星雨，微微被你吃了,0.0
是挺像的。[笑cry],1.0
刘星他弟夏雨的感觉,0.0
她的嘴真的整不过来了[跪了],0.0
其实我也get不到，觉得有点尬。,1.0
我也没见这层有郑爽粉丝说什么啊，只有一些路人在说挺住，小心被骂什么的，每个人有每个人的审美，尊重审美，路人们嘴下留情吧,0.0
我觉得是楚雨荨[允悲],1.0
不好看➕ 1,2.0
好看吗？??,2.0
我家小仙女啊,2.0
脸有些宽 以前流星雨的时候 脸骨架小小的 很精致好看,2.0
你更无语，人家是综艺宣传，买啥啊，芒果综艺要开播了宣传不是很正常。,2.0
这姐包年热搜了吗[疑问],1.0
姐姐的腿[笑哈哈],0.0
我真的觉得挺好看的啊，可能各人审美不一样，我觉得好看，[可怜](不要杠我，你说不好看那就不好看),0.0
她长了一点肉后是真好看,2.0
都28了还装可爱么…太傻白甜了吧…,2.0
越来越喜欢她的颜了,2.0
这个频率 我服了,0.0
最主要是期待奇妙小森林  应该很治愈哈[心][微风],2.0
啊啊，太可爱了,2.0
她好可爱[兔子],2.0
很可爱[兔子],2.0
生活里的新挑战 一起出发吧#郑爽奇妙小森林# [ha] http://t.cn/A626AcE4,0.0
终于找到组织了,2.0
那你别看呀，你点进来了为啥不能评论？,0.0
我觉得不好看,2.0
想吃泡面[二哈],1.0
评论里一堆什么 姐妹顶住 她粉丝要来了 怎么滴的  但我看人家粉丝也没怎么着啊 你们在这顶住啥呢？而且反而是某些高贵路人不会好好说话 都是女孩子 嘴怎么这么脏呢？显摆什么素质呢？ 好好做个人吧！,0.0
好可爱[允悲],1.0
人家有演技？可是她有演技吗？最近几年拿出手的作品什么《青春斗》，那叫演技？谁都不瞎，有实力的不需要你跑出来护主也没人说，你没演技尬吹的，你也只能骗骗自己。,0.0
哈哈可能姐姐的想法是，这个造型小萌娃们会更喜欢[哈哈],0.0
百变姐姐 我爱了[心]#郑爽[超话]#,0.0
好好看呀[愛你],0.0
这腿不用p图系列,2.0
所有的图都是一个表情（不喜勿喷）[思考],1.0
哇，好可爱啊,2.0
这么俊的小闺女几岁啦,2.0
她脸不就是这样的吗 为什么要怪腾讯[汗],0.0
这是小朋友的 怎么那么幼 惹人醉💕,1.0
只有我一个觉得不好看吗欢迎大家来喷我,2.0
挺你🐴啊，粉丝杠了吗，真戏精🙄,0.0
莫名略尬的感觉,0.0
可爱子！[兔子],2.0
第一张有点像周海媚,1.0
现在的妆容很清爽，都不流行那么浓的睫毛啦,0.0
没有 她没这个能力,1.0
终于找到一个理智的网友[作揖],2.0
是我的审美出现问题了吗[允悲]这个造型……,0.0
这有点好看了[允悲],0.0
你们是瞎了吗？这好看？[费解],0.0
说实话，好看吗,2.0
脸真的崩坏了,0.0
还行吧 也没夸的这么好看,2.0
顶你，一天天破事都能上热搜,0.0
好想胖回来了,0.0
这热搜..一天到晚..,1.0
把第一张图放大看看[偷笑],1.0
太可爱了！！,2.0
这个造型真的好看吗？？你们都怎么了,0.0
第一张感觉怪怪的，其他的还好（非粉非黑纯属个人感觉，若有冒犯先行抱歉，勿喷，狗头保命）,0.0
春风十里不如你，燃起我青春年华的全是你！,0.0
超级可爱[心],2.0
这个有什么可上热搜的[费解],0.0
天天热搜，也不知道她的点在哪里,0.0
脸怎么变宽了 ……,0.0
？睁大你的狗眼看看我是不是粉,0.0
我还要以为是少儿频道的某主持人,0.0
期待小爽的小森林，期待可爱姐姐[憧憬],2.0
太好看啦，可可爱爱非郑爽莫属，可爱到我心都融化了[心],2.0
好可爱啊[爱你],2.0
好看，好可爱,2.0
郑甜甜[心],0.0
支持郑爽新综艺[爱你],2.0
这个造型感觉有点拉低了颜值。。,0.0
明天中午12点来芒果TV【奇妙小森林】看郑爽带萌娃[好爱哦],2.0
相信我脑残粉一般都是看都不看直接吹的,2.0
接地气也好，发神经也好，我只是想擦掉那些模糊的界限，让你们看见“我”。—《郑爽的书》,0.0
这腿是我不能拥有的[允悲],0.0
天天上热搜真的绝了,0.0
天天都上热搜无语[二哈],0.0
