评论内容,mood
何老师一直很好，心里的偶像,2
人都总觉得自己的说话方式最好，别人的都有问题[可怜],1
现在的网络真可怕…,0
何老师当时只是想娜开心一点[泪]别说了，何老师真的很累了，每天面对这么多事情,2
我觉得被黑大部分原因是一个评委的“戏霸”说[二哈]，可是与她无关呐,2
不管 何老师最好 没错,2
何老师没有错，只是大方的说出来事实而已，,1
真的挺ex的，现在还是标题，就为了你们那点热度?[拜],0
您完全有资格，也有资历去点评那些人！,2
何老师 [心],2
拒绝网络暴力 ，你保护了大半个娱乐圈，换我们保护你了，何老师,2
都为了朋友，懂的,2
何老师真的很好，你并没有做错[心],2
我们明白[心],2
众口难调，你已经很好了。真的,2
这个世界病了吗？，网络喷子连何老师都开始狙了吗？,0
生而为人，务必善良[心],2
说错一句话 做错一件事 就能把之前所有的好都抹去 那何必再当好人呢,1
何老师没有错！,2
言多必失，可有些话还真需要有人发声，大家围观的时候理性一点更好了,1
抱何老师[抱],2
何老师我们永远爱你,2
今年都是怎么了逮谁黑谁,0
对啊 真是墙倒众人推 何老师情商高就要被说老滑头[汗],1
这有什么错的？,2
不用道歉，你总是保护别人，现在换我们保护你，最好的何老师,2
何老师你没错,2
做好自己，并且坚持初心，自己心里有杆秤有底线就好了，一直都喜欢何老师❤️,2
我真服了！凭什么他来担着,0
我也觉得[微笑]我看完视频觉得何炅说的中肯吧，他后面不是更正了吗，说“才发现节目组也不是那个意思，节目组也没有错”，评论里说大可不必的是不是都没有看完啊，就是先抑了一下，突出一下欧阳娜遇到挫折不埋怨别人而是面对罢了，不要过分解读[摊手],1
不会演戏就去报班学,0
不要在意那些人 您做的已经很好了[加油],2
很好的没关系的善良的人依旧那么好,2
本来就没资格点评吧,0
何老师太南了！[心],2
何老师，我很喜欢你表演的夏洛特烦恼,2
支持何老师[心],2
一直都蛮喜欢何老师的,2
他们不知天高地厚，,0
（看完冰箱也并没觉得何老师节目里的话是捧娜比，只是希望大家能给她成长机会的意思吧。,1
那么多事呢，怎么网友生活中也是这么抽丝剥茧的么?你们生活中一点问题都没有呗，滴水不漏呗，那你活的挺累吧,0
你本来就没资格点评表演技。,0
哈，不让我家战哥上节目的下场，何老师下次注意哦[吃瓜],1
何老师没错 无需道歉,2
关心后辈就可以磨灭标准吗，欧阳娜演的完全不是自己平时的模样，这才是演戏啊，演什么都是自己这还是演员吗？你到底是真好还是假好啊,0
你觉得断章取义是客观？ 何老师已经说自己不应该去评价表演了 你还要歪曲他的意思说“不可以说她演技不好吗”这样的话，追到人家“道歉”微博来“指教”，得了 惹不起“高贵路人”，您也别回我了,0
加油！何老师,2
何老师你真的很好！你没有错的！,2
何老师说的有什么问题吗？就算得罪也是那些节目吧？没有说oyn 不好吧？看评论看的我一脸懵，还用何老师说过的话讽刺他，都是什么鬼？微博言论真的是越来越颠覆我的三观了，我有时候都怀疑是不是自己的三观出现了问题！真的，我很担心未成年人被有些人带偏[微笑],0
永远喜欢你也永远爱戴你 你是最温柔的何老师 你没错,2
何老师，你根本没有错呀[泪],2
我怀疑这是个传销组织，想告诉网警.,1
你已经很好啦,2
你是好心~不怕哈,2
可以劝网民善良 但也不要罔顾事实,1
你也没说什么啊。这搞得以后谁还敢出声[二哈],1
你永远是我们最好的何老师[心],2
我觉着您就是没错,2
憨 没关系啦,2
你知不知道有的人是高级黑，你怎么就知道他们不是黑粉，假装粉丝来骂何老师呢，,0
gǔn出来啊，你做的好事，TM出来啊，解释一下来[微笑],0
何老师您没错！您是好意！,2
何老师，您没错，您那么和蔼可亲大家会理解的,2
何老师，我们相信你,2
这就是人性，以前就听说过一句话“一个好人只能一直不出错的好下去，如果不小心做错了一件事，就是不应该！一个坏人经常做坏事，如果某天稍微有个善意的举动，他就被万人膜拜敬仰”！我想问一下他说的很过分吗？怎么就被你们这些喷子说成这样了？他当初各种维护你们家爱豆的时候，怎么不见你们吭声了？,0
你一直做的都很好，相信自己,2
拿何老师当枪使，是不是有病？,0
没有恶意，但欧阳娜的确不会演戏啊。就好比工作中我们不会这个技能，难不成还让领导和老板还有客户，对我们说我们是最棒的吗[允悲],1
愿意说出自己的想法是好的，其实理解您说的话，只是现在的网络太发达了，您的一个点会被无限放大一个面,1
我觉得你没错,1
闲得慌 闲的发毛的话,0
起点是好的，没关系,2
很喜欢您[心],2
何老师的人品真是没得说！永远支持[god],2
我不同意他说的几句话，但绝不因此否定他这个人
何老師 看到這段話 我其實對網絡世界是心寒的 我覺得網絡太嚴苛了 也太容易對號入座了 藝人們也真的生存在一個十分嚴苛的世界 舉步維艱 我其實覺得很多話語並沒有那麼多聯繫 只是罪惡的人有罪惡的思想 即使言語充滿善意也會變成罪惡 不管本身是否良善 這讓我很難過,0
路人表示，何老师是我知道的综艺主持人当中最优秀的一位，不是因为他的节目，不只是因为双商，更是德行人品，我赞他本人。,2
相信你，永远的何老师,2
何老师，你是最好的[心],2
没关系的 何老师 依旧支持你[可爱][太开心],2
难道刷微博的就全都得是粉嘛…我就偶尔看热搜的一闲人，但是也觉得何老师点评欧阳娜演技不妥,1
动不动就爱豆的多少沾点nt,0
我能说我昨天晚上梦见何老师了，现在一看微博热搜第一，真是神奇了,1
我刚看了视频，我觉得何炅说的还算中肯吧，他后面不是更正了吗，说“才发现节目组也不是那个意思，节目组也没有错”，评论里说大可不必的是不是都没有看完啊，就是先抑了一下，突出一下欧阳娜遇到挫折不埋怨别人而是面对罢了，不要过分解读[摊手],1
我只是觉得演技不好的人太多了，一下都跑过来批判她有点无法理解。,1
最棒的何，别自责，你没错,2
不！何老师很好[鲜花],2
何老师 你很好[抱],2
看完了新一期的拜托了冰箱，应该是重新剪辑了，所以没有看到昨晚微博上的言论。,1
就像节目现在这样剪辑的样子，明可以不造成这么大的影响，但节目组却做了博话题博热度去消费何老师。网络世界真的是有些人不明白却群起而攻之。,0
不是您的错，给后辈鼓励报不平是对的，加油何老师，我们爱您❤,2
何老师 你已经超级棒了！,2
我看了您的节目发言，觉得没什么问题,2
这个世界就不能有实话，合着只能接受好的，不能接受点评？谁都不可能十全十美，做个善良的人吧，别总一张不要花任何成本何代价去指责任何人，做好自己，喷子仔喷的时候，喷子你们的自身涵养和教养又高饭哪里去,0
网络上戾气好重，,0
何老师，你是个好人，善良是没错的，你不需要自责,2
没事的老何 不是你的错,2
我们小何老师真的很好[心],2
何老师，没关系！悠众口，别费力去平衡，你永远是我们喜欢的何老师！,2
何老师都说没资格点评表演？你们倒是一个高潮上了？,0
何老师一直是娱乐圈中值得让人尊重的一位前辈[赞],2
这句话是何老师说的.,1
何老师保护了我的偶像，于公于私我都感谢何老师,2
我看了视频，我觉得何炅说的还算中肯吧，他后面不是更正了吗，说“才发现节目组也不是那个意思，节目组也没有错”，评论里说大可不必的是不是都没有看完啊，就是先抑了一下，突出一下欧阳娜遇到挫折不埋怨别人而是面对罢了，不要过分解读,1
人生建议，喜欢何老师,2
何老师你是最棒的,2
"感觉很多人都是网上“正义”（dis）使者,还有好多营销号",0
我不是很懂 何老师都黑 还有什么是你们能放在眼里的 全是白眼狼 你家idol 必糊,0
每个人都有表达自己想法的权利,1
何老师你超棒的，你不要太在意那些人讲的话，我们都超喜欢你的，不要难过哦[悲伤],2
当一个聪明的人很容易 当一个善良的人很难 如果有一天要选择的话 希望我们都可以做一个善良的人,2
是某些人戾气太重了[偷乐]叫键盘侠都污辱了侠这个字，只能叫网络喷子。,0
还好有自知自明,1
嗐🙄现在的网络环境真的让我大开眼界呢，还有专门黑人的工作，咋滴？很缺钱？缺钱没关系，但缺德的话，呵！🙄真三观碎一地,0
对不起，对你再无好感[拜],0
这么多年还是头一次看到何老师因为一个节目出来这样道歉的,1
？白眼狼？脸？,0
没必要道歉，粉丝需要理智,1
说什么都有人挑刺,0
何老师加油！懂你的善意,2
无需理会，你没错的[米奇比心],2
其实看完节目才会知道有太多人有点曲解了何老师的意思,1
没事，别放在心上，你是我们最爱的何老师[抱],2
当舆论一边倒的时候你们可知道何老师有多难过,1
你那么好，应该有更多善意回报[米奇比心],2
这么多年何老师的言行无不传递着正能量，他完全配得上“老师”这个尊称[心],2
何老师没事的，我们都明白你本意。善良的何老师,2
温暖又体贴，正义又谨慎。这样的人设符合何老师的个性，,2
娱乐圈鱼龙混杂，,0
娜一看就是单纯善良的人，何老师应该是不想让这么干净的灵魂被勿扰才这么气愤,1
真是心疼何老师了,2
你是最棒的何老师[心],2
yxh断章取义真的是…,0
都善良一点吧,2
哇好看[心][嘻],2
在当今网络的大环境下，沉默者是任人粉饰的小姑娘；发声者无论表达怎样的言论，也都会被恶意曲解。无论说不说，无论说什么，都改变不了别人心里相信并认定的所谓「真相」。而温柔的人，内心始终是温柔的。无需多言，自有公论。,1
没想到有些人都这么有心嗷 啥你都能发散思维,0
对，谁说过谁idol糊，不怕别人杠我，糊穿地心,0
"这届网民b事真多 , 大部分人连何老师百分之一都不如",0
何老师都有人骂，是不是疯了？,0
何老师都有人骂，是不是疯了？,0
抱紧我何，不委屈。[爱你],2
你是最好的何老师[心],2
八面玲珑何大爷本来就没资格点评,0
娱乐圈真应该整顿了,1
跟你没关，别在意,2
欧阳娜，长得好看，性格也好，唱歌声音也好听，就一直走音乐道路吧，,2
人善被人欺，何老师，有时不要太善良了，你善良得让人心疼！不管怎么样，我们都支持您，信任您，只因为您是您,2
这个世界变的让人说话都要格外小心[摊手],0
何老师这么温润如玉的人，,2
键盘侠停下来吧，凭什么这么网络暴力何老师！,0
闷的热气和黏糊的汗迹,-1
咳…这一天的,0
何老师人很好唉[心],2
我心想也是 何老师不知道挺过多少艺人呢 我们知道的和不知道的,2
照顾了一群白眼狼,0
心疼何老师[抱],2
何老师[鲜花],2
并不觉得何老师那样的表达有什么问题，您不必介怀。,2
求王思聪快把营销号告了吧，真无语了评论一边倒,0
某些高危vlog拍手大概瞎了聋了吧,0
这个社会风气真可怕！,0
心疼何老师 你永远都是最棒的[鲜花],2
当然是选择永远支持何老师啦！,2
唉，一水都在骂，感觉微博戾气好重,0
何老师，别怕，我们一直守护你,2
没有怪导师，综艺节目和电视剧是不同的，新人演员台词功底不过关，微表情不够丰富，表达形式单一。外放式表演，容易破音口误，五官也容易狰狞，需要自己把握程度。天池老师的表演适合有一定台词功底、表演经验丰富的演员。因为他们的表演层次分明，情绪有强弱对比，这些不是一个新人演员能做到的。,1
何老师对每个人的好是真心实意的好，你见过那个老好人直接送自己家具的，他从来不是嘴上说，也从来没有纵容过恶，他会很严厉地指出工作中的任何问题，甚至会告诉后期怎么剪，连节目中说过的话都会去再商讨，,2
现在这么多人说他充当滥好人都哪儿来的？！,0
每个人的心境不一样，虽然不妥也没有坏意，这就够了。,1
现在的黑子太多了一句话都能择出这么多信息真服了,0
真的醉了，算是白说了，那些拉踩引战的人，祝你家正主当糊咖一辈子,0
就是，太虚伪了[黑线]墙推众人倒,0
那宁搁这杠什么呢，没闲心还有时间跟我搁这杠？那宁是真的不闲嗷[太开心],0
这年头键盘侠们是真的越来越嚣张 为了KPI无所不用其极 兴风作浪 随便几句话一些引导就能掀起阵阴风 怀揣恶意的去揣测他人用意 网络真要成为法外之地了吗？,0
无良节目组,0
良心节目组,2
连何老师都会被喷，这只能说明现在的网络环境真的戾气太重了,0
我们的成长需要很多养分，我们开始疯狂地汲取这个世界能带给我们的帮助。我们变得非常自私，因为我们想让自己和爱的人变得更好，然而我们对这个世界的关注却变得越来越少，对这个世界的每个人都贴上了标签，我们选择性的对某些人好和不好，有时候无心的举动会给别人带来致命性的打击，但我们无暇反思。,1
做一个名人其实蛮累的，可能说话稍微不注意就被揪住了,1
气死我了，那些人在喷什么？！气死我了！,0
黑子真的是无语😓,0
何老师人真的很好,2
既然爱你，始终爱你❤️,2
老g了，现在年轻人不分男女都可以借机上位。风气都是被这种人带的。,0
心疼何老师[泪],2
我还能说啥，好人难当啊，最棒的何老师[憧憬][赞]也是好心[心],2
你和欧阳娜 我都喜欢,2
虽然那番发言确实感觉有失何老师平常的水准，但也没有人是一直可以保持一贯的水准的，倒也不必如此苛求何老师。他可能只是太心疼娜比了,1
何老师加油!,2
宁嘴巴是真的干净，骂你🐴 ？送🐴 精英不请自来？我维护的何老师宁激动个什么劲？,0
无脑夸不是每个场合都适用的何老师。,0
瞧见了吗？这世道，好人都没法张口,0
何老师是娱乐圈最公正的前辈了吧,2
何老师，爱你的人还是爱你的，我们支持你的人一定会为你筑起一面厚的城墙，保护你的[太开心][鼓掌],2
这年头舆论压力真的…,1
不是说的时候特别气愤吗？怎么别人评论你不好的时候就改口了？还说自己没资格[汗],0
你把何老师说的那么不堪 你爱豆再牛逼到了他面前不还得恭敬的叫一声何老师,0
何老师的演技放娱乐圈也是上层的啊[黑线]，比很多流量不知道强多少了,2
难道不是该怪节目组吗[疑问]人家觉得不妥和节目组商量了，结果节目组还是放出来了,1
真的 说到我心里去了 ,2
真不知道那些人怎么想的[摊手],0
网友太低智了,0
不要理那群狗，烦死了,0
怎么网络现在戾气这么重，公共人物连说话的资格都没有了吗？网络实名制吧！别总是严以待人宽以待己！,0
因为他被骂的人？给喷子道歉？这条评论是回复给我的么，是你的理解问题还是我的表达问题，我反驳了什么？,0
我们挺你[鼓掌],2
你在表达你个人想法，这也要被骂？这是干嘛了？什么社会啊,0
昨天的热搜我就看了前几排，大家就事论事而已，也没什么不妥呀，何老师说过他说过之后也觉得不妥，可是节目组还是播了。今天何老师发个声明也没什么呀，看今天的评论对我来说很迷惑，,1
你忘了她演的鹿小葵了吗？这个和节目可没一点关系，不要再当滥好人了[吃瓜],0
你很好 我们懂得,2
闭嘴行不，少说几句会怎样？,0
我就不行每十个人有一个人关注了他,1
这个是啥啊,1
您没错，多为自己想一点，爱你偶[太开心],2
昨天看到好多人骂何老师的，也是无语了,0
节目组故意的吧[怒],0
都是营销号恶意剪辑，标题党。有些人根本都不了解事情的整个经过就开始狂喷不止，[二哈],0
这种大可不必,0
该知道的不该知道的可能都知道oyn演技不好了…这一波操作太迷了。,0
网络把人逼得。,0
何老师想保护后辈也错了吗,2
但是也相信你，何老师[赞],2
你可以爱护你的朋友，但是也不能啥都没搞清楚就爱护。[汗],1
我觉得你有资格，爱你[太开心],2
何老师别难过！我们挺你！,2
何老师很好。超喜欢何老师o(^o^)o,2
本来就是出于长辈的口吻而已 娜是个小朋友 只是网络喷子圣母太多罢了,1
每个网友都能随意点评别人，何老师反而没有资格了呢，现在的网络环境是真的差[嘘],0
给你们这些小孩骂，你们这是在给idol招黑吗？,0
不用道歉，反正我从来不看湖南卫视，你说什么跟我无关,0
文鼎粗钢笔行楷,-1
何灵老好人了，谁的好话都要说，谁都夸一夸，好虚伪,0
u1s1 何老师这番话是有一定的不妥 但是我还是觉得他是一个很善良的人 他可能只想表达有时候网上的一些言论的确对人家小姑娘太过分了 只是这段话牵扯到了其他一些人事 还是要谨慎些的 也是一个教训,1
你这就是道德绑架了啊，追星只是人生的一部分，每个人都可以合理表达个人观点。,0
一些人随意地曲解一段话，就是为了带动节奏去攻击一个善良的人，这真的太没意思了,0
那么好的人，白月光般的存在，不敢说整个娱乐圈，至少是大半个娱乐圈，多少人新人也好当红也好被黑的也好曾经红又重新火的也好，有几个没有被何老师照拂过，对你爱豆好的时候那么快就忘了，人要善良要懂得感恩，有些话不要张口就来，做个有心的人,2
点评本来就不恰当 演技也是本来不好怪不得剪辑 以后别尬吹了 观众眼睛亮着呢,0
有些节目组，为了收视率，明知道有些东西放出来是会被骂的，还特意放出来。,0
何老师请你膨胀吧[炸弹黑hi],0
喜欢你，支持你,2
何老师很好，不是您的锅别背,2
炅哥 真的 不是你的错 不需要解释 我能从片段中看到你的好意 真的 希望你一直保持这种对人的美好祝愿 不要理那些键盘侠 心疼我炅~,2
是的！拿着鸡毛当令箭的人真不少！,0
何老師真的很好！,2
网络暴力是真可怕，是一把杀人刀,0
这是什么网络时代，黑子连何老师也不放过了吗？[微笑],0
您很好啦！您没有错,2
加油＾０＾~,2
大家都该善良~ 说真话没错~,2
是的理解哈 我评论的只是这段关于节目组的表述 感觉大家把错都归咎于一昧谴责节目组也是不太公平,1
更多的是源自我内心所真实感受到的温暖，,2
你可能站在高位时间长了，被捧的太高了，已经忘了反思和谨慎，真以为因为你站的位置别人永远会赞成你吗？,0
唉，网络一片乌烟瘴气,0
带节奏的人真的吃相不要太难看！,0
没错，平时骂这个那个情商低，现在碰到情商高的说人家老谋深算，什么话都让你说了,0
活的真累呀说句话都要道歉🙇‍♀️,0
录制出来的角色效果不好，你反过来说是因为选角不好?我只知道是角色来选演员，而不是演员来选角色。不要说你是多厉害的明星，就可以摆着架子演那些脸摊人?演技不好就是不好。,0
都被网络暴力搞怕了[允悲],0
人非圣贤，孰能无过，最好的何老师[心],2
永远支持何老师[心],2
骂何老师的先把完整片段看完好不好？阅读理解不好就去学语文，再想他平时是怎么帮你家爱豆说话的吧 没点1 2 34数呢怎么,0
他确实没资格啊,0
[鲜花][太阳],2
既然选择了就要坚持，但是你坚持之后发现不适合自己，有更适合自己的或者更需要自己做的事情，那就赔钱退赛，钱可以作为最后一步再考虑,1
秦昊为什么一直翻杂志,1
很赞啊[爱你],2
这个综艺感觉也挺好看的,2
我好像也看过，也就大眼一瞅过去了,1
我酸了，这是真爱啊！🍋,2
[允悲]感觉都是随便翻的,0
哈好霸气噢,2
心疼一下pd们,2
看着这一家关系很好。,2
这个我就是从苏玛丽知道的😂真的很霸道总裁了[赞]财大气粗[赞],2
原来就是他想要让姐退赛[允悲],0
好像叫婆与妈，林志颖他妈不给他老婆穿短裤回她家那个热搜你没看吗,1
我之前也是看营销号说秦很冷淡 是伊能静一味付出 后来才知道秦是金牛座 突然就理解了 我自己男朋友也是金牛座 真的就是嘴硬心软口是心非狗嘴里吐不出象牙 嘴上各种嫌弃然后行动啪打脸 其实一天到晚就想粘着你 只想把最好的给你 但是就不会好表达 跟小孩子一样 秦肯定也是这种 只有伊知道他的好,1
看上去漫不经心，其实每一句都在听,2
突然觉得秦昊不油腻了,2
油腻做作,0
还记得他们和阿胶夫妇一起去的吐槽大会，你看现在,1
哈笑死 亲老公,2
幸好妳們都遇上對的人，各自安好各自幸福，祝福妳願妳越來越好[心],2
低糖生酮！我看到书名了[doge],1
对秦昊的好感up up,2
哈，这都什么操作啊？,1
这那的，我仿佛听到了一点东北口音的味儿，哈,1
#鲍毓明# #不要让鲍毓明掉出热搜3.0# #鲍毓明今天伏法了吗#,-1
这几对，就他两和李佳航那对，关系相处的舒服。,2
兴风作浪的姐夫 太可以了,2
伊能静保养的真好,2
秦昊演技没得说的！,2
看剧前看剧照看他照片，长这样也能演吴邪？看剧看他出场五分钟后，真香！,2
这个婆很好，开朗,2
[心]楚辞为了救陷于财务困境的父亲，被迫嫁给了赫连家体弱多病的大少爷赫连兰若。 传说赫连家大少爷是个药罐子，命悬一线，随时都有上天的可能。 传说赫连家大少爷不能人道，即使嫁过去也是守活寡。 可…深夜这个跑到自已房间辛勤耕耘的家伙又是谁？ 白天见不到亲老公，晚上倒是准时侍寝…,-1
呵，层主尴尬了[嘻]说实话，我也不知道这个梗,-1
很直男 表达方式真的绝,2
婆是真的看起来很好额,2
[心]齐光是一名昏君，女昏君。他从小就知道她是天之娇女，眼光高于顶，对于情爱从不在意，但是他也知道总有一天她一回头就能看见他。,-1
好多人说秦昊态度不好，没觉得啊，这可不是所谓卑微、毕竟结婚了，老夫老妻都是这样，自己戏多自己演而已。,1
这是什么综艺,1
这是什么节目,1
冷眼旁观的姐夫 衍生节目预定了,1
是不是沙雕总裁日记里面的,1
别买，骗子来的,0
甚至觉得他长相猥琐，尤其那颗痦子，油腻的，,0
看了沙海（关键并不觉得电视特别出彩）后对他印象改变很大，气质很好，角色驾驭的也很好，还有一些善良的孩子气,2
哈对，那本书好无辜,1
他真的有很认真听老婆说话，伊能静说啥他都接过去，而且接的超快，伊能静都不是在和他聊，他也接，那本书就是个道具，能让他自在一点[允悲],1
这是文艺片男主啊，经常戛纳参个展，谁不喜欢。,2
有一说一 契约精神在哪里？,0
好甜，喜欢姐夫,2
好恩爱的夫妻档，,2
？！我都不行,0
有没有爱意他们说了算？这也算黑点？管的太宽了这些人,0
其实有被甜到 ,2
真的甜啊秦昊的吴邪也好看,2
是的呀 但是不懂就莫名其妙开始喷楼主 我觉得楼主更惨[二哈],0
秦昊说话好直观,2
当初不是婚内出轨吗 怎么洗白了？,0
节目组应该请你当编导 挖到宝了 哈 有意思,2
这个梗都不知道的吗,0
洗衣做饭收拾家里井有条，养儿育女相夫教子,2
哈，我突然想起金霏陈曦那个哈[笑cry],1
那前看鬼吹灯贼看好秦昊了[好爱哦]温柔男[并不简单],2
可以来男闺蜜[doge],1
我以前也不知道[跪了],1
点进来以为都在哈…对不起我走错了,-1
我也好想有个这样的男人,2
刚看了这期节目，秦妈太可爱了，是个宝藏婆啊！,2
伊能静保养的真好啊,2
我也，姐自己愿意参赛他凭什么要人退赛啊，又不是小孩子了还要人管,0
说到底是投资人导演选的人,1
去看春风沉醉的夜晚，,1
他入围了好多次国际电影节，就是戛纳，威尼斯那种的[喵],2
哈，层主实惨[允悲],1
这是一个梗而已,1
一家子的氛围挺好的,2
节目啥时候播,1
看评论哈,1
我超喜欢秦昊的，看到这条评论感觉好搞笑，点进来想看大家一起笑，,2
结果一进来都懵了…人家就说个梗而已…,1
杨超越跳的那样也没人让她退赛啊[允悲] 伊能静还能跳多烂 肯定不会退赛的啦,1
好多断了忘的人嗷,0
你是断网了吗这是个梗好吧 你好奇怪哦,0
别2g了，我估计是诺基亚冲浪呢[doge],0
他都要告你了,0
摩羯座真的说到做到，他们摊上事儿了[微笑],1
营销号真的很不好,0
24度的室内，,-1
这个营销号变本加厉,0
好遗憾啊，好多事情都没有做成,0
人大会议这个点出这新闻，不好吧!,0
把最zha的浪告了吧,0
我不是最好的那一个，,-1
建议封杀全部营销号,1
委托请按1.缴费请按2[可爱],-1
快告吧，最好录屏,0
营销号真得滚了 跟谁玩不好跟他玩 打场官司就赔光了,0
yxh：说好一生一起走，谁先删博谁是狗[doge],0
直接起诉某浪就行,0
快，感觉整吧,0
这个号也截图了,1
他现在娱乐圈的纪检委称号已形同虚设,0
话说告这些需要花多少钱,1
[笑cry],1
真要搞还这么低把这平台也拆了，影响不够大，不了之咯。不过也算一个开始,1
我相信他是会真告的[允悲],1
王总请开始你的反击！,1
该整顿的应该是被营销号牵着鼻子走的猪脑子网友吧 ，没这群喷子跟猪脑子网友营销号也生存不起来,0
做了那么多全都是无用功，,0
支持你🐴 呢,0
告吧，给我的网络世界留下一片安宁,1
那个只有自己看得到的地方。,-1
乔任梁的事怎么说，我们还得告王思聪！,0
上次恋爱好像已经是非常,1
快让他们感受一下资本的力量[doge],1
营销号都没了才好呢,2
你自己也发了！,1
比你复制粘贴别人的强太多[太开心],0
好多营销号都删了[笑cry]我真的很爽，营销号终于有怕的人了,2
确实，大部分yxh真心没有良心,1
营销号每天就是听风就是雨，生怕别人好活着,0
对于蓄意的中伤，一定要做出有力的回击，坚决捍卫自己的荣誉和尊严。对于无端的抹黑，一定要摆明事实真相，坚决维护公平正义和人类的良知。希望他不是开玩笑能够说到做到，奥利给！,2
加油 兄弟们 奥利给,2
都要告你了你还发，[doge],1
新浪你就是养鸡的吧，哪儿都是鸡窝[微笑],0
早上妈做了小甜饼，,-1
可爱的小朋友,2
—在没人的角落，,-1
渣浪，呸[怒骂],0
他们是怎么做到在疫情期间不带口罩随意蹦迪的.,0
真的可以，支持,2
哈划重点,1
“ 好在 很理智” ,2
新浪认怂,0
那我估计他的黑料会越来越多,0
微博快成了营销号的天下了，啥玩意都敢往上写，,0
终于有人站出来搓他们的锐气了，支持王校长，冲啊[鼓掌],2
新浪后台阿里，可比王总硬的多[吃瓜],1
新浪背景可比王总硬的多[吃瓜],1
想我的时候记得来找我。,-1
只要微博实施实名化才能发微博的功能，营销号起码少一半，当然，微博用户也起码少8成。,1
暗之中，唯独在最西边还,-1
这渣浪就是个绯闻头子，告它思聪,0
就着星慢饮一罐冰阔落。,-1
图片评论 htp:/t.cn/A625JOo1,1
这不是在嗨吗？也没打架啊,1
#王思聪要告营销号# 近日，有网友爆料#王思聪# 在夜店里与老公起了冲突，还有疑似工作人员表示两人确实有言语冲突，好在很理智，不到一分钟就离开了。24日晚，王思聪发文回应此事。,1
合适。没错，,2
联合起来给那两口子炒关注罢了，他们根本就没事。,1
我就巴不得赶紧把这些个孤儿营销号告了，至少微博会干净很多,1
那个猪也不能漏下[喵],0
支持，清理微博环境,2
第一个该告的,1
[doge]人家的小公司倒闭了，背后还有万达集团呢，毕竟人家只是出来创业的,1
[doge]是,2
干啥都要拍人家 这些营销号,0
一定要说到做到啊 王总 不要辜负我们对你的期望,2
流氓要用法律的武器？[吐],0
渣浪不能碰，碰了要去喝茶了…,0
校长我支持你。[赞],2
这就是差距！,1
当我满腹气愤时，,0
支持他告！,2
这些死耗子不吃点亏无法无天了,0
雪梨老公为啥还去夜店也 不安分啊,0
别人养那律师事务所不是吃干饭的,1
浪，你不是也发了？,0
但还是对未来充满希望,2
雪梨照片和真人差太多了，被骗了哈,0
先把新浪告了,1
想听大家对于新学期的展望/计划。,-1
王思聪：反正闲着也是闲着 少打两把游戏 顺手把他们全翻了[doge],1
不介意，只是给你一个拥抱。,2
[喵]你也删掉了,1
每当独自一人静坐的时候，都会想起朋友的那些话，,-1
我赌他不敢告[哈],1
康皂片🤓 htp:/t.cn/A625IJsJ,-1
yxh明天内容:王思聪要告造谣的yxh。比如在下,0
真的求营销号整改净化微博！支持！,2
一天胡编乱造开局一张图内容全靠编！带节奏的舆论风向就是从辣鸡营销号开始的！一天还有脸给我推送那些没营养的微博！真的难受！,0
可当我途径远川、潮汐与孤鹤时，,-1
把它们放进冰箱 黑漆的环境下,-1
思聪兄弟 咱要不先告这个，这个是头子[笑cry],2
占一些不同的时间 说一些不同的事件,1
你不也发了吗 先号你才对[doge],1
还想陪你度过剩下的夏天。,-1
撒拉嘿哟[笑而不语],1
它融合了生活中的各种压力以及悄窜动的焦虑，,-1
开始装不夕阳。,-1
等着看你告，不告你不是男人[偷笑],1
一点都不理性。,0
，看着从窗户偷溜进来的一缕月光照在它身上,-1
每一点生活馈赠的顺遂都会激起我极速膨胀的野心,-1
我觉得就应该，治,2
溢出屏幕的求生欲啊小编皮下[笑cry],1
就像，茫宇宙里的两艘小飞船,-1
所以他们俩有了没有冲突啊,1
清北 选一 懂？,-1
新浪娱乐：我也没想到 哈,1
有个叫小猪扒圈的营销号在校长发那条微博后怂的一批给删了哈[喵],0
我也可以被看见，我也是特别的人。,-1
说真的告吧，营销号为了热度，经常乱说乱喷，看到太辣眼睛了,0
微博不能干 营销号微博指着它挣钱呢,0
会停下来那样。,-1
要脸吗 呵 一对父子,0
每当我踩着遍地的落黄,-1
中被人胡乱涂画、肆意涂鸦，,0
我希望你能缠住我说‘想你想得做菜忘记放盐’，,-1
七八月的骄阳，-1
支持王总，还网络一片净土,2
校长加油有一说一我相信你,2
营销号集体删博了[允悲]但还是有人发截图给他了[允悲],1
问题来了，雪梨老公去夜店干啥？,1
#王思聪要告营销号#王校长发话了，哈真的好刚一男[哼]哈…这下这些铁头营销号该变豆腐头了吧[允悲]营销号这次算是出圈了…哎哟喂，笑到停不下来[嘻]这一波操作6 这啊这就是区别。情商…,1
你是个猎人，,1
等着被告吧[允悲],1
先拿你开刀，啥事都有你[doge],0
设身处地的为对方着想，,1
看得见未来，看不见尽头。,1
死兔子太会引战了！,0
难道就没人觉得雪梨老公去夜店很不正常吗？结婚了还玩？,0
新浪娱乐算不算[允悲],1
搞快点，想吃瓜🍉,1
图二蹦的他本人都认不出来，你们是怎么认出来的，真牛逼[doge],0
有点期待了，加油,2
可以告微博那些鸡吗烦死了,0
你自己也发了,1
留着法务干啥的，就干这个的[允悲],1
响应国家净网号召,2
垃圾营销号就爱把人面子摁在地上蹭热度 我都常替人尴尬[喵],0
听说平常也喜欢玩这东西？(7yb.co),-1
仿佛是在走了很久的夜路之后,-1
我觉得先管好自己吧,1
王者就是不一般,2
这哥是钱多胆子大 怼天怼地怼社会 该服软时就服软 营销号要能屈能伸,1
偶尔吵架打闹小甜蜜,2
我以为是反串的友军点开一点都是真的[允悲],1
这些营销号真是害人不浅，很多假的事情说得跟真的一样，乱带节奏。,0
你不是也发了[喵],1
这条微博下面就没有营销号了[doge],1
王总请开始你的维权之路[米奇比心]告诉他们！能用钱解决的事，都不算事[god],2
结束了一天的忙碌，走在大雨滂沱的人行道上,-1
大家也都在忙着做自己，,-1
用实力告诉你，什么才叫真正的资本[doge],2
雪梨新上的衣服不是还有思聪同款吗,1
先把yxh头子某浪娱乐整顿一下吧[喵],0
新浪最垃圾，老是搞些让人误会的标题,0
新浪你这一波调转船头真的相当快,0
熟悉的ot，熟悉的思聪,1
等校长好消息[doge],2
支持！这个网络环境要管了，其他人苦于没钱没时间，大哥你可以的！,2
我一把子支持,2
你要完！你还得瑟～你也发了 傻儿子,0
渣浪跟阿里有的什么关系[汗]阿里只是投资了微博，微博的一个股东而已，跟新浪并没有什么直接关系，两个独立的个体公司,1
请告他们🙏，真的应该好收拾,2
王总一个都别放过,2
辣鸡营销号好管吧 一天就知道造谣生事，乱带节奏,0
部分失格媒体和营销号为了流量断章起义，发表不实言论，早就失望了,0
雪梨的图是修的,0
原来新浪也不是什么好鸟啊,0
甚至也没点赞。,1
的树下一起吃旺碎冰。,-1
新浪娱乐别人说什么它也说,1
可能你的号明天就是王思聪的了,1
一摊烂泥，说话完成不负责任,0
我举双手赞成，,2
纨绔子弟的挣扎,0
乍一看以为是[笑cry],1
顺便把你一起告了吧,0
你要被告了，还不快跑[doge],1
这逼也跑不了,0
早就该整顿了,1
应该做到尊重理解，每个人有每个人选择如何生活的权力,2
微博就是这些营销号的温床，带偏舆论导向太简单了,0
不好意思手滑,1
新婚快乐啊,2
都一个德行，你还不如他,0
没那个命活着！！,0
没文化真可怕！！,0
[爱你]谢谢,2
恭喜酱！！,2
祝福啊！！百年好合[心],2
[男孩儿][女孩儿][心],2
你tm不是给资本家打工的，嘚瑟你? 呢,0
感觉自己像在跟初中学历的人讲话 这人还自以为自己牛逼死了,0
有钱倒还好，没钱连爹妈都孝敬不到，你还吹你嘛呢,0
回骂了一句你们就上纲上线？,0
为了自己而已，自私的很,0
需要面对的压力实在太大了。活着就已经很累了,0
过度解读，有意思吗,0
恭喜，祝百年好合,2
那母猪那么能生，干脆,0
你没qj过别人，会因为一句公狗就自己捡骂？,0
不是生孩子，而是婚姻和孩子，最终点就是有一定要结婚的。这和教育没有关系，和人的思维有关,1
吃瓜群众路过,1
对，这个最烦，粉圈撕逼很多都是它引起的,0
为民除害！王总来了！,2
恭喜！早生贵子！,2
贼喊捉贼！哈[笑cry][doge],0
贼喊捉贼吗这是[doge][笑cry],0
这个傻缺，啥都跟风，脑子呢,0
[二哈]看热闹不嫌事大,1
般配！[太开心],2
整顿营销号哈 希望杀一儆百[太开心],2
营销号准备卖房子吧,0
阴阳怪气死兔子，各种鸡鸭鹅真特么烦,0
终于可以安静的刷微博了 王思聪绝对是功臣,2
哈挣到了好多,-1
男帅 女美 ， 完美一对！！,2
羡慕嫉妒恨啊，开开心心一起走下去，,2
什么罗，什么鬼，听不懂，也不想知道，莫名其妙,0
搞快点！我能等到zl弄到自己头上的时候吗？！,1
哈我都知道这死兔子是谁了哈,0
哈新浪还敢发？,0
那些营销号乱七八糟的不知道一天在散播什么东西[黑线],0
说的就他妈是你,0
真的 超级支持！,2
嘘[doge],1
鸡鸭鹅兔都别放过[微笑],1
说的好，看好你。加油,2
可以哦。不错，,2
每天微博乌烟瘴气的！,0
原谅我真的欣赏不来…,0
第一张被后期p的好崩,0
我也觉得不好看,0
真的棒棒哒,2
郑爽第n个造型之泡面刘海[微笑],1
去tmd  ,0
虽然但是em,1
郎才女貌，般配,2
属实没有牌面,0
啊啊，要永远幸福！！,2
嘤嘤恭喜🎉🎉,2
爽妹儿是真的好看[兔子],2
恭喜[喜]撒花,2
一个月十多次热搜 烦不烦,0
天你妈上热搜没作品没颜值 给老子爪巴[吐],0
老男人给我滚 不喜欢别点进来看 找骂是吧,0
？这造型认真的吗,0
卧槽 发型和服装严重不搭,0
敌军还有三秒到达现场,0
恭喜撒花 99,2
卧槽！！恭喜！！,2
又来了，她的热搜又来了。咋的，这也能上热搜,0
一点破事就上热搜，看烦了…,0
明天中午12点来芒果TV【奇妙小森林】看郑爽带萌娃,2
要不你帮秦买个热搜?,0
这个脸好肿，我还是喜欢瘦的郑爽[费解],0
天上热搜，没有一次是有好作品,0
一般吧 啥造型啥动作都要上热搜吗？没有作品，再怎么也没有价值。都快三十了，还这么不成熟…,0
.你在说啥啊,1
真是太美了,2
简直一模一样！,1
有情人终成眷属,2
反思一下，为什么捅了🐔窝,0
要一直幸福哟,2
我玩过，注册赠28可以拿来试试水,-1
看到了当年的楚雨荨啊[爱你],2
没有 不喜欢她 为啥天买热搜…,0
这组造型加上刻意笑得有点尬,0
没事就上个热搜,0
祝幸福快乐,2
不光热搜，没见过拍剧，全是综艺。一年几档。,0
爽妹子脸圆了,1
一看就是亲生的,1
大概，幸福就是如此的简单！！[心] ​,2
有点萌哈哈,2
觉得好美，,2
小可爱 被萌化了,2
哈哈这种幸福感的家庭真的太有感染力了，祝你们幸福久久哦,2
大表哥ｒｉ我28次z,-1
真的是。明不好看啊。而且多大的人了还这扮相，笑容假的一批[拜],0
我寻思这天换个发型自个拍都得上热搜？,0
"不是吧阿sir,这也热搜？",2
是我家小仙女无疑[爱你],2
什么都是买热搜你也瞎了吗？从后面上来的。,0
把她拍的脸好胖,0
简直一毛一样,1
真的好帅啊,2
颜值真的好高,2
期待[喵喵],2
搞足球不就行，看休育，到亚博 【bp680。fun】，電竟 蹴鞠 nbA,-1
继承了优秀的基因,2
宝宝也太帅了,2
幸福的女人！,2
要是个姑娘就好了,2
这你都能杠[黑线],0
脸还是这么美，太好看了,2
造型工作室总是不在线,0
非常讨厌 一样不要买热搜了,0
这人一看就是高级黑，呵呵。,0
我觉得你脸好大的感觉，美颜滤镜还用的可怕（看了你的首页，觉得可怕，勿喷） 模仿你的语气，谁的粉也不是，说完人家脸大还加一个勿喷，岂不是戏太多[允悲],0
太可爱了，造型我爱了，腿我也爱了[心],2
我就知道是个小弟弟[喵喵],1
[允悲]第一张脸像不像小时候玩的陀螺。她脸也不是这样的啊[允悲]拍的啥啊,0
可耐死了你是小可耐是吗[哈],2
好看的点在哪里？,0
真的好贴心！,2
也太好看了吧,2
B：：超：：热wrr,-1
B：：超：：热fynjjyk,-1
好甜蜜[心],2
想看小爽[哈],2
楼上超级尬的评论，就这？[吐] htp:/t.cn/A626A0ka,0
越来越年轻了,2
最近我爽好多综艺呀,1
这也太可爱了把,2
状态好到爆啊，,2
真的不好看,0
越长越帅气呢,2
幸福快乐的一家人啊,2
不好看➕ 1,0
好帅啊！！,2
🔚🎈❌ ㊙ —哥—快—来—嘛🍆tvyeertb,-1
←……包…！…身寸……。。ytykut,-1
我觉得不好看,0
这么俊的小闺女几岁啦,2
第一张有点像,1
脸真的崩坏了,0
真的讨人喜欢,2
哇好看[心][嘻]哈,2
理发店生意又要变好了,1
18岁吧！[憧憬],2
好看啊[嘻],2
期待下次郑爽喝水，郑爽擦嘴，郑爽吃饭，郑爽上厕所，郑爽走路上热搜[太开心]活在热搜里的人,0
疯爽又上热搜了,0
实话说真的有点儿土,0
不点不就行了吗？微博热搜50多条，你每个都想点？搞笑了[费解]（别喷，我不是粉丝啊！，要喷的话都是你对好吧？）,0
都30了，不要再装嫩了，再见,0
她是把热搜都买通了嘛,0
显得头发脸大不好看,0
有任何翡翠方面的问题可以找我咨询，无论价格高低,-1
邪教粉 真的可怕 哪里好看？ 太可怕了,0
妈呀，这是几岁的小姐[挤眼],1
为什么她热搜这么多[二哈]（狗头保命）,0
就这？我觉得不好看[白眼],0
这老姐又上热搜了 🤮,0
还是恭喜啦,2
好可爱啊小爽爱啦,2
幸福的微笑 真棒,2
小爽可爱死啦[心],2
她的脸怎么了,1
哎、鼻头整的太垂了，给她p了一下就好多了 ,0
果然胖了好看,2
宝莲是你吗？,1
完全不想看到她的热搜,0
比以前长点肉了 腿是正常的细度 脸也有婴儿肥的感觉 健康又活力！,2
这个造型青春活力呀，赞[摊手],2
个人觉着，她离糊不远了…,0
也不必硬夸…,1
真心觉得不错。,2
好看小仙女,2
真好看啊！,2
打心眼里喜欢这样的,2
幸福快乐的一家人啊,2
一个小甜椒哈哈,2
郑爽这个腿我真是酸成了柠檬精[酸],2
tmd送套房子还不让夸了 这什么狗屁言论警察啊这是,0
好婆婆[good]，怨不得姜潮特别宠爱老婆，原来是有个好妈妈。,2
好羡慕啊好一直好好的祝福,2
羡慕这样的,2
真的是越来越像,1
这个就很理性，说话做事之前思考一下再说，很讨喜。挺好的。,2
有这个心足够了,1
是因为姜潮真的爱，发自内心的爱，所以婆婆才会更爱她！找对真心爱你的男人最重要！,1
这是什么神仙啊？？！！,2
生命不息 芳华不尽,2
做梦都想要这样的！！,2
搞足球，看休育，到亚博 【bp680。fun】，電竟 蹴鞠 nbA,-1
哇9.9的手机捡漏真棒 http://t.cn/A62imrE5,-1
B……好……痒……！ijw w,-1
有比赛看了不知道哪里看直播的 看这里: ъ ρ 6 8 0.c ò м，边看直播边投??，还有牛牛，诈金花，捕鱼游戏玩,-1
哈哈真的诶！！,2
女拳警告⚠️ ,0
大表哥ｒｉ我28次d,0
完美了哈哈～,2
思念是一种美丽的孤独,1
很香啊 哈哈,2
还这么帅吗,2
好羡慕有这样的,2
爱可以简简单单,2
超级有型！！,2
我现在就开始期待一起参加节目啦[偷笑],2
这样的真好,2
哇这婆婆也太好了 识大体又明事理的人,2
一个疑问 根据最新婚姻法 哪怕婚前房产 只要能举证出资人是谁 是否仍能收回赠予他人的房产？（跟节目嘉宾本身没关系）,1
坐等人设塌掉,0
给我来一打这样的,2
真的超好的,2
要对婆婆好呀[心],2
这种别人付款的，哪怕有她名字，离婚后也与她无关，能追回的。就是想让大家多了解事实保护自己。,1
这便是理想中的样子,2
[good],2
真的羡慕了 . ❤️,2
有些真的一言难尽。,0
张口就来大部分，帽子扣的66,0
又帅又专一,2
这样的麻麻可真好,2
安全感 爆棚,2
这个是真幸福,2
好有安全感的家,2
看到了美女,2
最后一张图的巴黎好美啊,2
她的女儿好丑,0
这也太早熟了吧,0
关你屁事啊,0
靠手速抢！真的需要一个内部群,-1
蹲点抢就可以，我抢到过很多,-1
想知道p9嫣嫣旁边的姐妹是谁,1
嫣儿生日快乐！每一个孩子，都是降临人间的天使[抱抱],2
好好看啊！！,2
她女儿长得 真丑,0
爱不起来[黑线],0
装少女，恶心！,0
图9左边是谁,1
岁月不败美人,2
永远18岁！,2
她小姐妹好漂亮哦,2
这 大长腿,2
太漂亮了，女神,2
真的好漂亮啊,2
右边的是谁呀,1
是真美人啊！,2
[给你小心心],2
眼睛好清澈,2
一句天送来的礼物 瞬间泪崩,2
我就窒息了,0
啊我感觉还是男神哈哈,2
这种婆媳关系一强一弱的原因，是男人的不作为和懦弱,0
我买了好贵呢,0
但是现实大多都是这种人吧，就像很多女人跟朋友出去会互相比较炫耀或者吐槽自己的老公跟婆婆，这些都是常态啊！,1
没必要踩一捧一,0
真令人反胃[费解],0
真的还是假的？？,1
感觉陈若仪在林家过得战战兢兢的，她这个婆婆真的太奇葩了。,1
谁还不是个公主啊,2
脑子有点问题,0
这是被pua了吗,0
我就不太喜欢，虽然原来算是路人，但看到委屈的样子，真的太败坏路人缘了。[摊手],0
不一定，因人而异吧。,1
就是被压迫的，压迫、欺负,0
说实话，婆婆和朋友聚会，让儿媳妇来干活，真的不合适。婆婆的朋友圈和儿媳妇不是一挂的，真没必要,1
http://t.cn/A62HVfiX,-1
脾气好好啊,2
#从娱乐圈看社会文化#,1
挺好的 他们好甜哦,2
综艺的人设总是太多,0
嫁给我男神我愿意,2
我能给她怼的心肌梗塞,0
实惠套餐享尊贵用网体验！速来抢购 ：→→ →,-1
你是否有这样的烦恼？旁边的人已[给你小心心]收到红包迅速点完，你却刚收到？每次抢红包手速[给你小心心]够快，却总是抢不到？5G最强神奇，抢红包神操作，助你红包抢到手软!→→ →,-1
明明没装几个APP，手机内存却不足，外卖、购物、交通..每个AP[给力]P都无法取舍，别急，5G消息来了！一条消息帮你[给力]搞定所有。→→ →,-1
几个菜，喝这么多[doge],0
超值套餐畅爽来袭。想不到的超值加个惊爆[心]。→→ →,-1
内部折扣价惊爆来袭。千万不要错过哦。→→ →,-1
要是我宁愿不嫁吧。,1
太卑微了吧,0
超值回馈，移动内部特权福利惊爆来袭[心]。5G网络鲜体验，畅玩各大APP无阻拦。→→ →,-1
用不下去了,0
没买，等发货,-1
亲，蔡文姬都可以用,-1
听到没，入土,0
我号里还有100多个佛跳墙怎么办,1
最让人气不过的是你举报了也没用，人家不理，就像是石头扔进了水里[允悲],0
做人别太高调 早晚有人收拾你,0
我已经破产了,0
救救我爸爸??,1
绝了 营销号这么精分吗[疑问],0
人字拖要卖100+？真的划算吗,0
都是渣浪自己养的，从不封号，我大号被误伤投诉到了315都不解封,0
他们给渣浪钱了，你给了吗,0
还不如到q11.tv这里去下两把lol。夏季赛马上又来了。电竟。旗牌。睬瞟。真人百嘉乐。體育。电子小游戏都有。有钱才是硬道理。,-1
好贵啊，买不起,0
天送来的礼物 瞬间泪崩,2
不作为和懦弱,0
早离婚了，惯的毛病,0
女人何苦为难女人呢～,0
啊我感觉还是男神哈哈,2
真令人反胃[费解],0
真的还是假的？？,1
芒果台的魔鬼剪辑吧,0
这是被婆婆pua了吗,0
太败坏路人缘了。[摊手],0
不合适，没必要,0
看了之后觉得脾气好好,2
那堆老太婆哪里来滚回哪里去,0
半夜看到这句话好难过,0
大家一起来捡漏 http://t.cn/A62HV0Zb,-1
内部折扣价惊爆来袭。千万不要错过哦。→→ →,-1
妈耶，旧社会通房丫头吗,0
这都是有剧本的,1
她真的何必呢？替她感到不值,0
你是喝多少假酒,0
还吃 长胖呀,0
我爱妈妈 ,2
看了一路下来全是骂的,0
不正常！攀比都不正常！,0
现实真的残酷,1
但凡有一颗花生米，也不至于醉成这样啊,0
真是太可恶了！,0
做什么都要被否定，灌输男尊女卑思想,0
遇着那样一个咄咄逼人的也真是够遭罪的,0
对他路转黑,0
真的想扇那个老妖婆,0
反正我是不喜欢和公公婆婆住在一起,1
尬死我了。。,0
演的而已吧，综艺的剧本,1
太假了，可悲,0
我看到这个热搜咧！,0
有病吧 明知 还让 难看！,0
那一群都有毒,0
为什么你一定要把问题想的特别极端呢？别回了,0
这也叫极端，你的玻璃心不适合上微博。,0
俾：：超：：粘：：,-1
王雅杏眼湿漉漉地看着他：“好疼……”就这么一句轻飘飘的呻口今，老赵怀疑自己的魂魄都能被她勾了去！,-1
争取当上 的狗[doge],0
哈哈不会你自己仇富就觉得所有人都和你一样仇富吧？憨憨,0
我真是笑了，那不然怎么办？你去认当爹吧，真就这么仇富？无脑喷我也是服了，再说了，他欠不欠债关我们啥事，倒是你们一个个巴不得别人倒闭,0
你这张图看出啥了？是一个公司占100元股份那种吗？,1
小朋友你不会是一边炒股一边意淫吧？加油，争取早日成为她的第一只狗[太开心],0
宣传，上推，服务器，都很烧钱的,1
看来对你来说不管是有道理的没道理的都是杠,0
你这么着急干嘛[嘻嘻]我说你了吗？上赶着对号入座，这条又不是回复你的，给你急得一大早还要再回过头来回复别人，憨批,0
别和别他们杠了，粉丝都是无脑的，毕竟他们喜欢作韭浪你拦不住。,0
多读书吧孩子，无知真的恐怖。王旗下至少十家上市公司股份，杰士杰股 三六零 电子城  新奥股份  利群股份  千禾味业还不包括在新三板的。孩子炒过股没？,0
回去好好研究您主子吧,0
投了八百个公司一个投一毛钱那种？,0
你这种多了去了，直接让你放料又不敢，怂啥呢怂,0
因为惹事惹得最多的也是他,0
我哪句话讲错了？我倒觉得舔狗挺搞笑的哈哈,0
来（y b 2 . c o m）支持你喜欢的战队吧。这里还可以买菜票，百嘉乐，逗地主，首次虫100宋100。,-1
比你优秀的人比你努力。,2
大哥，有些事情看看听听得了，别太较真儿,1
⬅⬅少㊙女?肥?β?,-1
当败家子还当出风格了 孝死我了,0
俾……肿……了……us h sj w,-1
实在是孝死我咯,0
让他舔呗，浪费的是他自己的生命,0
ri，我，30秒，。好难受jkx,-1
就是个钓鱼的呀[二哈],0
←←进来吧，不好看你打我呀[哼]  女魔头哟哟,0
我是文盲，我倒想反问一下你的文化程度？,0
?—肥一b  爱哈喽三巨头诺,-1
←←[害羞]……这里不可以…唔，好大? [坏笑]ffgy,-1
不觉得自己更搞笑吗？,0
斗地主，超级加倍～然后被炸了,-1
应该是签了对赌，毕竟入场已经偏晚了，投资人谨慎也很正常,1
小钱 不就20多个亿吗,1
王总，需要个风控顾问吗？,1
有种协议叫对赌协议,1
什么年代，[疑問]是多文盲多没见识呢,0
背黑锅了？,0
天天在微博怼这笑话那的，真正光膀子上阵就俩字，完败！,0
: 锅锅：：/大香蕉?卡住了,-1
俾……超……粘……zg,-1
之前不就破产了怎么又报道了,1
被退学 还吹呢？,0
不挣那40我也会吃100[委屈],1
不见二十亿吗，分分钟赚回来,1
的孝子真多,0
骂不过就认输了吗？你户口本死绝了哦,0
之前被限制消费,0
你今天去世明天出殡后天下葬再过几天就是你的头七赶紧去阎王那说说好话让你下辈子不要再惨死了,0
你在你那个流脓逼上镶嵌一个八星八箭的真水钻，你是看电视购物看傻了么，我简直要用假皮带来抽你的烂阴帝，再邀请众多仙家来给你开路下阴，烧纸钱跳大神。,0
瞧瞧你长得这土狗样 乡巴佬可不就是你吗[笑哈哈],0
真是乡巴佬，笑死了哈哈,0
人狂必亡！这句话说得一点都没错！,1
瞧你那样儿，又酸又没文化又没出息，骂爱豆女朋友的脑残粉有什么区别？难道人家解除父子关系就会认你当儿子吗？酸别人美酸别人有钱的人，才是现实生活中最大的舔狗，是不是事实，你自己心里清楚吧[嘻嘻],0
还赢在有一堆舔狗,0
你这么舔他 你能分多少家产啊？负债二十亿分你一杯羹[偷笑],0