评论者,评论时间,评论地点,评论内容
凹凸曼哗哗哗,Wed May 27 15:39:51 +0800 2020,广东,意甲是铁靴 只有西甲和欧洲金靴
Best无聊果壳,Wed May 27 15:11:24 +0800 2020,河北,因为c骡的农夫三拳喜欢上了c骡，简直太霸气了[太开心][太开心][太开心]
您查看的用户正在减肥中,Wed May 27 14:55:51 +0800 2020,江苏,。。我的主队随着他在逐渐增多[污][污]
武珹言thMpkv889leT388,Wed May 27 14:32:54 +0800 2020,其他,c罗遇到了最的好皇马，要不然屁都不是[思考][鼓掌]
人间子弹头列车,Wed May 27 14:27:25 +0800 2020,安徽,球员粉滚出足球圈[doge]
Lakers最强,Wed May 27 14:20:58 +0800 2020,江苏,你知道全天下C罗粉丝的说话口气？
J森元,Wed May 27 14:08:47 +0800 2020,其他,爱c罗是肯定的 斑马就算了 不喜欢老年队
傑斌Arizona,Wed May 27 13:51:35 +0800 2020,上海,最爱皇马的C罗和迈阿密的詹姆斯
罗森内里的家兔秃了头,Wed May 27 13:40:44 +0800 2020,台湾,你可别在这尬黑了行不？哪个C罗粉丝会这么说话？
罗森内里的家兔秃了头,Wed May 27 13:39:29 +0800 2020,台湾,请问在尤文的表现说明了什么问题[疑问]在尤文是没进过球还是咋了？
不说话挺好的he,Wed May 27 13:38:24 +0800 2020,四川,很多
麦芽鸡婆笋,Wed May 27 13:27:33 +0800 2020,浙江,那你还能说出c里遇到最好的皇马？c罗是陪着皇马从十六郎到三冠王的ok？
哎哥呦哥最萌,Wed May 27 13:25:07 +0800 2020,其他,不不得说，有部一分球马皇及以迷罗C人素迷的是质真的很差，这年确几欧实在面上战马皇C和独罗一档，我觉得于把属己自的好美记忆留就着挺好，如这用果些优异据数和头冠军去衔贬低其他俱乐部的好球实员没属必要，我的解理球足世界应该要需是相球迷尊互重的。[挤眼][酷]
二爷的Oil,Wed May 27 12:54:30 +0800 2020,上海,[作揖]
临泽燎原足球队,Wed May 27 12:47:44 +0800 2020,甘肃,贬低别人不是萨米专属么[笑cry]
临泽燎原足球队,Wed May 27 12:44:05 +0800 2020,甘肃,你要这么说梅西也一样
Vega_10,Wed May 27 12:42:29 +0800 2020,北京,真不是同胞......而且这几个骂人的逼我已经给他们评论删了，也没有打脸吧，其实巴萨皇马肯定都有这种球迷，没想到随便发个评论全给炸出来了😂
擼九串,Wed May 27 12:39:08 +0800 2020,其他,🙋
保持冷静好吗,Wed May 27 12:38:43 +0800 2020,江苏,无所谓咯，人以群分又是你们自己说的，那你就对号入座好了
一棵小白杨5656,Wed May 27 12:31:18 +0800 2020,北京,不会有人因为C罗才喜欢皇马吧？
Vega_10,Wed May 27 12:28:30 +0800 2020,北京,呵呵，贼喊捉贼哦，你看我有贬低你们C罗了吗，我不是说了他很厉害，我是看不起你们家部分球迷哈，注意部分，比如评论区上来张口就骂的这几位，这几位有可能之前就是以贬低其他球员以寻求快乐的吧哈哈哈哈
Vega_10,Wed May 27 12:25:57 +0800 2020,北京,我这条评论只是说了皇马球迷，也不代表巴萨球迷没有啊。是因为前段时间也是俊哥的微博谈到了吉鲁，就有部分皇马球迷拿本泽马出来说事。真的觉得没有必要，都是好球员没必要贬低。
二爷的Oil,Wed May 27 12:24:06 +0800 2020,上海,[握手]
Vega_10,Wed May 27 12:22:59 +0800 2020,北京,首先不是巴萨球迷，其次这条评论下面确实有部分皇马球迷上来就骂人着实没素质，我说了我觉得C罗很厉害，但是他拥有的很多球迷居然是这个样子真的太悲哀了。
二爷的Oil,Wed May 27 12:22:57 +0800 2020,上海,一大早这么开心？
达瓦平错,Wed May 27 12:22:36 +0800 2020,天津,没有
二爷的Oil,Wed May 27 12:21:59 +0800 2020,上海,[握手]
二爷的Oil,Wed May 27 12:21:13 +0800 2020,上海,卡卡时代
莱奥Song,Wed May 27 12:15:27 +0800 2020,山东,马和驴生的骡子也是一个群体
麦芽鸡婆笋,Wed May 27 12:07:13 +0800 2020,浙江,看球四年内？
贱霏claus,Wed May 27 11:56:31 +0800 2020,四川,最开始那两年看的上火 一直被巴萨压着打 欧冠成绩也不行  后来鸟来了才有改变 但是欧冠也是四强 12年最可惜 算是穆鸟时代最强的时候 点球惜败南大王
RangeRover_SIM,Wed May 27 11:47:31 +0800 2020,广东,别说谁成就了谁，这样对双方都是不尊重的。
溯端竟委5vQX,Wed May 27 11:31:02 +0800 2020,其他,我不知道青姐这话是什么意思，但总有种不妙的感觉，但我还是按照青姐的吩咐把浴巾拿了过来披上。
杀马特小浩子,Wed May 27 11:21:11 +0800 2020,广西,我
刘祖林,Wed May 27 11:14:48 +0800 2020,重庆,喜欢C罗，但心还是在皇马！遗憾过去没有看很多拥有C罗的皇马的比赛
蟹老板的员工1,Wed May 27 11:11:21 +0800 2020,其他,互相成就
啷呀哩个浪,Wed May 27 11:07:39 +0800 2020,山东,[摊手][摊手][摊手]
保持冷静好吗,Wed May 27 10:53:18 +0800 2020,江苏,所以喜欢梅西的都是武大郎转世？霍比特人也是一个群体呢，找喷
盖世英雄罗三岁,Wed May 27 10:46:17 +0800 2020,其他,图片评论 http://t.cn/A62fexU3
大的宝sodme,Wed May 27 10:44:24 +0800 2020,江西,头一次听说好色是缺点，毕竟是拉玛西亚儒家思想，人以群分
老冯看球,Wed May 27 10:38:59 +0800 2020,浙江,一直支持尤文图斯，因c罗到尤文图斯，就支持喜欢c罗。
lly唔中意饮可乐,Wed May 27 10:20:13 +0800 2020,广东,我我我
街拍刘易斯,Wed May 27 10:16:24 +0800 2020,四川,哈哈哈哈哈哈哈哈哈哈哈哈哈哈哈。笑死我了。
Lakers最强,Wed May 27 10:13:25 +0800 2020,江苏,笑死我了  没有C罗的皇马屁都不是
二爷的Oil,Wed May 27 10:10:00 +0800 2020,上海,就你一个拍片的还谈学历？
二爷的Oil,Wed May 27 10:09:10 +0800 2020,上海,那在尤文怎么样呢？
CHATROOM7,Wed May 27 10:04:48 +0800 2020,广东,因为他 我爱上了皇马 没因为他而放弃喜欢皇马 而是一直坚持爱着[可愛]
oyjgg19,Wed May 27 10:00:05 +0800 2020,其他,年年都是平台优势？ 照你这样说谁不是平台优势？
C罗不拿第六座金球不改名,Wed May 27 09:52:21 +0800 2020,其他,芜湖 巴狗巡逻队又来了？ 整个评论区一片和谐就你一个人搁那儿bb
街拍刘易斯,Wed May 27 09:52:17 +0800 2020,四川,哈哈哈哈，建议多读书。
C罗不拿第六座金球不改名,Wed May 27 09:51:28 +0800 2020,其他,➕1
后卫,Wed May 27 09:49:48 +0800 2020,湖北,报名，我一个
firejuck,Wed May 27 09:29:28 +0800 2020,河北,萨拉赫黯然伤退，贝尔惊天倒钩，卡里乌斯的接连失误，成就了皇马三连伟业，齐达内玄学牛逼。 http://t.cn/A62fEvB1
十六夜阳炎,Wed May 27 09:19:49 +0800 2020,辽宁,你这不是扯犊子呢吗？这话说梅西还能沾点边，C罗在曼联拿过欧冠冠军才来的皇马好吗
奔跑的王小布,Wed May 27 09:03:34 +0800 2020,辽宁,我
迷人小蛋糕,Wed May 27 08:45:37 +0800 2020,其他,你说屁都不是太夸张了吧……他去拜仁或者留在曼联还是强的阿……
JHcisse,Wed May 27 08:44:43 +0800 2020,广东,行了行了，求求你们孤儿别黑C罗了，没爹就认梅毒作爹吧
And-song,Wed May 27 08:44:34 +0800 2020,辽宁,真心一样，最爱的球员叫罗纳尔迪尼奥。
元-柯里昂,Wed May 27 08:39:12 +0800 2020,四川,这微博我就看见你一个人带节奏 没看见其他球员名字 你装你妈呢
啤好,Wed May 27 08:36:34 +0800 2020,河北,你说的真是没毛病哈哈
元-柯里昂,Wed May 27 08:36:27 +0800 2020,四川,在尤文不是球王水平？？帽子戏法好几个 欧冠逆转马竞 意甲金靴 饼都喂不进？你不看意甲就别发言行吗？皇马现在就是不行还怪荣誉感太满了 C罗荣誉感也满了行不行?你装你妈呢 怎么上赛季欧冠是梅西的？你说球王是谁？
啤好,Wed May 27 08:35:30 +0800 2020,河北,好多人
二爷的Oil,Wed May 27 08:28:53 +0800 2020,上海,已经说过了是平台的优势，现在在尤文是球王水平？只当个射手？拼都喂不进？
c罗1998,Wed May 27 08:21:14 +0800 2020,重庆,我是在评论那个傻子，这个道理谁都懂，只是看到他乱黑不爽，本来俱乐部跟球员都是相辅相成
霸小侧队长,Wed May 27 08:10:32 +0800 2020,湖北,09年追随C罗到皇马，从十六郎到皇四郎到欧冠三连，五年四冠，见证了这十年来皇马的伏伏起起，更是见证了C罗最巅峰的时间。可以说他们是相互成就，皇马欧冠王朝的最关键一环，C罗无悔！现在追随脚步来到尤文，不过C罗和自己都不再年轻了，老骥伏枥 志在千里。C罗敢于挑战，自己也为美好未来不懈努力！
姜家大院儿,Wed May 27 08:04:49 +0800 2020,辽宁,我！！！
保持冷静好吗,Wed May 27 08:04:11 +0800 2020,江苏,巴萨球迷不要装模作样将这种话，你的同胞在下面的几条没把你的脸打够吗
二爷的Oil,Wed May 27 08:00:58 +0800 2020,上海,已经说过了是平台的优势，现在在尤文是球王水平？只当个射手？拼都喂不进？
二爷的Oil,Wed May 27 07:58:39 +0800 2020,上海,当年只有C罗一个人去了皇马？只有C罗的出现造就了最后的皇马？
二爷的Oil,Wed May 27 07:56:24 +0800 2020,上海,在尤文踢成这个吊样子，三连冠？
二爷的Oil,Wed May 27 07:55:26 +0800 2020,上海,很客观的评价
二爷的Oil,Wed May 27 07:54:53 +0800 2020,上海,说的比较客观吧，兄弟
二爷的Oil,Wed May 27 07:54:11 +0800 2020,上海,朋友，我是皇马球迷的时候你可能还没有看球
二爷的Oil,Wed May 27 07:53:13 +0800 2020,上海,这世界上任何一支得过三次最高荣誉的球队，都会荣誉产生疲惫，C罗最后离不开，即使皇马不离开，也不行了，此时的皇马不行了，而不是C罗离开皇马不行了
大王叫我去捞鱼,Wed May 27 07:48:34 +0800 2020,湖北,又想起了巨大巨大超级超级低级的失误
oyjgg19,Wed May 27 07:45:40 +0800 2020,其他,最后一面欧冠最佳射手 怎么难了？  难的是你吧  杠精
Nic栗鼠,Wed May 27 07:39:13 +0800 2020,其他,一样一样
雨溪学写字,Wed May 27 07:34:03 +0800 2020,北京,前边比后边多很多
朱文杰杰,Wed May 27 07:32:45 +0800 2020,上海,最好的比赛是穆里尼奥C罗的皇马和瓜迪奥拉梅西的巴萨 火星撞地球！
客子光阴诗卷里,Wed May 27 07:24:59 +0800 2020,北京,我倒是早就喜欢银河舰队了，但确实是追随他支持尤文图斯去了，银河星光已暗淡
令羽雕狼,Wed May 27 07:14:27 +0800 2020,山东,我
超神金斗,Wed May 27 06:44:08 +0800 2020,山东,卧槽，贼喊捉贼啊……哈哈哈哈哈，笑死我了
超神金斗,Wed May 27 06:42:03 +0800 2020,山东,1
Mar4th,Wed May 27 06:37:01 +0800 2020,山东,多看球，少BB
没有告别的,Wed May 27 06:26:36 +0800 2020,上海,懂球帝都喜欢张口就喷
没有告别的,Wed May 27 06:25:31 +0800 2020,上海,我
远远看伱,Wed May 27 05:23:02 +0800 2020,辽宁,黑煤球王？
大怪rank,Wed May 27 05:09:20 +0800 2020,广西,球员其实跟俱乐部拿荣誉都是互相成就的吧，不否认总裁来皇马之前已经很多荣誉了，可是在曼联真的能拿到三连冠吗，不说多的吧，贝尔这个人在决赛上也为皇马进过球的。看看隔壁哈布白内马尔一走，欧战没看到成绩，逆转到是一大堆
海边的北野武,Wed May 27 03:16:25 +0800 2020,其他,单纯皇马球迷，任何人来了都欢喜，走了也不伤感，无论罗纳尔多，穆里尼奥，安切洛蒂，迪马利亚，厄齐尔，带不走对球队的喜爱
--Caihh,Wed May 27 03:06:01 +0800 2020,广东,我，我，我爱他
DISONlee,Wed May 27 02:51:16 +0800 2020,广东,哈哈[哈哈]，尤文图斯？皇家马德里？不可能的！钟爱C罗，但我的心只属于抬价联。。。[哈哈][哈哈]，没有杠的意思，勿喷
杨四木,Wed May 27 02:10:06 +0800 2020,四川,希望他能重回伯纳乌，不知道退役前，能不能回去？没有总裁的皇马感觉缺点什么[泪][泪]
好不无聊的一天,Wed May 27 02:08:43 +0800 2020,江西,你不知道贴吧有个巴萨版块吧，看看那里的推广广告（不得不服百度的大数据），巴智集中营名副其实
RamosCcRMA,Wed May 27 01:45:31 +0800 2020,其他,C罗来皇马后，在加盟皇马之后的首个赛季欧冠十六强被里昂淘汰，但随后C罗却跟皇马开启了一段连续8年的欧冠巅峰时期。从2010-11赛季开始，C罗和皇马在里昂身上找回了状态，他们七年来首次进入欧冠八强，从此便一发不可收拾。里昂、莫斯科中央陆军、曼联、沙尔克（2次）、罗马、那不勒斯都成为皇马垫脚石
RamosCcRMA,Wed May 27 01:43:24 +0800 2020,其他,2004年开始 虽然每个赛季都能凭借着自己的实力从小组出线，但皇马却连年在欧冠的八分之一决赛被淘汰出局。04-05赛季的尤文图斯、05-06赛季的阿森纳、06-07赛季的拜仁、07-08赛季的罗马、08-09赛季的利物浦以及09-10赛季的里昂都给皇马球迷留下了苦涩的回忆，年年的欧冠十六强让皇马得到了“欧冠十六郎
RamosCcRMA,Wed May 27 01:41:05 +0800 2020,其他,跟这种憨批计较什么？最好的皇马？？傻卵一样，16郎的绰号怎么来的
朗月无殇,Wed May 27 01:35:42 +0800 2020,其他,对他的离开依然无法释怀
Zh-小凤,Wed May 27 01:32:43 +0800 2020,广东,我一个
靳先生-7,Wed May 27 01:23:21 +0800 2020,江西,跟你一模一样 我14世界杯后开始看的
唱游日记,Wed May 27 01:21:14 +0800 2020,江苏,最好的皇马？不然屁都不是？你个呆比，，，C罗来的时候是顶着当时足坛第一身价八千万欧来的，走的时候又留了一亿欧，其他数据就不摆了，你个呆比，真的tm呆比，活呆比！！
Bcold-water,Wed May 27 01:19:04 +0800 2020,其他,超级超级无敌的巨大失误
唱游日记,Wed May 27 01:14:12 +0800 2020,江苏,我🙋‍♂️，C罗我一生的偶像
胖成小金猪就好了,Wed May 27 01:05:01 +0800 2020,陕西,那晚太伤心了 伤心又憋屈
wolengaa,Wed May 27 00:34:44 +0800 2020,上海,来时十六郎，走时三连冠
隐形眼镜掉出来了,Wed May 27 00:33:56 +0800 2020,湖南,皇马耶！
wolengaa,Wed May 27 00:33:56 +0800 2020,上海,去年尤文欧冠淘汰赛进的球全是c罗的，还要怎样
Bruce_2020_,Wed May 27 00:31:21 +0800 2020,广东,09年因为他喜欢上皇马，又因为他支持尤文。等到总裁退役的那天，我想还是会最喜欢皇马[心]
mailove,Wed May 27 00:21:59 +0800 2020,云南,恰恰相反 c罗来皇马后再没看过皇马比赛
花落几度秋66,Wed May 27 00:20:46 +0800 2020,江苏,一路追随
萌萌哒翼宝宝,Wed May 27 00:20:23 +0800 2020,湖北,没错  我就是CR7人迷
罗森内里的王小胖,Wed May 27 00:12:56 +0800 2020,重庆,如果有也只能是皇马的，开局六连冠。马尔蒂尼本来有机会成为第一人，不过93、95和2005年三次饮恨。我在想马尔蒂尼是不是参加欧冠决赛最多的球员，8场欧冠决赛
梅白哈普,Wed May 27 00:05:45 +0800 2020,河北,罗迷是不是都是想你只会骂娘的种
张宇辰Michael,Wed May 27 00:05:44 +0800 2020,山西,总裁硬实力
yiyuyyy,Wed May 27 00:05:07 +0800 2020,北京,有6次欧冠夺冠的，好像是亨托吧。名字记不得了，反正是皇马的。
江边野狗,Wed May 27 00:00:07 +0800 2020,其他,我为了c罗看了几场尤文的球赛，但是每一次都看一半睡着。
无问来路,Tue May 26 23:58:05 +0800 2020,江苏,俊哥什么时候来个温格专场？
胭脂是我女神,Tue May 26 23:55:42 +0800 2020,河北,之前有人说皇马前面栓条狗都能进50球，现在呢？
二爷的Oil,Tue May 26 23:49:34 +0800 2020,上海,搞什么？
二爷的Oil,Tue May 26 23:48:43 +0800 2020,上海,这个说法成立
二爷的Oil,Tue May 26 23:48:19 +0800 2020,上海,更多的是平台成就了他，现在在尤文踢的没法看了
二爷的Oil,Tue May 26 23:46:30 +0800 2020,上海,是吗
伯纳乌记忆,Tue May 26 23:45:08 +0800 2020,其他,单单看你下面的回复就一目了然了，何必自欺欺人
油条喝豆浆Hi,Tue May 26 23:44:48 +0800 2020,广东,贝尔来之后把边路突活了过来 总裁安心去当中锋抢点了！
正晴199810,Tue May 26 23:43:47 +0800 2020,广西,之前初中高中都在学校，看不到球赛。而且我接触足球有点晚[允悲][允悲]。枯了
文思院FC,Tue May 26 23:43:25 +0800 2020,北京,这个冠军还要从本泽马把锅甩给卡里乌斯开始说起[喵喵]
沉默的星空黑黝黝,Tue May 26 23:43:18 +0800 2020,其他,希望他在尤文也登上欧洲之巅，不过看起来难
正晴199810,Tue May 26 23:43:10 +0800 2020,广西,我为错过他们的成长历程而遗憾
天胤-北斗七星,Tue May 26 23:42:47 +0800 2020,广东,又来公认了，宁就是公？
正晴199810,Tue May 26 23:42:09 +0800 2020,广西,我15才开始接触足球[允悲]
三井也不一定瘦7,Tue May 26 23:38:19 +0800 2020,浙江,我
星期717,Tue May 26 23:38:13 +0800 2020,北京,大概和你母亲的有一堆[嘻嘻]
梅白哈普,Tue May 26 23:35:07 +0800 2020,河北,骡子的照片是不是一大堆
星期717,Tue May 26 23:32:09 +0800 2020,北京,哦[费解] http://t.cn/A62fhQfp
罗森内里的王小胖,Tue May 26 23:31:36 +0800 2020,重庆,数量上追平了马尔蒂尼和科斯塔库塔，印象中没有夺得过6次欧冠的球员
风继续吹19998,Tue May 26 23:31:32 +0800 2020,其他,你见识楼下了吧
梅白哈普,Tue May 26 23:28:47 +0800 2020,河北,你所谓的侏儒没那种嗜好
扬州古天乐2,Tue May 26 23:26:13 +0800 2020,其他,欧冠三连 铁打首发 纳瓦斯 马塞洛 拉莫斯 佩佩（瓦拉内）卡瓦哈尔 卡塞米罗 魔笛 tk 奔马 c罗
一生挚爱CR7__,Tue May 26 23:25:38 +0800 2020,湖北,1
Sant7aGo,Tue May 26 23:24:23 +0800 2020,其他,行吧 我这边好多皇马球迷曾经以这条誓言作为座右铭 现在都成为了优秀的囚犯
将作侯,Tue May 26 23:22:38 +0800 2020,河北,木有
c罗1998,Tue May 26 23:17:59 +0800 2020,重庆,哈哈，这不正是梅西遇到最好的巴萨吗，不然啥都不是
clever聪,Tue May 26 23:17:17 +0800 2020,广东,等到九月十月的时候，如果出现打着下赛季的联赛，同时参加上赛季的欧冠也是活久见了
BraceletAg,Tue May 26 23:17:06 +0800 2020,贵州,绝对的互相成就 总裁在的时候 有时觉得 浪射什么的 强行喂饼 但是总裁走后 你看看现在的前锋 才突然发现 是他拔高了我们对前锋的期待
Cris7kaka,Tue May 26 23:16:36 +0800 2020,山东,[悲伤] http://t.cn/A62fv1y0
-HYDante-,Tue May 26 23:15:21 +0800 2020,江苏,哈哈 你还想要35岁老汉在尤文证明什么？至少当打之年在曼联皇马可是大满贯。如果明年梅西转会，你还指望他能带哪个十几年没拿过欧冠冠军的队拿到欧冠？
大头大头大头儿子美国后援团,Tue May 26 23:15:08 +0800 2020,天津,正因为人家不是皇马死忠，所以说转投尤文也很正常，我又没骂人家转投尤文有什么错。不知道你是生活得多苦难，这都tm能上来骂[偷笑]
zkzbsjjshvs,Tue May 26 23:13:44 +0800 2020,其他,后来发现，国外联赛纵然再球星云集赏心悦目，也不如国内中超一支小球队归属感来得那么强烈！
星期717,Tue May 26 23:09:22 +0800 2020,北京,那喜欢侏儒的都喜欢嫖吧？毕竟也要接受他是个侏儒爱嫖爱yx的缺点
Gzqaaaa,Tue May 26 23:06:59 +0800 2020,江苏,你怎么光说皇马了，去年尤文又怎么样，意甲冠军就不说了，年年都有，欧冠还是不行，C罗去了尤文之后的表现也不多说了吧，你不能说皇马靠的是最好的C罗，顶多是互相成就，现在两败俱伤了
WhenWeWereYoung曹,Tue May 26 23:06:04 +0800 2020,江西,现在支持尤文仅仅是因为C罗在
海猫0005,Tue May 26 23:05:10 +0800 2020,安徽,C罗的职业精神值得肯定和赞扬。
Gzqaaaa,Tue May 26 23:04:56 +0800 2020,江苏,确实，有些C罗球迷的素质是真差，只能说什么样的偶像就有什么样的粉丝，太自负小心眼，永远成不了大气候
星期717,Tue May 26 23:03:49 +0800 2020,北京,梅毒别虚伪了，喜欢侏儒不用藏着掖着
MRJoeee,Tue May 26 23:01:34 +0800 2020,上海,[爱你]//@啷呀哩个浪:尤文图斯…？ 不可能的！钟爱C罗，但我的心只属于皇家马德里…
帮我点份谢阿丹,Tue May 26 22:59:50 +0800 2020,福建,我我我我我我！！！！！！！！[心][心][心][心][心][心]
Sant7aGo,Tue May 26 22:59:38 +0800 2020,其他,至少转会了一半人去吧
Sant7aGo,Tue May 26 22:58:06 +0800 2020,其他,是否曾经也许下过一生只执纯白的誓言[二哈]
xiao0yan0,Tue May 26 22:56:54 +0800 2020,江苏,我们又不是西班牙的人、也不是葡萄牙的人。所谓的队迷也就是那么回事吧[挖鼻]
xiao0yan0,Tue May 26 22:56:10 +0800 2020,江苏,哈哈 人家来皇马前可是大满贯选手！[挖鼻]
慌慌叔叔,Tue May 26 22:55:33 +0800 2020,其他,从20年前一直喜欢皇马，但1314年开始因为厌倦了吸螺的很多无智行为而变为路人，不过还是很关注贝尔（因为贝尔曾打爆了小国际），对巴萨的催眠踢法也很讨厌，但是最近两年不可救药的迷上了梅西，太强了。小贴士：不喜欢吸螺在前
小如意53,Tue May 26 22:53:53 +0800 2020,其他,再过几天就等到去年的六月一号了…[鼓掌]
_Mr_Wuuuuu,Tue May 26 22:51:41 +0800 2020,辽宁,感觉尤文（沙里）浪费总裁的时光了
二爷的Oil,Tue May 26 22:50:05 +0800 2020,上海,在皇马的最后一年，踢得有多艰难你又不是没看到！总体而言还是齐达内的识大体，放弃了该放手的联赛，专注欧冠，不过欧冠踢得也很艰难，上赛季的皇马更多的是荣誉过于满足，球员对于胜利的渴望大大下降，至于C罗到底怎么样，在尤文的表现说明不了问题吗？
克里斯Tiano罗纳ldo,Tue May 26 22:44:43 +0800 2020,浙江,即使转投尤文图斯，我也只喜欢C罗&皇马
婉拒歐陽娜娜17次,Tue May 26 22:41:55 +0800 2020,江苏,喜欢c罗喜欢银河战舰，虽然已经去了尤文，但永远支持皇家马德里！
胖哥牛魔王,Tue May 26 22:39:57 +0800 2020,其他,C罗是皇马的王者
Tesup30,Tue May 26 22:36:56 +0800 2020,山东,你是个活跃的官微
-HYDante-,Tue May 26 22:35:41 +0800 2020,江苏,说反了吧 应该是皇马遇到了最好的C罗，十年从被巴萨碾压到欧冠三连，450球，逆转、帽子戏法贡献有目共睹。当他离开，上赛季最好的皇马屁都没得到[摊手]
Luka77Doncic,Tue May 26 22:35:01 +0800 2020,其他,以为自己是皇马球迷 C罗离开了才知道自己的人蜜～
xxsgdrgn,Tue May 26 22:34:36 +0800 2020,山西,就是喜欢一个人和喜欢一个队区别不一样
BKLYN丶7,Tue May 26 22:33:17 +0800 2020,河北,我[作揖]
睡觉的觉得不上班,Tue May 26 22:31:03 +0800 2020,广东,除了看总裁  我只看英超
hanyouding,Tue May 26 22:20:28 +0800 2020,海南,c罗是不是拿欧冠最多的球员？
天灬夜灬道,Tue May 26 22:18:39 +0800 2020,辽宁,你了解就应该明白巴萨为什么是全民公敌
Vega_10,Tue May 26 22:17:04 +0800 2020,北京,每家俱乐部肯定都有一部分这种引战的球迷，而且球星越有名气的话肯定相对来说就多一点，真的希望不要吵，要懂得尊重
LEEShinhomm_,Tue May 26 22:15:00 +0800 2020,海南,66666[doge]
赵今麦未来老公,Tue May 26 22:14:40 +0800 2020,河南,14年开始的，见证了皇马四大皆空后的欧冠三连冠[doge]
归来的金童,Tue May 26 22:14:11 +0800 2020,北京,一辈子忘不了拉莫那厮的抱摔！
天灬夜灬道,Tue May 26 22:14:05 +0800 2020,辽宁,素质最差，公认的就是梅西球迷
梅白哈普,Tue May 26 22:13:18 +0800 2020,河北,喜欢C罗，除了成绩、励志和帅气外，还要包容他的自私、虚荣、好色等缺点。所以，才相信“人以群分”的说法。
能人背后有能人弄,Tue May 26 22:04:51 +0800 2020,山东,他的离开，证明我是马德里主义者，好像再也没看过一场完整他的比赛，除非他和布冯一起出场。
Liuliu小宇,Tue May 26 22:04:01 +0800 2020,陕西,举手🙋🏻‍♂️🙋🏻‍♂️🙋🏻‍♂️🙋🏻‍♂️🙋🏻‍♂️🙋🏻‍♂️🙋🏻‍♂️🙋🏻‍♂️🙋🏻‍♂️🙋🏻‍♂️🙋🏻‍♂️
丁君浩_Grimes,Tue May 26 22:03:59 +0800 2020,其他,俊哥，本赛季，欧冠还开能赛吗[心][太开心]
R2covery,Tue May 26 22:03:20 +0800 2020,其他,哈哈兄弟我也99，初中开始看的
Takuya兔哉家的球球,Tue May 26 22:01:43 +0800 2020,四川,可爱多就是吧
Umibouzu-,Tue May 26 22:01:36 +0800 2020,四川,支持尤文不就是支持假球吗
嘉平21,Tue May 26 21:59:18 +0800 2020,其他,能在伯纳乌现场看我罗决杀老妇人，也是无憾了！我爱我罗！！！[心][心][心] http://t.cn/A62V3rbq
Tesup30,Tue May 26 21:58:31 +0800 2020,山东,C罗球迷来点赞 送我上楼 奥利给[二哈]
CristianolRonaIdo,Tue May 26 21:55:53 +0800 2020,其他,我！
锤炼刺客cr7,Tue May 26 21:53:41 +0800 2020,其他,我永远爱我罗
在野相国苏季子,Tue May 26 21:52:56 +0800 2020,四川,别人有一句说是皇马死忠，就提了一句喜欢皇马，就不知道你在这放什么屁
贾双宇Jay,Tue May 26 21:52:48 +0800 2020,黑龙江,错兄弟，同99的我们应该庆幸能生在梅罗时代
贾双宇Jay,Tue May 26 21:52:06 +0800 2020,黑龙江,举手
漓奈不放弃,Tue May 26 21:49:28 +0800 2020,江苏,C罗不上的比赛我从来不看[嘻嘻]
白色美凌格RM,Tue May 26 21:47:43 +0800 2020,其他,看看，这条底下还有不少“真球迷”呢[二哈]
白色美凌格RM,Tue May 26 21:47:02 +0800 2020,其他,这些人可是被自称“老球迷”“真球迷”的足球贵族们开除了球迷籍了[二哈][二哈]
冰之极速,Tue May 26 21:46:20 +0800 2020,其他,dei 当时就是一年之前买的一件C罗球衣 结果发完短信之后真官宣了
djfchange,Tue May 26 21:45:56 +0800 2020,重庆,支持我罗 去哪支持哪
风间Away,Tue May 26 21:44:52 +0800 2020,上海,我也收到了，皇家马德里海外旗舰店吧
天地一斗_56761,Tue May 26 21:44:43 +0800 2020,陕西,罗走了，皇马一样爱，尤文也一样
大头大头大头儿子美国后援团,Tue May 26 21:37:24 +0800 2020,天津,支持尤文图斯太扯了，那些球迷就是瞎起起哄，或者说以前也不是皇马死忠
wasted_2099,Tue May 26 21:36:56 +0800 2020,其他,我00年的 09年看球至今[吃瓜]
无名MYC,Tue May 26 21:34:05 +0800 2020,广东,八月
累到整夜不能睡,Tue May 26 21:33:28 +0800 2020,江苏,传奇
重度失眠症强迫症患者_,Tue May 26 21:30:27 +0800 2020,河南,在这里🙋‍♂️ 不过渣团也一如既往的支持
LEEShinhomm_,Tue May 26 21:27:10 +0800 2020,海南,俊哥回复第一条评论了 他说有可能[嘻嘻]
小小兔不会兔迷路,Tue May 26 21:26:37 +0800 2020,其他,俊哥，本赛季，欧冠还开能赛吗[嘻嘻][嘻嘻]
一生zys,Tue May 26 21:25:44 +0800 2020,江苏,梦想一日C罗重回老特拉福德
JawenM,Tue May 26 21:24:28 +0800 2020,宁夏,我随着总裁看了一年尤文，才发现，我爱的还是皇马
1987尘土飞扬,Tue May 26 21:24:06 +0800 2020,海南,人迷
petithat,Tue May 26 21:23:31 +0800 2020,四川,他所在的球队一个都没喜欢过，因为有更喜欢的队，不过近些年对他这个人越发佩服，因为他的自律勤奋和不服输的那股劲头。
拭未央524,Tue May 26 21:22:59 +0800 2020,广东,我也是看足球最开始知道小罗，那时候还不算球迷谈不上喜不喜欢，后来因为C罗成为球迷
将作侯,Tue May 26 21:21:49 +0800 2020,河北,是 我是人迷
我是郝粑粑,Tue May 26 21:20:53 +0800 2020,河北,我我我
kobe_bang1986,Tue May 26 21:20:35 +0800 2020,广东,是的
啷呀哩个浪,Tue May 26 21:19:47 +0800 2020,山东,卡里乌斯： 应该是我！！[摊手][摊手][摊手]
二爷的Oil,Tue May 26 21:18:48 +0800 2020,上海,C罗至始至终就是个战术射手，球王和他一点关系都没有
赫亚坐莲,Tue May 26 21:18:29 +0800 2020,其他,[赞]
悠悠景天,Tue May 26 21:17:53 +0800 2020,广东,我一直觉得他属于曼联
韩宇heng,Tue May 26 21:15:44 +0800 2020,黑龙江,尤文图斯属实有点…辣鸡…
二爷的Oil,Tue May 26 21:15:09 +0800 2020,上海,c罗遇到了最好的皇马，要不然屁都不是
解说七先生,Tue May 26 21:13:11 +0800 2020,北京,今晚多特对拜仁，有什么想法
韩凯V,Tue May 26 21:12:34 +0800 2020,北京,+1
左言右兼,Tue May 26 21:11:17 +0800 2020,浙江,尤文图斯？喜欢C罗。但我依然是红魔球迷。
寶吉祥,Tue May 26 21:11:04 +0800 2020,其他,不是C罗 是贝尔帮助皇马收获第十三欧冠奖杯好不好
不会取昵称阿hhh,Tue May 26 21:08:52 +0800 2020,其他,那就是人迷，当他离开尤文，你也不会喜欢尤文
不会取昵称阿hhh,Tue May 26 21:08:15 +0800 2020,其他,罗文图斯
粤L633,Tue May 26 21:07:11 +0800 2020,上海,我心中的球王C罗
615871020bwhsU,Tue May 26 21:05:36 +0800 2020,其他,08开始看
如皓月之恒,Tue May 26 21:01:55 +0800 2020,北京,喜欢总裁，更喜欢皇家马德里！
正晴199810,Tue May 26 21:01:15 +0800 2020,广西,99年的我，有时候觉得自己生不逢时，错过了梅罗最鼎盛的时候。
阿楠正传_,Tue May 26 21:00:14 +0800 2020,河北,我是从06年世界杯英葡大战开始决定黑他的 没想到越黑越黑不动[允悲]
Peng__Yu,Tue May 26 20:59:37 +0800 2020,福建,是他，就是他
伯纳乌MinG,Tue May 26 20:57:26 +0800 2020,上海,从c罗离开皇马之后，现在这支皇马到现在还没缓过来[允悲][允悲][允悲]
争四狂魔-阿森纳,Tue May 26 20:57:21 +0800 2020,安徽,Who need Ronaldo？！
我就是就是胖子,Tue May 26 20:55:50 +0800 2020,福建,之前伊布说C罗没有天赋，我觉得对C罗不公平，C罗并非没有天赋，只不过是被他的自律和努力给遮盖住了！[赞]
SADNNNES,Tue May 26 20:55:50 +0800 2020,其他,图片评论 http://t.cn/A62VQh9F
李沐晗M,Tue May 26 20:54:34 +0800 2020,上海,早在曼联时就喜欢他了。
威猛的小老虎呢,Tue May 26 20:54:14 +0800 2020,其他,我是喜欢齐达内才喜欢皇马的，那次皇马中国行比赛的马赛回旋太佩服了，以前C罗在皇马的时候会买他的官方周边，现在仍然只喜欢皇马
A哥顿哥,Tue May 26 20:53:53 +0800 2020,四川,➕1
SKwowo,Tue May 26 20:53:34 +0800 2020,广东,我爱C罗，但对尤文无感，对意甲无兴趣
极度狂澜ZZ,Tue May 26 20:53:21 +0800 2020,其他,太过追溯历史记录 也就是说 时代不一样了 热度也就不一样了 球员不应该只去有钱的俱乐部 而是去自己热爱的俱乐部 那才是足球 不然那不是足球 那是垄断 那就仅仅只是钱而已
I海鸟跟鱼,Tue May 26 20:53:11 +0800 2020,其他,小偷才去喜欢888
石佛的表情,Tue May 26 20:52:45 +0800 2020,安徽,我是皇马多年球迷，自伊瓜因时代开始就迷恋这队，C罗来后让我看到称霸欧洲的可能，对C罗特别佩服
竹轩谈茶,Tue May 26 20:52:32 +0800 2020,山东,喜欢皇马的依旧喜欢皇马，喜欢尤文的仍旧钟情尤文
神蒂普,Tue May 26 20:51:54 +0800 2020,辽宁,图片评论 http://t.cn/A62VHpyh
进击的____哈哈哈,Tue May 26 20:50:39 +0800 2020,上海,我！
H佩的幸福纪,Tue May 26 20:49:59 +0800 2020,湖北,永远爱C罗
无糖Joe,Tue May 26 20:49:20 +0800 2020,其他,我永远喜欢C罗，永远
孛儿只斤荔乡客栈,Tue May 26 20:47:54 +0800 2020,广东,那场和利物浦的决赛，阿水开场不久就把萨拉赫甩伤下场后，我就果断关机不看了。
普拉多的午睡,Tue May 26 20:46:05 +0800 2020,其他,哈哈哈哈是的 尤文的球衣就是冲总裁买的
LEEShinhomm_,Tue May 26 20:46:03 +0800 2020,海南,以前就是关注 很少追着球赛看 [笑cry]
_天使的伯纳乌,Tue May 26 20:46:01 +0800 2020,其他,我见过春日夏风秋叶冬雪 也踏遍南水北山东麓西岭  可这四季春秋 苍山泱水 都不及你冲我展眉一笑  
海角41号,Tue May 26 20:45:53 +0800 2020,上海,我反而因为他来了变得没那么喜欢尤文图斯
JackyChin,Tue May 26 20:45:36 +0800 2020,重庆,只有皇马和C罗才搭
我是lyboo的小跟班,Tue May 26 20:45:27 +0800 2020,其他,举手
爱踢球的小粟同学,Tue May 26 20:45:08 +0800 2020,四川,这两年才开始看的？
认真的日天,Tue May 26 20:44:40 +0800 2020,广东,大学看球最幸福的事就是喜欢的球队和球星连着三年踢欧冠决赛还都拿了冠军吧 (11冠在三水学术报告厅12冠在清远朋友家里13冠在广州皇马酒吧
唯荷以诗,Tue May 26 20:44:16 +0800 2020,广西,我！
魔力吨,Tue May 26 20:42:52 +0800 2020,广东,我是跟随魔佬才认识皇马的[微笑]
遗尘逝水,Tue May 26 20:42:37 +0800 2020,广东,包括我
小齐有神通,Tue May 26 20:42:33 +0800 2020,广东,双输  怀念皇马时期的C罗
夸雷斯玛,Tue May 26 20:42:15 +0800 2020,北京,确实，曾经我觉得我是巴萨球迷，直到小罗离开，还曾经我以为自己是米兰球迷，直到那批人散去，后来又开始默默的想让皇马赢下所有比赛，但是c罗走后我现在连皇马首发都不记得是谁。
某不知名学术垃圾,Tue May 26 20:41:54 +0800 2020,广东,超级超级巨大巨大的失误[允悲][允悲][允悲][允悲]
Shk_in,Tue May 26 20:40:05 +0800 2020,其他,永远喜欢他 没道理
RONALDO杰子,Tue May 26 20:39:41 +0800 2020,山东,因为他从曼联到皇马再到尤文，还有葡萄牙
纸上谈兵的践行者,Tue May 26 20:39:09 +0800 2020,天津,是
很厉害的昱歌,Tue May 26 20:38:22 +0800 2020,重庆,尤文怎么说呢，来个顶级中场吧
让粑粑飞一会儿,Tue May 26 20:37:22 +0800 2020,辽宁,🙋
中医咏柳,Tue May 26 20:37:05 +0800 2020,福建,C罗去哪里支持谁[允悲]
欣赏独处,Tue May 26 20:37:01 +0800 2020,山东,我就是
小小散jc,Tue May 26 20:36:50 +0800 2020,上海,钟爱c罗，但尤文的比赛实在看不下去[笑cry]，时间又在半夜
我马上就睡,Tue May 26 20:36:43 +0800 2020,江西,曼联球迷永远意难平呀，想念年轻的泡面头红衣小小罗
ChenYong_0609,Tue May 26 20:35:35 +0800 2020,新疆,从曼联追到皇马，又从皇马开始关注尤文
评述员詹俊,Tue May 26 20:35:31 +0800 2020,北京,应该可以
鼓楼先生yun,Tue May 26 20:35:20 +0800 2020,甘肃,有一部分原因是这个
安菲尔德守望者不孤独,Tue May 26 20:35:19 +0800 2020,江苏,我还是喜欢曼联时的他
Lingarrde,Tue May 26 20:33:27 +0800 2020,浙江,me
7_RONALDO,Tue May 26 20:33:21 +0800 2020,江苏,唉，都两年了[泪]好快啊！
我昨晚输给了一辆AE86,Tue May 26 20:33:13 +0800 2020,重庆,我罗一直在皇马就完美了
将作侯,Tue May 26 20:33:10 +0800 2020,河北,我 但他转投尤文我才发现 原来我没有真正喜欢过皇马
一只KOP明,Tue May 26 20:32:57 +0800 2020,北京,同样被比赛快结束时红军球迷永不独行的歌声感动的？
yenchihnk,Tue May 26 20:32:38 +0800 2020,其他,巨大巨大超级超级。。。。。
song-alex,Tue May 26 20:32:26 +0800 2020,天津,球王c罗！
唯美小猪,Tue May 26 20:32:24 +0800 2020,广东,我只喜欢在曼联的C罗[猪头]
Tiberiochen,Tue May 26 20:32:14 +0800 2020,四川,以前很不喜欢C罗，尤其在曼联的时候，那个时候我读高中，是阿森纳球迷。现在慢慢的，越来越喜欢，从皇马到尤文图斯
_nul1,Tue May 26 20:32:13 +0800 2020,其他,我
王川w,Tue May 26 20:32:08 +0800 2020,广东,本来上周六就是欧冠决赛的日子，下个月就是欧洲杯的日子[泪]
冰之极速,Tue May 26 20:32:01 +0800 2020,其他,到现在还记得当初渣团创世纪的“淘宝宣” 半个多月一直看各种猜想的互相撕逼 然后7月9号下午皇马天猫店给我发信息说C罗球衣即将绝版预购从速 结果10号就宣了……就特么真的很牛x
丶virtue,Tue May 26 20:31:59 +0800 2020,广东,一生蓝军！！加油破车！
伯纳乌小土豆,Tue May 26 20:31:38 +0800 2020,重庆,我还是喜欢皇家马德里
小阮迷恋伯纳乌,Tue May 26 20:31:19 +0800 2020,重庆,图片评论 http://t.cn/A62VYhm6
陈不挡,Tue May 26 20:31:17 +0800 2020,吉林,好奇明天会发谁[喵喵]
有事当如何,Tue May 26 20:31:09 +0800 2020,山东,+1
啷呀哩个浪,Tue May 26 20:30:59 +0800 2020,山东,你会不会因为 鲁能某人而喜欢上 青岛？[允悲][允悲][允悲][允悲]
想要拿五杀的元宵,Tue May 26 20:30:58 +0800 2020,山东,俊哥，本赛季，欧冠还能开赛吗
大冬子ethan,Tue May 26 20:30:55 +0800 2020,辽宁,有幸见证了大罗到总裁的皇马，值了
白朽大魔王,Tue May 26 20:30:53 +0800 2020,其他,江湖问路不问心
我带你去伯纳乌朝圣,Tue May 26 20:30:27 +0800 2020,陕西,两年前的那个仲夏夜留给我们的还有，超级，超级，巨大，巨大，超级巨大失误。
披头士的故乡,Tue May 26 20:30:20 +0800 2020,其他,原来超级超级巨大巨大已经过去两年了
啷呀哩个浪,Tue May 26 20:30:11 +0800 2020,山东,尤文图斯…？ 不可能的！钟爱C罗，但我的心只属于皇家马德里…
鲁能泰山队足球播报,Tue May 26 20:30:01 +0800 2020,山东,我就是，因为他改为了支持尤文图斯[嘻嘻][嘻嘻][嘻嘻]
123FxtyU,Tue May 26 20:29:56 +0800 2020,其他,➕1
beng蛋呢,Tue May 26 20:29:49 +0800 2020,北京,很佩服，毕竟足球都是队迷，这人气不是盖的
鼓楼先生yun,Tue May 26 20:29:42 +0800 2020,甘肃,就是那晚 我成为了利物浦粉丝[允悲]
韦罗巴,Tue May 26 20:29:36 +0800 2020,广西,最垃圾的决定去尤文
昊然的小猪皮啊,Tue May 26 20:29:31 +0800 2020,江苏,为他去看尤文，为他去看意甲
桃花源里住神仙,Tue May 26 20:29:27 +0800 2020,山东,我是
sunkslow,Tue May 26 20:29:25 +0800 2020,四川,是时候亮出我的纹身了 http://t.cn/A62Vj3oD
梅老六去曼城了吗,Tue May 26 20:29:25 +0800 2020,澳门,[并不简单] 我   刚看足球他就转会了[doge]
土狗唷,Tue May 26 20:29:18 +0800 2020,四川,珍惜梅罗时代啊[泪][泪]
小西罗丶,Tue May 26 20:29:14 +0800 2020,江苏,GOAT http://t.cn/A62VjuJe
是傻唤雨呀,Tue May 26 20:28:57 +0800 2020,其他,高中喜欢的皇马喜欢的C罗  C罗走后依旧爱皇马依旧爱C罗
LEEShinhomm_,Tue May 26 20:28:47 +0800 2020,海南,看球晚 没能多看一些C罗在皇马的比赛 还是有点遗憾的
曾经若只如初见,Tue May 26 20:28:40 +0800 2020,广东,第一
氷与海,Tue May 26 20:28:38 +0800 2020,内蒙古,➕1
百分之一天才,Tue May 26 20:28:32 +0800 2020,浙江,我
又是又是谢朗拿度,Tue May 26 20:28:27 +0800 2020,上海,我因他喜欢曼联，我也希望他能回到曼联退役[泪]
