评论者,评论时间,评论地点,评论内容
蛛咕莉,Wed May 27 15:53:49 +0800 2020,福建,一声叹息…哎…
差个半柠檬,Wed May 27 15:53:35 +0800 2020,安徽,德甲联赛开始了 期待
江苏200112,Wed May 27 15:45:43 +0800 2020,其他,不要灰心
小号鸭仔,Wed May 27 15:44:55 +0800 2020,其他,加油啊
zht445361,Wed May 27 15:44:09 +0800 2020,江西,一个时代吧
百城百味,Wed May 27 15:44:08 +0800 2020,青海,申的解说是真的糟糕
浮梦星晨,Wed May 27 15:44:07 +0800 2020,广东,有点失望
一路上有你471,Wed May 27 15:44:01 +0800 2020,吉林,继续努力加油吧
NY系边个annieli登,Wed May 27 15:43:46 +0800 2020,福建,干的漂亮！喜欢这么刚的！
最深处梦里,Wed May 27 15:43:27 +0800 2020,其他,没事的，自然而然就好。
ljn-宁宁,Wed May 27 15:43:17 +0800 2020,其他,👍
丙哥来了,Wed May 27 15:43:17 +0800 2020,吉林,这是不是假球，太失望
哈哈阿琴,Wed May 27 15:43:05 +0800 2020,其他,转发微博
用户o91bkyame3,Wed May 27 15:42:55 +0800 2020,其他,山穷水复疑无路，柳暗花明又一村。天无绝人之路，只要有信心，就一定能够走出困境，收获成功。
zfp715979,Wed May 27 15:42:54 +0800 2020,广西,不是因为我执着，而是因为你值得。
King辉雄,Wed May 27 15:42:54 +0800 2020,福建,.....................
花蕊颤抖思愆盼,Wed May 27 15:42:53 +0800 2020,江西,哎，看到这条微博，不知说什么
小小梅儿桓,Wed May 27 15:42:53 +0800 2020,陕西,做最好的自己，他人的喜与不喜不重要。
三宾训47,Wed May 27 15:42:53 +0800 2020,四川,时间永远是旁观者，所有的过程和结果，都需要我们自己承担。
浅唱抚摩秋恋悲,Wed May 27 15:42:52 +0800 2020,福建,温暖不在，岁月静好，那些你曾经给过的温暖，我终年不忘。
屡摊魂74,Wed May 27 15:42:50 +0800 2020,广西,每天的太阳百都是新的，不要辜负了美好的晨光。
沐兮沫墨55,Wed May 27 15:42:46 +0800 2020,其他,有点失望
martinzhsh盛,Wed May 27 15:42:33 +0800 2020,其他,失望，或许法夫尔去当青训教练更好
榴莲栗子猕猴桃123,Wed May 27 15:42:26 +0800 2020,其他,[加油]
长得漂亮没办法,Wed May 27 15:42:21 +0800 2020,山东,哎
可爱水瓶哦,Wed May 27 15:42:14 +0800 2020,安徽,有意思，说的挺好的，支持博主观点
欧洲杯猛料,Wed May 27 15:37:41 +0800 2020,其他,看完整场比赛还是有点小失望
林深时见鹿l_,Wed May 27 15:15:19 +0800 2020,江西,红牛少帅，红牛少帅，红牛少帅
Vnsentr,Wed May 27 14:50:40 +0800 2020,其他,不想再看了  闹心
流川佑,Wed May 27 14:42:32 +0800 2020,江苏,我真觉得就心魔了。这次踢拜仁之前状态多棒啊。结果场上都和无头苍蝇一样。中场各种传接球失误
that-SWAY,Wed May 27 14:18:09 +0800 2020,其他,。。。
林深时见鹿l_,Wed May 27 13:53:02 +0800 2020,江西,踢巴黎客场也是狗的一批
林深时见鹿l_,Wed May 27 13:51:56 +0800 2020,江西,失望，或许法夫尔去当青训教练更好
小宋红彤彤,Wed May 27 13:05:54 +0800 2020,天津,虽然收米了还是要过来安慰一下 http://t.cn/A62I5bak
Yagamaii,Wed May 27 13:01:41 +0800 2020,山东,真不知道多特和拜仁的比赛为什么是国家德比，6年了多特还是一场没赢过，无数次被3球以上吊打，国家德比是多特球迷自封的吧，就这战绩真是有够好笑的！
清风68202,Wed May 27 13:01:08 +0800 2020,其他,找年轻点的主帅，法师还是退休吧
清风68202,Wed May 27 13:00:07 +0800 2020,其他,剑就知道吹莱万，吹拜仁
清风68202,Wed May 27 12:59:25 +0800 2020,其他,法师真的不行
Doppee0728,Wed May 27 12:57:26 +0800 2020,其他,下半场换上来的桑乔和首发的小阿扎尔传球失误就少吗？布兰特的功能比二扎更不可替代，我觉得我说的很清楚了。
scofieldouyang,Wed May 27 12:34:18 +0800 2020,其他,多特目前就是没豪门气质，狐媚和格策给对方压着自己夺冠，用了两年又接盘回来，法夫尔没有冠军气质，年年卖大腿，香川  京多安  梅西他娘  奥巴梅扬等等
拉黑举报投诉大师,Wed May 27 12:26:23 +0800 2020,吉林,大家一起举报评论里这些赌狗，净化我们的环境
KYKLOS_左手画圆右手画方,Wed May 27 12:08:13 +0800 2020,湖北,法夫尔为什么还没下课 问了一年了
不吃辣椒的辣椒皮,Wed May 27 12:04:39 +0800 2020,广东,我可以玩你🐴 吧，没问题吧
我才不是17怪,Wed May 27 12:01:22 +0800 2020,其他,其实多特昨天就差一点运气，全程看完比赛，互有精彩的表演，只是昨天拜仁多了一点灵光一闪，基米希的盲狙太漂亮了，多特还需要一点创造力 ！下赛季在欢迎他们来到真正的魔鬼主场
Wendy晓姐姐,Wed May 27 11:43:39 +0800 2020,重庆,哎
杞国之忧0OV,Wed May 27 11:43:28 +0800 2020,其他,由于周霆这一次的折腾，王彩霞那原本就不长的裙摆，更是朝上去了半截。随着王彩霞雪白的大腿翘起，里面的景色逐渐清晰。
不到万点不出货,Wed May 27 11:35:03 +0800 2020,天津,每一年安联主场，猜多特输绝对稳胆，关键是输几个的事
你不要么么哒,Wed May 27 11:32:14 +0800 2020,贵州,下赛季加油，赛出水平，赛出风格
戴永华521,Wed May 27 11:27:15 +0800 2020,其他,"[心][心]命由己造,相由心生,境随运转[心]脱单必测桃花运势！[鲜花][鲜花][鲜花]"
河北足球老球迷丁,Wed May 27 11:24:58 +0800 2020,河北,可惜了
牙签万轴12X6,Wed May 27 11:23:44 +0800 2020,其他,刘海瑞按住她的两只大白兔子说道：“这种环境就是这样的。我们都怪不得别。
怙恩恃宠ASZP,Wed May 27 11:23:01 +0800 2020,其他,我又亲了她的脸蛋，然后亲她的睫毛，亲她的嘴唇，她更用力的推开我了：“张帆，不要这样，我们不能这样。”
款曲周至4cQ3E,Wed May 27 11:21:32 +0800 2020,其他,她有些喜欢渴望李尽欢的火辣辣的眼神在她丰满的酥匈美豚上注视的感觉，而又有点害怕那火辣辣的眼神也可能引发难以估计的严重后果。
间歇性神经衰弱兼超自卑患者,Wed May 27 11:06:02 +0800 2020,四川,给个连接
小xiaojing静,Wed May 27 11:05:55 +0800 2020,其他,求私发
我的球鞋有点脏_,Wed May 27 11:02:11 +0800 2020,其他,我太难了🙃
一隻纸耗梓,Wed May 27 10:59:54 +0800 2020,广东,传球失误多
必威体育新闻频道,Wed May 27 10:56:17 +0800 2020,广东,继续加油
叮叮就是diao,Wed May 27 10:54:54 +0800 2020,其他,不，申老师说了。格策这水平只能去拜仁和多特。[doge]
嘿Chencheng,Wed May 27 10:45:07 +0800 2020,四川,大佬们，a...p地址在图中嗷✔下栽就可以玩了✔还淞28￥✔[爱你]/3
嘿Chencheng,Wed May 27 10:44:57 +0800 2020,四川,冲？！！[太开心][太开心] http://t.cn/A62fe2PA
Lee欲念,Wed May 27 10:41:28 +0800 2020,河南,那你这样说  比赛尾声你们的砍🐔差一个身位推莱万那个点球更明显
Zaxlet,Wed May 27 10:38:11 +0800 2020,黑龙江,一踢拜仁就发紧 哆哆嗦嗦 连申都看出来了 不怪他俩埋汰法夫尔 实在不行也把青训教练提上来试试得了
Zaxlet,Wed May 27 10:35:19 +0800 2020,黑龙江,玛德，舍得点钱，留住人，再请个波切蒂诺试试 这样德甲联赛在精彩程度上悬念上也更大
Zaxlet,Wed May 27 10:28:36 +0800 2020,黑龙江,法夫尔一直这样，他只是没带给我们期待的惊喜[doge]
放弃了长胖这件事了,Wed May 27 10:27:28 +0800 2020,山东,干啥啥不行，掉链子第一名。踢得不行，解说更特么不行
爱雨快乐,Wed May 27 10:23:07 +0800 2020,广东,最近运气不错，用你图里的链接赢了20多万，赢到你们倒台😎😎😎😎
孙龙will,Wed May 27 10:22:59 +0800 2020,湖北,图里有链接，直接下载即可🤔🤔🤔🤔
装五彩糖霜甜甜圈的罐,Wed May 27 10:17:14 +0800 2020,重庆,…算了，比我梦里的7:1能接受[微笑]
Doppee0728,Wed May 27 10:09:42 +0800 2020,其他,除了那个传中并没有明显的失误，本来罗队伤了之后前场最好用的有持球推进能力和球权梳理能力的前腰就是他了，作用无可替代，桑乔本质上还是边锋，上来却踢成了前腰乃至于中场，上半场问题明明在后腰，就是要换前场也该换二扎，简直是头疼砍脚，要不是下半场达胡德还算积极，前场给对方的压力只会更糟。
向上飞的麻雀,Wed May 27 10:06:17 +0800 2020,浙江,关键时候拉稀 一个阿森纳 一个多特蒙德
桃沢盐池,Wed May 27 10:05:56 +0800 2020,四川,你图挂了
一直在奔走的我,Wed May 27 10:02:47 +0800 2020,上海,队员们更想赢，年轻总是需要交学费的。。。。#宝宝的少女心# http://t.cn/A62f3tCj
ShirLeySunny雪,Wed May 27 10:02:13 +0800 2020,四川,20
晨123蜜,Wed May 27 10:02:11 +0800 2020,湖南,19
随风二十D,Wed May 27 10:02:09 +0800 2020,上海,18
诗敏lils,Wed May 27 10:02:07 +0800 2020,江苏,17
麦哈来了,Wed May 27 10:02:06 +0800 2020,福建,16
头痛牙痛肚子痛哪里都痛,Wed May 27 10:00:43 +0800 2020,广西,15
Dy爪瞌睡,Wed May 27 10:00:41 +0800 2020,重庆,14
mitiebin,Wed May 27 10:00:39 +0800 2020,北京,13
高卓Alex,Wed May 27 10:00:37 +0800 2020,上海,12
_加勒比的海盗,Wed May 27 10:00:34 +0800 2020,其他,11
Child_Siu係高斯文,Wed May 27 10:00:31 +0800 2020,广东,[给力][给力][给力]最近运气真的好，赢了不少💰  还送了我iphone11
lt8806,Wed May 27 10:00:27 +0800 2020,江西,下好了，注册送28   还能看直播[嘻嘻]
王晗来自吉林,Wed May 27 09:58:08 +0800 2020,吉林,10
Xiong丶Lu,Wed May 27 09:58:05 +0800 2020,湖南,9
暮秋秋秋-,Wed May 27 09:58:03 +0800 2020,其他,8
xinwu9,Wed May 27 09:58:02 +0800 2020,山东,7
永远红刘涛,Wed May 27 09:58:00 +0800 2020,北京,6
一直在奔走的我,Wed May 27 09:57:19 +0800 2020,上海,看德甲，LOL季中杯快来了，忙碌的工作很累，烦恼使人狼狈，压力实在疲惫。尝试下崽 〖 Уｉｂｏ 106. С0Ｍ 〗 王者荣耀、英雄联盟、刀塔、其牌、彩缥、电子游戏。你会发现快乐来的好干脆，生活也变得有滋有味。
LVxuyue,Wed May 27 09:56:29 +0800 2020,浙江,5
qwerry,Wed May 27 09:56:28 +0800 2020,河北,4
bin寒127,Wed May 27 09:56:26 +0800 2020,北京,3
猫三不是猫,Wed May 27 09:56:25 +0800 2020,浙江,2
Wwwxxxyyyy,Wed May 27 09:56:19 +0800 2020,其他,1
梧童树下,Wed May 27 09:46:55 +0800 2020,湖南,布兰特还是太紧张了
Gooner陳紫煦,Wed May 27 09:41:47 +0800 2020,内蒙古,队员们更想赢，年轻总是需要交学费的
其实是Julian,Wed May 27 09:40:52 +0800 2020,河南,哈兰德会不会心态崩啊，两场没进了
Ricky22_CL,Wed May 27 08:49:45 +0800 2020,四川,真的是一打拜仁就这个批样子，干脆以后直接0－3得了
漫船到天堂,Wed May 27 08:41:08 +0800 2020,湖南,图上地址那么明显，哥们你倆眼睛窟窿是出气的吗？
芒果不配绿茶,Wed May 27 08:41:05 +0800 2020,浙江,哥们哪里玩的？说一下
冰美式不加水_,Wed May 27 08:41:03 +0800 2020,其他,最近比赛挺稳的，让我进账不少哈哈
wonderful-_-,Wed May 27 08:39:28 +0800 2020,其他,哎
jiziling,Wed May 27 08:39:22 +0800 2020,浙江,机会确实有，只丢了一个球也是运气好。我们后场导脚时就被动，拜仁后场倒脚就很轻松的样子
scentIride,Wed May 27 08:24:00 +0800 2020,山东,靠，我也是[笑cry]虽然哈兰德没进，至少莱万也没进
郭郭杰_Jerry,Wed May 27 08:09:41 +0800 2020,贵州,打拜仁简直每次都拉稀了…
FancY冠,Wed May 27 08:00:42 +0800 2020,上海,继续加油吧[ok]
晞曈zoe,Wed May 27 07:42:41 +0800 2020,其他,法夫尔下课了吗？[疑问]答：“没有[跪了]”
很靠近l海,Wed May 27 07:39:43 +0800 2020,其他,…
一隻纸耗梓,Wed May 27 07:18:55 +0800 2020,广东,布兰特上半场那么差还不换[汗]
红黑军团milano,Wed May 27 07:16:29 +0800 2020,其他,哈兰德伤退
Anja布,Wed May 27 07:15:18 +0800 2020,其他,有一个奇怪的规律：你横踢门兴能赢，踢拜仁总输；门兴总是踢不过你横，但踢拜仁没在怕的；拜仁总吊打你横，同时也会被门兴吊打……看来大家都有各自的心里阴影哈哈哈😂
Anja布,Wed May 27 07:11:15 +0800 2020,其他,没事儿，下赛季继续努力💪
老狐狸2050,Wed May 27 06:46:51 +0800 2020,内蒙古,实力的差距不是美好的愿景可以弥补的，赢了，不骄不躁，继续保持，输了，不要气馁，继续努力
速冻的宾果,Wed May 27 05:55:15 +0800 2020,其他,现在不是回顾指责的时候，要反思也得等到赛季结束。德甲有几个弱的，打好接下去的比赛，没了沙拉盘也要振作啊，欧冠资格不能丢，翻车事件不能有，加油💪💪
WalkerOrange,Wed May 27 05:53:35 +0800 2020,北京,只看今晚一场：就这？多特靠啥拿的第二？
Mr-WeiPing,Wed May 27 05:45:51 +0800 2020,广东,法夫尔该下课了
scentIride,Wed May 27 04:36:21 +0800 2020,山东,南望王师又一年，不知道说什么好了，心里很难过
推窗望雨,Wed May 27 04:30:05 +0800 2020,江苏,今天被多特坑死了
积雨云Called,Wed May 27 03:57:09 +0800 2020,江苏,申🐶
Timo文斯洛,Wed May 27 03:34:29 +0800 2020,其他,每个赛季都一样，一样的失望😞
WZ很清醒,Wed May 27 03:24:20 +0800 2020,辽宁,年年关键时刻就掉链子，看多特也有7年了，真的快失望了[跪了]
恋夏之秋,Wed May 27 03:21:23 +0800 2020,山东,这个我知道圈子都在用 听说还能看直播？
栗子77,Wed May 27 03:16:54 +0800 2020,四川,今天没跟多特也太机智了吧！
养生大业在心头,Wed May 27 03:06:38 +0800 2020,其他,答应我，下次不管输不输至少干它几票，进攻的气势不能丢[奥特曼]
养生大业在心头,Wed May 27 03:04:01 +0800 2020,其他,然而想要争冠就[泪]
燃烧的小四,Wed May 27 02:59:46 +0800 2020,其他,没办法 本来没来几个大牌 尼总身边也没人 煮酱就是互相盯  两场放太多了 就玩大拉胯了 想追都没得追
折原幽灵,Wed May 27 02:58:42 +0800 2020,其他,求你了求你了求你了求你了那脚铲我必须每天看一遍保持好心情quq
BuR3n_,Wed May 27 02:55:01 +0800 2020,其他,魔鬼主场，不是开玩笑的。意义重大。哈哈哈哈
Lesentic,Wed May 27 02:54:52 +0800 2020,江苏,法夫尔想把全体多特球迷气死，然后就没人喊他下课了
BuR3n_,Wed May 27 02:53:14 +0800 2020,其他,？？？哈哈哈哈。
KDBNR,Wed May 27 02:52:30 +0800 2020,其他,去年环意我以为必赢的，但没想到尼总搞这战术，没看懂……
燃烧的小四,Wed May 27 02:50:55 +0800 2020,其他,[失望]俩瑞士佬啥时候能打包回家啊
可缓锾归矣,Wed May 27 02:49:59 +0800 2020,北京,求求了 把布兰特放中路吧 两边让桑乔和小阿扎尔去冲
燃烧的小四,Wed May 27 02:49:49 +0800 2020,其他,[允悲]尼总在巴林挺可惜的 gc战线都是上领奖台但没有冠军(没办法也只有佩里佐蒂一个人靠得住)  好不容易来了点卡鲁索这样的佩爹又退役了  去了养老队我真的怕被迫养老了。。
Tony不是理发师啦,Wed May 27 02:49:28 +0800 2020,台湾,哀其不幸 怒其不争
YCY14,Wed May 27 02:49:22 +0800 2020,其他,渣叔在红军有点太好了…应该没啥可能。纳帅风格挺像的
hcehce419,Wed May 27 02:48:48 +0800 2020,浙江,一觉起来踢完了还行 只输了一个有进步了
多特墨西姐Fibonacci折腾大魔王,Wed May 27 02:47:19 +0800 2020,广西,退步了，上个主场2:0赢的。
KDBNR,Wed May 27 02:46:45 +0800 2020,其他,我也是尼巴利车迷，可是他转队了[泪]，但我这人是那种一旦支持一支队伍就换不了了……就像我还支持尼克斯这种队伍[黑线]
宣小小莉籽,Wed May 27 02:46:23 +0800 2020,青海,私我
煎包不想背肩包,Wed May 27 02:46:11 +0800 2020,广东,除了拜仁和多特[二哈]
多特迷妹Siri,Wed May 27 02:45:22 +0800 2020,其他,法夫尔是真的留不住，太呆了一天天不知道想啥
taixe,Wed May 27 02:45:14 +0800 2020,广西,不错个鬼，在踢拜仁就掉链子这件事上从来没掉链子
Edogawakoka,Wed May 27 02:44:40 +0800 2020,其他,就算是为了挣气也要留得住球员
Almsss,Wed May 27 02:44:15 +0800 2020,新疆,主要是现在这状态还想不降薪续约[二哈]白日梦
叮叮就是diao,Wed May 27 02:44:04 +0800 2020,其他,格策在任何一个俱乐部，都应该是绝对主力。[doge]
陪lee度过漫长岁月,Wed May 27 02:43:37 +0800 2020,上海,害，我已经佛了…内心毫无波澜(狗屁)主场被摁着锤，真滴牛批嗷！可是技不如人，教练不如人，怎么办呢[失望]
Almsss,Wed May 27 02:43:32 +0800 2020,新疆,我最后直接静音了[doge]
shutdn_,Wed May 27 02:43:13 +0800 2020,其他,往好处想 快滚了 很快就看不见了[太开心]
浙江多特蒙德球迷会,Wed May 27 02:43:13 +0800 2020,浙江,打弱队疯狂抢，打强队就防守反击-----打一主教练
折原幽灵,Wed May 27 02:42:57 +0800 2020,其他,好了你不要再在这儿丧了 请立刻把上半场皮什切克那一脚铲断和三个机位的gif慢速回放放出来 让我回忆一下本场比赛唯一的快乐 队副 铲得真的很漂亮 真的真的真的很漂亮
燃烧的小四,Wed May 27 02:42:52 +0800 2020,其他,[允悲]我是尼巴利铁杆粉 现在纯粹因为卡胖还偶尔关注巴林
Marco助攻Clear,Wed May 27 02:42:21 +0800 2020,其他,连一颗争胜的心都看不到，每一次都一样…
拒绝张钧甯77次,Wed May 27 02:42:08 +0800 2020,广东,也就踢踢弱队[困]
飞翔罗伊斯,Wed May 27 02:41:11 +0800 2020,广东,一如既往的失望
Arsenal-Rui,Wed May 27 02:40:39 +0800 2020,广东,输球输的一肚子气[微笑]球员好像打南大王就有一种畏惧感[拜拜][拜拜][拜拜]今天布兰特差 二扎差 两个边哈基米和Gay罗都差 反而达胡德还能让人眼前一亮 全场最佳只给达胡德[微笑]哈奇士很明显也不在自己的状态上[微笑]输球联赛冠军基本没了 还要伤了哈奇士 黑起来真是一切都黑[泪]
KDBNR,Wed May 27 02:40:37 +0800 2020,其他,好像还有巴林的，你这头像太好记了[允悲]
罗布兰特,Wed May 27 02:40:08 +0800 2020,其他,太呕了！
燃烧的小四,Wed May 27 02:40:01 +0800 2020,其他,[失望]我甚至在幻想渣叔....
eumenidesand,Wed May 27 02:39:56 +0800 2020,山东,这大概也是年轻人太多的弊端吧 面对拜仁尤其是落后就露怯了 不知道咋踢了 真的就缺一个领袖一样的人物啊 罗伊斯不在场 教练又是个斯文老头 看看下赛季人员变动吧[摊手]
燃烧的小四,Wed May 27 02:39:40 +0800 2020,其他,[doge]虎扑自行车版主吗
新时代科研废柴,Wed May 27 02:39:22 +0800 2020,山东,什么时候能把多特之前青春风暴的气势踢出来啊！！这场比赛踢得太怂了啊。
天上掉下来的皮卡丘121,Wed May 27 02:39:15 +0800 2020,澳门,看比赛是什么APP啊
KDBNR,Wed May 27 02:38:46 +0800 2020,其他,我好像在自行车的微博里见过你[喵喵]
阿正没昵称,Wed May 27 02:38:35 +0800 2020,其他,给我看笑了
多特迷妹Siri,Wed May 27 02:38:16 +0800 2020,其他,哈哈哈哈哈哈哈
宣小小莉籽,Wed May 27 02:37:59 +0800 2020,青海,哈兰德的那个单刀是真不错只是戴维斯真的起飞了[失望] http://t.cn/A62fVnsJ
滉樹,Wed May 27 02:37:49 +0800 2020,其他,可不嘛 在申某眼裡 這樣世界級的球員竟然在球隊打不上主力 看來是我們橫的問題[good][good][good]
YCY14,Wed May 27 02:35:57 +0800 2020,其他,纳格尔斯曼能来多特就好了
三字二十二笔画,Wed May 27 02:35:19 +0800 2020,其他,#HejaBVB##2023续约故事里的罗伊斯和格雷罗##The 2023 Renewal Stories of Marco Reus & Raphael Guerreiro# 国家德比，一球之差、七分之距……但仍希望我横，后来者居上……
想吃蛋炒饭的BOY,Wed May 27 02:35:12 +0800 2020,内蒙古,博阿滕手球为什么不判点球，这到底谁的主场，法夫尔下了吧
福建大黄蜂球迷会,Wed May 27 02:34:34 +0800 2020,福建,点名表扬胡梅尔斯。另外，教练赛前动员能力和做思想工作的能力有待加强[doge]
乌拉拉和拉拉乌,Wed May 27 02:34:21 +0800 2020,福建,听申方剑解说真的是勇士！
滉樹,Wed May 27 02:34:15 +0800 2020,其他,不說比賽 申某的解說實在一流[good][good][good][good][good][good][good][good][good][good][good][good][good][good][good][good][good][good][good][good][good][good][good][good]
喝百事的卡森,Wed May 27 02:34:09 +0800 2020,江苏,神奇换人.. 法夫尔真的不是一般人[作揖]
木童aaaaaaaaaaa,Wed May 27 02:34:02 +0800 2020,其他,[允悲][允悲][允悲][允悲]
你看那只猪怎么这么瘦哇,Wed May 27 02:34:00 +0800 2020,湖北,太难了 遇到强队直接软
AstarteWender,Wed May 27 02:33:56 +0800 2020,广东,不知道何时才能再见我横夺冠[跪了]
Doppee0728,Wed May 27 02:33:29 +0800 2020,其他,唉，其实也不是不能接受。说实话伤病潮太严重了。法夫尔这场真正的失误也就是布兰特换下太早，全队被进了一球之后也不是没有绝佳机会，小哈受伤时的那个门前抄点错失了是真的难受。个人意难平只是因为我横的老将们只怕又一年与沙拉盘彻底无缘罢了。
Abigale爱多特,Wed May 27 02:33:01 +0800 2020,四川,今天大家都很努力了，大家都很棒。只是很多机会都没有抓住啦，继续加油，相信我横可以做到更好的！
劳动不致富,Wed May 27 02:33:00 +0800 2020,其他,好好享受每一场比赛，等了六十多天来之不易啊！
小妖-30M,Wed May 27 02:32:33 +0800 2020,江苏,多特蒙德，你要我的命[太开心]
FallingInApril,Wed May 27 02:32:26 +0800 2020,广东,南望王师又一年。
多特蒙德夺冠了吗,Wed May 27 02:32:16 +0800 2020,其他,[伤心]
多特迷妹Siri,Wed May 27 02:32:06 +0800 2020,其他,特别是法夫尔靠
Edogawakoka,Wed May 27 02:31:56 +0800 2020,其他,就真的逼我读书挣钱买断俱乐部呗
蒋心心39004,Wed May 27 02:31:41 +0800 2020,其他,多特加油！！
-vikkieJS-,Wed May 27 02:31:39 +0800 2020,其他,换教练吧 就这好意思留桑乔哈兰德吗 又是一年
Tornado17号,Wed May 27 02:31:32 +0800 2020,广东,踢的像一场无关紧要的训练比赛，大半夜的，真的离谱。
Easvian,Wed May 27 02:31:26 +0800 2020,北京,也算是进步[跪了]
十二_Vaga,Wed May 27 02:31:24 +0800 2020,湖南,别国家德比了，换个称呼吧，我们一踢拜仁就各种拉稀不在状态。明年桑乔一卖，后年哈兰德一卖，又去挖新的小妖，啥时候能再捧回沙拉盘呢
Marco_21,Wed May 27 02:31:14 +0800 2020,湖北,我横，人称小edg[doge]在令人失望的路上从来不让人失望
张狗李狗成狗都是好狗,Wed May 27 02:31:13 +0800 2020,广东,解说一看到申方剑就不想看   直接看的英解[吐]
喊寒的宁渊mio,Wed May 27 02:30:32 +0800 2020,其他,谢谢，谢谢，谢谢，我是真的后悔看
嗯罗咯,Wed May 27 02:30:29 +0800 2020,四川,一年一年又一年，多特啥时能夺冠。我真的大半夜快被气死了。真的就不能争点气吗？
_JackieChang,Wed May 27 02:29:38 +0800 2020,上海,对法夫尔的换人有太多疑问的地方了。尤其首发中场，直接把咱们中场让出来了，这也太危险了，丢一个是运气好了，生气
shutdn_,Wed May 27 02:29:36 +0800 2020,其他,就这样你好意思留桑乔和哈兰德吗 反正我不好意思[太开心] 换教练吧求求了
Sh1n丷OvO,Wed May 27 02:29:33 +0800 2020,广东,你们脸都不要了
YCY14,Wed May 27 02:29:09 +0800 2020,其他,我一直在期待 纳格尔斯曼来执教多特，法夫尔一到关键比赛就是满脑袋的浆糊
Ilovelva,Wed May 27 02:29:09 +0800 2020,四川,居然不换人还好点[费解][费解][费解]下半场真的惨不忍睹 总觉得桑乔留了🧔身体都变笨重了是咋回事[顶][顶]
凡凡很佛系,Wed May 27 02:29:08 +0800 2020,江苏,南望王师又一年
梦醒见伊,Wed May 27 02:28:48 +0800 2020,重庆,就今晚这水平还想夺冠呢[哼]
Kyle瑰丽的梦别醒来,Wed May 27 02:28:49 +0800 2020,其他,无话可说
YUecke-DREI,Wed May 27 02:28:35 +0800 2020,江苏,罗队伤了之后看的第一场比赛，好像有点失望，下赛季继续加油吧[加油][加油]
你的牙套露出来了,Wed May 27 02:28:29 +0800 2020,湖南,太怂了
aaayyii,Wed May 27 02:28:15 +0800 2020,浙江,法夫尔的换人根本看不出来效果，赶紧下课吧。
王端Morendo,Wed May 27 02:28:14 +0800 2020,北京,解说吹什么一脚出球，那脚感，没一脚不传大的，我吐了毫无作用
又双叒叕食屎了你,Wed May 27 02:28:10 +0800 2020,山东,恭喜拜仁喜提德甲冠军，法夫尔个****
坂达碧鲁特殡葬一条龙,Wed May 27 02:28:09 +0800 2020,其他,申的解说是真的糟糕
显形的隐形人,Wed May 27 02:28:02 +0800 2020,四川,说实话要不是多特打比赛这解说这个水平真的早都睡觉去了
-SoftKitty_,Wed May 27 02:27:50 +0800 2020,其他,下个赛季见
YCY14,Wed May 27 02:27:41 +0800 2020,其他,打拜仁，还是只能看门兴 莱比锡 药厂这种不要命就是干的...瞻前顾后的，就已经输一半了。
西瓜柚子缺一不可,Wed May 27 02:27:37 +0800 2020,其他,奇迹为什么永远轮不到我呢[悲伤]
我会在你身边你左右,Wed May 27 02:27:33 +0800 2020,广东,赔了夫人又折兵
张狗李狗成狗都是好狗,Wed May 27 02:27:29 +0800 2020,广东,服了最后一脚  后面有人跟上了  还那么xjb传  服
振丶ordinary,Wed May 27 02:27:29 +0800 2020,黑龙江,看图上的链接，主澈账号 就宋28 真好
关于李志我想的都是朱格乐,Wed May 27 02:27:26 +0800 2020,北京,要想夺冠还是得换法夫尔，换人真的辣眼睛，明年是夺冠的最后机会了，等人都走了以后又不知道还要等几年
三宅一天,Wed May 27 02:27:17 +0800 2020,香港,老头上年纪了 http://t.cn/A62fVtGG
KiYoo_h,Wed May 27 02:27:16 +0800 2020,北京,不是说怕输 是今天连气势都没打出来 主场都捍卫不了 青春风暴呢 今咋力不从心...
想吃蛋炒饭的BOY,Wed May 27 02:27:05 +0800 2020,内蒙古,我真的一点点的战术意图都没看出，球员一脚出球就那么难嘛？非要秀活嘛？当梅西呢，到了30码区域就不知道怎么办，全靠蒙，不知道教练球员在想啥，这么一看就狐媚企鹅有点状态，其它人就是来跑的
小乔在努力变强哟,Wed May 27 02:27:05 +0800 2020,四川,就……还挺难过的 快看不动了
皮皮晖dsp,Wed May 27 02:27:02 +0800 2020,河北,我十分想念克洛普[doge]
碧水沉烟,Wed May 27 02:26:59 +0800 2020,湖北,除了失望不知道说什么[失望]
shirley,Wed May 27 02:26:58 +0800 2020,重庆,拜仁进攻就那样啊，踢拜仁就是有心魔
原来是海绵锅,Wed May 27 02:26:54 +0800 2020,江苏,害，一年又一年，本赛季又结束了[拜拜] 让我们期待/展望下赛季。
FonteynL,Wed May 27 02:26:49 +0800 2020,其他,意难平
下一站起点yza,Wed May 27 02:26:48 +0800 2020,江苏,法夫尔大锅[微笑]
只爱星冰乐乐乐,Wed May 27 02:26:42 +0800 2020,其他,遇到大王还是硬不起来啊～[泪]
HappyFatGuy-,Wed May 27 02:26:40 +0800 2020,福建,有一说一  法夫尔下课吧  真没什么东西了
辰了个爷,Wed May 27 02:26:35 +0800 2020,四川,真的，失望
苏维埃社会主义堃兔,Wed May 27 02:26:16 +0800 2020,其他,主要这是在主场，之前输得惨的全是在安联....
阿姨把你家女儿借我,Wed May 27 02:26:14 +0800 2020,其他,自乱阵脚！。。。。。。。。
人间蒲公英cxm,Wed May 27 02:26:03 +0800 2020,其他,我也想要这样的乐观[允悲]
chenandy3,Wed May 27 02:26:02 +0800 2020,四川,哪里压的？
齐琦Raymond,Wed May 27 02:26:00 +0800 2020,北京,气死了气死了！
羽泉俊杰,Wed May 27 02:25:58 +0800 2020,河北,[吃瓜]
振丶ordinary,Wed May 27 02:25:50 +0800 2020,黑龙江,德甲有了，英雄联盟季中杯开始了，忙碌的工作很累，烦恼使人狼狈，压力实在疲惫。尝试下崽〖 yibo579·com〗王者荣耀、英雄联盟、刀塔、其牌、彩缥、电子游戏。你会发现快乐来的好干脆，生活也变得有滋有味。快！！！免费直播入口，边看边压！
燃烧的小四,Wed May 27 02:25:50 +0800 2020,其他,图片评论 http://t.cn/A62fVbIP
阿姨把你家女儿借我,Wed May 27 02:25:48 +0800 2020,其他,把达吴德，今天看不到拼的劲。。。。
未柒wq,Wed May 27 02:25:49 +0800 2020,四川,踢的死气沉沉，真的失望
振丶ordinary,Wed May 27 02:25:45 +0800 2020,黑龙江,玩玩这个 http://t.cn/A62fVbA0
可乐HHHHHHH,Wed May 27 02:25:42 +0800 2020,河南,沙拉盘明年见[泪]哎哎哎哎
武狂,Wed May 27 02:25:43 +0800 2020,河南,落落地吧，别国家德比了，不配
TheAnswer1,Wed May 27 02:25:31 +0800 2020,四川,踢的尼玛是个锤子全部后场倒脚？毫无精气神这是想争冠？干脆拉去做个巴萨二队吧 反正你们喜欢倒脚
BVB风间,Wed May 27 02:25:22 +0800 2020,其他,很失望，无话可说
影评老大爷暗夜骑士,Wed May 27 02:25:13 +0800 2020,其他,说实话，能和欧洲三霸皇萨仁之一打成这样，已经不错了
歪瓜小横迷,Wed May 27 02:25:10 +0800 2020,北京,一如既往的窝囊，怂就完事啦！
KDBNR,Wed May 27 02:25:09 +0800 2020,其他,我看了这么多年了，看多特踢欧洲强队挺正常的，但一到踢拜仁就很奇怪……
嘿越越HERO,Wed May 27 02:25:03 +0800 2020,山西,队长多会回来
王端Morendo,Wed May 27 02:25:02 +0800 2020,北京,格策那脚传中[吐]
嘿越越HERO,Wed May 27 02:24:47 +0800 2020,山西,这一年又白追了[赞]
Joseph濟民,Wed May 27 02:24:46 +0800 2020,湖南,希望哈兰德没事，这场多特已经很不错了
杰斯聊球,Wed May 27 02:24:40 +0800 2020,湖南,图片评论 http://t.cn/A62fVyy2
明天要去哪里呀,Wed May 27 02:24:37 +0800 2020,云南,一群小年轻不知道在怂什么，怕被踢残了吧，万年老二活该，那么多机会抓不住。。。。。。
没有很大18厘米,Wed May 27 02:24:37 +0800 2020,其他,我还是曾经那个少年没有一丝丝改变～
德云社陈霄华,Wed May 27 02:24:36 +0800 2020,北京,负7分…希望大家调整好心态，打好之后的比赛[给你小心心]你们是最棒的~Heja BVB！！！
今天背单词了喵,Wed May 27 02:24:35 +0800 2020,江苏,喜欢桑乔弟弟的颠球 可可爱爱[笑哈哈]
Clare秋,Wed May 27 02:24:32 +0800 2020,上海,我草他吗的申方剑
柱哥看球,Wed May 27 02:24:30 +0800 2020,四川,怎么说呢，还是输了，哎[悲伤][悲伤] http://t.cn/A62fVLOM
阿姨把你家女儿借我,Wed May 27 02:24:29 +0800 2020,其他,就今天这阵容，这状态，1：0也。。。。。。
时间他是忠臣,Wed May 27 02:24:28 +0800 2020,西藏,本赛季玩完
Almsss,Wed May 27 02:24:25 +0800 2020,新疆,看格策真的吐了
黄黑黑黑黑黑的心丶,Wed May 27 02:24:24 +0800 2020,云南,一踢拜仁就软[怒]
比克利亚,Wed May 27 02:24:18 +0800 2020,陕西,到底是拜仁太强？还是其他德甲球队太弱？
煎包不想背肩包,Wed May 27 02:24:12 +0800 2020,广东,本来踢的就不行 换人也不行 被申方剑解说气得更不行…这大晚上的
Cedric迅,Wed May 27 02:24:12 +0800 2020,北京,弗里克一天没下课，多特的联赛冠军就别想了
无了无趣,Wed May 27 02:24:02 +0800 2020,山东,拿着小票，直播看球，嘚劲[鼓掌][鼓掌][鼓掌][鼓掌] http://t.cn/A62fV2Mp
峰仔保持步调一致的新名字,Wed May 27 02:24:03 +0800 2020,广东,气死了。想骂脏话草
苏维埃社会主义堃兔,Wed May 27 02:23:59 +0800 2020,其他,能不能把这些有潜力的球员都留住？别让多特只为他们的成长付出代价.保个第二吧，唯一让我高兴的一点就是没让莱万这个比进球
乌拉拉和拉拉乌,Wed May 27 02:23:59 +0800 2020,福建,申方剑的解说一直呕呕呕嗷
么得感情的皮卡丘_,Wed May 27 02:23:57 +0800 2020,江苏,希望下赛季可以不再失望。
黄黑骑士,Wed May 27 02:23:50 +0800 2020,其他,能哥太慢了，达胡德倒是踢得不错，桑乔有技术但是跑不动，体能还是没恢复到最佳
有两只碗的糖小爷,Wed May 27 02:23:47 +0800 2020,广东,虽然说有进步，可是打大王的时候要对自己有信心啊，别怂
浅沫von,Wed May 27 02:23:43 +0800 2020,其他,一言难尽，没眼看。深夜喂💩，你们吃的香吗！
Reus_XI,Wed May 27 02:23:39 +0800 2020,北京,没比赛的日子也挺好 … 懒得骂了 … [哈欠]
冻冻锅锅冻冻冻冻冻冻,Wed May 27 02:23:36 +0800 2020,四川,没意思
王端Morendo,Wed May 27 02:23:29 +0800 2020,北京,我寻思着上半场踢得挺好，咋下半场换桑乔跟詹上来还不如上半场踢得呢？？
尹小瑜瑜瑜,Wed May 27 02:23:28 +0800 2020,其他,一打拜仁就萎，唉
消失的莫西先生,Wed May 27 02:23:28 +0800 2020,辽宁,我已经说不好是天克还是心魔…前场无序 中场疲软 后防不稳 我们确实有青春风暴 但一到这时候还是狐媚和企鹅更稳定 夏窗选人换换路子别再一味追求小妖了。想念罗队 毕竟这次只是1-0 希望哈兰德伤势无碍。申方剑的大爷唠嗑式解说我服了。7分啊…哎。
梅西的灵魂附体,Wed May 27 02:23:27 +0800 2020,福建,中场太便秘了[二哈]
waspwall,Wed May 27 02:23:25 +0800 2020,贵州,行了行了，别骂了别骂了，这次不是又进步了吗，明年再来个0:0，咱下下次国家德比就能赢球了呢[嘻嘻]
鳗鱼的畅想YO,Wed May 27 02:23:22 +0800 2020,上海,德甲有了，英雄联盟季中杯开始了，忙碌的工作很累，烦恼使人狼狈，压力实在疲惫。尝试下崽〖 yibo984·com〗王者荣耀、英雄联盟、刀塔、其牌、彩缥、电子游戏。你会发现快乐来的好干脆，生活也变得有滋有味。快！！！免费直播入口，边看边压！
见字如念_,Wed May 27 02:23:21 +0800 2020,陕西,哎
就是林YX,Wed May 27 02:23:20 +0800 2020,广东,有心魔了 呵呵
华丽而很悲伤,Wed May 27 02:23:19 +0800 2020,河南,这赛季又GG了，
汤汤肉包,Wed May 27 02:23:14 +0800 2020,北京,EMMA出来挨揍！[拜拜]
Toya型星云,Wed May 27 02:23:12 +0800 2020,广东,毫无血性 落后散步 感谢球队贴心照顾 让我看完球昏昏欲睡不失眠[太开心]
浪榴连,Wed May 27 02:23:12 +0800 2020,河南,加油吧
Connieen,Wed May 27 02:23:09 +0800 2020,其他,打扰了 睡了
蘇蘇alia,Wed May 27 02:23:09 +0800 2020,其他,失望至极！
今天背单词了喵,Wed May 27 02:23:09 +0800 2020,江苏,小哈可别有事啊[泪][泪][泪] 砍鸡最后那一下吓死我了[跪了][跪了][跪了]
九班副,Wed May 27 02:23:02 +0800 2020,四川,憋屈
布胖zzz,Wed May 27 02:22:59 +0800 2020,其他,害
王端Morendo,Wed May 27 02:22:52 +0800 2020,北京,🔪🐔果然还是不出所料嗷
不移若山,Wed May 27 02:22:50 +0800 2020,新疆,罢了罢了，强求了
白翮_,Wed May 27 02:22:50 +0800 2020,天津,我真的太失望了，太失望了，太失望了
弥足珍贵86524,Wed May 27 02:22:38 +0800 2020,其他,前15分钟  大黄蜂想赢  冲鸭     前40分钟大黄蜂想平  还行    下半场  原来是少输当赢
LoBbr,Wed May 27 02:22:37 +0800 2020,广东,唉！
Reus在威斯特法伦,Wed May 27 02:22:33 +0800 2020,广西,技不如人 无话可说 88
