评论内容,mood_predict
不是粉丝，但是昨晚看到VG 逆风翻盘，超级激动的[允悲],2.0
西安WE若战胜广州TG.XQ，则RW侠无缘世冠,1.0
巅峰赛没看，太困了，,0.0
TS加油！冲鸭！,2.0
这样的安排对于哪个选手都是很大的体能消耗啊 哪个粉丝不心疼喜欢的选手 就硬杠也是真的牛逼嗷[拜],0.0
我只是叫你顶不住就别打。好像联盟求着选手去打一样[挖鼻]你粉的选手顶不住就别打咯，有的人愿意打。你BL能行🐴,0.0
而且评论也没什么亮点，纯粹浪费时间,0.0
辣鸡演员战队下把必被吊打,0.0
[摊手]害只是觉得lm这样安排确实有点不合理 每个队伍即便是夺冠队伍打这种比之前累地多 粉丝心疼选手身体很正常,0.0
还好第一把4-0[笑cry],1.0
比赛就是比赛，能挺到最后的才有资格拿冠军[摊手],1.0
但今年赛程确实相对于以前更密集了 这对于他们是更大的考验,1.0
别bl 之前打的赛程和今年能一样？[摊手],0.0
那个善意回复一下，20年春季赛是受疫情影响才这样，以前不是这样的，人家只是提一下时间安排这个问题，没必要这样。,1.0
但他们之前是没打这么久啊 也是一天打一场 现在从七点开始有可能打到凌晨第二天白天继续有比赛 [摊手]这还都怪选手了？,1.0
这得亏第一场4比0啊，要是两场都打满，不得通宵么,1.0
[喵] 官方评论席一直感觉废话连篇，时间占用太长。,0.0
所以说只要战队实力够强，扛得住，那按规则和时间安排来，该拿冠军的还是会拿冠军[并不简单],1.0
奶中了，原来我真的不是毒奶！,1.0
我觉得we能赢xq,1.0
嘴臭什么呢学了个新词别给我乱扣帽子管好你自己OK？有观点不同不能好说？主持人稍微感性一点情绪就容易绷不住，当时气氛也不好我说下建议取消不行？选手状态不行能力不行俱乐部自己复盘跟取消采访矛盾吗？易怒症网警我这边建议挂号看医生别出来恶心人。,0.0
开场半小时[doge],1.0
败者采访早就有了，自己不行被人干下来，体会什么滋味，你是想体会这滋味还是不想？不想体会就努力，别搞这些饭圈恶臭文化,0.0
今天的比赛会提前吗，这要是打两场bo7不得打到天亮？,1.0
把评论席聊天的时间减吧,0.0
奶RNG，大家都看好RNG吧，我希望AG胜,1.0
要是两场拉满，快通宵了[doge],1.0
评论席三四分钟差不多了，整个十多分钟太恶心了。选手三四分钟也可以上个厕所什么的了。十多分钟的废话没必要,1.0
这样打的话，六哥要打好多个哈欠啊，k妹[笑cry],1.0
我两场都中了，后面是ag赢，lgd被rngm终结，dyg被we终结，最后是rngm打ag，ag赢的冠军！[馋嘴],1.0
"十三明天要对阵老队友,TS了，就是不知道TS发工资了没有！十三这样说道！[抠鼻]",1.0
评论席话少点行吗，比赛十分钟，评论半小时的。,0.0
百兽成长的真快,2.0
AG和DYG赢,1.0
[心]婚礼是恋爱的结束，是家庭的开始。埋葬了朦胧幻想，打开了俗尘视窗。烛光晚餐没了光，柴米油盐开了灶。当然，也撑起幸福天堂，开始共度梦想。想知道你一生中会有几段婚姻吗？[心]来→,-1.0
[心]ta是否早已把你当成恋[心]爱对象看待？一百天内你们的关系会[心]有什么变化？下一步你该如何行动[心]赢得ta的好感？直击真相你们是否最终会成为恋人？戳[给你小心],-1.0
感谢，不要奶AG就好[挤眼],1.0
四点太晚了，三点开始吧，要不选手也吃不消,0.0
职业选手0点，1.点我却认为他们是精力最好的时候，不过赛制时间确实有问题，不过为了赶上世冠节奏也只有这样了[二哈],1.0
[二哈]整那么多废话评论席干啥，。,0.0
dyg久诚冲,1.0
这个时间确定不改一下吗，第一场只打了四场都这个点了，观众和选手们都吃不消啊，太晚了！,0.0
你们这个赛程搞得也太晚了 这要是打满都可以到三点了[作揖],1.0
昨天都是鲜奶，希望今天也是，大鹅冲,2.0
AG超玩会加油(ง •̀_•́)ง,2.0
时间太长了，昨天第二场比赛4个小时才比了4局，这谁遭得住[二哈],0.0
时间太长，吃不消看，12点多谁看你比赛啊，睡觉了！缩短流程时间，真当是世界杯足球赛啊，那么多赛前评论！,0.0
两个都是对阵老东家之战,1.0
今晚我看又得零点了 强队对决高低得打满,0.0
今天的有看头,2.0
看完比赛我都累死了，别说选手了,0.0
啊我是毒奶吗，全预测错了,1.0
早一点吧…昨天没看完就困了，评论席太能说了[二哈][跪了]早点开始吧要不[跪了],0.0
感觉快点结束春季赛吧，没有想看的一支队伍，太没意思,1.0
如果两场比赛都打到巅峰对决，想就恐怖，选手会吃不消的。,0.0
AG加油！但是还是希望比赛时间提前点，身体重要！,2.0
AG给我冲！你们超棒的！,2.0
不信准让TS打败别忘了十三原来如此是哪的那些人对十三很了解,2.0
把DYGJC给我送败者组 把AG也给我送败者去,1.0
[doge]巅峰对决都是这样被你们奶出来的,0.0
这才第一局4：0，第二局巅峰对决观众就得看比赛看到凌晨一点多钟，要是第一局多打几小局，观众怕不是要看到凌晨四点多，选手和观众都遭不住啊[允悲]为保收视率，比赛时间还是提前一些吧，求啦，多少人来不及看完就要睡觉啦，坚持看的学生党和工作党，请对他们友好一点吧[心],1.0
顶不住别打，直接回家好吧[摊手],0.0
别搞一大堆赛前评论席了 赛前说半小时 真的可怕,0.0
胜者组确实胜率大一些 但去年ag就在败者组一穿n拿了冠军 这都不确定的[摊手],1.0
所以进胜者组直接一路赢进决赛不就行了，中途休息时间多，终究还是哪只战队实力更强更占优势，冠军终究只有一个，亚军都很难被提及。,1.0
他丰富了这么多环节之后 一天两场bo7真的有可能打到凌晨两点,1.0
其实时间一直都是够的，现在那么晚大多时间都不是比赛用的。我感觉每次评论席叭一大堆还有口播广告什么的已经够打一局比赛了，以前没这些环节没见打那么晚。,0.0
我只是没讲胜者组的时间啊 6月5号和6月6号那个肯定是会受影响的 只是他不合理lm也不会改,1.0
确实，打满两个决战到天明,1.0
AG，银河战舰，给我整个跨年，冲！,1.0
解说贼能比，主要还是导演安排的，游戏两分钟解说两小时,0.0
我说训练赛是为了证明选手12点以后比赛不会影响他们身体，你说训练赛是说压力不同，这层说的是时间提早不合理，你是不是小学生？其次我说小学生你和学历学了什么没关系，我只是觉得你智商低,0.0
会让选手更自责[泪]让俱乐部自己复盘不好吗,0.0
你怕是杠多了自己都糊涂了，训练赛是你先提的，然后我才指出漏洞。小学生不是你说了算，我不介意跟你讨论一下泛函分析或者微分方程。至于kpl相关的话题，不会再回复了。,0.0
好困啊K妹[泪],0.0
你拿训练赛说话就已经是小学生言论了，压力不同的提早时间有半毛钱关系？那我只好顺着你的话说，就比如e粉说奶茶不配当estar教练，我确实觉得奶茶菜，但我更恶心这种粉丝，那我只好说反话，确实estar这5个fw不配奶茶当教练,0.0
好的[二哈]可能他平常生活太暗淡了一定要来杠一杠,0.0
你我都看得出来不合理，联盟看不出来？他这么改肯定说明他有自己的不管是道理还是苦衷,1.0
？我是说胜者组也有这种情况 你看明白了吗,1.0
杠精狗一条啦，我头先建议时间提前一点或者赛程紧凑一点也是追着我杠，为了杠而杠，闲的蛋疼吧，不然就是生活太抑郁了,0.0
我说他一定为这个改规则的吗 [拜]谁知道lm为什么要这么改 而且我说的本来就是这样改存在不合理性啊,0.0
反正规则对所有人都是一样的，想要赛程好一些那么常规赛就好打啊，反正败者组一直都很难,1.0
对呀我是说 以前的战队确实有因为时间安排受影响的呀,1.0
胜者组后面也有的啊 输了掉下败者组接着就要打,1.0
别理那条狗啦，到处杠，就是为了杠而杠的[二哈],0.0
1这是大号，2我就是看不惯智商低和伪善，3我确实还没顾儿到得整天喷人，看完比赛拉屎无聊，不喷人做什么,0.0
顶不住就进胜者组呗，不然常规赛打了这么久，赢那么多场都想进胜者组干嘛，进胜者组赢了中间隔这么久慢休息[挖鼻],1.0
兄弟饿，你看你评论怎么说的，不知道你想表达什么，你自己说的顶不住，现在又来反问我？,0.0
1现在王者热度已经有了缓和，你跟我说这一届人气高到得改规则？该复工的都差不太多了，该上学的也差不太多了，疫情对季后赛流量影响了什么？,0.0
又是你这条杠精狗，还真是到处招惹到处追着咬呢。是有多闲开个小号出来专门找茬？咋的生活里面被孤立了找人吵架都找不到专门来网上敲键盘？别人发表别人感受你不同意绕道自己去开条评论，非要到别人评论下面为了杠而杠找点可怜的存在感。微博就是太多你这种憨批玩意儿,0.0
我回复的是这句“训练赛10多个小时，确实和比赛4个小时没法比”，你自己的原话，别杠了,0.0
怎么不会 随着王者越来越多人玩了kpl热度相对以前热度高了多少 一天两场确实大家够看的尽兴呀各大平台也可以刷不少钱 那疫情不受什么影响干嘛要改呢,1.0
几把有病，有病赶紧治！你这种天拿个键盘去评论别人真的很孤儿,0.0
b哥的玄学[doge],1.0
现在疫情也不会怎么影响热度，这一届有什么不同吗,0.0
都举办了七八届，突然某一届这样做能更有热度，其他几届都不行，我理解不了你的逻辑,0.0
我是说这一届 提高强度和密度可以热度更高,0.0
我第二届开始看的，一直是一天一场，我记错了？,0.0
所以提早1个小时比赛是能减轻压力还是什么,0.0
lm本来就一直这样啊 高强度高密度就可以热度高,0.0
这楼说的是提早时间，你自己去说时间隔，不是你的问题？而且每届都是一天一场，这次突然一天两场，肯定是主办方有自己的问题才调了,1.0
打一轮也是好啊 我他妈YTG打了那么久还没见过世冠奖杯长啥样,0.0
恭喜we，希望这群孩子能走得更远一些[泪],2.0
高三一天写作业十二个小时，和考试一天两三门五六个小时相比，压力是不一样的，不要单看时间长短,0.0
我是说和几点开始有关系吗 我是说lm这种时间隔有问题[拜],0.0
你不打职业你能知道？说的轻松 让你连打几个小时游戏都累 何况他们这是职业你以为你打的娱乐局？,0.0
因为我明天一定会看所以我不想看到两点[跪了],1.0
建议你别考试的心态能力别考试,0.0
一句比赛结束后的评论席可以缩短到2-3分钟， 然后直接进入扳选界面，,0.0
不公平，冬季赛的积分呢,0.0
小软冲鸭[给力],2.0
有人说这次时间紧，只能一天2场，我也喜欢一天一场,1.0
平常做卷子和正式考试一样吗？,0.0
你他妈职业选手天高压情况下打到凌晨，不累？,1.0
原来晚一两个小时比赛可以影响一个队伍的状态,0.0
其实一天一场就挺好的，我看的也不累，周一周二周三没比赛我都无聊[喵],1.0
我知道他时间一直都这样啊 以前怎么没有确实有战队受影响的[拜],1.0
迷神超级厉害！秋季赛再冲！,2.0
rngm加油！,2.0
我知道呀 他一直安排都这样 胜者组败的那一方都还没调整过来第二天就要继续打了,1.0
以前都是这样的，也没见哪个战队顶不住，还奇怪了就20年春季赛就顶不住了，那别打了最好，,0.0
有事吗兄弟？ 谁家训练赛会打的比正式比赛还累？一场bo7打下来精神和体力消耗都很大 去年jc输了巅峰对决第二天打ag根本就没有状态也没有心态,1.0
为选手想的话我说了，选手平常就这作息,1.0
我今天毒奶两场。第一场是看we表现才改的，所以也算毒奶，第二场一直觉着gk可以。[允悲],1.0
我觉得时间没问题啊，我现在也在下班的路上～,1.0
连续比赛和4点开始有关系？别跑题,0.0
你说的我知道,0.0
[偷笑]都是人难道不应该为选手想，对大家都好，怎么就你非得还要辨别一个，杠精本精？,0.0
1点就很困，那是这个选手自己没休息好，就像百兽最后一把常规赛时间不晚，也困到要睡着，怪别人？,0.0
AG明天冲！老年人六哥精神起来！[doge],2.0
去年jc巅峰对决完qg输了 心态都没调整 就要去打ag 这叫合理？,1.0
确实，我看了下5.30 5.31这两天就有两只队伍要背靠背，真的难,1.0
大浴缸加油！,2.0
秋季赛胜者组就是这样啊，二天解决，[允悲],1.0
主要是太伤了[泪],0.0
我也觉得比赛晚了，可以提早一个小时，我觉得联盟有问题，不妨碍我恶心这群人,1.0
主要是比赛要起来很早，坐车，去场地，化妆，葛大爷直播的时候也说了，要提前准备很多，平常训练就起来吃个饭就训练了。,0.0
看见他们第七局，选手眼皮有点睁不动了[允悲],0.0
训练赛10多个小时，确实和比赛4个小时没法比,0.0
要是第一场也打满了 这第二场准备打通宵？,1.0
DYG加油💪大浴缸冲呀,2.0
急了，终于承认是自己不能熬夜，假装很关心选手身体,0.0
期待更棒的他们回来！加油！,2.0
倒不是评论席的问题，两局之间选手要休息、换座位、调试设备、重新拉房间啥的需要时间的，评论席也是没话找话了。主要还是要优化进场啊选手展示啊这些没啥用的,1.0
不对，不止明天尽量安排所有比赛能十一点前结束，心疼选手，尤其背靠背的，太难了，一场bo7下来都虚脱,1.0
评论席废话连篇，,0.0
本来就不合理啊 这有什么好争辩的 lm这种时间安排被吐槽多久就是没咋改变,1.0
让我们恭喜WE！,2.0
你们不能熬夜就说自己不能熬夜，还拿选手身体当借口？真当选手都是宝？,0.0
就算选手可以，观众也不可以啊[拜] 该上学的上学，该上班的上班。 比赛不就是给观众看的吗,1.0
可不可以不搞败者采访啊[泪],0.0
AG开启季后赛模式，冲！,1.0
TS加油！赢好每一个下一场！[心],2.0
他们这是季后赛啊 跟平常训练赛能一样？压力肯定很大 而且败者组没有退路可言 打一把季后赛的消耗比训练赛多得多,1.0
你以为去搬水泥吗？顶不住？,0.0
我不想等我睡醒了选手都没打完啊[二哈]我们是正常人啊，熬夜可，通宵我真的[拜],0.0
AG加油啊，奥利给。,2.0
提早两个小时开始吧[羞嗒],0.0
选手一个上场没必要阿 现场又没有观众,1.0
那我们不行好不好[黑线]？我们不能熬夜就完事了,0.0
时间太晚，休息不好，即使赢了，第二天状态也不好,0.0
建议取消一开始的进场和视频展示[并不简单],1.0
是今天了，小软加油！,2.0
我觉得评论席时间可以缩短了吧。跟以前一样不好吗,0.0
我求你了早点[微笑],0.0
这还是第一把就4把的局呢[二哈]改时间吧，作为观众我不想猝死,1.0
救孩子吧，明天早点开赛！,2.0
选手身体吃不消！,0.0
太晚了 心累…,0.0
图片评论 htp:/t.cn/A62iLrhB,1.0
没办法，有时候俱乐部教练要调整节奏的，评论席也是要没话找话了,0.0
期待WE越战越勇！,1.0
？你的意思是第一天训练到12点以后，第二天训练赛吃不消，然后不打吗,0.0
我真心提个意见，这比赛真的拖，人选手打的挺快的，结果打完之后，评论席一堆话，解说一堆话，选英雄之前还给选手个特写，选完之后解说还一堆话，这要是打的慢，一场得一个小时,0.0
K妹已经反馈，后续会争取优化流程缩短时间的[抱],0.0
明天 我更看好RNG 希望RNGM加油，冲！,2.0
解说席那边真的是废话又多又久,0.0
你前一天打完 后一天还有比赛确实吃不消啊,0.0
we再接再厉！我们要一直听到哪句恭喜we！,2.0
赢不可怕，谁不在谁尴尬，原来VG是被x耽误了,1.0
明天早一点吧，今天还是有一场零封，这要是两场bo7打满，半夜3点,1.0
选手平常打完训练赛都要12点了，睡觉都是3点以后的，何来吃不消这一说,0.0
无法想象两场都打满是什么样子，打到几点,1.0
别说是选手，就连解说，观众都吃不消了。,0.0
lm这种安排真的无语 30号打完晋级的队伍 31就要面对胜者组掉下来的 [拜]这谁顶地住,1.0
我10块竞猜币没了，一场50，我，最强毒奶[doge],1.0
百兽很棒！gk加油！,2.0
对，其实也没多少人听,0.0
改时间吧，要是两场巅峰对决感觉能决战到天亮,1.0
要是两场都打到巅峰对决.三点钟见[doge],1.0
AG明天给我加油,2.0
杭州LGD大鹅今天加油！鹅崽们冲！,2.0
比赛时间短，主要是比赛结束后废话连篇,0.0
B哥就拿出你今天这状态给我穿！[憧憬],0.0
rw侠：我就这么被安排得明白,1.0
明天强对决，要是打十四场怎么办，这里跟ag加个油，ag冲呀,1.0
GK加油，百兽加油[悲伤],2.0
讲道理，第二场的比赛时间真的🉑️吗？,1.0
后面还有背靠背赛程，还是这么晚的话选手也吃不消啊,0.0
各位，晚安💤,0.0
四点开始一点结束[悲伤],0.0
恭喜we，又有几张桌子不用被拍了[允悲],0.0
我还是要说 导播不是人,1.0
B哥：兄弟们，撑到十三点，老子带你们躺，坚持撑到总决赛。 为什么呢？因为是总决赛十三号，还不明白吗？[doge],0.0
ts加油！暖宝锤爆十三啊！[并不简单],2.0
看好RNGM[并不简单],2.0
不考虑时间稍微提早一些嘛[悲伤],0.0
明天早点吧。太难了,0.0
