评论内容,mood_predict
🐮宝被针对惨了，没办法,1.0
李哥到底还是老了 反应慢了 闪现也没按出来,0.0
完全欣赏不了。,0.0
第一赛区赢个第四赛区那么激动干嘛，都是正常操作,1.0
是真的，我49元买到了iPhone的模型机，谢博主[舔屏],-1.0
劝人入赌 坟头长草,0.0
兄弟你发这还有鸡和赌狗来评论，太嚣张了啊,0.0
全他妈赌狗就离谱,0.0
这水印叠杀人书呢？,0.0
刚我赢了10亿，哇这是真的！我能进富豪榜了！大家快去玩哦，还有九千万个亿哦！简直太好赢钱了，我现在正在把太平洋买下来,-1.0
黄金左手真的牛掰,2.0
IG：等游戏开始我就把你们全杀了[doge],0.0
DWG才是最🐂的[笑而不语],2.0
你看faker那偷家偷的，像是放水？,0.0
众所周知，20LOL季中杯赛又称为20LPL春季赛季后赛半决赛2.0,1.0
这不是三tp嘛？就睁眼乱说,0.0
我抗压吧没同意谁允许他成神了？,1.0
黄晓明：knight 是什么？,0.0
这解说跟你妈要断气了一样[汗],0.0
解说属实拉跨,0.0
真棒我已经赢了几千万了，现在会所透你🐴,0.0
谢兄弟，已经把你🐴赢到了,0.0
图片评论 htp:/t.cn/A62inD4I,1.0
是全华，去查吧宝贝,0.0
但是W的时间这么长，刚好要在时间到了的时候走进去，何况旁边还有一小块空地，有缝隙能走过去的,1.0
五个韩国人赢不了的。全是fw[笑哈] 别说历史，这两年你就是第三赛区。 给👴爬在那里别动,0.0
lpl春季赛七支全华班V5、LNG、DMO、OMG、RNG、ES、TES。,1.0
这个比说实话操作是真的离谱,0.0
Edg海外分g,0.0
[允悲]2v5那场都在吹双c吧？那时候舆论根本就不好，一有人吹双c，一堆反串阴阳怪气夸jkl，还有老东家粉丝冷嘲热讽说这波全靠左手阿水就是混子。一直到最后基本上全都是骂战了[允悲]只能说当时在风口浪尖上，好的坏的舆论全都盯jkl。至于真的水吹，毕竟粉丝都喜欢吹自家选手，也不能老盯着人不放吧。,0.0
李哥在哪儿摇晃.不知道从哪儿走了,0.0
牛宝一记天雷变惊雷送SKT回家了,2.0
这楼里真逗，韩国的队伍不能被国人喜欢？，嘴上积点德吧,0.0
事实证明，五个中国人可以干翻韩国队[二哈]世界赛想看五个中国人BO5干翻T1，等一手京东滔博,2.0
飞，快飞 htp:/t.cn/A62incu7,1.0
奈特这么喜欢读书，哪天会不会被拳手没收了？[二哈],1.0
韩孝子伤心的想自杀了[太开心],0.0
英雄联盟、刀塔、其牌、彩缥、电子游戏。你会发现快乐来的好干脆，生活也变得有滋有味。[/cp],-1.0
[泪]只求IG正常发挥，别搞我心态啊。,1.0
dwg真电竞精神[赞] htp:/t.cn/A62inU0L,1.0
。是滔搏 能改一下嘛,1.0
艾特错了没发现么？,1.0
手！阿水也要加油鸭！,2.0
我寻思李哥也没做出啥事吧这么多年一点负面新闻都没有 你们咋就这么讨厌他？,0.0
k皇，国产第一中单,2.0
啥年代了还玩沙皇呢,0.0
我哪有那么厉害，都是这个姐妹@集美们快来撸神价 带的我，各种券叠加，真的给力,2.0
可别说lck想抬自己赛区了 第三赛区不会真以为自己能控分吧[doge],0.0
这条评论删了，我搞的不和谐了,0.0
滔博五个都是中国的吗？弱的问一下,1.0
我已经赚了50亿准备 与川普竞选,-1.0
现在压力来到了jdg和ig这边，能不能重演季后赛就看两支队伍了[doge],1.0
为什么双tp出现了3个人,0.0
淘博不是全华班吧？,1.0
别激动 原来rng夜赢过 世界赛bo5打赢再说全华班也不迟,1.0
谢，确实是哈！幸亏没撞下来，还是过墙了。[god],1.0
大乌龟好兄弟哈,0.0
@六十一61XEH,0.0
位置应该有问题。 不应该选择逗留呀,1.0
DWG：我踏🐴也不知道打不过LPL队伍呀[允悲],1.0
李哥（又）倒了（哭腔）,0.0
上一个吹单杀中国籍的选手现在被万人骂，我看这个选手会如何，敬请期待,0.0
等校长小作文 估计得先登一个ig赢滔博校长才会甩作文,1.0
中期没ez这把大概率走了,1.0
后续是3TP拆家，眼神不好吗,0.0
那全是韩国人的咋就赢不了呢,0.0
这两万多赞呐，我人傻了，给我整点行么,0.0
嗯.虽然我热爱LPL，不希望我们被其他赛区打败。但我觉得中国观众喜欢韩国战队喜欢SKT喜欢某个韩国选手希望他赢也无可厚非吧？,1.0
劝人从赌，爹妈入土,0.0
人家叫滔搏，你在艾特什么啊,0.0
杀完faker 右下角左手一直在笑[喵],2.0
生气了，韩杂生气了，那麻烦你看评论区都怎么评论的，气死你算了，开心,0.0
人家交了钱的[吃瓜]好像这种至少要交10块钱,1.0
亚索的大招直接在空中被w冻住姿势非常帅[挖鼻],0.0
loken会演的 放心,0.0
EZ那把阿水全场没有一个失误。,1.0
先把世界冠军数量追上再说吧。辣鸡,0.0
说实话如果不看评论，你已经倒在我的刀下了！,0.0
想入党[doge],1.0
IG：瞧不起我？[doge],0.0
那为什么5个韩国人打不过两个韩国人加三个中国人呢 真是个弟,0.0
你这名字，我要给你截图,1.0
左手还是强这种操作拉满细节也是超级到位,2.0
希望knight能真的成为国产中单那道光，真的很厉害啊,2.0
#Knight艾克秒杀Faker沙皇#看的时候好激动，好感动[泪],2.0
韩杂爹都没了[嘻],0.0
这些人是号被盗了？,0.0
我寻思这两年lck被各种吊打好像是因为没引进中援嗷 5个韩国人被lpl和lec轮着虐也是挺厉害的 建议穿越回去支持巅峰lck嗷 20的确不太适合看lck比赛了,1.0
左手，未来之星,2.0
是滔搏，不是滔博。,1.0
LCK运营依然很强，但是最后想赢还是要靠一波团战，论打团，大陆赛区什么时候虚过[doge],1.0
左手 永远滴神！,2.0
滔搏，换个眼神好的小编来,0.0
新浪收了黑钱，到今天还有那么多菠菜评论，都不拉黑删掉,0.0
还有你这种会带节奏的营销号(带节奏不针对此条),0.0
#TES晋级半决赛#看着曾经常年被韩国LCK统治的英雄联盟项目终于在这几年开始真正由中国的LPL来真正接手统治权了！倍感欣慰！LPL加油！[嘻],2.0
又看见了跳来跳去的ez,0.0
不懂就问 韩杂 指的是ig粉丝吗,0.0
手子哥就差一个国际舞台来展现自己了[笑哈]这下可以了！,2.0
飞科真的废了，有些迷，,0.0
钓就硬钓 我怎看了半天没看见只夸阿水不夸左手的？ 你就编呗 黑就硬黑,0.0
世界第一就这样被打回家[笑哈]，你孝起来真好看,0.0
打的好啊，手子哥,2.0
我寻思这两年世界赛不都只有三把吗，哪来的bo5[doge],1.0
理由很简单，我为什么讨厌飞科，按照正常我会尊重他，因为他嘲讽LPL赛区，2019和欧成录节目，他说LCK第一赛区，我们洲际赛赢了LPL，什么一大堆，还有韩国人说五个中国人不能赢，你再去看T1第一句赢了FPX，韩网热议，各种嘲讽话，还有T1的ADC接受采访在笑，还虐泉，就这种素质你去尊重对手？,1.0
这波k宝先手控制打的好，啊水立马就接大招刮了沙皇三分之一的血量，k宝再qe秒了沙皇，这波配合的好。评论不必争吵k宝和阿水谁c吧，中路下路都重要，团队游戏，对手又不弱，不是一个人就能杀穿带赢的。,0.0
憋说了 作为ig十年老粉现在已经打算看情况决定是否粉lck一下午[doge]只要我两边都粉我支持的队就不会输[doge],1.0
tes打t1，cana一亮老鼠，一生黑了 不会真有人不知道老鼠名称叫什么吧,0.0
IG的下路真的是很明显的短板，稳住可能问题不大，但是缺点进攻性。,0.0
你🐴没了？劝人入赌全家进土。,0.0
卧槽，这操作骚。[允悲],0.0
你🐴 确实不错,1.0
啊哈会说话就多说点,0.0
四强4个lpl队就没意思了，那不就是lpl春夏交接赛了吗,1.0
好帅啊！虽然我也不懂但是觉得这波操作很秀哈,0.0
等着实名制的那一天,0.0
他们💩了 不会再出现了[doge],0.0
不就是撸货吗？这很正常,1.0
我怎么看见三TP,0.0
你说出来大家都难抢有意思吗？,0.0
服了这个价格，我刚买的,0.0
韩杂倒惹（哭腔）[泪],0.0
这是破坏规则，快删掉。,1.0
不就是撸货吗？这很正常,1.0
都没人看了也不寻思为啥，还牛逼呢,0.0
你说出来大家都难抢有意思吗？,0.0
不愧是你，新浪体育，滔搏[二哈],0.0
knight:唯一能阻止我秀的，只有我的蓝量,0.0
是三tp解说都说错了,0.0
没事 skt都被自己人送回家了。,2.0
果然还是中韩组合比较香,0.0
这个解说声音醉了,0.0
我的神呀 喜欢[R2D2][god][月亮][允悲][小夫微笑],0.0
这就是lck冠军吗，有够好笑的呢[doge],0.0
众志成城[佩奇][丘巴卡][胖虎微笑][猩红女巫][羞嗒],0.0
醒 举报没用,0.0
你太天真了？[顶],0.0
对，我感觉我这条评论多余了，就是你这么个理。,1.0
滔搏，你艾特错人了,1.0
兄弟 是3TP！[允悲],0.0
热评全是赌狗不封一封？,0.0
一个娱乐赛而已，lpl bo1赢了那算赢吗，只有lck bo1赢了才叫赢懂不懂，真不知道一个只有奖金，奖杯都没的娱乐赛有啥吹的[喵](看了小天的直播，突然发现阴阳怪气的说话超级爽[喵]),1.0
有手还差点火候，得需要加点水,0.0
看图上的链接，主澈账号 就宋28 真好,-1.0
S3 S5 S6，不是连冠，三冠王没错吧，这还不是事实了，哪天lpl有个常青树三冠加身，你再阴阳怪气呗。不是硬吹lck 但不能因为这次失败就对一位职业选手这样啊,0.0
ig很难晋级,0.0
韩杂还有一句话，LPL都是靠韩国人[doge],0.0
这是良品铺子官方旗舰店吧。,1.0
bo1这赛制有一说一不是很合理。,1.0
最坑的不通常是theshy？世界第一超鬼上单？杰克最多划水，哪有theshy 那么大坑的时候？,0.0
都是他@快跟我一起撸神价 带的，主要是这张券。真的特别感谢他@快跟我一起撸神价 htp:/t.cn/A62iTDYA,1.0
这男的可膈应死我了,0.0
哈，太真实了，韩吹真实表演，,2.0
没事 接下来都是lpl的时代[doge],1.0
并没有，你可以看LCK，dwg前四就赢过T1。,2.0
@伴你笑everyday: 前两局和这有什么关系只能说明你状态再好也打不过tes 还是在连送4个人头劣势的情况下,1.0
微博是这吊样的,0.0
确实昨天lck的队伍打的不好！ 今天京东和埃及要冲啊！[加油] Lck夏天也要加油啊！世界赛的舞台见！[给你小心],2.0
举报都没用[怒],0.0
原来是小饱的粉丝啊，那没事了,0.0
现在赌狗猖獗，哪里都有,0.0
1比0好看点，3比0太难看了,0.0
关键是黄片都要收费[doge],1.0
为什么说是好签，只是希望DWG把滔博的东西打出来，为T1夺冠扫除一些障碍， 当然赢了更好。假如输了，T1赢了，并且夺冠，那么这个冠军，DWG有4分之1的功劳。至于Gen.g，DRX，2个字，随缘。我是T1粉丝，理智粉。[太开心],0.0
滔博不是第一次打外战了，去年洲际赛就打过了，发挥实在差强人意。今年就不一样了，打韩国队状态好太多了！,1.0
微博凉了，大势已去,0.0
阿水粉丝多很正常吧,0.0
讲道理最强赛区不是江西萍乡嘛,1.0
是三TP吧。,0.0
别说这种话，bo1输赢挺正常的,1.0
ok 那现在jkl走了 拭目以待ig今年世界赛会怎么样嗷 嗷不对 ig这状态可能都进不去世界赛哈,0.0
我开始说的是输归输，faker状态还是不错的。这局没高光，不是还有前两局，西巴，伟格里c油，切拜，秒就秒了呗,0.0
牛逼！看着我这个撸货的人都热血沸腾了 htp:/t.cn/A62iTPKm,1.0
水子哥在哪，我在哪,0.0
等到2世纪这句话你都会接着说吧,2.0
Bo1都能说放水是真nt,0.0
牛宝，👩爱你,2.0
knight可以说是LPL职业里面的代练,1.0
t1一打三怎么赢,0.0
明天谁给LCK面子就是给自己丢脸[doge]谁输谁尴尬,1.0
一路红，赔率低，去吧兄弟,0.0
bo1先别说这么满,0.0
以后真有可能会来lpl哈 感觉很多韩援都是lck掌控雷电来lpl就开始变捞,1.0
韩版RNG[doge],1.0
垃圾，faker永远是神,0.0
但是这次是殿军啊，没京东裂，希望一起携手出线吧,1.0
一直就是这样的，赢了应该，输了被喷，选手压力蛮大的，都不愿意打季中杯,1.0
这就是牛宝吗？👴爱了,2.0
我觉得阿水才是mvp,1.0
不还是输给了tes 这句faker就没什么高光 最后一波还被左手秒了,2.0
劝人入赌，亲妈入土🤮,0.0
rng先斯个🐴,0.0
我记得在草丛放w对面看的到吧，只是听不到那句你放马过来呀。,1.0
这解说声音有点不好听，太炸了,0.0
没人记得雷达哥单杀Faker了吗,0.0
哇，明白人啊[doge],1.0
不好意思啊大家伙，我说的是一部分，我睡觉前看的时候是这样，还有上次春季赛决赛大龙坑2v5之后的微博评论基本也是水吹多一点。几条吹阿水的夹一条吹左手的那种。如果你看到的是一样多，那我真去捐眼睛了。,1.0
黄鸡还得看ez猴,1.0
还有第四句：bo1不算的啊[二哈]。skt打bo5永远滴神,2.0
你@错了队。尴尬嘛？,0.0
不懂就问，这是lpl夏季赛的季前赛吗,1.0
有一说一，三个tp[doge],0.0
看到了shy宝的影子[doge],1.0
菠菜号是他们的亲爹，没用的,0.0
🐂宝那凯南那输出,0.0
小虎：简自豪这个人要辩证看待，不能神化他，他s8s9打法太过单核，关键局心态不稳，导致我们八强十六强。s8六冠比赛的不少伤害是我打的，把香锅换成卡萨也是我的决定，总的来说简自豪这个人功过七三开，s8的s赛之前确实是世界第一adc，但后来犯了糊涂。,1.0
算是报了去年洲际赛的仇,1.0
#Knight艾克秒杀Faker沙皇# #TES晋级半决赛# 左手真的好强啊！,2.0
我知道，但是核心还是中单啊，不是说其他位置没C过，大部分都是中单在C，这个队现在的不稳定因素在上路！,1.0
下边楼层没法看了,0.0
你好反省，你为什么评论全是菠菜。不拉黑？,0.0
那帮人现在哭喊“我也是lpl粉丝”，“我是毒奶”，“lpl赢了我也开心”[doge],1.0
水手组合[笑而不语],0.0
我寻思这不是3TP？,1.0
差距有点大啊,0.0
加上飞机卡牌，不是只说跟tes这局，他整天状态还是不错的啊！,0.0
赌秀，是你吗,0.0
不是，这就开始了？ 三冠谁都能碰瓷的？,1.0
气抖冷[悲伤]这个世界能不能好了[悲伤]男👩 要怎样你们才满意[泪],0.0
抗韩奇侠: DWG,2.0
在哪可以看回放啊,0.0
@柠檬的柠c 你输了,0.0
韩杂痛哭流涕,0.0
会不会玩，五打二反杀三个还走了？,0.0
牛宝怕不是想入党[doge],1.0
韩杂气急败坏使出最后杀手锏：“第一赛区这么厉害为啥还要跑到第二赛区买人。”,0.0
没光看数据啊，飞机卡牌被你吃了？,0.0
左手真的牛👍,2.0
gen怕是龅牙都要被干碎,0.0
不错 你🐴 已经被我玩没了,0.0
讲真的 我怀疑这李哥在演 大龙反向R开团就被秒,0.0
edg:我们就不一样了，别管穷富，每个转会期我都能赚钱。[doge],1.0
今天谁输谁尴尬[喵],0.0
客观的说，飞科有两次大失误，大龙坑反向推，然后窜到龙坑边上进入水子的攻击范围，被水子ez打死，第二次失误是最后一波团站在艾克的圈里不闪然后被秒，如果你说这样的状态还不错的话，那我没话说,1.0
李哥吃了ez一个q艾克一个w晕了 然后ez大招 艾克收了,1.0
暗示但最后总是第一名?[doge],1.0
滔博不是第一次打外战，去年洲际赛滔博去了的，真的是让韩国队教做人的，打韩国队都输了的，我记得没错的话好像去年洲际赛上打的也是大乌龟和T1，都输了，今年算是复仇了的。,1.0
3tp knight也tp了,0.0
别杀了，猪崽都被你杀光了。[泪],0.0
都在吹左手 谁只字不提了,2.0
韩国内战幻神[doge],0.0
去年世界赛就是这个showmaker拖着dwg在走，真的强,0.0
笑死 ez刮了快二份之一血 艾克秒杀 起标题真有你的,2.0
有一说一小凤凰的揭幕战胜率太低了[doge],1.0
牛宝来rng吧[嘻],0.0
哎 李哥的黑粉好像没有发现你K神再猛也是0冠,1.0
说实话 lpl能赢还是要感谢k宝和金咕 赢得挺惊险的,1.0
tes指挥是阿水?,2.0
别的不说 这个男解说是谁啊 真的烦…死亡之舞非得说成死舞…小学生吗？,0.0
嗨呀，气不气，约架的被人送回家了[doge],0.0
国产第一，萍乡第二[doge],0.0
说都是左手c的，你们想为什么春季赛前半赛季也是左手c，怎么战绩就那么拉跨呢,2.0
笑死我了兄弟[doge]下次记住狗头保命,1.0
跟V5已经在谈了,1.0
不会真的有人不知道良品铺子吧[二哈],0.0
说不定skt觉得自己稳赢top 放自己赛区一手呢 根据skt这老板赛前得意的样子 也没有这个可能,1.0
不错，把你🐎压输了，去赎吧^,2.0
你就舔就是了,0.0
我把你🐎赔进去了，去赎吧，^,1.0
不是3tp吗,1.0
支持一下把你妈赌上去,0.0
不明白有些韩杂哪来的自信讲T1无敌,0.0
看到都是夸k的呀，不过水手缺一不可,1.0
这话你还没毕业我就开始在微博发了[doge],1.0
你🐴 也不错,2.0
我寻思这不和当年LPL的内战幻神一样🐴,1.0
不.想.上.课,0.0
我寻思这微博提的是tes是左手吧？和某队有p关系？[疑问]这都能跑来给滔搏分功分锅？有这时间多关心一下某队今天比赛不好吗[费解],0.0
最后一局前期不是knight崩了，阿水0-0发育大龙处稳住局面吗[并不简单],2.0
支持你🐴 🐴啊，🐶 东西,2.0
你就舔就是了，左手快把faker秀傻了，faker在哪个位置左手知道的一清二楚真就光看数据吗？沙皇整把基本没干啥事。,2.0
关键还有人发侮辱讽刺国家的言论，微博一样不管，都不知道去哪里投诉,1.0
输了就是输了，放个锤子水，自己都没出线还放水,0.0
不错，从小就没🐎自力更生,2.0
我李哥三冠王你们有吗？[二哈],0.0
滔博被微博封了[汗]？,1.0
DWG在韩国被骂惨了[笑cry],0.0
第三赛区没实力硬学第一赛区控分?,0.0
说为了钱亲妈都不要了[笑哈],0.0
有没有人注意艾克杀完faker还放了个空大庆祝一下[允悲],1.0
讲个笑话，5个韩国人赢不过2个韩国人。你真以为剩下3个中国人是吃素的？韩国人这么厉害，证明凑齐五个确拿不到冠军啊？[疑问],0.0
左手，永远滴神,2.0
新时代已经没有能容得下faker的船了。,1.0
哪位能给我解释一下艾克进场的时候是怎么被亚索R的。酒桶撞到了？,0.0
滔博咋进小黑屋了哈,1.0
你往下刷，哪条不是夸knight的，眼睛不用捐给团藏[doge],0.0
厉害了我的卓定弟,0.0
真尼玛会扣🎩 杀比,0.0
九折啥意思啊,0.0
评论已经没法看了，自己看都是些啥,0.0
不想多说什么，飞科3届世界冠军，老人终会凋落，但信仰永不变。新时代的船没有我飞科的。,0.0
ig没上怎么能叫韩国人内战呢,0.0
下午可能梦想就实现了呢,2.0
官博下面明都是吹 knight的啊 我们看的是同一个官博？[费解],0.0
诶，lpl老牛逼了,1.0
是滔搏不是滔博[哼]，文案的里的不对而且根本跳转不进去,1.0
比赛挺好看的，就是两个解说太瓦了，影响观看体验,0.0
已买，一会上天桥,0.0
滔博好猛啊 左手！永远滴神！,2.0
纠正一下是三个TP 解说错了,0.0
真.国际友人,0.0
@后厂村之花,0.0
韩杂：表演赛而已，李哥是我爹。,0.0
faker有闪的，还被晕住秒掉，真的失误大了,0.0
但是飞科还是强，最开始真的好怕输了，昨天在直播间说“说个梦，四强都是LPL”，实现一半了[doge],1.0
因为阿水指挥t1打大龙那一波太精彩了[喵],2.0
ig比赛还没开始呢，不知道某些jz蹦跶个什么？好酸呐[二哈],0.0
三个2比1那得加赛[doge],1.0
世界都是韩国的，还敢说你们爹,0.0
捅🐔 窝了？,0.0
skt被翻盘 和 水子哥的球女 应该是放水没错了,0.0
一女的开口闭口hz，rng粉丝把你🐎杀了吗，这么深仇大恨？,0.0
韩国人牛掰，五个人韩国人赢不了两个。,0.0
fpx夺冠因为运气好 都没碰到lck的队伍[可爱],1.0
.菠.菜.好.多,0.0
现在就是bo5lck也真不一定打的过lpl,1.0
赌狗给老子爬，lpl牛逼,0.0
@IAMFINE_,0.0
思维姜化了[二哈],0.0
希望左手继续保持 ，加油。,2.0
这波明显是酒桶究极下饭,0.0
亮你🐴 的老鼠,0.0
皇军还是闪远点吧求你了真的 🇯🇵,0.0
T1比较贪，想把DWG抬进去，把LPL的都淘汰，结果把自己也搞没了[doge],2.0
说放水的都是在钓鱼，稳保一个出线不好吗，非要冒全军覆没的风险,0.0
真心不喜欢看韩国队打比赛 看来只能等四强赛再看了[doge],1.0
去年tes打过洲际赛,1.0
9块钱的冰箱不香吗[太开心] htp:/t.cn/A62i0Qh,1.0
"又不是bo5,都激动什么",1.0
季中赛之春节赛决赛打了不算,1.0
这母狗笑死我了 看几年比赛了？,0.0
老弟啊 我可没说冰皇菜哦 我说的是水鬼啊,0.0
不是3tp？我的眼睛？,0.0
官方下面都是垃圾广告?给钱做广告呢？[费解],0.0
TES：咱俩一块把韩国队干了去复仇JDG呗？[doge] FPX：好鸭！[doge],1.0
哈我寻思s8春季赛和夏季赛输rng 谁的锅自己心还没数吗,1.0
双tp残血小兵，同时救赎把小兵奶起来。这是什么神仙执行力,0.0
看了半天，终于有人发现了的,1.0
这个人也是蹭热度的，各种热门下面都是这么同样一段话复制黏贴,0.0
图上地址那么明显，哥们你倆眼睛窟窿是出气的吗？,0.0
哥们哪里玩的？说一下,0.0
这个软件挺出名的，身边好几个朋友都在玩,2.0
确实 寒冰 闪现 gif 懂得都懂,1.0
@左先生1l @墨已入水crc,0.0
night的妖姬真的秀,0.0
说实话，看到有点心疼。李哥老也是老了，从当年出道即巅峰到现在lck年纪最大中单，经历过许多辉煌，也经历过t1的暗淡，现在的他，更多的还是以一种前辈的身份在带领着t1吧，希望他能够将自己的经验好教给4个新人，加油,0.0
昨日连红4黑1，运气不错，今天继续开场，Ъρ8️⃣18️⃣.com ，欢关迎注~[微笑],2.0
不是3tp吗,1.0
TES：咱俩一块把韩国队干了去复仇JDG呗？ FPX：好鸭！,2.0
新浪体育给的滔博官网进不去哈,0.0
@一与她的猫 我看了十遍都没看清楚faker怎么被秒的,0.0
skt真打不过涛博,1.0
呵 一个神坛顶端的男人小失误而已[笑cry],0.0
第一场打完 弹幕全是李哥干碎他们 我都不知道哪来那么多韩杂 李哥是你爹呗合着lpl就得输才满意呗,0.0
关注lbw的多少沾些nt,0.0
@H-J1aC0ng,0.0
第一赛区还是猛,0.0
哎 我的faker,0.0
[doge]这可是渣浪拓展业务，整治了还怎么挣钱,0.0
应该是酒桶的e，你看酒桶触发余震了,1.0
我只是感觉 T1状态真的还行 要是BO5的话 从滔博那里拿下两个小局 这可能性还是有的吧,1.0
不是三tp？,0.0
不要这样说嘛，我们就理解为tes放水，SKT也放水，都是为的兄弟们一起晋级。这样对大家～噗，我忍不住了哇咔！,0.0
你看艾克这装备你不害怕吗,2.0
该退休了，科，后浪一波接着一波太凶猛了[doge],1.0
如果你从大的层面上讲确实是这样的 但是从昨天的几场比赛来看 感觉DWG的状态确实不怎么好 T1的状态要好一些 所以昨天最后一局tes 是险胜的 千万不要小看了LCK还有我觉得TES这个队 上单369小真的需要在团队配合上下功夫了 不然滔博这个队也很难走远,1.0
是互相成就好吧，拉踩？不喜欢还要发出来？,1.0
萍乡第二中单！,2.0
🐂宝：我的中国心,0.0
是不是压力太小？阿里巴快整一个资讯平台，马上卸载微博,1.0
不会，1-0不是稳出线，不会这么早防水,0.0
季中赛不会是LPL季后赛半决赛吧，不会吧,0.0
韩国这两年bo5赢了几场？,1.0
打lpl化身牛国瑞同志，老党员了,1.0
期待已久的季中杯终于来啦！夏季赛也即将开始，真的好激动。〖 y b 0 2.c n〗 電 竟 类、体 育 类、百镓樂、彩僄、淇牌等应有尽有。简单下栽，快乐轻松拥有。小伙伴们不要错过哦！🌹,2.0
哦，那怎么ig现在是个四强啊（lpl的）鸡杂就很气？,1.0
这少了多少年了，还缺什么呢,0.0
确实，大家都想让自己赛区出线，但最后T1失算了,1.0
恰好我们也这么想，skt和dwg觉得能打过滔博和fpx，滔博和fpx觉得能打过skt和dwg，所以就有了这样一幕[哈],2.0
第一把不是poke流吗？,1.0
你🐴没了？劝人入赌全家进土。,0.0
K宝，永远滴神！,2.0
韩国内战[吃瓜]这话没错了吧[喵],1.0
昨晚熬夜看[doge],1.0
最后不是3个tp吗,0.0
新浪老板员工都是垃圾,0.0
老鼠名称叫做瘟疫之源。，加上这个版本的老鼠可以出场？你细品。,1.0
水手组合，国产神奇双c,2.0
faker真的老了，艾克这眩晕没闪开，反应慢了,2.0
挺好的，看你玩就够了,0.0
之前就在斗鱼直播了 只能说看过直播就知道这个人特别谦虚而且为人也很平易近人 内战幻神只能说很正常[doge],1.0
lpl加油!,2.0
第一把的韦鲁斯你再看,0.0
你说屁？☁观众都来了。s8有个🔨jkl啊？不是puf血c，配上中上野绝代4c拿下的🏆？,1.0
我一定要让你打败下面的黄赌毒小广告,0.0
你自己去看top官博呗 发文左手是MVP的 下面全是吹啊水的好吗？,0.0
大人，时代变了[吃瓜],1.0
不带rng不会说话了？,0.0
没用的，现在LCK联赛的队伍，有点四不像，运营没有绝对优势，打架又打不过别人，再不改进重新定位自己后面世界赛冠军注定与LCK无缘,1.0
看不出来么 T1也让了一手dwg。这本来就是正常操作[doge]可惜dwg不争气 自己也不争气,1.0
LPl四强。,1.0
这就开团了？你有毛病吧,1.0
烧掉就好了[doge],1.0
@快乐肥宅嗷6804,2.0
你也是个营销号[嘻],0.0
哈啊哈，你是捅了鸡窝吗[允悲],0.0
这俩解说真的不行。,0.0
3tp[喵],0.0
期待已久的季中杯终于来啦！夏季赛也即将开始，真的好激动。〖 y b 0 2.c n〗 電 竟 类、体 育 类、百镓樂、彩僄、淇牌等应有尽有。简单下栽，快乐轻松拥有。小伙伴们不要错过哦！🌹,2.0
你从哪里看到的？,1.0
？有病？就那一局看，承认小凤凰比滔博打的好有问题？别输了就让不让的，吐了[作揖],0.0
这不是三tp吗？。,0.0
faker卡牌都快把家偷完了，虽然浪了一两波，但还是凯南开的好,0.0
谢老铁，裤衩都输掉了,0.0
skt又成我爹了，你又知道了，我寻思着我也没说tes吧，tes没韩援我说什么，我说的有韩援的队你自己看不懂搁这瞎喷，下次还是先把语文学好吧,1.0
呜，5个韩国人赢不了，2个韩国人赢了[太开心],0.0
一个ez，输出面板能不强吗。,1.0
挨个举报也没用，几万的点赞[允悲],0.0
真不知道这有什么骄傲的，还上热搜噌热度[费解]你就杀李相赫一万次你跟他比你也只是蝼蚁,0.0
@vnBest-,0.0
这个队操作很强，包括上单打野操作都是t1级别，预言家也强于球,2.0
我哪个字提tes了，你自己脑子不大行不用让别人知道的,0.0
@Lyn·葉 这些个评论要笑死人,0.0
阿水的输出面板的确强,1.0
昨天第一局结束了，弹幕都在刷:梦回S5 做梦该醒了…原来这是在提醒lpl应该认真打比赛啊[doge],1.0
水手组合最强国产双C,1.0
说实话，全靠阿水，中单真是被捧的过高了，5-0的妖姬刮痧一样，这局也一样，艾克前期拿经济也不见做什么事,0.0
谢兄弟，房子已经卖了，老婆带着孩子已经跳楼了,0.0
捡你🐴 呢，这两年你韩国爹连欧美都打不过怕是连捡的机会都没有吧，现在LPL就tm是比你LCK强，不服也得服！,1.0
科杂:娱乐赛而已我们拿你练阵容[笑哈],0.0
牛🐮宝[鹰眼]滴宝,0.0
@流光郎z 左手牛批,0.0
兄弟们给我冲了楼里吹韩狗的韩杂，五个韩国人赢不了你搁这孝尼玛呢,0.0
大胆一点，不用预测,0.0
不会真有韩杂吧[doge],0.0
你已经傻了孩子[笑哈],0.0
不错 房子已经玩儿没了,0.0
明德玛西亚杯,1.0
Tes抬了手兄弟，T1也抬了手兄弟，只可惜Lck的演技没LPL好,1.0
每次看飞蝗被杀就格外的爽,0.0
不是3tp吗,1.0
双TP，三个人[太开心],0.0
你t1都回家了还吹j8 比底蕴？你咋不跟fnc比底蕴？老是吹嘘自己以前的成绩有屁用？不找出自己现在的问题在哪永远都走不远 还比底蕴您别让我笑了好吗？,0.0
你知道你没那么厉害还哔什么呢,0.0
顶级夸张了，只能说打了这么多年是老油条了意识很好，但是年龄摆在那了操作跟不上,1.0
李哥感觉像是自己走到那个圈里的[允悲],0.0
说放水的 真的是对职业选手的极大侮辱， 尤其是 t1和fpx 这种世界冠军， 没有直接证据最好不要开这样的玩笑,0.0
md，本鸡杂一开始还以为捅了鸡窝是说的我们鸡杂的窝[允悲]人都傻了,0.0
好汉不提当年勇，一味回忆以前，就说明你现在不行了！现在全是韩国人的队伍，赢不了。想赢队伍里必须要有中国人[鼓掌],0.0
现在他们开始说lck不是认真玩了[doge],1.0
前中期都是均势。哪来的劣势,0.0
输了就是输了，没什么好说的,0.0
TES还真是全华班,1.0
先看赛制还有胜负关系再来评论吧,0.0
飞皇牛逼啊 反应这么慢，这都能被秒,1.0
但是我有一个梦想[喵],2.0
说尊重的人，人家虐你泉可没说尊重，什么，李哥被秒杀了！[太开心],2.0
还有减肥药哈,0.0
全华班很猛。,1.0
这是咋回事啊,0.0
毕竟K夜已经是国产第一中单了 水子哥上面还有枣子哥呢 粉丝心里都有杆秤 想让他超过枣子哥,0.0
让20追2021战术[笑而不语],1.0
艾特都艾特歪来，是滔搏不是滔博,1.0
都是老粉丝来,0.0
比赛前我说lpl是第一赛区，你说lck才是第一赛区，lpl是垃圾。比赛后我说lpl是第一赛区，你说lck个都是好样的，他们曾经给韩国带来了荣耀，不需要黑他们[二哈],1.0
其实还有369呢，虽然残血，哈,0.0
你妹的。作业多搞得跟搞黄色一样。,0.0
凉不了，渣浪烂钱恰的可爽了,0.0
不知道你是在哪里看的只吹水，我反正看的都是在说左手cary全场，昨天的比赛两个人都缺一不可,1.0
举报没用的，微博就靠这些广告吃饭了[拜],1.0
别说了，滔博绝对是故意输的[太开心],1.0
哪有吹阿水的，你是hz？,0.0
那波没人进去分割战场，左手怎么切，还有大龙两波输出拉满的都是阿水吧[笑cry],0.0
没有吧，369，卡萨，左手，阿水，预言家,2.0
t1上单bp亮个老鼠，就是个没🐴的孤儿！就这个战队还有人粉？,0.0
第一赛区赢第三赛区有啥好说的[doge],0.0
但是tes的bp确实太奇怪了，而且fpx赢dwg太惊险了，那一场tes表现和其他场差距太大了,2.0
道理是这么个道理，当时但是喷厂子，狗子，还有小虎的时候，多希望大家能跟你一样这么想。,1.0
@起风了81 我想看,0.0
谢分享，支持,2.0
还真有人说放水啊，bo1谁敢说稳赢对面？,0.0
劝人去du你🐴 没了,0.0
兄弟谢，刚把泥🐴输了，很开心,0.0
连教练都是中国人,0.0
现在还有人信这个，不会吧？,0.0
我寻思不是3tp吗？为啥都说双tp啊？没搞懂,1.0
不是吧，19洲际赛也打过的,1.0
tes肯定不会放的啊。这是个证明自己的机会,1.0
fpx和dwg总要出一个内战幻神的,0.0
tes赢得lck，输的lpl[doge],1.0
大多数人吹阿水你告诉我在哪呢。咱看的不是一个微博？,1.0
同样是左撇子 人家妖姬乱秀 我的药剂qwre打完了[doge],2.0
怎么这么多营销号，,0.0
营销号只配吃粑,0.0
鬼 卡莎带着左手在草丛等那么久 卡莎先逼他的金身然后左手把李哥打到大残跟他都没关系吗 而且本来就和369有关系啊,0.0
赢得那把，faker玩命偷家都没赢了，还放啥水,1.0
skt都玩命偷家了还放啥水啊,0.0
我寻思着不是左手一直在C？从季后赛到现在,0.0
炸粪坑不可取,0.0
lck不再是当初那个不可战胜的lck了，李哥退役吧,0.0
那我寻思五个韩国人那他也没拿到冠军吧[太开心],1.0
精韩狗该不叫了吧,0.0
这波啊，这波是萍乡第二中单秒掉韩国第一中单[doge],0.0
幸亏我们LPL赢了，不然要被lck脑残粉嘲讽：就这？这就是第一赛区？赢了就是爽啊[二哈],1.0
Lol第一人 左手！,1.0
DWG：lpl给爷冲,2.0
ti白送swg一分,1.0
都20，单杀faker依然热搜,1.0
还虐我飞哥的泉。Jackie呀？算了，你喜欢就好[喵],0.0
到时候鬼刀一开看不见，老铁给个火箭。就问你准备的充分不,0.0
再加上一个推棒[允悲],0.0
这个秒杀都很灵性,2.0
哪位大神可以告诉我下，艾克这波是怎么被击飞，被亚索接的大？我看艾克过墙。没被酒桶E，也没给塞拉斯拉到啊…,0.0
大胆预测一下[嘻]今天也是两只lpl战队出线,1.0
哈 htp:/t.cn/A62ioUd0,1.0
我感觉是再来个的判断里，那个w快落下来时身边没有人能对他造成伤害，自信了，没必要交闪现去躲,1.0
楼主是个🐔窝,0.0
"tes才厉害只输lpl,lck就是不输",2.0
还辛德拉就给机会了，没看到t1跟fpx第一局直接把辛德拉送上ban位了，不选ez就是给机会呗，真有意思,0.0
反正如果是LPL这样的话，肯定是被喷的体无完肤，我也会喷的[doge],1.0
也不一定不死 那一下是 三环+E+巫妖+二段Q的伤害 一个快6神的艾克 Faker还没有魔抗.,1.0
那tes也是故意输个fps的嘛？不然怎么一起进。一样的道理。,1.0
微博本来就不是什么好地方,1.0
谁三连冠了？,1.0
其实是三TP😂 下来了三个人！,0.0
李哥还有金身没用。也没算到这伤害这么高。[笑cry],0.0
顺便一提[doge]生活很不如意吧，很急很气吧[doge]你说你为什么就移民不了美国呢？你一心把美国当爹，美国却把你当狗，好急啊[doge]急死你了不是么[doge],1.0
skt可没放水，卡牌差点给带死了，只要在卡牌复活前队友别犯事，dwg很难出门争夺远古龙，运营一下dwg必输，结果就开始送了,2.0
你们看到的是faker被秒，然而巨魔在天上都没下来过[doge],1.0
全华班哪来的韩国队员,1.0
tes有韩？你孝起来真好看，像春天的花一样,0.0
精彩@silent丶Riven,2.0
回放了好几遍，亚索r完艾克虚弱给的真慢，早点给沙皇不死。,0.0
我觉得你说得对，lpl确实垃圾，我这个没玩过lol玩家都能随便吊打lpl，如果有谁输给lpl，那就太垃圾了[doge]连我这个云玩家都不如的人，别说职业选手，lol玩家都不配叫吧,1.0
一个时代过去了呀，以前的老将都不行了,0.0
比赛输归输，但faker状态还是不错的，神还没倒,0.0
自己用正常思维想一下，这种赛制。还要怎么解释？我没看比赛？不要用你秀逗的脑袋去揣测别人的心理好吗，搞的一副自己什么都知道的样子，正常人都知道，打这把如果tes放水，故意让fpx赢，那么打t1就一定不能输，懂吗，tes就稳赢t1？他敢赌？要是输了就回家了，懂吗，z。未卜先知？,0.0
不是。三TP吗[允悲],0.0
我说一句LPL第一赛区不过分吧[衰],0.0
说实话今天JD和IG真的很难，因为今天lck这边对阵咱们LPL只要赢一局，我敢保证，下一轮lck对内比赛肯定会送自己对一分确保晋级，要不然LPL又回到春决，lck一队没有多没面子,1.0
赢了就是抬一手，输了就是辣鸡中单,2.0
没拿到5个世界冠军之前lpl就是垃圾。,0.0
多放了个火箭腰带,1.0
5个世界冠军的第三赛区。总比两个捡来的世界冠军的第一赛区强。,0.0
t1再怎么样也比你lpl底蕴深厚。,1.0
虚空第一赛区。,0.0
和KZ比还差点,0.0
嘴怎么那么臭。,0.0
第二把没有水子哥ez大龙坑稳住，基本就凉，t1第一波rush龙的时候，我就预感，前期t1虽然优势，但是水子哥一个正面战场还没来呢，来之后就不像之前好打了,1.0
@花儿般的美男子,0.0
厉害了，支持你,2.0
只是Bo1，而且都赢的不容易，确实世界第三赛区lck不可小觑,1.0
我连看他一眼的勇气都没有[doge],1.0
我t1输了和skt有何关系？[doge],0.0
同感，我没喷人没带节奏，莫名其妙被拉黑不能评论，那些赌狗评论大行其道，天举报拉黑都没用[悲伤],0.0
@一隻酷汪 你结合上面那个看,0.0
我以为五个中国人拿S赛冠军了呢，不是还没有[笑哈],1.0
微博就是垃圾桶,1.0
@没人懂的悠伤,0.0
你口中的冰皇这么菜，怎么ig季后赛一轮游啊，怎么一直被ig虐的滔博反过来给ig虐了啊，原来混子ad走了，引入个一阵ad才输得啊，那没事了,0.0
tes今年的劲头太足了,1.0
没视野，就像塞恩草丛放q和努草丛原子弹一样,2.0
希望dwg在lck挺住呀，老友人了,1.0
我赞同你的说法，但是如果是我们输了，希望你也能打出这段话。[微笑],1.0
色情赌博卖券带节奏…,0.0
bo5的话我真的不敢说赢skt,2.0
但是不得不说T1的运营是真的强，前期总是莫名其妙的经济被T1领先,1.0
rng在也赢过,0.0
图里有链接，直接下载即可🤔,-1.0
最近运气不错，用你图里的链接赢了20多万，赢到你们倒台😎,2.0
[允悲]你这,0.0
bo1赢过很正常,1.0
我借给你一条,0.0
ig可能手段可能更加残忍[doge],1.0
流下了激动的泪水[泪] 期待已久的季中杯终于来啦！夏季赛也即将开始，真的好激动。〖 Yｉｂｏ1 0 ６ ．coм〗 電 竟 类、体 育 类、百镓樂、彩僄、淇牌等。简单下栽，快乐轻松拥有。小伙伴们不要错过哦！🌹[/cp],2.0
韩孝子给👴爬,0.0
你不会指望南风跟泡芙两个捞比能打出jkl在ig时候的团战吧？,0.0
这人20岁，怪不得,0.0
给faker打得亲妈都不认识了[可爱],0.0
左手一棒子给faker打得亲妈都不认识,0.0
你真tm的是小机灵鬼[doge],0.0
这波亚索怎么接大的，看了n遍没看出艾克哪里被击飞了,0.0
李哥不行了[doge],0.0
热搜广告一堆,0.0
牛宝用表现申请入党[doge],1.0
热搜没有水吹吧？只看到吹手的啊，水子哥在滔博的作用肯定毋庸置疑，彻底打通了手子哥任督二脉,1.0
微博就这热度赚钱的,1.0
图上地址那么明显，哥们你倆眼睛窟窿是出气的吗？,0.0
牛逼啊兄弟，我就买了20,0.0
哥们哪里玩的？说一下,0.0
这个软件挺出名的，身边好几个朋友都在玩,2.0
就这么说吧，这俩人一个都不能少，妖姬艾克，ez韦鲁斯。一个是天秀一个稳定输出。水手吹爆,0.0
看清楚，是带着虚弱秒的[doge],1.0
真有病说让的 现在的比赛到了中后期只要一波打输了就没了 谁有能力说自己一定能赢 skt没输给g2过？,1.0
不捧一踩一，俩我都喜欢！不冲突！,0.0
已经不是当年玩劫的那个少年了,1.0
期待已久的季中杯终于来啦！夏季赛也即将开始，真的好激动。〖 Yｉｂｏ 1 0．coм〗 電 竟 类、体 育 类、百镓樂、彩僄、淇牌等。简单下栽，快乐轻松拥有。小伙伴们不要错过哦！🌹,2.0
没有，从教练到选手都是国产,0.0
这波是真的有手就行[doge],0.0
还有1.只是bo1而已。2.三冠王。3.不会认为这比赛能决定什么吗？这些人赢了喷自己赛区，输了狂舔,0.0
好的，我李总又凉了[二哈],0.0
两个韩国人加三个中国人打过五个韩国人。谁厉害学过数学都会算吧[doge],1.0
还有：lpl.都是靠韩国人,1.0
和EDG一样，内战幻神[喵],0.0
说烧烤摊给大乌龟放水的，你们真是太能舔了，老李头现在已经是下山的神了，还要被你们说打假赛，太难了,0.0
真的挺气人的，第一次这么讨厌lck的做法，之前都还可以容忍，不管是wolf说的还是khan说的，都属于打法能力，没了就是没了，菜了可以说。但这跟这些个事他不是游戏内容，它属于规则方面，就很烦,2.0
一看就是老拖了,0.0
还是看猴哥的解说舒服[嘻],0.0
@C-_-C钵仔糕 右手的艾克有说法的,0.0
然后比赛现场电脑上还都贴着lck，转播镜头都拍到了，这不是起名了嘛，怎么就给你们lck做广告了，还好我们lpl不甘示弱，直播的时候全是lpl数据面板，要不然这特殊时期打比赛全给你lck做广告了？,1.0
小心点，等下就某些科杂找你了[doge],1.0
👴的青春结束了,0.0
开始之前宣传片泰迪说没拿过国际赛事的冠军，这次要拿，我寻思着不是友谊赛吗，你lck搞这个，然后呢第一把就虐泉，看得我挺生气，然后看t1跟dwg打，选的阵容明显他就没有跟lpl打严肃，我就开始怀疑。我他妈都怕最后lpl拿了冠军然后告诉咱们这是友谊赛没有奖杯，我说lck你咋这么狗呢。,1.0
支持[god],0.0
第四赛区不过如此,1.0
dwg人称小edg[doge],0.0
内战内行外战外行，你知道我在说谁吧？,0.0
The shy永远不粘锅,2.0
这就是你们说的内战无敌外战弱狗？等，好像有什么不对[doge],1.0
厉害了你[god],0.0
李哥又回家了，我真的开心[二哈],0.0
作…业…好…多…[doge],1.0
你是没用过百度贴吧？,0.0
全华班就是牛哦,1.0
DWG全员申请入党,0.0
管泽元这样的 韩吹就很失望[笑cry],0.0
我也是这么想的，T1小组赛故意放水不是一次两次了，故意给LPL使坏,0.0
Night的艾克有没有想起高德伟的发条？,1.0
水子哥来了后，滔博走出了伪强队行列！,1.0
讲道理，是真的强真的猛真的离谱，李哥也是四件套，真就不当人，直接进去秒，周围T1的人都傻眼了,0.0
你玩这个游戏吗 让短手线上压长手也是够好笑的,0.0
我靠6，lck2.3名不厉害,0.0
司马微博，还得靠我举报,1.0
神吹，只有对线打出压制对手才算个人实力，左手对线有压着faker打吗？团战看的是5个人。不过lck现在打团真的变唠了，基本都是输在打团5v5,2.0
团战开始了，faker进…faker被秒了！,1.0
✅支持，谢分享,2.0
主要是太猖狂了，以前偷摸着小发一点也没人发现，也都当个乐子，现在太多了。,1.0
神吹，只有对线打出压制对手才算个人实力，团战看的是5个人,2.0
哈才发现，艾特了个空气,1.0
去年洲际赛也打过啊,0.0
都挺好，只有解说拉胯[微笑],0.0
左手秒杀热搜都挂一天了阿水没热搜呀,2.0
这还用说，韩国的喷子比中国的更厉害[doge],0.0
你前面的评论就一条是吹阿水的啊，不知道“很多”在哪里…别人粉丝在自己地盘吹自己喜欢的选手都不行么。,0.0
云玩家就硬云？ 你给发的三连冠？,1.0
黄金左手，大展身手,2.0
带这俩队的节奏没什么意思，人本来就是亲家队，粉丝关系好得很，节奏带不动的。,0.0
ez大招很关键阿,1.0
cxkbis,0.0
天秀得妖姬不来一波热搜？,1.0
这个ez技能放得好准啊,1.0
你又知道了?LCK剩下的队伍哪个强了?,1.0
最后虐泉太解气了。,0.0
faker还在输出，faker倒了,0.0
@红岸基地的法学小书童 [思考],1.0
和tes中单实力差不多的有很多吧！甚至还有比他打的更好的，。,1.0
飞蝗继续虐泉啊，虐回家了吧[doge],2.0
Lck也开始恐中症了呢,1.0
妖姬秀的头皮发麻,0.0
这男的解说声音？,0.0
那把妖姬秀的头皮发麻,0.0
左手是强，但是不要忘记这是b1局，lck最强的是b3，世界赛b3赢了skt再吹吧,1.0
t1这一局如果不是阿水顶上来稳住局势，把输出拉满，tes就输了。,2.0
兄弟，你知道FPX是s9世界冠军吗！还需要TES放水?[笑cry],0.0
谢分享，加油[加油],2.0
DWG：10费传说随从。战吼：输给LPL队伍，亡语：消灭一只LCK队伍[doge],1.0
貌似这个队一直都是左手在C吧,2.0
确实 两把左手发挥最好 力挽狂澜,1.0
哦鸡杂韩杂是一家，我们懂,0.0
就怕，半决赛一个韩国队没有。,1.0
大魔王倒下神坛这么久了，秒了他还能上热门，实力有多强，给lpl留下的阴影有多深不用说了吧？[doge],1.0
啊哈，实力嘲讽,0.0
至今还记得有人评论把knight叫k夜的，是真不知道knight这个词。,0.0
左手用的皮肤是哪个懂的兄弟回复下,0.0
萍乡第二中单牛啊[二哈],2.0
不错，你妈更好,2.0
难道还不能证明faker已经老了菜了吗 skt都换了这么多人了,1.0
大人，时代变了,2.0
真的不错呀！,0.0
赌🐶 bis,0.0
别整治了，直接滚吧,0.0
[喵]还有这只是bo1和七个韩国人,0.0
我天举报几十个人[doge]就几个给处理结果[doge],1.0
那得看是哪个赛区的韩国人，LCK就算了吧！LPL的也没让不给吹啊，shy哥，宋义进，Doinb等大把的人喜欢!但是像滔搏这种把两个韩国队伍干翻了的吹这种韩国队干嘛，吹自己家队伍还来不及呢![耶],1.0
dwg的人估计是想给lpl的人留个好印象，方便日后来lpl捞钱[哈],1.0
兄弟我赚了三千多万，抽水已经烧给你🐎了，放心,0.0
双c真的猛哈，给双c吃零食,0.0
你这波是凯南tp绕后闪现大五个,0.0
[挖鼻]劝人赌博，亲🐴 入土，博主你还好吗？,0.0
输的局theshy跟ning最坑没问题吧[嘻],0.0
大龙跟night有啥关系[汗]你要说也得说跟369有关系啊,0.0
看下面那几条。两万的点赞。什么鬼,0.0
bo1算什么啊，还是单循环，lck本来就是慢热型的啊[doge],1.0
萍乡第二中单秒杀韩国第一中单？,2.0
主持人：请问这次季中杯学到了什么 TES：也没什么，就觉得虐泉感觉很不错,1.0
你说这话真的是不尊重两个队伍,1.0
@Akido 牛批呀艾克,0.0
其实还是亚索选出来到了中后期没用。,1.0
老哥评论到位,0.0
说全靠韩国人的，五个韩国人怎么赢不了呢？[doge]这两年韩国队有任何外援吗？十个韩国人也赢不了呢！20个也赢不了呢！气不气，精韩无能狂怒,0.0
说全靠韩国人的，五个韩国人怎么赢不了呢？[doge]这两年韩国队有任何外援吗？十个韩国人也赢不了呢！20个也赢不了呢！气不气,0.0
这个还是实话啊除了knight哈,1.0
自娱自乐，美哒,0.0
是滔搏不是滔博…[黑线],1.0
想来lpl直播的[太开心],1.0
我帮你补充几句：4.bo1也就LPL认真，LCK的队伍都是打bo5不杀穿LPL.5.bo1运气成分太大，bo5赢了才算赢[笑哈],1.0
不要忘了，这把前期karsa还单杀了一把Faker,0.0
人一直说的都是赛区，什么时侯扯上韩国人了，骂韩杂是难道不是因为lck是韩国赛区？,0.0
SKT老玩自己了，给DWG让分让成最后这样,2.0
@渐会明白 来看k,0.0
太喜欢JKL了，把泉虐回来,0.0
其实赢得都挺惊险的，我觉得太大意可能会输给gen,1.0
这个解说男的声音真难听,0.0
举报微博完事。,0.0
举报你网赌！让警察抓你！,0.0
在一楼呢[二哈],0.0
奈特成名艾克跟你闹呢？李哥也给你拿下,1.0
三个中国人俩个韩国人比五个韩国人牛逼，你说谁牛逼,1.0
所以我很烦艾克这个英雄,2.0
在座的支持的人就是曾经喷过的人,2.0
垃圾软件，你要是做的好点，买会员的人自动排队，不用你发小广告,0.0
谢已经饿的牙黄了,0.0
后续是三tp吧,0.0
懂了，2个韩国人带三个中国人赢了五个韩国人，既然韩国人这么牛，那为啥五个韩国人赢不了啊？[哈],0.0
dwg：我只是做了和tes一样的事情嘛,2.0
支持一下，棒哒,0.0
啥时候微博可以开始上架贩卖毒品？黄和赌那么疯狂[微笑],0.0
微博啥时候可以开始贩毒阿？黄和赌都有了,1.0
韩杂都哭了你还要干嘛,0.0
不会真有人觉得选球女就是放水8,0.0
我想表达的意思就是不论哪个赛区，哪个队伍哪个选手，他们都值得被尊重！不要输了就踩，他们也是努力了的！是值得尊敬的对手！,0.0
嗯 给你应援来着,0.0
shoumark真的连着躺输 打野是真的菜,0.0
这个没喷韩国俱乐部啥的，只是看不惯无脑韩吹而已。只是想说韩国俱乐部确实很强，但是LPL已经起来了，不惧LCK俱乐部了。所以你说的逻辑不通。至少接不上这楼,1.0
他以为他是S8的Theshy,0.0
不错，味道好极了，人间美味啊！,2.0
knight太秀了啊，一人如入无人之境，且取faker上将首级，直接爆头，越来越有IG的味道了。[god][鲜花],0.0
说实话，亚索要没接大，faker不会被秒杀,0.0
感觉到时候又是国内季后赛四个队伍了[允悲],1.0
如果fpx输了感觉这层就全是喷的了[喵],0.0
他是没想到，dwg打不过fpx就算了，结果自己也没打过tes[允悲],0.0
真有本事的话，S赛见。,0.0
你又知道了？哪来的三连冠[疑问],0.0
这个男解说真要把我耳膜吼炸了[二哈],0.0
skt倒是个老放水了，以前阴过lpl,1.0
我骂个发黄文的是🐔，举报她没反应，她举报我成了。,0.0
图片评论 htp:/t.cn/A62xS2qw,1.0
不是吧不会真有人以为没打之前就认为tes能包吃t1吧,0.0
@晚安二字_,0.0
滔博官博打不开了？,1.0
谢 已经没鞋穿了,0.0
是啊 有的字都不让发 这些赌博的却可以 挺🐂,0.0
大龙关键是night秒了faker吧？这是那波团战最关键的地方 下一波也一样啊 然后终结比赛好吧 如果说最重要的那个不是绝不是阿水 如果说秒了最强力的输出点不是关键的话我无话可说,1.0
你…说…的…对…,0.0
你下面还有卖零食的,0.0
这也能上热搜，不会有人真不知道黄金脆皮鸡的称号吧，不会吧,0.0
收掉李总的是三环 笨比,0.0
微博除了不fan毒，黄赌倒是一应俱全。,1.0
有.那.味.了,0.0
他怎么这么猛啊[二哈],0.0
这评论…爷…好…晕…,0.0
水子哥：听说你们虐我inb哥的泉 那就对不起了[doge],1.0
十年前就有了，新浪微博才刚玩，不知道怎么回事,1.0
给我…整…笑了,0.0
刚从李哥升级为李总，眼镜就被左手给干碎了[二哈],0.0
过了吧，还没有可以匹敌faker影响力的人出现，一个神倒下的时候，另一个神最多只是半蹲着。,1.0
@敲响的大笨钟,0.0
这波啊 这波是dwg极限一换一,0.0
但真的看不下啊。以前一个两个挨个举报就算了，现在一大堆，怎么举报[允悲],0.0
night永远滴神,2.0
可以哦。不错，,2.0
stk这阵容后期faker也只能叫f*k了[吃瓜],1.0
讲个笑话[太开心]S2五个中国人打的他们拔网线，五个中国人ipl5世界冠军，你能说LPL赛区不行？论S赛鼻祖还是暗杀星！世界联赛第一个也还是WE,0.0
不错你🐴 司马东西,0.0
[允悲]四皇成功会师，春季赛复盘！,1.0
你打韩国人的时候，竟然不带跪下的表情包！你对你爹的尊重呢！,0.0
干得漂亮[doge],1.0
今年没有msi了吗？ 这看的也不过瘾啊。 而且还就一轮小组赛。什么情况啊.,1.0
你韩国爹这么牛逼，结果五个韩国爹加起来打不过LPL，你说咋回事儿？,1.0
不会吧还真有人认为这种比赛敢放水,0.0
阿水去年mis赛也拿了辛德拉，不要啥都是给机会，除非tes很自信最后一定打得过t1,0.0
.这季中杯是个什么东啊？ 就韩国四队跟lpl四队打吗？打三天？还是几天啊。是线下比赛还是线上啊.这比赛规模也有点太小了吧[允悲],0.0
字幕那些沙比最爱带节奏了[并不简单]，所以我一般屏蔽,0.0
护肤跟游戏一样重要，我太开心了🥳 htp:/t.cn/A62iykZy,1.0
艾特了个寂寞[doge],0.0
我的勇气和坚持全部 用在自我否定 和退缩上，且即便他身边日后站着 的那个人不如我，我也只能告诫自己一定是我自己不够好。,1.0
让什么，不尊重滔博也不尊重小凤凰，是个比赛就应该全力以赴，这才是最大的嘉奖。一把石乐志不是很正常，下一把赢回来,1.0
这里说人品的，来，砸门算，四强和肉鸡两人面对媒体的时候你们在吗？冒泡赛低血糖打半场还要血c的时候你们在吗？ig的队医呢？人品高尚官方代言人的几位跑哪里去了？真ig幕后中流砥柱呢！就凭这好意思骂人叛徒？指责人品低？冒泡赛打完，捂着胸口都要晕倒了，队医和管理层呢？,1.0
阴兵过境[疑问],0.0
赌狗怎么这么多,0.0
那微博不就没了吗[二哈],0.0
整一天的比赛，真正在秀的只有牛宝,2.0
这不你爹刚被tes干碎吗[太开心]三冠王就这？打不过lpl亚军？,2.0
最后一把不是阿水大龙ez疯狂输出才开始有突破口的?,0.0
我的勇气和坚持全部 用在自我否定 和退缩上，且即便他身边日后站着 的那个人不如我，我也只能告诫自己一定是我自己不够好。,1.0
投诉的眼睛都花了…,0.0
阿水的ez还是很骚的[坏笑],1.0
作…业…好…多…,0.0
阿水也是猛得一逼[哈],0.0
艾特这些客服号要是真有用，这些广告也不会这么猖狂。恰烂钱的新浪微博，睁一只眼闭一只眼罢了,0.0
我他妈醉了，下面全是赌博的[吐],0.0
输了就他妈好挨骂，比歪的像什么样子,0.0
左手 永远滴神,2.0
微博这季度可以非常自豪的说，我们的活跃量达到了x亿（50%是🐔）,2.0
有shy哥那味儿了,0.0
@月亮是无慈悲的金女王,0.0
我哪有那么厉害，都是这个姐妹@集美们快来撸神价 带的我，各种券叠加，真的给力,2.0
入党申请书写好了吗？,0.0
哈确实 没阿水开不了游戏 我承认阿水确实厉害 但是水鬼还是爬远点吧,0.0
牛国瑞不就是小theshy？各种白给，各种自信？,0.0
你名字都艾特错了，滔搏不是滔博,1.0
[doge]我赢了十个亿，准备明天去米国把特朗普换下来了,1.0
很明显，我觉得tes打fpx绝对能五开的，今天肯定抬了一手,1.0
下赛季登陆lpl[doge],1.0
别急了，怎么就急了呢,0.0
有意思，说的挺好的，支持博主观点,2.0
这就是lpl,1.0
季后赛再打一遍，哈,0.0
圈人都能圈歪来，滔搏，是提手旁，不是这个博。无语。我说点击怎么用户不存在。[汗],1.0
运动鞋独家实拍 V [坏笑] hu123X 购买方式：微店担保交易 怎么放心怎么来，微店已开通退货包运费。 有什么钟意的款式，不懂的地方尽管开口问，一定热情接待，合理要求一定尽量满足，五年团队，有货更懂货，拼质量更拼服务。,1.0
看来你身边喜欢巴萨皇马曼联拜仁的人几乎没有哦,1.0
推荐一下不错,0.0
厉害了，支持你,2.0
faker还虐泉不虐了？,0.0
和DWG打的那局妖姬秀翻天，直接起立[喵],0.0
粉了jacky love[偷笑],0.0
梅西C罗科比詹姆斯的粉丝从来不屑于在二三流选手身上找存在感。我也是真的不懂LPL连续两届s赛冠军你们居然还在把韩杂的口嗨当一回事。,0.0
是滔搏，不是滔博,1.0
看起来不错。就像说的那样,0.0
也就赢了一把而已,0.0
你突然释怀的孝 孝声传到半山腰 [二哈],1.0
[doge]手抖人家也是LOL第一人啊,1.0
关键是韩国人牛逼咋输了呢[太开心],0.0
我觉得也没必要这么说吧，faker现在是不行了，但他的高光时刻确实很牛啊！只是他一直在坚持不肯退役~所以为什么很多运动员会在自己最成功的时候功成身退！因为不想自己退步了被很多人喷！因为很多人不会记得你以前有多风光，只会看到你现在有多菜！不论是哪个国家的人他们值得被尊重！,1.0
这波太强了！,0.0
滔博的阵容你确定正常？打个龙惩戒都不交直接跑？帮对面打龙？放水的细节太多了吧！你看比赛了吗？就打fpx那把的水平能带走 kt?,0.0
艾特错人了吧,1.0
就怕是LCK来试探实力的,1.0
众人五行缺水,0.0
荣誉是LPL的，不是中国的,1.0
@微博管理员,1.0
当外战幻神白叫的？,0.0
呃…理中客 不谈电竞 韩国偶像团体的粉丝数不是中国偶像团体能比的，话不要太过分,0.0
3环都不需要ez一个大艾克一个e就满血带走了[笑cry],1.0
本来就算是一种潜规矩，以前洲际赛也整过这种操作。抬一手本赛区的其实没毛病,1.0
@来去之间 你给我进来看，你说怎么办吧,1.0
knight，YM，刘谋，军校，懂？[喵],0.0
急了，5个韩国人 不行[酸] 2个韩国人 行[鼓掌],0.0
showmaker确实不错,1.0
可能是该死的疫情耽搁了[并不简单],1.0
s9没有阿水连世界赛都进不去，你在说什么呢？,1.0
@火石爱丽丝 李哥 拉闸表演[doge],0.0
我们是全华班,1.0
放个毛 看飞科分奴偷家的卡牌就知道了,0.0
Knight？老四？,0.0
微博为了热度补药碧莲[允悲],0.0
新浪老手残了,0.0
lpl如果输了，他们就不是这番理解了,1.0
LCK就这？[笑哈],0.0
牛逼啊，睡醒就看到好消息,1.0
这才是真正的全华班的实力！全华班教练团的实力！,1.0
我一直在等微博允许毒品出来[吃瓜],1.0
新浪体育不但艾特错人了，这还成新浪du博了[打脸],0.0
🐂子哥啥时候来我们LPL啊，我要给他当饭圈粉[笑哈],0.0
这两年韩国队啥比赛都没赢过洲际赛msi世界赛[好囧] bo5也没啥优势,1.0
他的队友全在那个位置…我怀疑他是不是在商场看购物车,1.0
哈，分析的太好了,1.0
kgiht牛逼哦！,0.0
我觉得滔搏是战术败给凤凰,1.0
别吧，我还要靠微博找片子呢[doge][二哈],0.0
faker都拿命偷家了，这还叫放水,0.0
捅了🐔 🐔窝了,0.0
韩国人还不是打工的，荣誉是中国的,1.0
tes永远滴神,2.0
这两局不是左手大c？👴看评论傻了都。水鬼太哈人了。讲个笑话 s8 ig谁最厉害我不知道 bo5输的局谁最坑心里都有数。 母狗爬远点吧 别整饭圈那一套,0.0
[doge],1.0
厉害了我的滔博。春季赛的时候已经赚了几年工资。今天的季中杯又赚了几千。推荐给大家把。我也是在渣浪看到的。就在q1.tv这个网。电竟。旗牌。真人柏家乐。體育。电子小游戏。睬嘌这里都有。,1.0
兄弟，色情评论到你楼下了这能忍？哈,1.0
感觉阿水加入，彻底解放了k皇，季后赛的辛德拉还有今天的妖姬,0.0
这个诶特错人 真的难受,0.0
大香蕉🍌堵在B里o line of course and then we,1.0
厉害了我的滔博。春季赛的时候已经赚了几年工资。今天的季中杯又赚了几千。推荐给大家把。我也是在渣浪看到的。就在这里。电竟。旗牌。真人柏家乐。體育。电子小游戏。睬嘌这里都有。,1.0
这个技能这么屌了 改过吗,0.0
[与其临渊羡鱼，不如退而结网。,0.0
谢兄弟哈，今天听你的买了FPX第一局，睡大街了，一会上天台。,0.0
在哪可以看？,0.0
艾克这伤害，我靠,2.0
兄弟，冷静，反正现在TES已经晋级了，是事实，她们改变不了才说的，没必要生气昂,1.0
从小到大，我们听到的最多的就是“你要懂事”“你要出人头地”“你要早点结婚”“你要有出息 ”。可是我们很少听到“你要高兴”。,0.0
没钱怎么办 htp:/t.cn/A62iwl2m,1.0
可能切屏了[并不简单],1.0
不敢让的，你没看滔博打SKT都这么惊险吗，抬别人一手把自己送进生死局，这生意谁会做啊,0.0
晚安好梦[心][作揖][月亮][微风][音乐],1.0
在那个定身出来前，对面看不见w在哪的,0.0
什么国际友人，就是没那实力,1.0
我买了30滔博,1.0
解说音量惊人,0.0
IG更会裂开吧，[二哈]毕竟世界冠军，如果到时候shy再犯点罪，微博都得被人冲了,1.0
输了就是放水 老控分了6,0.0
多余了，这俩队厉害时厉害，但都有捞的时候，输了就是输了，放什么水,0.0
李总反应时间肯定够，就是没舍得闪现。,1.0
我帮dwg说两句 就算大乌龟输给skt 那也就3个2-1 打三把加赛,2.0
s4omg了解一下,0.0
恕瑞玛！你的faker驾崩了[跪了],0.0
因为是自己刷的,0.0
要说这些赌🐶 跟微博背后没有py我是不信的,1.0
不是三个tp嘛，把我9给忘了吗[二哈],0.0
"支持TES,幸好在：YB36.cn 买TES赢了70，春季塞在这上面买LPL赚了3W",1.0
"支持TES,刚才在「5 y b . c n」压TES盈利80块，这段时间压電竟，挣了好几w了，还有骑牌，菜飘，🏀投🐷",2.0
t1抬了一手 tes也抬了一手,2.0
这个男的解说好烦啊,0.0
不然微博怎么赚更多钱,1.0
@这个昵称要换了灬,0.0
明白人，还偏有那么多觉得放水的nt,0.0
设计师你看沙皇这么弱不加强一下🐴 [doge]沙皇玩家期待的一比,1.0
哈[笑哈]有人小学辍学理解不了中文，于是硬把他爹的事情拿出来说,0.0
又抄你爹文案？,0.0
那怎么没看你说LPL的成长，现在来LPL的都是韩国最强的愿意来，原来都是不行的来，这什么LPL的整个游戏环境的提升,0.0
我看你是云玩家吧，为什么评论区总是这么多nt自以为是，还是要硬吹tes？打输了就是放水？我不是黑粉，我就是看不得你们这群硬吹的。这是什么机制的比赛？前面敢放水？后面tes敢保证就一定能赢t1？万一输了就回家了？放水？拿自己战队的成绩开玩笑？我求你们带点脑子好吗,0.0
@夹心饼：dwg，好兄弟，抬了lpl两手，并且，还咬了t1一手。建议全员入国籍,0.0
明天我有个大胆的想法,1.0
支持你，加油,2.0
来了，冒个泡,0.0
大哥你们艾特错人啦！,0.0
唉，同感，真是遗(kai)憾❤️,0.0
期待已久 ！夏季 赛也即将开始 ，真的好激动。〖 Yｉｂｏ５ 1 ．coм〗 電 竟 类、体 育 类、百镓樂、彩僄、淇牌等。，快乐轻松拥有。小伙伴们不要错过哦！🌹[/cp],2.0
讲个笑话，LPL勇夺2届S赛冠军10个人里4个韩国人，然后还不让吹韩国人牛批，S3开始哪届冠军没韩国人？[doge],0.0
"支持TES,幸好在：YB105.cn 买TES赢了70，春季塞在这上面买LPL赚了3W，哈",1.0
不是，SKT就没想着放水，你看他卡牌一直偷家就知道了。典型的分奴打法,0.0
好几年不玩了，猴子上比赛了？,0.0
可乐加冰说了啥啊,0.0
edg：有被冒犯到,0.0
没人发现小编的“滔博”两个字打错了吗[允悲],1.0
哪个队第一局就虐泉的？ 让你没素质。该,0.0
罗志祥牛逼罗,0.0
越看左手这表现我越为RNG夏季赛揪心[允悲],0.0
太厉害了，加油,2.0
iG输得几率最大，看了一眼，没一个能打过的,0.0
前20分钟左手都快喷退役了,0.0
"支持TES,幸好在：YB83.cn 买TES赢了70，春季塞在这上面买LPL赚了3W，哈，~電竟，骑牌，白佳乐，买⚽，踩漂",1.0
我用的0.5倍速，解说声音笑死我[doge],0.0
赌博首先微博,1.0
你这新浪这么垃圾？这些赌🐶都看不见的？眼睛不用就捐给有需要的人,0.0
没有人觉得奇怪吗？塞拉斯的位置明提供了视野，看到艾克在红buf坑里，faker还往艾克w里跑？一过墙就能把他秒了啊…,1.0
knight 峡谷20分的时候我就知道这人肯定世界第一中单，faker早就不顶了,0.0
放你🐴 ，还真以为tes放水呢？,0.0
我28号结婚了，祝福我们吧，也祝福LPL越来越好，新浪越来越好。[心][鲜花],0.0
大型鸡窝现场[黑线],2.0
双c真的猛哈，给双c吃零食 htp:/t.cn/A62izn2P,1.0
我们的家就在那座楼上，,0.0
？什么啊 htp:/t.cn/A62izHc4,1.0
都有我雷达哥，果然抗韩奇侠[doge],1.0
死一户口本？,0.0
还给机会笑死 无脊椎动物,1.0
三tp拆家，我直播的时候就发现了，结果你们录播还是双tp?啥水平？,0.0
@暴躁老妹在线暴躁 想和你一起玩 下次我们去开黑[doge],1.0
谢，已经倾家荡产了,0.0
dwg背大锅吧，skt也算贪心吧，看赛程，skt想抬dwg一手，没想到dwg这么菜，skt又高估自己的实力，以为能稳吃tes，没想到被干碎了。,2.0
有意思，说的挺好的，支持博主观点,2.0
是我眼瞎了吗？我怎么看到3个TP,0.0
欲使人毁灭，必先令其膨胀。,0.0
黄赌霸占微博。看来新浪微博也要凉,1.0
兄弟萌，动手来个举报把赌狗的消息都给冲了[可爱],1.0
支持lpl是真的，心疼李哥也是真的。,0.0
心疼李哥，一神带四坑，一打九,0.0
FPX：小王 ，剩一张 T1：大王，剩一张 大乌龟：炸，3[doge],2.0
韩杂舒服了啊,0.0
你这不行啊 ，我都买了好几套房了 下半辈子也不用愁了[doge],0.0
@今年目标是LECHA,1.0
Tes号咋炸了,1.0
黄金左手真有东西,2.0
有金身有闪现得faker被艾克秒了，从faker老化的那一刻起，lck就再也站不起来了,1.0
@韦德他媳妇儿,0.0
要是那局t1赢了 岂不是有三个2比1,1.0
菠菜死个🐴先，把lpl搞得乌烟瘴气,1.0
还有一句 有种跟skt打bo5啊 bo1 赢了算什么？[二哈],1.0
哈啊哈T1被dwg gank了哈,2.0
打开都是广告，我人傻了,0.0
阿水还是刮到了的 不算solokil,0.0
我Knight上热搜了[泪],0.0
心疼李哥，一神带四眼，一打九,0.0
@新浪新闻 你们不管吗，只要是比赛，底下评论全被赌博的刷屏了,0.0
说的好，看好你。加油,2.0
@阳仔真的很忙,0.0
其实fpx差点就成了dwg,0.0
[doge] htp:/t.cn/A62i7wcO,1.0
为了抬fpx进半决赛，tes真的是硬演，蜜汁开大龙,0.0
三tp，当时解说也说错了,0.0
万一是T1不太强被DWG打败呢,2.0
手子哥牛掰[god],0.0
为什么这么多赌博还这么多赞？,0.0
翻了半天看到一正常的 结果又被🐔 端了[允悲],1.0
我说全华班不好了？我说的就是看不起中国队伍里面有两个韩国人,1.0
这是什么邪教传播途径吗？,1.0
双把家还[笑哈],0.0
1.这就是娱乐比赛，就你们lpl认真！2.lck统治多少年了？lpl就算以后一直夺冠，都比不上lck，lck就是世界第一！3.看着吧，还有drx跟gen，看他们随便虐你们[doge],1.0
是三tp，严谨点,0.0
没有什么演不演的，fpx这个队伍调整的能力还是挺厉害的,1.0
菜了？没有，还是顶级中单水平,1.0
后面一般是先拿娱乐赛和正赛说事，然后bo1和bo5，最后是夺冠次数[吃瓜],0.0
您再看，是不是三TP，别完全跟着解说来，明白人看比赛都不看官方解说,0.0
热评就两个活人 下面全是菠菜 我吐了 [吐],0.0
@小拌面加个鸡蛋阿 这个评论好看,0.0
@维他命茶_喝不喝啦,0.0
因为这个就捞了？那其他中单也都是捞比[偷笑]绝境沙皇和洲际赛一推五，联赛阿卡丽暴打左皇的妮蔻都被你吃了？,0.0
吹爆k神，对战dwg那波团战，k神妖姬秀的一批啊,1.0
不是 不会真有人觉得LCK还能统治LOL吧?不会真有人觉得LCK是第一赛区吧？我寻思着LPL ldl lck吗不是,1.0
万韩沉默，🇰🇷就这？赛事发起者第一天就被淘汰了可真是有够好笑的,0.0
不会真有韩杂吧不会吧[偷笑],0.0
咋了，全华班tes不是照样把skt送回老家了,1.0
怎么才3w啊我都30个亿了[汗],0.0
新浪微博改名字吧，干脆叫新浪都du博得了,0.0
李总的小弟们被李总裁了，工资没发怎么会来冲塔呀哈，都在开内部团，精韩姐妹们商量割腕割哪里死得快还不痛呢,1.0
确实菜了，不过看到他选黄鸡，我还是很慌,1.0
不错，已经把你🐴 押上了，稳赚,0.0
这谁解说。喊不出来就别喊行不。我听着都难受,0.0
笑死，经典放水，打不过就是打不过啊，小组倒数第一怎么打的过小组倒数第二,0.0
兄弟，纠正一下，三TP,0.0
还有一句，人家一支三夺冠军的队伍也没说是第一赛区[太开心],0.0
客观的讲skt最强的永远是bo5 韧性惊人,1.0
skt偷家都偷成那样了还放水？,0.0
下面这些赌博高赞回复一举报了，希望电竞干净，大家讲话的地方也要干净。,0.0
想入党[二哈],0.0
@Isa·豆,0.0
怎么不艾特t1俱乐部啊 别人也有微博啊@T1_Oficial,1.0
黄赌，就差个毒了，微博敢放出来吗？,0.0
要不直接把微博举报了吧[打脸],0.0
可以削弱一下艾克吗[可爱]ad玩家心声,1.0
5个韩国人怎么打得赢lpl啊，5个韩国人怎么打的赢5个中国人啊,1.0
这评论下面的腊鸡广告能不能管 举报的我手要断了[打脸][微笑],0.0
笑看楼里jz,0.0
@鱼歌-渔玙魚,0.0
今晚谁都不服就服牛哥瑞，老国际友人了,0.0
压力全都给到了ig和京东了,0.0
永远有人年轻,1.0
@今天也努力开心,0.0
我也服了翻了好久才找到正经评论,0.0
Tes微博咋回事啊，,1.0
@满分可爱少女,1.0
人生最美的是过程，最难的是相知，最苦的是等待，最幸福的是真爱，最后悔的是错过。,0.0
现在的tes是全华班哦 5个中国人 干碎lck,1.0
为什么用户不存在,0.0
微博真应该整治了，不是色情就是赌狗广告，要不就是极端言论网络暴力造谣带节奏的,0.0
对于家长怀疑我早恋的问题，我只想说，你们太高估我的能力了。,1.0
唉，每次看比赛，弹幕都好多阴阳怪气的人说LPL靠韩国外援，我吐了。真的不要开弹幕看比赛！,0.0
呦呵，跟不讲理的人讲理就不好玩了。怎么，你说半天人品不好，不好在哪？哪为钱了？对线对不过就说别人偏题？啧是，jz说的人身攻击我可听不懂，说出来只剩下叽了呢～[太开心],0.0
skt的孝子都是孤儿嗷[爱你],0.0
内战内行外战外行,0.0
你们的文案都是一样的吗？看不出来最后3TP？瞎了吗,0.0
微博靠这个赚钱，还整治，想多了,1.0
T1 bos: 不约了再也不约了呜.,2.0
司马东西 5个人里面两个韩国人夺冠你都高兴跟狗一样,0.0
对哦，那应该要看比赛时长，然后加赛了,1.0
这解决真的垃圾,0.0
都02年了 不会还有韩杂吧?不会吧?,0.0
啧你是他所有中的啥呀？门口的鸡？啊原来是这样，怪不得觉得被抛弃了呢！这就是jz吗？可怜虫喔。,1.0
@小拌面加个鸡蛋阿 崽快看这就是黄金脆皮鸡为什么叫黄金脆皮鸡了,2.0
我很抱歉，苟活于世，没能成为你的骄傲。,1.0
抬可能言重了，但是放水是肯定的！云玩家就别乱说了，就是简单的一样lpl都能双出现而已！,1.0
别忘了还有tes，tes并不是三场全胜,1.0
评论区赌博信息不删？,0.0
Kk太顶了 难受啊 今天没时间看比赛 高三补课的学生有点多[允悲],0.0
一群双标狗说bo1赢了又怎样，呵,0.0
韩杂给老子哭,0.0
哈，党员可还行[笑而不语],2.0
能来个人把热评上这些赌博广告封一下吗？好烦，都看不到几句真实评论了！,0.0
京东没出线可能会被喷裂开，毕竟春冠,1.0
一般狗咬我会给它狗头打烂[笑哈],0.0
牛国瑞同志再次提交入党申请书[二哈],1.0
t1赢了dwg，就是两胜一负，fpx也是两胜一负，但是胜负关系t1胜fpx，不是应该t1晋级吗？,2.0
看了好几遍没发现怎么秒的,1.0
别说了，再说韩国人的狗要哭惹,0.0
这波真的，金左手算是在大赛中证明自己了，可能是国产最强中单,2.0
还有bo1而已，有本事bo5碰一碰[太开心],0.0
服了，又把滔搏打错了[微笑],0.0
孤军奋战的憨批玩意，这么多人骂你没有b数？,1.0
哟怎么了jz无家可归了吗？好的鸡窝不待来这送🐴？,0.0
我要打野转中单了,0.0
老哥稳，笑死我了,0.0
别吹的太过了，他在萍乡只排第二,1.0
姐妹闭嘴吧，跟憨批对话只会把自己变成憨批，狗咬你难道你还咬狗不成。,0.0
最近运气不错，用你图里的链接赢了20多万，赢到你们倒台😎,2.0
图里有链接，直接下载即可🤔,-1.0
这就是嗦王思聪牛子的捷径嘛？你在下一把大棋[笑哈],0.0
真的 想看点正经评论 大家讨论 一打开 前面至少十条都是广告,0.0
明天京东打ig[嘻],2.0
想问下是决赛的半决赛么？半决赛打完就总决赛了？,1.0
用左手都能打赢你[二哈],2.0
牛宝已经准备过来被隔离了[哈],2.0
世界第一吹🐔8⃣️？,0.0
就这啊，就这就开始问候家人了？急了？说到你思聪老公废物你急啥啊[笑哈],0.0
台子稳定，小赚一笔昨天,0.0
然而你是抛弃所有换不到钱的人，哎可怜的孩子[太开心],0.0
s赛继续努力,2.0
我都搞不懂赌狗的评论为什么那么多赞,0.0
三TP好吧[吃瓜],1.0
tes关键局抬了一手，好兄弟，两队携手一起出线,2.0
没钱不可怕，怕的是没志气，我在*（b e 9 0 9）【f u n】等你[阴险],2.0
图片评论 htp:/t.cn/A62ivU91,1.0
李哥这反应，不服老不行啊,0.0
图上地址那么明显，哥们你倆眼睛窟窿是出气的吗？,0.0
飞科说有人开挂，我血条没了,0.0
牛逼啊兄弟，我就买了20,0.0
哥们哪里玩的？说一下,0.0
这个软件挺出名的，身边好几个朋友都在玩,2.0
接lol陪玩[爱你],1.0
其实是3tp[doge],1.0
不要男👩🏻 不要男👩🏻,0.0
飞科，唉，真的老了,0.0
skt放水太明显了，如果一个lpl战队有那个优势，30分钟比赛早完了,0.0
你把俱乐部名字都@错了,1.0
🐮 宝中文都学好了[喵]LPL等着我,1.0
冰箱再怎么样制冷能力也比我强，所以我不能说这冰箱制冷能力不行[笑哈],0.0
dwg去年世界赛也这味,0.0
赢都赢了你跟我说不算输，我要让你乐死,1.0
你这种人，死后必下地狱,0.0
T1 不是很屌吗？还虐小凤凰泉水？怎么滚回去了？[鼓掌]，败人品的队伍！活该被虐，g2今年世界赛好虐败人品的队伍[挖鼻],1.0
毕竟韩服第一艾克,0.0
五个中国人怎么赢全球总决赛冠军啊,1.0
放水了，笑死我了,0.0
skt教练：我们要打季中赛，我们要证明lck才是第一赛区 Faker:你要打你🐴呢，你想让我晚节不保是不是？ 水手组合：就这？,0.0
说真的我头次见到有人急着当韭菜去舔资本家，给👴整乐了,0.0
TES才是真正的全华班，还战胜了stk，lck现在真的不能和lpl对拼了,1.0
零点后就能使用了,0.0
外战我唯诺，内战我重拳出击。[doge],1.0
我也是在这@一起撸货吧8 ，知道的，这种神价一般都有教程，还要知道消息,0.0
新浪真是越来越lj，不是赌狗就是🐔？不能有一个好的环境？,0.0
哟，你又知道我是孝子了？要不来反驳我？上来就骂？就这水平？真🐮,0.0
也别多说，以后上班合同没到期别换工作，一个性质，换了你就是冰清玉洁人品不好[笑哈],0.0
同感我都按照时间看了,1.0
这评论没法看了，前面基本都是菠菜。@微博安全中心 @微博小秘书 @微博客服 @微博管理员 @微博反垃圾 @来去之间,1.0
粉丝中当然不排除这种双标的现象，大部分还是站在对立面的两派吧。选手多数不会鸟网络上的这些舆论，不然压力得多大。佛系点说，能打上职业的都赚着大把钞票，那些网络喷子/黑 为什么能在各种地方自嗨。讲真，我只希望看到好看的比赛，双方有实力的对局。那国真的很重要吗？我保留你的观点，各有所爱～,0.0
水手一点不怂。这才是打外战该有的样子,0.0
啊这，除了会说急了还会说啥啊？wsc擅长经营公司我是没想到的，那么大个熊猫说没就没了，嗯[笑哈],0.0
这玩意有什么看头。无聊,1.0
不会吧，还真有韩杂啊,0.0
为什么菠菜这么多…,0.0
好[太开心],0.0
别说了，韩杂不就这样吗？表演赛而已，世界赛最重要[笑哈]还有，真以为别人输了？只是让你最后再来教训你，这些韩孝子可太难整活了[笑哈],0.0
我都举报不过来了 吐了,0.0
等我有钱了就帮你把你🐴下葬,1.0
他好像自己走进艾克的w？,1.0
谢推荐跟分享,0.0
谢，赢了有钱就帮你🐴下葬,1.0
我看了三遍 369和knight真的nb ,2.0
knight真的可以，以前缺的是大赛经验，现在tes的实力进个世界赛不成问题，加油！,0.0
不会真有喜欢棒子的吧,0.0
夺冠我单身一辈孑，下午的时候还说内战的人呢,0.0
这男解说。嗓子被狗啃了？,0.0
好像是真的，可以看,0.0
好的，感谢博主分享,0.0
好像是真的，可以看,0.0
真的假的，真有这样的吗,0.0
已上车，买了一架航空母舰,0.0
谢分享受益匪浅,0.0
这是真的，只不过要提前知道消息，还要抢,0.0
孝子，你来啦,0.0
唯一条人类评论还掉🐔窝了,0.0
我去看，不是你就完了,1.0
是真的，劳斯莱斯已经提了，推荐你们也试,0.0
前几天入手瞬间就不香了,0.0
反正就是来回吹，吹韩国人的人哪去了？都是顶尖队伍，还是看BO5吧,1.0
你是怎么弄的，求教程呀,0.0
告诉大家还让我们怎么抢，太坏了,0.0
我去看，不是你就完了,1.0
是真的，劳斯莱斯已经提了，推荐你们也试,0.0
那滔博里有你的韩国亲爹吗？还是都你的中国爷。死韩杂,0.0
李哥老了，俺也老了,0.0
SKT少输一把就不会被这样淘汰了，懂？,0.0
好帅啊 左手,2.0
战斗非常急列，胜利袅江归来,1.0
他这还挺自娱自乐,0.0
今天的队伍哪个没有运营。运营从未过时也不会过时。运营也是这个游戏的魅力之一,1.0
外战外行，内战内行。韩国edg,0.0
对没人比你更懂人品，舌苔子都给舔吐露皮了，换工作给换出人品问题[笑哈]啥b,0.0
这个主持人吼不了你就正常说，难听,1.0
奈特这种风格就是高风险高回报，上一秒可能在送下一秒就全都打回来了，所以，奈特永远的神！,0.0
有手就行[doge],1.0
这有什么好吹的啊 应该说是阿水解放了他们 阿水没来之前这队伍和现在是完全不一样,0.0
楼主搁这钓鱼看不出来你脑子可真好使呢，而且就算这句话不是钓鱼就精韩了？,0.0
TES还是吊啊,1.0
输bo1不能算输，电竞人的事，怎么能叫输呢。随后就是难懂的什么第一赛区，娱乐赛不认真之类难懂的话，点内外充满的快活的气息,1.0
萍乡第二中单实至名归[doge],2.0
他们放水想两个都出线， 然后t1把自己放没了，你看那局比赛有很多机会结束的,1.0
天才中单[doge],2.0
不错哦，分享给我的朋友们,2.0
是的说的很对,0.0
有意思，说的挺好的，支持博主观点,2.0
看到来电有你的名字，脑袋会空，心跳会快，笑容为傻。,1.0
丢人吗全是电竞菠菜广告连评论都看不到老，还不管评论区,0.0
季中杯打成lpl夏季赛咯[哈],1.0
谢兄弟，我把这个推荐给了室友，我已经成功保研了,0.0
一波团差点把解说带走,0.0
五个韩国人赢不了的比赛。一个韩国人就能赢！,0.0
🐮宝要是来LPL，👩第一个同意,1.0
三环瞬秒，这伤害离谱,0.0
这个解说的声音听着真难受,0.0
被LPL亚军送走不丢人[doge],1.0
大半夜的你要笑死我[笑cry],0.0
谢兄弟，买了FPX，现在人在天台,0.0
LPL牛逼！,1.0
T1再也不是当年一枝独秀了，大家水平都差不太多了。,1.0
呜这真是太可怕了,1.0
太舒服了，把韩杂都弄死,0.0
3tp吧，不是吗,1.0
感觉滔博又进化了啊，偷说句求不会要坐穿板凳了吧。,1.0
恐华，更好听,0.0
评论简直不能看，不是赌🐶就是🐔,0.0
这就是全华班的魅力吗,1.0
解说要是换一下更好了，没诗句总感觉差点啥🙈,0.0
faker不敢选刺客中单啊,0.0
别忘了karsa也单杀了faker,0.0
我就说吧！我就说艾克中单不比打野差吧！,0.0
希望能有一个新平台把微博干掉。全是赌博涉黄营销号,0.0
也就韩杂觉得是娱乐比赛了，看DWG直播时被淘汰的那一副sm脸，真的电子竞技没有谁不想赢，有的只是韩杂,0.0
哇塞，一般艾克搭EZ都能赢，这俩小子太搭了[喵],1.0
换上敌军的衣服 埋了吧[doge],1.0
左手这段时间终于打出符合自己名气的水平来了,2.0
在最后一波布隆怎么走在最后面,0.0
@吕松航丶 学,0.0
就是三星淘汰，京东IGDRX 都是2-1，则IG和DRX争名额,1.0
劝人入赌 坟头没土,0.0
但是一大帮人一边看着人家韩援拿命c一边在这说韩国人不行？还能再双标一点？,0.0
看到大家都喷那个可乐记得加冰 我也就放心了 [太开心],0.0
图上地址那么明显，哥们你倆眼睛窟窿是出气的吗？,0.0
那根据赛区排名，低赛区排名先打，赢的再和高赛区排名打,0.0
牛逼啊兄弟，我就买了20,0.0
哥们哪里玩的？说一下,0.0
哥们，我还在rng评论看见你两次，缘分啊！,0.0
这个软件挺出名的，身边好几个朋友都在玩,2.0
人家叫滔搏，你这官方就离谱,0.0
看到艾克的位置和w，就觉得团战能赢,1.0
[doge]估计是想来lpl钱更多，还能冲击冠军,1.0
@腚上有个疤-,0.0
不会真有韩杂吧，我也喜欢skt，但是确实打不过lpl啊，这有什么不敢承认的，只能说加油。,0.0
人家现在就叫T1[doge],0.0
[doge]滔博电子竞技俱乐部？号都封了，你还艾特他们？还不快申请解封[笑cry],1.0
lck的吹比们呢？,1.0
赌狗哥杀疯了,0.0
除了top，别的队都有两个韩国人[允悲],0.0
我是一个短视频导演，我做了第一家公司给我开40，然后合同到期了我想换公司，第二家给我开50，我有了意向签了合同，但是我在第一家时候给他涨了50万粉，我签完之后网络上估值，账号估值4万，我觉得我亏了，然后我交了违约金跑了，兄弟们我人品是不是好烂[笑哈],0.0
水子哥选辛德拉就是给机会了,1.0
传送过来怎么变成三个人了,0.0
？这是职业联赛，有实力的人能站上去的最高舞台。你可以中国队伍或者中国选手，但不要忽视韩国选手在LPL的努力。,1.0
全是赌博广告,0.0
新浪真的越做越垃圾，热评清一色赌狗，黄片，反而一些博主发的图片疯狂被夹，就知道恰烂钱,0.0
@rvLeon 哈？李哥咋没的,0.0
这位同学，10题做完了吗？红宝书单词背完了？[doge]没有的话建议退出微博[doge],1.0
这个我居然看过了,0.0
让你给老子虐小凤凰的泉水[挖鼻],0.0
左手：听说你孽小凤凰的泉，就这？[酷],1.0
谢提醒，已经在网络举报赌博平台举报了！等消息吧,0.0
今天skt刚赢fpx就有看到韩杂在吹，现在都跑没了,0.0
结果一天下来韩国就赢了中国这一场,0.0
韩杂都给👴死,0.0
是的，现在微博也太放肆了，真应该让某部门约谈下了,1.0
lck内战不可能，但skt打dwg不放水也不可能搞成这样,2.0
等王思聪把小作文写出来再开团吧，别被人当枪使,0.0
这波秒杀faker 伤害真的看不懂[哆啦A梦吃惊],0.0
太顶了这伤害，容错率又高,2.0
我就想说一句 微博放任传播色情 赌博 暴力 在哪里举报？,0.0
啥败坏人品啊，👴签了后悔了违约金给了害不能跑呢？不会真有人以为签了就绑死了吧[笑哈],0.0
我就想说一句 微博放任传播色情 赌博 暴力 在哪里举报？,0.0
这就是我们常说的，内战幻神[doge],1.0
50赞就nm离谱,0.0
不是全华班就是丢脸 5个人里面两个韩国人,1.0
牛古力去年打京东咋没手软，卡密尔一脚给zom公爵踢成了下等马,0.0
lpl还是先不用人家韩援吧，韩国队伍一个中国人都没有，lpl两个三个加上替补韩援比国人还多，搞的和韩国内战一样，就这样skt一个队伍冠军还比lpl全赛区都多呢，有什么资格在这嘲讽人家lck,1.0
妖姬那波惊到我了，太强了,1.0
韩杂们终于可以闭会儿嘴了，希望明天能让他们把嘴直接缝上,0.0
这么多赌狗，真就没人管呗？,0.0
