评论内容,predict
今年欧冠的成绩来看，么有范迪克啥事了，只有看看莱万有没有机会,1.0
过分了[污][二哈],0.0
什么都是100%太可怜了，你爸妈可能都不能百分百生出你这么个杠精[doge],0.0
不可否认，但我只想说气运也是实力的一种。其实世界杯就能看出来不假，个人实力却实实在在，不管发挥是否存在外在条件，至少证明他有。真的是牛X！,2.0
在一些烂队上疯狂大四喜大三元梅开二度！,0.0
美洲杯都那边到呀！弟弟，你哭吧！,0.0
[good],0.0
梅只西一座差力大神杯，梅老注六定会入载球足史册[挤眼][并不简单],2.0
又来一个不识字的，9年义务教育怎么开展的[跪了],0.0
哪个球星每个进球不靠队友啊,0.0
梅西只一座差神力大杯，梅六注老会载定入足史球册[憧憬][好爱哦],0.0
我度一以为开梅度二从梅是西而来[笑而不语][嘻嘻],0.0
球王不是吹的,0.0
马内拿了非洲杯亚军  又是利物浦大腿  我真不知道他比范迪克哪里差  范迪克无非就是吹出来的而已,0.0
你以为的就是你以为的。[鼓掌]说的就是你,0.0
20了还体系呢？,1.0
这不否认，双娇其实真的伯仲之间，但是真论最巅峰，个人认为梅西这一年的表现史无前例,2.0
完美本身就不存在，细数足坛所有伟大球星，没有一位是啥都不缺的，没有！所以梅西什么也不差[作揖],2.0
支持你的个人观点，虽然我认为梅西当之无愧,1.0
你说的本质道理其实说的就是足球的本质：足球是团体运动！所以前提把梅西拉出来然后再去讨论他的团队如何，这本身就是个伪命题！,0.0
双杀才算被虐吧,1.0
我喷谁了?你又高潮了?,0.0
没人跟你解释  因为没人把你当回事,0.0
我一度以为梅二开度是从梅西而来[挤眼][哈欠],1.0
梅西只一座差力神大杯，梅老六定注载入会足球史册[可怜][笑而不语],2.0
我度以一为梅二度开从是梅而西来[笑而不语][思考],1.0
那一年一的个梗是，梅一西赛个的进季球比建易一联赛个季进的还球多。。[憧憬][思考],1.0
口嗨谁不会呢？,0.0
英超啥时候开始啊,1.0
第金个六是球克迪范的，不解想释[吃瓜][憧憬][鼓掌],1.0
[心]他会把迟到的这段时间全部[心]补偿给你 他会很爱你 只爱你 ​​今天了解自己，觉得这样[心]更用心一点，接下来都是好日子。快戳这→,-1.0
"[心]命由己造,相由心生,境随运转[心]脱单必测桃花运势！[鲜花]",-1.0
这可是我们班男同学都想那啥的，高冷美女班主任林雨薇啊！我就这么看到她的身子了..当时我真是激动的都差点叫起来,-1.0
我车夺冠圆梦那年？,1.0
八年前今的天，梅进打西了在2011[思考][鼓掌],1.0
那一的年一梗个是，梅个西一赛季进球比的易建联赛个一季进的还球多。。[鼓掌][思考],1.0
第个六球金是迪范克的，不解想释[吃瓜][酷][好爱哦],1.0
八年前今的天，梅打西进在了2011[挤眼][并不简单],1.0
转发微博[好爱哦][憧憬],1.0
没必要撕逼，身价是最能体现一个运动员的水平高低了吧，去查一下，C罗梅西身价现在相差多少？往前再翻几年再看一下,0.0
我度以一梅为开二度是梅从而西来[挤眼][笑而不语],1.0
新浪早有内鬼,0.0
卡不懂，您比较深奥，他们都不是体系，您才是体系,1.0
八年的前今天，梅西打进在了2011[嘻嘻][鼓掌],1.0
没必要，那场都有失误,1.0
四大皆空都拿，各人数据世界第一怎么还不能拿了,0.0
，梅西的一条龙怕是比你那位的20倍都要多，你说吃饼叫体系还是造饼叫体系,1.0
宁说说，来人个人数据，再说说球队成绩,0.0
然而那个赛季西甲冠军是皇马[doge],1.0
就比如我看了一部烂电影，既然都已经花了两个小时看完了，还差这几个字评价吐槽一下烂？,0.0
我打的字再多是自己发表观点，你打的字再少也是专门回复一个你认为毫无意义的观点，那还是你比较不划算，还提醒一下总是好的，对谁好[笑cry] [笑cry],0.0
你看我几个字，你打了几个字？提醒一下总是好的[二哈],0.0
[good],0.0
国家德比跳水骗点 输球怪后卫 我罗历史第一[太开心],0.0
欧冠两年逆，无人能敌[允悲],1.0
前无古人，后难有来者,2.0
天神下凡怒夺意甲9连 确实达不到[悲伤],0.0
懂球帝快去懂球帝查查数据吧 还3个欧冠,1.0
小学生一样，掉价[允悲],0.0
哈哈，霉屎就这智商，你急死了吧哈哈，国家队先拿个每周杯冠军，整天吹，两个冠军都没有，欧冠冠军才三个，慢慢追[笑而不语],0.0
快去查 去懂球帝查[偷笑][可怜][悲伤],0.0
你急了[偷笑]5:0大胜梅西两次喂饼比利亚 你查一下？,0.0
欧冠半决赛一条龙破门 某史佳低头叉腰,0.0
狗萨萨大胜和你儒有啥关系？没了哈白布你儒就是隐身狗，最近的国家德比你儒进球了吗？你儒已经几场国家德比隐身了？要不要爸爸帮你查查？,0.0
国家德比从1:0到5:0的比分全部集齐 我骡历史最佳毫无争议,0.0
ctmd伊瓜因,0.0
我只想说，ctmd伊瓜因,0.0
巴萨8:0大胜后某人叫嚣有种也进我们8个 最后0:5惨败 没能实现愿望,0.0
每周杯六场一点，心疼我儒再次热搜,0.0
国家德比高射炮吐饼 倒钩解围 读秒绝杀,0.0
这算是天神下凡吧,2.0
退队帽子戏法,2.0
单场跳水梅开二度,0.0
90分钟隐身记录,0.0
10米跳水金牌,0.0
[good],0.0
是场均得分吧,1.0
梅老板问你呢 回呀,0.0
毫无意义您还专程回复，您的时间是不是更无意义[笑cry],0.0
那你在淘宝上买个99包邮的金球奖帮范戴克寄过去，弥补一下他的遗憾[挖鼻],0.0
讲了一大堆，其实毫无意义,0.0
分票严重，如果利物浦有一个像梅西C罗一样的就金球了[嘻嘻],1.0
那时候中场啥配置啊，都把球传门里[doge],0.0
是啊。可是那个时候黑他是主流，渣浪体育标题天天怒砍2分1板，真搞不清是想黑他还是捧他,0.0
所有黑过易建联的人，都欠他一个道歉[doge],1.0
你看过马拉多纳那时候的比赛？建议你看看。哦不用看，你就是个喷子,0.0
图片评论 http://t.cn/A62cYXw0,1.0
那年真的太可惜了,1.0
四个字：该怎么吹,2.0
拿到没，范戴克辣鸡,0.0
5个字，安比利物浦,0.0
平均一场比赛才进一个多一点儿啊……,0.0
我的C罗和哈兰德年度打过60＋（不记得有没有过70，没有算其他比赛）,1.0
一场，不过罗的赛季都很逆天了,2.0
有啥好杠的那年西甲冠军 欧冠是谁啊 [费解],1.0
ETC吧你。,0.0
FIFA主席你来当,0.0
今年的金球是谁的,0.0
能力认可，但请把10年的金球还给斯内德！！,1.0
讲个非笑话，你是文盲,0.0
宁说说为什么？,0.0
行，老马算一个,0.0
可以，建议你去打一个金球奖给范迪克送去吧,0.0
讲个笑话，足球，单枪匹马,0.0
那是一场还是全赛季？,1.0
我一直以为帽子戏法是从德布劳内身上来的[doge],1.0
当年的段子：梅西经过不断的努力终于让自己的场均得分超过了阿联[doge],1.0
原来金球奖是看比例喔，你牛逼喔,0.0
八年前的今天，梅西打进了在20120场比赛收获73球+3球。那个赛季的最后一球。那个赛季他一共在巴萨踢了60场比赛收获731120场比赛收获731助攻..四个字：难以置信！​[并不简单][好爱哦],2.0
说到痛处了，我的偶像比你强，那就是人能力强。我的偶像比你弱，那就是各种百分之百,0.0
马拉多纳每个球都是一条龙我就服,2.0
就不想想为什么百分之百适合?,0.0
年年新合同，没个头，唉:-(,0.0
最好的球员在最好的年纪在差不多最好的球队又基本没有伤病,1.0
让常年连轴转的球员休息一下  未尝不是好事 只要年龄不是太大,1.0
这盔起码得五个X吧[鼓掌][思考],1.0
这盔起码得五个X吧[酷][挤眼],1.0
？看不起我公羊队？[哼],0.0
不是吧，金球奖评选还有“前锋年年拿所以要给中后场留一两个”这种说法？,0.0
2012年91球,0.0
决赛的德国队失误比之前都多啊,0.0
[doge]“日益重要新合同”警告,0.0
那不勒斯，马拉多纳,1.0
FM里赛季40多个球就已经是王中王了,1.0
疫情耽误了梅老板的宝贵的三个月，耽误了很多球员剩下不多的职业生涯，嗨。。,1.0
基操，勿6，皆坐！,2.0
十年金球九年前锋，数据差不多的话难道不能给中后场留一两个？,1.0
18年打西班牙的C罗，真的天神下凡。,2.0
哈哈，把我给逗乐了[doge],0.0
满嘴烂俗网络词汇，瞅着您keep reading没起到作用,0.0
已经是足球史上最全面的球员了..进球助攻从中场开始组织进攻任意球球场上视野球商球员场上品德……我找不到这些方面超过他的人,2.0
整个英超能买的起梅西的只有曼彻斯特内两位[吃瓜],1.0
前锋不能只看进球，中场不能只看组织，后卫不能只看拦截，但是门将一定要看扑救。,1.0
你🐴没了，不想解释[吃瓜],0.0
但是，打丢了那个赛季最关键的一个点球。欧冠半决赛次回合面对切尔西，巴萨2-0领先，被拉米雷斯搬回一个以后，此时总比分战成2-2，巴萨在客场进球数方面落后切尔西，巴萨赢得一个点球机会，梅西主罚不中，错失了再次反超的机会，使得最后托雷斯反击杀死比赛，在实力明显碾压的情况下，爆冷出局！,1.0
原来宁就是金球奖评奖最有话语权的那个[可怜],0.0
您在评论区说其他人杠，可为啥大家都觉得你是ETC，带节奏的呢[允悲],0.0
丹尼尔戴刘易斯固然是史上最佳级别的演员，但他这个成绩也是靠天时地利人和放大了的。他的超强演技遇到了100%适合自己的电影题材，同时遇到了100%适合这个电影题材的超级导演，造就了这么难以置信的成绩[doge],-1.0
五个字:牛逼克拉斯,2.0
那求你解释为什么呗[可怜],0.0
把其他人放在这个体系 配这么好的队友 也不可能有这个数据,1.0
你这不是废话？哪个人进球不靠天时地利 哪个人进球不靠队友体系？卧槽 我双押了,0.0
3大金靴[挖鼻],2.0
那你说是进攻容易还是防守容易？数据差不多的情况下前锋更占优势没毛病吧？,1.0
四个字:我的乖乖！,2.0
其实没拿到欧国联已经埋下隐患了，同理马内也是，杯赛结束后我感觉梅范马是最有可能拿到的，分差也不会很大，结果一出来除了马内没进前三其他都对，阿里松的情况和14年的诺伊尔的情况一样。13年的情况就和这次差不多,1.0
金球奖应该请你来当评委,0.0
我求你了，你看下自己的逻辑能不能自洽？你倒推一下就不行？甭别人说啥就把杠精帽子一扣，好比你在出恭，我打旁边经过，说句“真臭”，你跳起来给我一拳，叫我“别杠”，怎么着您可以放火，我不能点灯？讨论就讨论，不止对我一人，你老夹带人身攻击是嘛意思？？,0.0
我就问你一句还有几个人是天时地利人和出成绩的。来来举个例子吧。,0.0
你想14年，诺伊尔的数据不错吧，按06年的评判来说是稳的，结果一个欧冠比不上一个世界杯冠军,1.0
我觉得应该是阿利松的，太强了，荣誉有实力也猛的一批，今年利物浦第二回合没阿利松啥样也都能看到。,1.0
五大联赛！年度同赛季入球数纪录都是梅西,2.0
马内是真的不服，欧冠冠军+非洲杯亚军没有进前三,1.0
足球本来就是11个人的运动，所以你的这番话似乎没有任何意义……博主是在突出梅西个体能力强，你这样是不是属于强行硬杠？,0.0
咦？是不是也可以用一下为所欲为？[doge],0.0
我没否定梅西吧，我说金球应该给范迪克的，毕竟后卫也是足球11人啊，你也说了数据差不多，为啥不能给范，年年给前锋吗难道？,1.0
无可伦比的球王！希望梅西继续保持好状态，给球迷奉献更多精彩进球！,2.0
同样是哈白布，同样是传控体系，你对比一下西班牙国家队配置和巴萨配置，就知道梅西在体系当中是锦上添花还是雪中送炭了。,2.0
詹俊发这个数据是想讨论梅西是不是最佳，你却在说他只是最佳级别。,0.0
唉，我都说了是史上最佳级别的个人能力。你还要理解为一般牛逼。是不识字吗？ 算了跟杠头网友打得每一个字都是对自己时间的践踏，您对，您牛逼行不,0.0
FM挺难的。,0.0
可偏偏有的人哪怕号称粉丝最多，可奈何人家权威不搭理他呀,0.0
按照你的说法，杰拉德当队长没有拿过英超冠军，所以杰拉德不如亨德森？？,1.0
其实你的核心思想是，梅西NB，但是没有瓜迪奥拉的战术和哈白布的辅佐，也只是一般NB。 问题是和你第一句话冲突了啊，即史上最佳也只是一般NB？？ 还是说你只是为了表达观点而表达，于是只得说出来一些“片儿汤”话？,0.0
有一说一，玩足球游戏要刷这个数据也不容易。。[并不简单],2.0
的确，不可思议的数据！！p.s.果然守信没有发呀[阴险],1.0
对萨拉赫，马内，阿里松公平吗？,0.0
假设梅西在巅峰期转会到红军，那詹指导做梦都能笑醒。,1.0
被4:0逆转还有脸拿金球[二哈],0.0
第六个应该是我的才对,1.0
体系球员还有助攻？被迫助攻？,1.0
四个字：zhei球进了！,1.0
下个微博 希望是C罗,1.0
数据和场上表现差不多，你说范迪克配得上金球，那梅西也配的上。范迪克和梅西谁拿都可以，他们都配的上。事实就是梅西拿了，而不是你随口说是范迪克的就来否定梅西的表现。,0.0
立场当然有，没立场还说个球啊？梅西球迷多可真多[笑cry]，难道球迷多就应该拿金球？,0.0
确实该是范迪克的，也确实不服。,0.0
这一年是惜败，不是被虐[作揖]。七喜是下一年,1.0
没人任何一个足球运动员能脱离体系[作揖],1.0
难道范迪克的数据比不过梅西？,0.0
强无敌，真的[喵喵],0.0
问题是票数少7个啊,0.0
我觉得你自以为是是个屁,0.0
我觉得你语文可能没及格,0.0
平平无奇[doge],1.0
没错，就是你,0.0
你自己不也带着立场发言吗，说个球[太开心],0.0
来来，告诉我们哪个牛逼大神靠自己牛逼？,0.0
但没能夺得欧冠和联赛冠军！超级遗憾,1.0
但对切尔西的点球踢丢了。。,1.0
你说了算数？不想解释[太开心],0.0
美洲杯就谢天谢地了，不敢奢求太多,0.0
评论区的有些人人活的挺累的,0.0
那么问题来了，哪个球星进球不靠队友，全是一条龙？,0.0
你就说梅西这数据哪一年不配金球？你是既心瞎又眼瞎,0.0
自己去查一下,0.0
14年决赛德国状态其实不是很好，阿根廷没有拿下真的是可惜，想再次进入世界杯决赛难度太大,1.0
一个普普通通的平凡人,1.0
他就是足球之神,2.0
还差每周杯吧,0.0
那个赛季结果好像不太好,1.0
超神[跪了],2.0
我踢fifa都踢不成这数据，得调,1.0
我眼瞎，你心瞎，你自己不会看球吧，只是追星而已，还说个球啊[挖鼻],0.0
第六个金球是你的。不用解释了[哈哈],0.0
那年输给德国不冤，阿根廷有机会但都没把握住[跪了],1.0
确实，如果不造个妖人，我打实况也打不到这个数据。,1.0
可惜欧冠面对切尔西踢飞了那个点球。 更可惜那个赛季的比利亚的重伤。。,1.0
有了大力神杯就应该是历史最佳了,2.0
Unbelievable~[跪了],2.0
[good] 你一说就记起来了哈哈，差不多。好像是保方，保住后方,1.0
足球是团队运动，不光是梅西，哪个球星都离不开队友，离不开教练的战术体系,1.0
那个赛季是真正的无敌，动不动就梅开二度帽子戏法，很稳,2.0
梅老板是为足球而生的，足球应该以梅老板的名字命名,2.0
布冯 粤语 保方 力保一方？[doge],1.0
我觉得是后无来者的表现。,1.0
不会看球请你把眼睛捐了,0.0
第六个金球是马内萨拉赫阿诺德罗伯逊亨德森阿利松奥里吉米尔纳的，不想解释[good],0.0
四个字：我偏要杠,0.0
被铁靴虐了吗？,0.0
正是这个赛季的梅西让我成为了球迷！,1.0
FIFA在我眼里都不是游戏……,0.0
讲道理fifa职业生涯这个数据真能做到[doge],1.0
Iron Throne！,0.0
梅球王实至名归,2.0
梅吹  进群,0.0
是穆图，粤语梅度，当年江湖流传“梅度，梅开二度”，好像还接着一句布冯的，具体忘了 [二哈],1.0
游戏都做不到……很难,0.0
那些年，那两个人同在的西甲，真的好看。,2.0
只能怪当时的德国战车如日中天,1.0
第六个金球是范迪克的，不想解释[吃瓜],0.0
错过2014 这就是命,0.0
天才是不需要语言去赞美的，再怎么赞美也不到位,2.0
大力神太难了,0.0
没毛病，梅西现役最佳，但是他的成绩有哈布白一份,1.0
梅西只差一座大力神杯，梅老六注定会载入足球史册,2.0
这样的天才下一个不知道是什么时候,1.0
那一年的一个梗是，梅西一个赛季进的球比易建联一个赛季进的球还多。。,1.0
巅峰梅西就俩字：神迹,2.0
你们可能不知道一个赛季独造104球是个什么概念，这种人我们一般称他为……[doge],1.0
最可爱的事是梅西真如一颗璀璨的星星，照亮了21世纪初的足球世界。最可恨的是…时间，它永不停歇，一刻也不愿停止过。,1.0
挖槽，撞头像了兄弟[doge]🆗👍,1.0
一个字 离谱！,0.0
对巅峰老板来说，场均一球叫不及格[doge],0.0
极大提升了我等俗人对前锋的想象空间。,2.0
梅老板固然是史上最佳级别的球员，但他这个数据也是靠天时地利人和放大了的。他的超强能力遇到了100%适合自己的战术体系，同时遇到了100%适合这个战术体系的超级队友，造就了这么难以置信的数据。,1.0
我一度以为梅开二度是从梅西而来,1.0
不可能被破的记录[坏笑],0.0
没有进120球不配姓梅[doge],1.0
欧冠还是被虐了,1.0
任何对梅西的客观评价都怀疑是梅吹[doge],1.0
Unbelievable,2.0
还能🔥 几年[doge],0.0
据说中超九月份才决定是否开赛？,1.0
浮生日记gkd[笑哈哈],-1.0
