评论内容,predict
[微笑]真心谢谢这些名族英雄，感恩！你们永远活在我们内心,2.0
王院士真心的，帅呆[good]秒杀一片～,2.0
致敬[心][好喜欢],2.0
[好喜欢][心]屠呦呦老师[心],2.0
像戴了美瞳[喵喵],2.0
[污]钱老这么帅的,2.0
你有病啊，至于这样招黑吗？,0.0
旭日东升，风华正茂。,2.0
旭日东升1，风华正茂。,2.0
为什么民国优秀的人也都长得那么好看啊,2.0
[作揖][赞],2.0
那年，他们曾风华正茂！,2.0
[加油]青年人的榜樣,2.0
致敬国士无双，小声说王德民院士好帅,2.0
致敬！每次我想到钱学森，都非常激动！,2.0
他们，也曾风华正茂！,2.0
看着都很大气,2.0
致敬！这才是我们应该追的星！,2.0
那一年我风华正茂，如今白发苍苍，听着好友和我说的 ，大学开学时间，我不禁说到 不传谣，不信谣,1.0
又帅又有才华,2.0
钱学森先生的一生才是一生。,2.0
为何广东省政府不对高三复读生进行复课！有没有将这批学生纳入高考生中！把复读的权利放给培训机构，却不把这批复读生当作高考生中！还有不到60天就高考，这批学生怎么办！大家看到请帮忙点赞置顶！,-1.0
国士无双[鼓掌],2.0
值得尊敬的英雄，魅力四射,2.0
国士无双，致敬[中国赞],2.0
国士无双[作揖],2.0
向英雄致敬！,2.0
帅气与才气并存👏,2.0
致敬国士无双！,2.0
为大咖们点赞👍,2.0
风华正茂[心],2.0
王德民邓稼先钱学森都是我的菜，那三个字我已经说累了，哥哥我🉑️以[泪],2.0
[加油]奋斗吧青春,2.0
最近在看《五星红旗迎风飘扬》，向钱学森邓稼先爷爷致敬❤️,2.0
奋斗的青春最美丽[给你小心心],2.0
#青春的逆行# 致敬国士无双,2.0
男神邓稼先[爱你],2.0
向科学家致敬,2.0
小编真棒，及时更正了我们的“于敏型”氢弹之父！[good],2.0
各个帅气逼人！,2.0
所以，要知理，要爱国，才是国士无双[good][心],2.0
最后一位好帅！,2.0
最后一个绝了,2.0
#16位大咖的青年照# 国士无双，我慕了，长得好看就算了，还都这么厉害[爱你],2.0
[good][心][good][鲜花],2.0
邓稼先爷爷 王德民爷爷！太帅气啦,2.0
爱了 国之栋梁,2.0
为啥这么帅！[允悲],1.0
#16位大咖的青年照# 他们才是值得追寻的明星。,2.0
学神好帅呀 果然是智慧与美貌的合体,2.0
邓稼先爷爷也好看啊 我的天 一股霸气的气息扑面而来[哈哈],2.0
我还是从前那个少年  没有一丝丝 改变..,-1.0
我黑龙江省大兴安岭新林区大乌苏镇海莱河居民委的2-19号房子🏠被大乌苏拆迁办强拆了！镇党委书记贾忠泽渎职！杨德元,-1.0
为什么都那么好看，我眼睛里长滤镜了？,2.0
王德民[给你小心心],2.0
都是神仙颜值,2.0
王德民太帅了！！,2.0
钱学森爷爷和王德民爷爷年轻时真的好帅气啊！[赞],2.0
幸亏没生在现代，不然就被你们这些女流氓捧去做直播出道了，还念什么书,0.0
[笑cry]屠呦呦只看名字觉得有点像坏人。搜下百度才发现是天使,2.0
天哪，王院士简直就是小说主角啊，致敬。感恩。真是我辈楷模啊。[赞][悲伤],2.0
其实很感动[心],2.0
袁隆平爷爷年轻时真帅,2.0
都是帅哥，纯朴年代[并不简单],2.0
你脑子有问题吧，这样我就追星了？从来没追过星，现在的小鲜肉更是一个不认识！现在很多人一味的去唾骂小鲜肉类似于地域黑一样，一个人一些人有些不好问题，就上升到所有人都有问题！其实现在小鲜肉的问题根本的原因不是他们背后资本家经济公司以及这个网络时代影响下，没有正确价值观的年轻人的问题吗,0.0
转发，致敬国士无双！#青春的逆行#,2.0
每一位都是越看越好看[赞],2.0
邓稼先，两弹之父，颜值无双聪明励志才华出众,2.0
噗，笑死我了，居然会有这么呆的粉丝~害,0.0
想要混血宝宝[挖鼻],2.0
王德民太帅了[赞],2.0
有幸听王德民院士的讲座并合影,2.0
好低调 把最帅的放在后面哈哈,1.0
致敬[微笑],2.0
我真嫉妒这些才貌双全的！！[允悲],2.0
致敬国士无双[兔子],2.0
帅哥美女！国家栋梁！向这几位特殊的英雄致敬！,2.0
国士无双，风华绝代！,2.0
有了那些负重前行的长辈，才有我们这些小辈,2.0
没想到袁老年轻的时候是长脸,2.0
你也信.. 如果是真的哪就真的吧,2.0
集颜值与才华于一身,2.0
国士无双[心],2.0
致郑州市儿童医院东区医院 1.请问贵院耳鼻喉科是否外包？ 2.请问院内大夫为何指定药房买药？毕罗芬，市面上买不到的药，价格特高，176元一瓶。 3.医生拿着自己的挂号单写上药名让患者去指定药房购买。 4.药房向患者索要3中提到的票据，是否作为他们私下勾结分赃的凭证？ 5.我已经向国家卫健委发出,-1.0
让我感到帅气的不是他们的长相，而是智慧和胸怀,2.0
周总理民国四大美男子之一,2.0
致敬国士无双！感恩[给你小心心],2.0
钱老和王老确实帅到我了！帅我一脸那种,2.0
致敬国士无双,2.0
王院士那叫一个帅啊,2.0
王德民帅炸[爱你],2.0
[给你小心心],2.0
王德民帅到我了  谢谢,2.0
王德明是什么神仙！看不腻,2.0
致敬科学家[拳头],2.0
教我咱个顶？怎么做？,2.0
都是帅哥[good],2.0
【那年，他们曾风华正茂！#16位大咖的青年照#[心]】,2.0
那该就多啦  还有周总理,2.0
我无语了=_=,2.0
致敬[good],2.0
人家不仅帅还那么能干[允悲],2.0
个个都是楷模,2.0
致敬国士无双[good],2.0
栋梁[good],2.0
何为青年，只需要各自努力，去让这个世界变得美好，这才是“浪”最好的态度。,2.0
邓稼先真的好帅啊！！,2.0
谢谢大家关注🙏🙏现在大环境还是不错的，也逐步在完善。同时也需要全社会善良正义人士参与和关注，让那些拖欠、欺诈农民工血汗钱的企业老板在全社会无所遁形，净化这种不良风气！帮忙顶一下我微博置顶那条[作揖],-1.0
[泪]邓稼先爷爷年轻时也是大帅哥啊,2.0
[good],2.0
袁隆平爷爷先片段太短惹，都没看清楚就闪走了[允悲],2.0
曾经风华正茂，致敬国士无双[作揖],2.0
向他们致敬！,2.0
果然大牛们是才华和容貌都被造物主偏爱的宠儿,2.0
曾经风华正茂 致敬国士无双,2.0
袁隆平也很帅哪,2.0
邓稼先和王德明好帅啊,2.0
[good],2.0
致敬国士无双！,2.0
那年，他们曾风华正茂！#16位大咖的青年照#[心] #青春的逆行#  ,2.0
王德民爷爷明明可以靠脸吃饭的[允悲],2.0
生命就是一个长途的旅程，我们要学会快乐而行，不管路途多么遥远和艰辛，都会是幸福而饶有风味的，因为我们在经历旅途中丰富了自己的人生，让生命变得更强壮。,2.0
王德民我的天,2.0
我的天，袁隆平，钱学森和王德名比现在的当红小生蔡蔡，黄子韬，吴亦凡还帅，给他们比❤️,2.0
致敬[赞啊],2.0
为国争光 贡献自己的一份力量 向国士致敬,2.0
太绝了！！[泪]曾经风华正茂，致敬国士无双！[中国赞]##青春的逆行# [心],2.0
王德民看起来有点混血,1.0
致敬[给你小心心],2.0
屠呦呦为人类做出贡献,2.0
风华正茂正青春！,2.0
钟老好帅啊，,2.0
敬国士无双[鲜花],2.0
袁爷爷好帅[作揖],2.0
值得尊敬的英雄，魅力四射,2.0
[good],2.0
不得不说，人家真的很帅[爱你],2.0
致敬国士无双！,2.0
致敬国士无双  中华民族之脊梁,2.0
有学问还帅，还为国家做贡献！敬佩！[作揖],2.0
哇塞，都很帅很美[憧憬],2.0
致敬！[心],2.0
被王德民秒了,2.0
真的好美好帅啊,2.0
国士无双！致敬,2.0
真.国士无双,2.0
[心][鲜花],2.0
国之大幸！辈之楷模！,2.0
这是国民爱豆,2.0
致敬国士无双！,2.0
他们能做到收租400栋吗[挖鼻],0.0
致敬国土无双！,2.0
好帅[嘻嘻],0.0
致敬国士无双,2.0
一首歌真的要被用到一千遍啊,2.0
王德民好帅呀我的妈呀,2.0
人在做事天在看！天网恢恢。蔬而不漏。我八十年代军转民后在宁沪杭轻纺工业系统工作，欠着我工资，三十多年了德国进口的纺织品机械还封存在江苏省常州市。去年我按照大超市的要求身份证复印件改小年龄去做清洁工，结果是都欠我工资，疫情来了……亏损失去多少大家都清楚！去告太伤人！留着上天收拾他们,-1.0
致敬国世无双[心],2.0
混血也太好看了,2.0
最后登场的是压轴麽，太帅了吧,2.0
小子给您敬礼了。,2.0
致敬国士无双！感恩[中国赞],2.0
这些人才应该是明星。,2.0
致敬国家栋梁,2.0
[中国赞][good][赞],2.0
大写的帅气！国之栋梁[心],2.0
王先生帅的过分了,2.0
#安静岁月[超话]##安静岁月# ,2.0
国士无双！！致敬！,2.0
帅哭了，美哭了,2.0
曾经风华正茂 致敬国士无双,2.0
最后一个惊艳到我了🉑以,2.0
致敬国士无双,2.0
国士无双当之无愧,2.0
神者无功。圣者无名。人世间名刮双收表扬过的人其他的其它的就没有了！只有因果。,2.0
致敬国士无双[心],2.0
王德民秒杀小鲜肉,0.0
国士当之无愧,2.0
致敬英雄[心],2.0
我去，我之前一直以为他叫普朗克啊[允悲],1.0
风华正茂 国士无双 谢谢你们！[心],2.0
王德民爷爷绝了哈哈,2.0
都是我们的国宝,2.0
这是我们永远追逐的明星[赞],2.0
长得好看又有才……我是来地球凑数的吧[泪],2.0
国士无双[心],2.0
哇啊！国士无双！,2.0
都……这么帅吗？[太开心],2.0
能不能好好做个不晃的视频..,0.0
黄旭华，钱学森，王德民好帅,2.0
他们都好帅！学术上也很棒！[心],2.0
无双不准确吧,2.0
我好像有一瞬间看到了狗焕[允悲],0.0
全都帅的一塌糊涂[爱你],2.0
美妙的青年。国之栋梁。,2.0
院士都容易长的这么帅吗[允悲],2.0
魅力四射的英雄们,2.0
借楼，搞不明白为什么要闪那么快，嫌弃大家视力太好吗,0.0
真的是干净的帅气,2.0
曾经那个少年没有一丝丝改变[心],2.0
曾经的你们，还是那么优秀,2.0
这才是真正的国宝🙏[鲜花],2.0
比那些流量好看多了，有颜有才[赞],2.0
[good],2.0
致敬国士无双！,2.0
致敬国士无双！感恩[中国赞],2.0
我辈青年楷模[赞啊] (ps:他们真的帅的有气质，比那些什么小鲜肉啊……算了不敢提狗头保命[doge]),2.0
看起来就很稳重[哈哈],2.0
怎么话到你这里就变味了呢？都是为祖国作出贡献的人，而且也没说谁的功劳大昂 就你戏多[挖鼻],2.0
国士无双[鼓掌],2.0
钱学森太帅了,2.0
帅过当今任何一位明星,2.0
值得尊敬的英雄,2.0
我黑龙江省大兴安岭新林区大乌苏镇海莱河居民委的2-19号房子🏠被大乌苏拆迁办强拆了！镇党委书记贾忠泽渎职！杨德元,-1.0
看不出来俺是调侃嘛[笑cry]狗头都不保命了嘛[doge],1.0
帅气男神女神,2.0
大国栋梁！人家年轻时眼睛里就装着坚毅,2.0
民族脊梁，世人楷模。真正的大咖！[赞],2.0
致敬国士无双,2.0
这些伟大人真的一直都长得一脸正气，目光如炬。,2.0
青春的逆行者,2.0
民族的脊梁。,2.0
华罗庚先生的照片，怎么变成署名是王元爷爷了？,1.0
都是最美最帅的年轻人,2.0
真是才貌双全[米奇比心],2.0
[good],2.0
王德民是真的帅,2.0
国之栋梁，我们要尊重！,2.0
你好，嗯！需要拿点什么的吗？,2.0
致敬[good],2.0
这样帅哥美女越多越好,2.0
个个都是身担使命的可歌可敬者,2.0
我的偶像黄旭华老爷子真帅,2.0
[爱你]帅死个人，这就是才貌双绝！！,2.0
致敬国士无双,2.0
[good],2.0
这才都是男神 帅气,2.0
王德民爷爷真是绝了[污],2.0
这些人文革时期怎么过来的,1.0
致敬，国士无双,2.0
为什么我既没文化，长得又挫？[失望],0.0
音乐配得垃圾点了吧,2.0
要在年轻人中大力宣传。持之以恒，改变风气。,0.0
为什么别人长得好看又聪明，上天不公平[doge],0.0
应该很难，因为现在明星只有帅，没有大国重器加持～能火10年都好了,1.0
是我  就是我 没文化还长得挫~,0.0
致敬国士无双[心][威武],2.0
[good],2.0
致敬[good],2.0
你好，不是他粉丝，作为路人我也举报你,0.0
致敬国士无双！！[心],2.0
这层楼还有杠的啊[微笑]咋滴，人家就是比你们家哥哥好看[太开心],2.0
致敬国士无双[心],2.0
强烈呼吁国家宣传部门向我们的青少年推荐这样的偶像追星！禁追娱乐圈明星！！[怒],2.0
这才是共和国之辉，国之栋梁，中国不需要明星需要实干家，那些明星有多远滚多远吧。,2.0
钟老帅气[酷],2.0
东油校友？？,2.0
为啥没有方方？[思考],1.0
#遇见西南医科大的时光[超话]# 那年他们风华正茂,2.0
眼睛里闪耀着智慧，这才是真正的帅气！,2.0
说实话，因为学历的原因，要不是诺贝尔奖，唉,2.0
不得不说都好帅啊年轻的时候[求关注],2.0
值得尊敬的英雄，魅力四射,2.0
这些才是最值得追捧的明星,2.0
他们都是中国的英雄,2.0
敬国士无双！,2.0
妈呀，王院长那是什么神仙颜值[跪了],2.0
致敬[给你小心心],2.0
没人表白邓稼先爷爷嘛！！我觉得超级帅啊啊我好爱[加油]🙋,2.0
王爷爷好帅[爱你],2.0
致敬国士无双[心],2.0
我们爱追谁就追谁，追星不代表我们不喜欢不尊敬这些老一辈名人科学家对祖国有贡献的人我们照样都喜欢都尊敬，您想追你就追别把自己的想法强按在别人头上[可爱]别捧一踩一好嘛[太开心],0.0
自古英雄出少年！,2.0
偶像也曾年轻[鲜花],2.0
？现在有些路人就这水平？[太开心],0.0
怎么没有莫言啊。文学也不能少啊。,1.0
致敬国士无双，感谢你们！,2.0
国士无双，中华民族的脊梁！,2.0
曾经风华正茂，如今国士无双[心],2.0
图片评论 http://t.cn/EKsOnWb,1.0
这些人的智商是我一辈子都不可企及的,2.0
国士无双[给你小心心],2.0
王德民是真帅,2.0
昔少年风华正茂,2.0
致敬国士无双[心] ,2.0
向英雄致敬，他们是最可爱的人[心],2.0
国士无双，致敬[给你小心心],2.0
王德民秒杀现在的小鲜肉,0.0
国家的中流砥柱，科学界的领军人物👍,2.0
应该多宣扬这些做实事的真名星。,2.0
看看每天的电视新闻，报道大小官员和报道科学家、科研人员的用时比是多少？不要再装腔作势了，知识分子依然是臭老九！,0.0
邓稼先爷爷好帅啊,2.0
你真的是所有评论中最傻的那个，你这不是给肖战招黑吗，虽然他已经黑得洗不出来了,0.0
太敷衍了 你如果是真的想致敬人家 就该把16个人名圈写出来 只写四个耳熟能详的是为了什么 吸引眼球？身为官媒 不过如此,0.0
[微笑][赞],2.0
致敬[鲜花],2.0
[心]夜空中最亮的星,2.0
谁无年青奔涌过,2.0
致敬[心]因您们感到自豪[鲜花]！愿教育部门能够用多种形式向学生传递这些令国人骄傲的栋梁，让学生变成他们的粉丝而不是变成追星无脑粉,2.0
南仁东，黄旭华[给你小心心],2.0
国家栋梁[good],2.0
致敬国土无双  感恩,2.0
都好帅好漂亮呀,2.0
致敬国士无双[鼓掌],2.0
这才是真正的明星 ，致敬。,2.0
致敬国士无双  因为有他们才有我们的国富民强·衣食无忧..,2.0
[赞][good],2.0
英雄楷模致敬,2.0
[good],2.0
天呢！！都好帅呀！！ 致敬！！[心],2.0
绝了真的风华绝代,2.0
致敬国士无双！,2.0
向为祖国做出贡献的科学家致敬！,2.0
1公然承诺，R币会小幅度稳步升值，变相为投机行为提供了政策保险，R币成了投机工具，瓦解了金融所有的管理防线。 2要实施必要的金融锁国，阻止国民财富以类似财政补贴方式转移支付给国际金融资本。 3关注他们对我资本管理人事安排渗透问题。金融活动在全世界都属于准军事活动。《人民币的信用基础》,-1.0
妈耶，最后一位爷爷怎么那么好看，神仙么,2.0
没看够，放了好几遍！,2.0
致敬国士无双！,2.0
都好好看[羞嗒嗒],2.0
致敬为我们国家做出贡献的你们[心],2.0
欧 天呐 好帅[害羞]想嫁#相信未来# ,2.0
眼里有光，魅力四射,2.0
真正的明星[赞],2.0
国家的栋梁。,2.0
怎么能没有任大教主呢,1.0
[good],2.0
灿弱明星！真正的星！,2.0
袁隆平把十几亿人都喂胖了怎么他自己这么瘦啊，瘦了一辈子[二哈],1.0
吴孟超先生也超好看,2.0
⭕️粉人民日报，致敬大咖[心],2.0
[good],2.0
怎么没有王文宏？,1.0
被人民日报圈粉了[鼓掌],2.0
三悟博客资源站,-1.0
确实这句话有点夸张,1.0
这才是真正的偶像,2.0
王德民爷爷年轻时那是绝美的男子啊！,2.0
致敬！[心],2.0
这才是真正的明星,2.0
致敬伟大的科学家,2.0
致敬国士无双！,2.0
向伟大的中国人致敬！,2.0
致敬为国争光，贡献青春的国士！榜样的力量[心],2.0
最敬佩的男神，女神们,2.0
大国工匠[中国赞],2.0
[good],2.0
致敬国士无双，他们每一个人都值得尊敬[心],2.0
共和国的脊梁,2.0
共和国的脊梁 向你们致敬,2.0
大中华国士无双。,2.0
他现在也能看得出很帅啊,2.0
为什么要把院士和明星比？？不是一个水平的好吗，每次都有说这种话的。。,0.0
[good],2.0
在我心中，他们永远风华正茂。致敬，感谢你们所有的付出[心],2.0
[good],2.0
致敬！国士无双！,2.0
祖国脊梁，国士无双！致敬！,2.0
好好的照片正常的展示不好吗非的弄得花里胡哨的眼睛花,0.0
致敬国士无双,2.0
值得尊敬的英雄,2.0
#2005# 五四青年，青年的力量！,2.0
果然腹有诗书气自华，找对象还得找帅的[偷笑],2.0
“这个时代的年轻一代被赋予未知 挑战 困难 也被赋予力量 机遇 和希望 时代的弄潮儿是我们 国家的建设者是我们 民族的希望更是我们 年轻一代有勇气 意味着未来的一切都有希望” ​​,2.0
[good],2.0
[good],2.0
袁隆平、钟南山、李兰娟、屠呦呦、黄旭华、于敏、张富清、郎平、钱学森、邓稼先、华罗庚、孙家栋、南仁东、吴孟超、程开甲、王德民，各位大咖，五四快乐！,2.0
致敬国士无双,2.0
怎么都这么帅这么美！[心],2.0
“恰同学少年，风华正茂”。  五四青年节的内涵是：外争国权，内惩国贼。 ,2.0
中国人的骄傲[可爱],2.0
er liu 报纸[哈哈]照片都弄错了,0.0
致敬国土无双！,2.0
他们曾风华正茂[泪],2.0
华罗庚怎么这么像他的学生王元,1.0
钱学森和王德民是真的帅啊！可直接出道的那种！[爱你],2.0
王院士:只有不正经的人才会谈论长相【严肃脸】,2.0
不是抬杠..单纯的想问一下，郎平教练放在这个list里面是不太合适？别人都是院士，两弹元勋，科学家啊。,1.0
种豆南山下，草盛豆苗稀。 晨兴理荒秽，带月荷锄归。 道狭草木长，夕露沾我衣。 衣沾不足惜，但使愿无违。,2.0
[good],2.0
值得尊敬的英雄，魅力四射,2.0
我去王德民好帅！,2.0
真的 太绝了呜呜,2.0
万中无一，绝世奇才。,2.0
不会真的有人觉得现在的小鲜肉能和视频里几位相提并论吧？,0.0
钟老[good],2.0
魅力十足，国士无双,2.0
这些才是值得尊重的人。而那些老阴阳为什么还活着,2.0
王德民我的天，惊为天人！,2.0
数学家华罗庚用了王元的照片?,1.0
[good],2.0
致敬国士，国之栋梁,2.0
[加油][赞],2.0
赶紧造神 事出必有妖,0.0
国士无双[赞],2.0
年轻人如果心里无火，眼里无光，那么国家、世界还有什么希望； 并不是每个年轻人都要发光发亮，至少要有部分年轻人负责起各个行业的未来。 整体而言国家制定的策略还是很贴切的，各种奖励、基金都有年龄段的限制，因为只有年轻人思维才不受限制，才能打破常规，不断突破。 ,2.0
致敬国土无双[心],2.0
致敬你们的青春,2.0
真正的国士无双，致敬[good],2.0
钟南山爷爷年轻时候也好看啊 ，,2.0
好帅，年代记忆[爱你],2.0
致敬。[嘻嘻],2.0
王德民老先生简直了！神颜！！我看过的唯一能跟他放在一起比的只有尊龙！黄旭华老先生也很好看！他们真就是风华正茂！丰神俊朗！感谢他们为我们的国家所做的一切！祝他们和他们的家人都安好！,2.0
都是值得尊敬的新时代民族英雄，应该被牢牢的载入史册,2.0
致敬国世无双[心]你们辛苦了,2.0
一代杰出的英才[鼓掌],2.0
书生意气，挥斥方遒,2.0
[赞][作揖],2.0
国之柱石[赞啊],2.0
因为混血吧？,2.0
致敬国士无双！,2.0
都是我的偶像！加油所有的兄弟！,2.0
致敬[作揖],2.0
致敬！王爷爷太帅啦！,2.0
哦了你说呢额,2.0
#清华美院初选分数线# 人生因奋斗而出彩，数万美术生每天画画到凌晨，只为梦想院校，而现在突然更改政策，措不及防，让数万考生失去考试机会，请大家帮帮我们，点赞评论转发，拜托了，你的三秒钟，将帮助数万美术生的一生,-1.0
风华正茂少年郎，国士无双中华强,2.0
不惑现在 不畏将来,2.0
敬礼[爱你],2.0
[good],2.0
致敬！同时激励自己,2.0
评论长相的都是白痴,0.0
致敬[心]看哭了,2.0
还有袁隆平老先生,2.0
王德民爷爷也太帅了吧！！,2.0
告诉大家什么才是科学家，现在的孩子崇拜的是爱豆明星,2.0
感恩人间有你们！,2.0
致敬每一位国家的脊梁,2.0
有才，有颜，并且干着惊天动地事，做着隐性埋名的人，致敬科学家们！,2.0
致敬。[心],2.0
我站邓老！！,2.0
我还是曾经那个少年,2.0
[并不简单],2.0
王校长真的好帅啊啊绝了,2.0
致敬！[中国赞],2.0
敬国士无双！🇨🇳,2.0
邓先生和王校长[羞嗒嗒],2.0
致敬国士无双,2.0
太好哭了[悲伤]那年 他们风华正茂[悲伤]他们也曾意气风发啊[悲伤],2.0
多宣传科学家，少宣传这个那个戏子,2.0
一个个熟悉的名字，都是中国🇨🇳的骄傲[心],2.0
致敬！[心],2.0
致敬那些年的青年们，青春无价，青春万岁。,2.0
这才是真正的明星,2.0
[good],2.0
曾经风华正茂，致敬国士无双，都太帅了，[赞]，这是年轻一代最该追的星。,2.0
[中国赞]#相信未来# ,2.0
英雄风采无双，大家尊敬的榜样,2.0
好帅 致敬英雄,2.0
王德民绝了[泪],2.0
真正的帅气！,2.0
致敬[心] 青年当自强 我爱我国,2.0
这才是年轻应该追的明星👍，看看那些娱乐明星说声今天我生日都能上热榜😓。真是无法理解现在的年轻人！,0.0
致敬 他们年轻时的样子真美,2.0
[doge],2.0
致敬[心]男神,2.0
电影，影视剧素材这不就来了吗。活生生的例子，非要拍啥nc恋爱剧[摊手],0.0
值得尊敬👍🏻,2.0
【那年，他们曾风华正茂！#16位大咖的青年照#[心]】袁隆平、钟南山、屠呦呦、钱学森…那些年，这些灿若星辰的名字，也曾风华正茂。转发，致敬国士无双！#青春的逆行#  ,2.0
留学归来就是不一样,2.0
致敬国士无双,2.0
国士无双[心],2.0
那年，风华正茂[心],2.0
共和国脊梁！,2.0
真正的男神女神[心],2.0
谢谢众多善良正义人士关注🙏🙏，不能一一回复，请大家见谅。帮忙顶一下微博置顶那条[作揖],-1.0
俗人不都讨论这些嘛。[允悲],0.0
最后一个王院士…帅爆了,2.0
用追星.爱网红的心来记住他们❤️,2.0
钱学森心里一万句mmp,2.0
真学者专家又真帅,2.0
#五四青年节# 曾经风华正茂，如今中流砥柱。致敬国士无双！,2.0
致敬前辈，不知现在留学生中还能不能再出一个这样的科学专家,2.0
王德名真的帅[跪了] 致敬国士无双❤️,2.0
袁爷爷与王校长的长相真的是[赞],2.0
最后一句应是：致敬无双国士,2.0
邓稼先帅的一比[哈哈],2.0
曾经风华正茂！致敬国士无双！,2.0
真的帅[跪了],2.0
向英雄敬礼！,2.0
想当年也是万千少女的梦中情人，是这么解释吧[偷乐],2.0
致敬！国士无双！[中国赞],2.0
他们， 也曾是后浪[心],2.0
帅气又有才华,2.0
真的好帅[微笑]#阳光信用#,2.0
王德明太帅了吧,2.0
一个也没认出来[汗],2.0
自己没理，直接用粉籍攻击人，我可真无语，路人就这种水平么[嘻嘻]（原话奉回），你觉得舒服么[嘻嘻],0.0
王德明？？我的天啊,2.0
刚刚看完横空出世，特别好看，推荐,2.0
致敬国士无双,2.0
是钱学森最有颜值，加上身价和民主光环！理论上民国美女没有一个可以抵抗！,2.0
太快了，没看清！ 为他们点赞！,2.0
致敬，不负青春，不负韶华！！,2.0
风华正茂 一如当年,2.0
致敬 国士无双,2.0
致敬国士无双,2.0
我滴天，怎么都这么帅，这么美[心],2.0
心里和眼里都是光🚩,2.0
您这就开始攻击了?您可真厉害，而且，别按头粉籍，我没带着粉籍跟你说话，谢谢[嘻嘻],0.0
真的是风华正茂[心],2.0
感谢有你们[心],2.0
致敬国士无双！,2.0
我们要追的星是科技之星⭐,2.0
他们风华正茂之际，他们敢为人先，他们毕生奉献！[微风],2.0
屠呦呦！女神大人！[偷笑],2.0
这才是才貌双全啊，我都可以[爱你],2.0
当年的小鲜肉,0.0
致敬国士无双[赞啊],2.0
值得尊敬的！好有气质哇,0.0
高山仰止[作揖],2.0
岁月最无情，仁德更无价。,2.0
致敬国士无双！幸得有你，山河无恙,2.0
致敬[中国赞],2.0
我觉得这个视频里应该要有主席您，我要抗议！[doge],0.0
从风华正茂到两鬓白发一直致力于中国科研事业，不曾抱怨从不停歇，向你们致敬[赞],2.0
致敬国士无双！,2.0
为他们点赞！,2.0
致敬国士无双[心],2.0
那个时候真的天然美女，天然帅哥,2.0
王德民真是帅,2.0
致敬[给你小心心]国士无双!!现在也依旧风华正茂[求关注],2.0
太帅气了[爱你],2.0
那年，他们曾风华正茂,2.0
向把青春献给祖国的他们致敬！,2.0
最为一个立志成为教师的人，不希望谁谁是国士无双～这样的人才，请给我们名族来一打～越多越好～,2.0
王德明老爷子和钱学森老爷子都好帅,2.0
致敬国士无双～,2.0
#五四青年节# 致敬国士无双！感谢你们，才能成就现在的我们[给你小心心]#感恩# [米奇比心]#五四精神传承有我# ,2.0
黄旭华爷爷也好帅啊啊,2.0
年轻的时候都是帅哥美女,2.0
王德民真的好帅！,2.0
致敬！！[作揖],2.0
又有颜值，又有才华。[憧憬],2.0
颜值与才华并存，好希望自己也能像他们一样为国家做一点贡献,2.0
前老前辈们致敬！英雄们！,2.0
致敬国士无双！,2.0
王德民太帅了[给你小心心],2.0
[太开心]应该说男女通杀  我们都不如他,2.0
致敬！[赞],2.0
这才是我们应该主动弘扬的#正青春#、#正能量#！[中国赞][拳头]那年，他们曾风华正茂！#16位大咖的青年照#[心],2.0
节日快乐，my icons,2.0
国士无双 感恩 感谢 致敬,2.0
国士无双[鲜花],2.0
这个排名顺序，人民日报你是又要做妖啊,2.0
国士无双，致敬！,2.0
他们都很棒[心],2.0
心里有火，眼里有光！五四青年，奋勇向前！中国加油！[中国赞],2.0
曾经风华正茂 致敬国士无双,2.0
[作揖]致敬[作揖],2.0
风华正茂 依旧帅气,2.0
致敬国士[good],2.0
致敬国士无双，最闪亮的星[爱你][米奇比心],2.0
都曾是翩翩少年[心],2.0
人要出名，什么照片都有，莫非这就是传说中的 成王败寇？,1.0
还有周总理[蜡烛]真的太帅了,2.0
那个王，哇哦,2.0
国家脊梁，你们最帅。,2.0
他们也曾是青年人啊，有志之士,2.0
都是我前世的男朋友,2.0
钱爷爷才是真正的英雄啊!一个值得崇拜的偶像,2.0
我们亲爱的总理也可以有姓名的[心],2.0
国士无双[心],2.0
致敬国士无双！,2.0
致敬国士无双❤️,2.0
感谢感恩[给你小心心],2.0
令人敬佩！！,2.0
谢谢你们！！,2.0
国士无双[心],2.0
曾经风华正茂，致敬国士无双！ 🇨🇳,2.0
王校长绝了[泪],2.0
#青春的逆行# 谢谢你们，为如今的祖国曾经做过的贡献，青年一代不会忘记你们的名字！,2.0
哈哈那个是叫‘’于敏‘’吧，我看着有点儿像白岩松，恕我无知[作揖][允悲],1.0
祖国多些这样的人！,2.0
他们才是真正的英雄，是我们该崇拜的英雄！,2.0
致敬国士无双,2.0
致敬国士无双[作揖],2.0
可惜啊，知识分子做事却要政治挂帅，而不是科学第一,0.0
国家的功臣啊,2.0
#青春的逆行# 致敬青春，风华正茂[心],2.0
王德民简直神仙啊,2.0
卧槽为什么可以这么帅,2.0
[good],2.0
如果有一天，我也帅气的登榜了，请不要忘记给我点赞呦[哪吒开心],2.0
感觉个个都是帅帅的[笑cry],2.0
致敬国士无双！[good][加油],2.0
少年强则中国强！,2.0
[羞嗒嗒][给你小心心],2.0
感谢有你们，五四青年节快乐,2.0
TF粉丝就这水平？懂了[笑哈哈],0.0
这位妈妈的办法真的很雷人,1.0
致敬国土无双。,2.0
致敬国士无双！感恩[中国赞],2.0
大佬们俊帅强牛逼,2.0
致敬，国士无双,2.0
致敬[给你小心心],2.0
真正的大咖， 都好帅[心],2.0
致敬国士无双,2.0
[给力]向前辈致敬，把54精神传承下来！,2.0
照片放在一起当然要一起夸，都好看！,0.0
致敬！为中国献出青春的帅哥们,2.0
国士无双，致敬！,2.0
那是团团很早之前的视频，被人民日报说是原创,0.0
致敬！这才是时代英雄！,2.0
帅气啊[笑哈哈],2.0
袁隆平、钟南山、李兰娟、屠呦呦、黄旭华、于敏、张富清、郎平、钱学森、邓稼先、华罗庚……都太好看了，青年节快乐,2.0
致敬国士无双，感恩🙏🙏  ,2.0
中国的奠基人，致敬劳动者与平凡的英雄[拳头][心],2.0
哇塞好帅啊[爱你],2.0
周恩来先生真的好帅气！不管是年轻或是年迈，很有气质！,2.0
年轻的时候都是小鲜肉。周恩来爷爷也是,2.0
致敬国士无双！,2.0
都帅呆了[加油],2.0
致敬！！[心],2.0
钟南山也好看啊,2.0
五十年后再说,2.0
一生人干好一件事多不容易，中国万亿人都如此，就经营出了一个伟大的国家,2.0
学学语文好不好，不要再招黑了[允悲],0.0
王德民院士真真的帅翻全场了[憧憬],2.0
人民更喜欢自己心目中认可的英雄，被官媒刻意宣传出来的顶多算是官媒认可的杰出人士。,0.0
得了，你们夸就夸吧，还踩一捧一的，直接一棒子打死所有人，微博就是厉害，名不虚传,0.0
致敬国士无双！感恩！[心],2.0
那年那月的青春少年,2.0
[威武]帅气,2.0
你曾是少年，永远是美好的少年！[心]#奋斗路上的你永远是少年# ,2.0
感恩 致敬[心],2.0
真的都好帅呀！真的都好漂亮！,2.0
致敬老一辈科学家们[心],2.0
王德民我i了[憧憬],2.0
怎么没有申纪兰？她也算老革命老同志啊！,2.0
还有黄旭华！！,2.0
谢谢你们[心],2.0
真正的大咖！[赞],2.0
致敬❤️ ❤️,2.0
都好帅，年轻时候[好喜欢],2.0
致敬国士无双！[给你小心心],2.0
致敬国士无双！,2.0
王德民帅哭我。,2.0
致敬国士无双！,2.0
感恩(≧∇≦),2.0
敬男神🍷 钱老，您太帅了[色],2.0
闪的有点快，还不仔细看他们的容颜,2.0
值得尊敬的英雄们[good],2.0
找到校友了。不过我是北京校区的😂,2.0
这才是我们应该学的榜样[鼓掌],2.0
屠呦呦！诺贝尔奖啊！,2.0
感觉吴彦祖是王爷爷的低配版本哈哈,2.0
致敬英雄[心],2.0
看的想哭为啥[允悲],1.0
致敬！[心],2.0
致敬，国士无双！！,2.0
屠呦呦居然不是院士[哈哈],0.0
都是美女帅哥,2.0
你比世间万物更让我沉迷。,2.0
敬国士无双[心],2.0
致敬他们，国士无双,2.0
那年，方方叶大鹰……们，也风华正茂,2.0
青年才俊，意气风发，致敬一直青春、赤子之心的他们[心],2.0
国之栋梁！[心][作揖],2.0
都是我国的国宝,2.0
致敬[心][作揖],2.0
致敬国士无双！,2.0
好帅啊！花痴ing,2.0
他们年轻的时候气质真好,2.0
这才是明星！,2.0
我可没带我粉籍说话，你现在的语气完全是对明星的看不起的态度，你没有用一个正常的心态和我讨论这件事，咱俩完全没必要交流,0.0
谁都年轻过啊,2.0
别说这么伤感的事[允悲],2.0
请尊重原创！！,2.0
感恩，致敬[心],2.0
他们是真正的不负青春[心],2.0
我的意思是流量明星跟他们放在一起就不配被踩，你家idol有谁敢说自己不是被吊打吗？,0.0
年轻真好 青年们努力向上生长吧 雨露阳光肥沃的土壤祖国提供给你[ha][微风][音乐],2.0
人日店大欺客，拿别人制作的视频说是自己制作的，脸呢？[吃瓜],0.0
邓稼先，王德民，太帅了[憧憬],2.0
[微笑]你们拿别人视频还说是自己的吗？,0.0
青春无悔，致敬国士[心],2.0
永青春，帅中国!,2.0
🇨🇳[good][心][壞笑],2.0
致敬国士无双！,2.0
致敬国士无双,2.0
哪呢 我想看[哈哈],2.0
?你没有在踩一捧一么?你要在说的就是啊。你这“吊打”这词这么明显，你看不出来么，感觉不出来么，每个行业都有努力，不努力的人，都有付出的人，凭什么要有歧视呢?,1.0
王德民爷爷 哇哇 天呐,2.0
英雄，一直都是死人，别人叫他英雄，都是空谈,2.0
这才是民族的骄傲，而不是那些摇曳屁股的明星，虽然这些人一辈子也没有摇屁股的明星赚的多，但是对国家，民族贡献是最大的,2.0
#微博因我而精彩# 致敬逝去的青春🌞！为祖国的元勋点赞！👍为白衣战士们点赞！[赞啊]为我们自己点赞！[给力],2.0
博主这样的作品多来几搭，糟糕的人生，看看他人优秀风姿，也算幸运[围观][微风],2.0
依然是初心未变的“少年”,2.0
我不想努力了想当包租婆怎么办？,2.0
屠呦呦，您是多少人的期盼，敬您爱您！,2.0
屠呦呦是我专业领域偶像之一[作揖],2.0
[good],2.0
都是气质派伟人,2.0
这才是我们应该追的星,2.0
[中国赞]💖💖,2.0
怕是无人记得这个人了吧，诶,2.0
我忽然想起了木心老爷爷[悲伤],2.0
有才华的国士年轻时也是帅气十足,2.0
五四青年节快乐[心]致敬[羞嗒嗒][心][耶],2.0
年轻的他们好帅呀！,2.0
致敬[拳头],2.0
致敬国士无双！,2.0
你们也曾是少年，依旧不忘初心，向前辈们致敬！！,2.0
致敬国士无双,2.0
致敬[心]感恩[中国赞],2.0
时空筛选机也看脸吗？,2.0
为南叔和德叔大call！！,2.0
为什么你会说这叫捧一踩一，且不说流量明星根本没有跟国士对比的资格，即使放在一起也是吊打式碾压好吧,0.0
国士无双，致敬英雄！,2.0
国士无双！！,2.0
这些都是伟大的奉献者[泪],2.0
因为他是混血,2.0
一代人有一代人的青春！一代人青春有一代人的楷模！,2.0
[赞][爱你],2.0
那时候中国没有官二代，富二代，那时中国没有政府特权。那时中国政府还有一点点信用,2.0
当以国士待之,2.0
致敬国士无双,2.0
郎平在里面真的是很违和。不知道他何德何能能媲美这帮大咖,0.0
中国的骄傲！致敬！👏👏,2.0
他（她）们一直风华正茂[鲜花],2.0
要求去除郎平,0.0
我觉得郎平再拿十个冠军也不配入这个行列。根本不是一个层次,0.0
王德民院士太帅了吧，完美戳中我的男神形象。,2.0
你曾是少年[心],2.0
风华正茂，国士无双！,2.0
哪来的白岩松……,1.0
致敬[中国赞],2.0
我觉得邓稼先很帅,2.0
新的知识增加了。你嫌我是混血不要我，我依旧为了祖国呕心沥血，可悲可叹,2.0
只有不正经的人才讨论颜值[笑cry],0.0
致敬！ 致青春！,2.0
德民爷爷因为神颜又上热评了[二哈],2.0
这个音乐配得满分！,2.0
邓稼先帅啊！！最后压轴的是我们的王德民院士！！[偷乐],2.0
致敬国士无双,2.0
[good],2.0
在专业的岗位上一做就是一生。,2.0
曾经那些少年帅得爆表[good],2.0
王德明好好帅哦,2.0
怎么那那都有你们？人民日报都那么烦你们了还不知道好好闭麦？你家gg作了好大一惊天地泣鬼神的事哦[喵喵],0.0
袁爷爷也很帅啊！[太开心],2.0
巩义农商行贷款10万扣2万砍头息，投诉到银监会银行让贷款公司恶意起诉，巩义法院知道有砍头息还判全额还款并查封房子，冻结银行卡，现在把我搞成黑户，辛苦买的唯一住房要被拍卖，报警不管，投诉到银监会三个月不回复，找当地媒体报道被和谐不让报道，求大家帮忙转发 ​​,-1.0
风华正茂，国士无双，致敬！,2.0
国士无双[心],2.0
王德民爷爷年轻时是真帅。,2.0
钱学森爷爷年轻时候 真帅。,2.0
钱学森老师 邓稼先老师 年轻时好帅！！,2.0
德才貌兼备，致敬🙋,2.0
这才是我们中国人的大明星，超级巨星。,2.0
#青春的逆行# 致敬[心],2.0
我有些流泪了，这个歌配得绝了！,2.0
王校长好帅[舔屏],2.0
致敬英雄，国士无双。,2.0
当真是青年才俊！,2.0
致敬国士无双！,2.0
 #青春的逆行#  那些年，他们都曾风华正茂。我们正青春更应从自身做起担起社会责任！,2.0
钱学森是真的帅[doge],2.0
致敬大佬[中国赞],2.0
每一位都是值得尊敬的英雄，魅力四射[心],2.0
钱学森好帅啊,2.0
屠呦呦为什么选不上院士？,2.0
钱老本来可以靠颜值吃饭，却选择了才华,2.0
致敬国士无双[心],2.0
风华正茂，不负韶华。,2.0
致敬国士无双！感恩[中国赞],2.0
致敬国士无双[good],2.0
有颜有才[心],2.0
nnice[好爱哦][憧憬],2.0
中国的热血青年，都在一代的传承着，你们都是祖国的新生力量，致敬青春，致敬青年们。,2.0
来看帅哥咯！有颜又有才[憧憬],2.0
太帅了直接被秒杀,2.0
值得尊敬的英雄，魅力四射！,2.0
我等不才 愿赴万里崎岖 为国赴命,2.0
英雄值得尊敬,2.0
以后教科书应该用这些大神年轻照。,2.0
风华正茂[心],2.0
致敬，国士无双！[中国赞],2.0
钱学森 王德民 邓稼先太帅了叭,2.0
致敬国士无双，那郎平是国士。。吗,2.0
哪个年轻时候不帅？不漂亮？腹有诗书气自华，幸得您们，山河无恙！,2.0
讲真，钱学森先生的照片选的不是特别好哎，更帅的照片根本都没放🙈,0.0
致敬！[嘻嘻],2.0
李现有点像钱学森[思考],2.0
致敬！[心],2.0
这颜值高智商66..,2.0
#16位大咖的青年照# 感恩[心],2.0
青春终会老去，精神却屹立不倒，致敬国士无双，感恩[中国赞],2.0
致敬国士无双！,2.0
国士无双[good],2.0
这颜值[赞],2.0
好几位都是曾经的留学生,2.0
致敬，感谢你们所有的付出[赞],2.0
值得尊敬的英雄，魅力四射,2.0
尊重每一位英雄！！,2.0
闪亮的名字！,2.0
年轻的时候都是一代帅哥啊～[心],2.0
真的秒杀，现在小鲜肉真的就是小咸肉(腌的),2.0
国之脊梁[心],2.0
郎导[爱你],2.0
钱学森帅死了,2.0
致敬祖国的英雄[心],2.0
屠老师和袁隆平爷爷,2.0
致敬 国士无双,2.0
数风流人物，还看今朝,2.0
最后一个好帅啊 [笑cry],2.0
王德明太帅了吧,2.0
致敬，国之栋梁！！,2.0
平时也有啊.他们也算是劳动者.不过这些杰出人物的贡献能超过成百上千的普通劳动者.当然最大的贡献是广大人民群众,2.0
王德民院士绝了[泪],2.0
致敬 国士无双,2.0
盛世美颜！！太帅了//王德民爷爷年轻时真的好帅气啊！,2.0
[给你小心心],2.0
【那年，他们曾风华正茂！#16位大咖的青年照#[心]】袁隆平、钟南山、屠呦呦、钱学森…那些年，这些灿若星辰的名字，也曾风华正茂。转发，致敬国士无双！#青春的逆行# ,2.0
又是被王德民大大的颜值惊呆的一天,2.0
“世界是你们的，也是我们的，但是归根结底是你们的。你们青年人朝气蓬勃，正在兴旺时期，好像早晨八九点钟的太阳。希望寄托在你们身上。”他还教导同学们说：“青年人应具备两点，一是朝气蓬勃，二是谦虚谨慎。”,2.0
致敬国士无双！！,2.0
妈妈我恋爱了,0.0
王德民先生的颜值是什么神仙颜值！,2.0
致敬 都好好看好有气质[心][鲜花],2.0
年轻时都好帅好美,2.0
致敬国士无双,2.0
真的王院士眼睛好深邃帅呆了[爱你]大国脊梁们都是什么神仙颜值[羞嗒嗒],2.0
致敬国士无双！你们的青春与梦想与祖国同在。感恩[心],2.0
王德民是谁啊,2.0
致敬国士无双[泪],2.0
致敬国土无双,2.0
值得尊敬的伟人[心],2.0
哇喔，来看看大佬们年轻时候的样子！,0.0
王德民爷爷是我的理想型啊[给你小心心],2.0
王爷爷好帅哦[舔屏][憧憬],2.0
五四青年节快乐,2.0
虽然但是 他的绝世美貌没有继承下来还是有点点遗憾[悲伤],2.0
那是毛爷爷时代，人民当家做主，现在谁做主，枪在谁手里？,2.0
瞎吗，你家割割哪里配“国士”二字？不如你们设个肖国鲜肉榜，割割必然独霸全榜跟死死糊在上面一样[doge],0.0
镜头“闪”的太快了点,2.0
这些才是我们的偶像啊！,2.0
//致敬！[心]🙏,2.0
恰同学少年，风华正茂，书生意气，挥斥方遒,2.0
这也太帅了吧,2.0
你要笑屎我了[哈哈],2.0
致敬国士无双！,2.0
你看黄旭华！！,2.0
窗户和门都打开了啊 才华长相双双在线,2.0
明明可以靠颜值吃饭，可人家偏偏用实力！你们都是英雄，向你们致敬[赞],2.0
前三十年是少年新中国，现在是青年阶段。不时刻重温少年新中国的光辉历史，就是在否认自己，人为制造两个时代的对立和分裂，这种思潮已经流行了40年，早该把它扫进历史的垃圾桶，谁再虚无前三十年，谁就是历史的垃圾。,2.0
致敬国士无双[心],2.0
他们曾经风华正茂，致敬国士无双,2.0
都曾经年少风华正茂，都为国为民默默奉献！点赞青年！,2.0
去年看了电影 钱学森。真的很受鼓舞,2.0
 江阴水上公安贪污以及走私。怎么不调查？天下乌鸦一般黑吗？官官相护。国家的腐败。安徽薛国军常年走私。经常贿赂高官。年赚上亿。为何几年之久一直走私。无人查管？内幕有什么隐情？ 详情见微博！,0.0
那年青春正年少，风华正茂正当时,2.0
那年青春正年少，风华正茂正当时。,2.0
请人民日报多多聚焦普通的劳动者,2.0
风华正茂，国士无双,2.0
个个风华正茂 气宇轩昂,2.0
让我们记住这些曾经为国家做出过贡献的人的名字，并以他们年轻时的梦想为榜样！努力奋斗吧！！,2.0
爱他嫁他，想方设法让他娶你。,2.0
还是那个少年[心],2.0
致敬国士无双,2.0
本来我以为是高级黑，结果点进去微博发现竟然是真粉丝,0.0
致敬！[心],2.0
五四精神 传承有我,2.0
风华正茂时代青年有着灿若星辰的未来！,2.0
[心]国之栋梁,2.0
啊啊快速识别帅哥,2.0
他们曾经也是小鲜肉啊！祝大家节日快乐！,2.0
太帅了！致敬[心],2.0
致敬国士无双（他们当中有些人的颜值都可以吊打当今的小鲜肉了）,2.0
都曾是少年，初心不变[给你小心心],2.0
#16位大咖的青年照#真正的大咖，追星的孩子们看过来，做TA们的迷弟迷妹才是人间值得！[赞],2.0
颜值绝了，太帅了，有学问还有颜值绝了,2.0
静音，就猜到了BGM,2.0
风华正茂青春时 明德惟馨暮光明,2.0
那当然了吖[爱你],0.0
李兰娟颜值也是出众的啊,2.0
致敬国士无双！,2.0
王德民同志是什么神仙颜值[跪了],2.0
蔡徐坤骂骂咧咧退出去了,0.0
王德民爷爷真的好帅[羞嗒嗒],2.0
致敬 国士无双,2.0
王德民老先生也太帅啦吧，又有颜又有才,2.0
这才叫青年才俊[good],2.0
致敬，国士无双[心],2.0
见识了真正的青年才俊[good],2.0
国士无双，吾辈之楷模[微笑],2.0
王德民绝了[泪],2.0
就知道一定会有王德民老先生[喵喵],2.0
钱学森年轻时候好帅啊，王德民为啥有点混血儿的味道,2.0
有梦想的人永远年轻[爱你],2.0
致敬国士无双,2.0
致敬国士无双，感恩你们❤ ,2.0
致敬国士无双！,2.0
致敬，国士无双！,2.0
王德民先生好帅[害羞],2.0
年轻人有多少人认识？估计只知道男团女团什么创什么青吧,0.0
我的ma呀王校长忒帅了吧！！,2.0
王德民太绝了！邓稼先也可[允悲],2.0
王德民爷爷也太帅了吧[泪],2.0
当年，他们也风华绝代，我们这一代人一定要继承和发展好我们的祖国。,2.0
这才是我们应该追的明星。,2.0
好好看[心][鲜花][憧憬],2.0
他们都风华正茂,2.0
国家的骄傲！,2.0
腹有诗书气自华,2.0
朗阿姨冲呀！！[心],2.0
风华正茂时，每一个都阳光灿烂！,2.0
#五四青年节# [心],2.0
还是有点帅！,2.0
[good],2.0
致敬[加油],2.0
剪辑看得我头晕但是大佬们年轻时就气度不凡,2.0
能不能别搞这些花里胡哨的bgm,0.0
曾经的风华正茂，双眸星辰，如今的他们，是星辰和大海，给了我们新时代青年指引正确的方向,2.0
致敬，时代的巨人,2.0
恰同学少年 风华正茂，书生意气，挥斥方遒，,2.0
致敬国士无双！感恩[中国赞],2.0
钱学森 🉑️,2.0
[good],2.0
钱学森爷爷这么的帅,2.0
能不能做成图片让人慢慢看，学人做这种视频真的很不方便看,0.0
天呢，王德民爷爷太帅了[泪],2.0
致敬[中国赞],2.0
钱学森的气质一看就是翩翩贵公子啊,2.0
[good],2.0
真正帅气的人,2.0
国士无双[心],2.0
最帅/美的人啊！！,2.0
风华正茂[赞],2.0
钱学森乍一眼好像李现[doge],2.0
给爷整笑了[可爱],2.0
王德民先生真的好帅啊[笑而不语],2.0
邓稼先年轻时候好帅,2.0
青春终会老去，精神却屹立不倒，致敬国士无双，感恩💪🏻,2.0
恰同学少年 风华正茂,2.0
王德民院士好帅啊！,2.0
帅哥美女[太开心],2.0
向英雄致敬[心],2.0
王德明爷爷，黄旭华爷爷，钱学森爷爷，还有邓稼先爷爷我的妈呀好看还聪明,2.0
邓稼先王德民太帅了[泪],2.0
致敬[鲜花],2.0
王德民我太爱了,2.0
太帅了！太美了！,2.0
致敬国土无双🇨🇳 ,2.0
有几个好帅呀😁,2.0
致敬国士无双[心],2.0
致敬国士无双[赞],2.0
王德民好帅啊,2.0
致敬国士无双！,2.0
郎平还没资格跟其他几位并列吧,0.0
致敬[鲜花],2.0
我觉得他们一直风华正茂，魅力四射[嘻嘻],0.0
#对青春最好的致敬是成为最好的自己#  这个时代的年轻一代被赋予未知 、挑战、 困难 ，也被赋予力量 、机遇和希望， 时代的弄潮儿是我们 ，国家的建设者是我们 ，民族的希望更是我们 ，年轻一代有勇气， 意味着未来的一切都有希望！加油！,2.0
这里面的大咖很多都有一个共同的特点，男就是耳朵上方很尖很长，切耳朵比较往外翻，可能这样耳朵在课堂上老师讲的内容能听的特别清楚[允悲]所以才能成为大咖！,0.0
王德民校长帅到我了[泪],2.0
王德明？是混血兒嗎？那雙眼睛哈哈,2.0
woc太绝了我一下被经验,0.0
了解，小知识get[ok]感谢科普！,1.0
一百年后，同样的标题，里头就有我。,0.0
专门做一个“国之重器”区,2.0
五四精神，亘古不变！,2.0
致敬国士无双！[心],2.0
最后一个是不是太帅了,2.0
多发这些正能量的,2.0
你们王老师好帅呀。,2.0
看西南联大，get到邓稼先爷爷的颜值！,2.0
都是我们中华人民所敬仰的英雄[心],2.0
都是英雄啊！,2.0
王德民！钱学森！程开甲！钟南山！我最喜欢的都在[羞嗒嗒],2.0
好的，了解[ok]怪美貌蒙住了我的双眼[污]没有表述正确，不过还好看到我下面的楼主认真做了科普,0.0
哈哈，笑死我了,2.0
王德民简直了[心],2.0
好帅气的几位爷爷[给你小心心],2.0
绝了，这颜值,2.0
国士无双[赞]颜值是他们最不值得一提的优点[挤眼],2.0
帅就一个字我只说一次[允悲],2.0
都是帅气的小鲜肉呢。,2.0
王德民好帅[赞],2.0
五四青年节，快乐[心],2.0
如果有周总理  那肯定是第一名,0.0
致敬所有大国国士，王德民爷爷太帅了[心],2.0
国士无双[赞],2.0
邓稼先爷爷还帅,2.0
每个都是咋看咋好看[心],2.0
#青春的逆行# 国士无双，也曾风华正茂[good],2.0
王德民太绝了，放在现今小鲜肉没有一个能打的！简直是颜值界的天花板啊,1.0
曾经的青年中坚力量[good],2.0
每个咋都那么好看[爱你],2.0
致敬国士无双，感恩[中国赞],2.0
五四青年节快乐,2.0
我觉得我可以追星了,0.0
停留时间再长一点[允悲]不够看的,1.0
崇尚科学家，尊重科学家，争做科学家，人人科学家，那样中国才更加繁荣昌盛富强！,2.0
每一个人都是国家和民族的骄傲，我们不会忘记他们做出的贡献。,2.0
致敬国士无双！五四快乐！,2.0
国士无双，致敬!,2.0
是啊，日夜星辰，呵呵,2.0
邓稼先爷爷！！永远敬佩他！,2.0
王德民！！土拨鼠叫！！,2.0
致敬！！[good],2.0
都是值得尊敬的人呐[赞],2.0
时代楷模[心],2.0
致敬国士无双,2.0
风华正茂，国之栋梁，是我辈青年人的奋斗榜样！,2.0
钱老 和王老真绝了,2.0
[good],2.0
王德民也太帅了,2.0
这才是真正的大咖啊[心]致敬国士无双！,2.0
青年节快乐[心],2.0
致敬青春，现在的幸福生活是你们的青春在闪亮,2.0
好珍贵的照片,0.0
王德民先生好帅,2.0
那些年，这些灿若星辰的名字，也曾风华正茂。转发，致敬国士无双！,2.0
王德民爷爷太帅了[太开心],2.0
怎么有朗平，她能称为国士无双,2.0
王德民老人真帅！,2.0
致敬国士无双[心],2.0
致敬国士无双！感恩[中国赞],2.0
国士无双[心],2.0
大咖这颜值这精气神儿[good],2.0
瞬间被钱学森爷爷迷住了[嘻嘻] 王德民爷爷有混血王子的感觉[挤眼],2.0
这难道就是传说中长的帅又聪明又有能力又有文化的终极男神吗,2.0
看到王德民爷爷直接傻了好帅！,2.0
有被王德明帅到,2.0
曾经风华正茂，致敬国士无双！,2.0
配的英文BGM，鄙视,0.0
王德民是什么神仙，惊艳了,2.0
致敬国士无双[good],2.0
好帅好靓的一代神仙国士[心],2.0
也曾风华正茂，致敬青年[给你小心心],2.0
钟老袁老也是帅哒[嘻嘻],0.0
这才是我们的偶像,2.0
这bgm[允悲],0.0
谢谢关注🙏🙏我微博置顶那条有所有经由，帮忙顶一下那条[作揖],-1.0
respect,2.0
好帅的哥哥…不对…是……爷爷,2.0
知识不仅改变命运，也改变气质容貌,1.0
国士无双[心],2.0
太帅了😘😘我们的英雄,2.0
风华正茂！（王德明老先生真的一直超帅啊！）,2.0
世界平平无奇，有了你们的加入，添加了一份色彩。,2.0
致敬国士无双[心],2.0
邓爷爷好帅啊,2.0
邓稼先先生衣品真好,2.0
南仁东！！好帅！！,2.0
国士无双！！致敬,2.0
我好像在破站看过这个视频？,0.0
致敬国士无双,2.0
青春无悔，国士无双,2.0
致敬国士无双。,2.0
果真都是大咖，发现他们颜值都还蛮高的，致敬！,2.0
#五四青年节# 青春，一个听起来就让人热血沸腾的词！没有谁的青春不是绚丽多彩的！敢想，敢做，敢拼搏才是青春该有的样子！曾经的他们也曾风华正茂，曾经的他们也曾努力奋斗！如今，在我们的青春中有你们，真好！,2.0
真的王爷爷太好看了叭,2.0
致敬！共勉！[加油],2.0
那年，他们曾风华正茂,2.0
王德民太帅了吧[泪],2.0
#16位大咖的青年照#,2.0
都是方脸，我很有希望啊,2.0
风华正茂，国士无双[作揖],2.0
致敬！！顺带说一下王德明爷爷真的是好帅啊,2.0
致敬！感谢[心],2.0
国士无双，永远风华正茂[心],2.0
[给你小心心],2.0
压轴的王德民爷爷帅爆了！,2.0
老兵不老，国士无双[鲜花],2.0
好酷!致敬[泪],2.0
先仲裁。劳动部门会处理的，拖欠农民工工资现在可不是小事！,-1.0
真正的星 [赞],2.0
邓稼先爷爷好帅！,2.0
上周四中午去单位楼下的华联买东西，结账时前面一位80多岁的小老太太把东西从购物框里拿到收银台，最后一袋面她拎不动，我帮她拎出来-结账-装到她自己的购物车，她跟我主动聊起她跟老头都清华毕业，老头在清华任教，曾经她上山下乡时干了很多重体力活，曾经也像我们一样有力量，曾经也曾风华正茂！,2.0
这些才是祖国人民的骄傲永远的英雄，为了中国的建设和发展废寝忘食，始终是把国家利益放在第一位，永远铭记于心！,2.0
当年都是可以靠颜值吃饭的，可是选择了埋头努力。向你们致敬！,2.0
周总理诞辰屁都不放一个，现在搁着装什么,2.0
那些年，他们风华正茂，而现在，我们风华正茂～[心],2.0
没必要总说种话，听多了就烦了，别踩一捧一了，谢谢,0.0
不知道啊，没他帅呗看不惯[允悲],0.0
最后一位分明是东华帝君嘛[嘻嘻],2.0
这都是什么神仙颜值呀，明明可以靠颜值缺偏偏要靠实力[good]顺便说一句，黄老、邓老和王老简直长在我的审美上[污],2.0
恰同学少年，风华正茂,2.0
都是中国人的骄傲,2.0
除掉背景音乐，视频是好视频，掉分音乐拉低档次,0.0
全都是一表人才，美貌智慧并存啊。爱了[太开心],2.0
王德民好像帝君啊[太开心],0.0
王德民先生真是帅爆了[笑而不语],2.0
[good],2.0
袁隆平爷爷好帅啊,2.0
值得尊敬的英雄！,2.0
只有你的评价最正  其他的评价呵呵 第一反应居然是帅不帅 想想就可怕,2.0
王德民太帅了！！,2.0
这才是流量明星,2.0
#五四精神传承有我# ,2.0
李兰娟院士也太可了吧！好有感觉，真的是那个年代知识女青年的样子！,2.0
王老帅的没有边际[求关注],2.0
日日行，不怕千万里；常常在，不怕千万事。,2.0
啊啊在线pink王德民爷爷！！太帅气了[泪]！致敬国士无双！！,2.0
我狠狠地骗了自己一巴掌，告诉自己不能对他们有非分之想，但还是控制不住上扬的嘴角[doge],2.0
杠精本精[二哈],2.0
致敬国士无双[中国赞],2.0
太帅了 你知道我说什么吧[哈哈],2.0
灿若星辰，国士无双。[心],2.0
