评论内容,predict
一朵美丽的道德之花绽放了,2.0
愿这样的美好多一些,2.0
忍不住流泪。只要有一个人能为我们挺身而出，心里就又充满斗志！,2.0
下意识的善良是最宝贵的，很多人都有。,2.0
相信正义的力量,2.0
希望这样的事情再也不要发生了，互相体谅，依法追究,2.0
不要学医，辛辛苦苦最后非死即伤[伤心],0.0
好人有好报[爱你],2.0
太温柔的一个人了！,2.0
希望有法可依，有法必依，好人一生平安！,2.0
好人一生平安！,2.0
好人一生平安,2.0
[悲伤]一定要平安,2.0
感谢你的挺身而出~[赞],2.0
为善良的母女点赞[good]医者仁心，赢得善待！,2.0
好人一生平安,2.0
这也是好医生坚持下去的原因,2.0
人间自有真情在,2.0
致敬！好人一生平安！[心],2.0
好人一生平安！,2.0
学会感恩[心],2.0
挡刀的太勇敢了[good],2.0
善良的人一定会幸运的[心],2.0
伤害他们的人真该判死刑！,2.0
我想知道那个伤医的凶手怎么处理了，陶医生这么个前途无量的医生被这样对待为啥都没处置行凶者的消息出来[疑问],0.0
医生给患者希望，全社会给医生安全，努力打击伤医行为，各医院增加安检能力，切实保护医护人员的安全,2.0
致敬[心]好人有好运,2.0
我治好了你，你却拿刀要杀了我！唉！,2.0
好人一生平安[心],2.0
感动[可怜]希望好人一生平安,2.0
好人一生平安[心]，谢谢你,2.0
好人一生平安[作揖],2.0
看到网友们都这么阳光积极也挺欣慰的，希望以后不要再有这种恶性事件了。[白眼]虽然我觉得这事别就这样结束，家属黑名单还是要做的。没家风哪儿来的人疯,2.0
[抱抱][心],2.0
希望好人一身平安,2.0
伤人者最后怎么判了,2.0
都是善良有良心的人  赞赞👍,2.0
祝陶医生好人一生平安！感恩为陶医生挡刀的患者和医生！感恩大家救了一位好医生！祝大家幸福平安！吉祥健康！祝陶医生永远平安健康！感恩为患者付出的所有医护人员！祝大家好人一生平安健康！[心]🙏🙏,2.0
医生这个职业真的特别伟大，他们值得我们尊敬和关爱！你可以不关注他们，但请不要伤害他们！做人要有良心！,2.0
严惩坏人才对得起好人！,2.0
好人一生平安,2.0
都是善良的人，都值得敬佩的人[good][心],2.0
真的感动，愿你们都好！,2.0
武汉加油，中国加油，20加油,2.0
真勇敢啊[泪],2.0
愿世间所有好人都平安,2.0
医患双方本应相敬如宾,2.0
不知陶医生现在情况怎样了！,1.0
好人一生平安,2.0
我竟然第一次知道还有人为他挡刀！太好哭了,0.0
家属好样的[中国赞],2.0
见义勇为了！,2.0
感动！谢谢挺身而出！,2.0
陶医生有些憔悴，没有当初的意气风发了[泪],1.0
这样的医患关系是真的很感人[心],2.0
[微笑][点亮平安灯],2.0
暴力伤医的人就该爬,2.0
世界有恶也有善,2.0
替陶医生谢谢你，美丽的小姐姐[心],2.0
好人一生平安,2.0
【#陶勇医生握住为他挡刀患者家属的手#】,1.0
陶医生已经能出门诊了吗？,1.0
最棒的你们❤️,2.0
谢谢你们的善良[可爱],2.0
医院门口做安检，莫让刀具进院房。,1.0
愿好人一生平安喜乐！[鲜花],2.0
[鲜花][心],2.0
世上的好人多,2.0
不知道怎么说,2.0
愿好人一生平安!,2.0
好人一生平安,2.0
致敬勇敢的家属！,2.0
如何让好人一生平安落到实处才是最重要的…,2.0
[悲伤]善良的人可以多一点点好运吗,2.0
都是善良的人,2.0
谢谢她救了陶勇医生，给了从医的人坚持下去的勇气和信心。,2.0
行凶的人怎么惩处[怒],0.0
美国人真够坏的 在医院干出这种事 这就是自由的美利坚，自由的香气,0.0
善良的人还是多,2.0
沃日 我流泪,2.0
这才是真正的医患关系[鲜花][赞],2.0
用真心换真心,2.0
善良的人再多，也抵挡不住垃圾人的伤害啊，你看陶医生，明显苍老了很多，这么大的手术恢复都得好长时间,1.0
善良的人一定会有福报！愿陶医生和这两位女士诸事顺意万事如意天天开心越来越好(✪▽✪)！,2.0
永远有人让你看到世界最美好的一面。,2.0
酸酸的又暖暖的，谢谢你[心],2.0
好人一生平安,2.0
丧事喜办，真是中国特色,2.0
人也有三六九等，有骄傲自满的实际上不咋地的，有谦卑的，有老实巴交的不惹事的，有各种各样的人,1.0
[中国赞]真情和大爱,2.0
[泪]还好有你和你,2.0
太勇敢了，好人一生平安。,2.0
好人一生平安！,2.0
你们医生老说现在的患者如何不是，你在握着这个患者家属的手时，有没有想过收回扣时，有多可耻？,0.0
好感动[泪],2.0
谢谢这位勇敢的女士，你为大家保护了陶医生！,2.0
善良的人还是多数的[给你小心心],2.0
平平安安的过好这一生吧[心],2.0
总感到心酸心疼，然后又很可惜很遗憾,2.0
[good],2.0
谢谢你们，都是好人[泪]🙏🙏,2.0
好人一生平安,2.0
好人一生平安，致敬[心],2.0
讨论医患关系是歪楼了，永远讨论不出什么，刑事犯罪就是刑事犯罪，管他是学生家长还是患者家属！,1.0
正义感是每个善良的人的底线！,2.0
谢谢你们为陶医生拼过命,2.0
人间有正义！,2.0
谢谢你，谢谢你们！,2.0
暴力伤医的都应该得到严惩,2.0
好人一生平安[心],2.0
相信好人有好報[赞],2.0
没仔细看标题，看到标题吓我一跳，我以为陶医生又出事了[汗],0.0
安！检！安！保！！,2.0
好人一生平安！,2.0
真的哭了，希望好人一生平安，感谢你们尊重白衣天使,2.0
好人一生平安🙏🙏,2.0
[good],2.0
谢谢你[赞],2.0
好人一生平安,2.0
看的令人难过！愿好人一生平安,2.0
[good],2.0
英雄！勇气可嘉,2.0
所以施暴者后续是什么，有人知道吗,2.0
好人有好报的,2.0
温柔的人给予彼此力量[给你小心心],2.0
好人一生平安[心],2.0
谢谢你们，医生和这个勇敢的人,2.0
好人有好报🙏,2.0
一直都是好人更多的,2.0
好人一生平安,2.0
好人一生平安,2.0
两位好人一生平安,2.0
这是一个有爱的世界啊,2.0
好人一生平安~[抱抱][心],2.0
一声叹息，夫复何言？两行清泪，心向善良！,2.0
严厉打击医闹，校闹，不是谁闹谁就有理，不要让付出的人寒心,2.0
好人一生平安[心],2.0
好人一生平安[泪],2.0
好人一生平安🙏,2.0
致敬白衣天使[心],2.0
好人一生平安,2.0
好人一生平安！！,2.0
这个看到的人都赞,2.0
好人一生平安,2.0
医生太难了啊！,2.0
希望都能平安喜乐,2.0
好人一生平安,2.0
致敬！勇敢！,2.0
好人一生平安[心],2.0
致敬，谢谢你的挺身而出[心]辛苦了[心],2.0
好人一生平安,2.0
此时此刻，想马加爵的事情最多，一个穷人的孩子，考上大学真的很不容易。被一群势利眼结束了他的生命，而不是他结束了别人的生命，可是法律就是定了他杀了人，这是事实，,2.0
值得敬佩的人[心],2.0
好人一生平安,2.0
都是好人。好人有好报,2.0
谢谢你为我拼过命,2.0
好人一生平安[心],2.0
小姐姐和陶医生都是很好的人啊,2.0
好人一生平安,2.0
温馨的画面好感动人[good] 愿社会形成尊医的好风尚！,2.0
都是善良的人[心],2.0
都是好人 好人一生平安[给你小心心],2.0
是勇气[鲜花],2.0
陶医生还能行医真是太好了,2.0
这世上好人还是多的,2.0
好人一生平安[心],2.0
好人一生平安,2.0
好人一生平安,2.0
好人一生平安！,2.0
一个天使，一个英雄,2.0
致敬，好人一生平安，要切实保护医务人员的安全,2.0
泪目！好人一生平安[心],2.0
[泪]严惩医闹！！,2.0
在一起，在一起,0.0
媒体是要开始写连续剧了吗，让医生重新回归正常生活不好吗,2.0
严惩伤医罪行,2.0
好人一生平安,2.0
田女士太勇敢了！谢谢你,2.0
哪有什么岁月静好，只不过有人冲在前面，愿所有人可以平平安安[心],2.0
善意值得被宣传，好人一生平安！,2.0
都是善良的人[心],2.0
好人一生平安,2.0
真的很感动，为所有从事医疗工作的人感到庆幸，人间尚有温暖在。,2.0
感人，佩服田女士，敬重陶医生，祝福他（她）们。,2.0
好人会有好报,2.0
大家都是好人，好人一生平安[心],2.0
好人一生平安[心],2.0
总有温暖的人,2.0
莆田系医院该整治一下了,0.0
有时善良会让你变得勇敢而不自知,2.0
陶勇医生改变了我的世界观！[心],1.0
正常的拼命，应该是医患共同面对疾病的，而不是面对那些暴力的！,1.0
愿天使守护你们～[爱你],2.0
愿好人一生平安,2.0
后来砍人的人怎么样了？,2.0
好人一生平安啊,2.0
[泪][给你小心心],2.0
[悲伤]陶医生太善良了。,2.0
暖，但希望不要再有這種事情了,2.0
好人一生平安,2.0
做好医院安检和保卫工作，做好医学科普工作，让老百姓知道医学不是万能的，医务人员不是“服务员“，加大对伤人者惩治力度,0.0
谢谢你为我拼过命……”“谢谢你为我拼过命……”致敬这样互相信任携手同行的医患关系！,2.0
真的好可怜 [悲伤]希望你的未来一切安好,2.0
[淚][心],2.0
不是医患矛盾  是违法犯罪！,1.0
[为爱发光],2.0
好人一生平安,2.0
致敬[爱你],2.0
你们都会有福报的！,2.0
好人一生平安,2.0
现在医生和病患冲突比比皆是！医院自身也注意一下，每个看病的心情都好不到哪里去连带着家属也跟着焦躁不安，我们都去过医院光挂号到出检查结果这一系列出来能跑断腿，家属想多问医生几句爱答不理，敷衍了事，包括着前台，挂号处没一个服务态度好的，如果病人自己会看病什么都知道还去医院干嘛！,0.0
好人一生平安,2.0
好人一生平安,2.0
爱是相互的[心],2.0
#陶勇复诊再遇为他挡刀患者家属#  你这一辈子 有没有为谁拼过命[心],1.0
陶勇医生和家属都是好人，一生平安,2.0
谢谢您为陶老师挡刀，祝福您和陶老师今后常安好[心],2.0
好人一生平安！,2.0
医生应是我们最好的朋友,1.0
我说的是请层主不要说“互相”伤害，因为医闹是伤医者单方面的伤害。你的话像是我站在我自己的对立面，请睁大眼睛看看我的原句好么？,1.0
感谢你曾经为我拼过命,2.0
看到这一幕，更觉得那个歹徒该死。什么时候医院才能安检呢？,2.0
后怕，真的不敢看那个画面。,2.0
好人一生平安,2.0
[心]好人一生平安,2.0
【#陶勇医生握住为他挡刀患者家属的手#】27日，北京朝阳医院眼科诊室，正在出诊的陶勇医生遇到了在伤医事件当天为他挡过刀的患者家属田女士带女儿复诊，#两只伤痕累累的手握在了一起#。,1.0
[赞][给你小心心],2.0
逼羊为狼的社会！,2.0
好人一生平安,2.0
谢谢您，您是真正的天使❤️,2.0
好人一生平安！愿有相关措施加紧实行保护医护人员安全！,2.0
陶医生哪里错了？那个患者在其他人那里做手术做得不好，陶医生对他复诊，重新做，他的视力已经恢复一些，可是达不到他想要的结果，他那天要砍的也不是陶医生，是之前给他治的另外一个医生，只是那位医生当天没出门诊，他就把怒火发泄在陶医生那里,1.0
好人一生平安,2.0
如果，我只是说如果再有发生伤医事件，希望在场的男性同胞们都可以挺身而出，制止伤医事件的发生或者恶化。,2.0
心疼医生们 希望更好的保护,2.0
好人一生平安[心],2.0
我是宁夏石嘴山市大武口区的市民，我们62户居民在建设街的房子，在2014被政府拆迁，没有房租，没有拆迁款，回迁房成了烂尾楼。来来回回找政府找了好几年了，被来来回回踢皮球踢了好几年。有的老人没有等到新房去世了，有的年青人准备用拆迁房做新房，结果二孩都会走了，还和父母挤在出租屋里。求关注,1.0
泪目[泪]好人一生平安🙏致敬！,2.0
话说后来凶手怎么样了，枪毙了吗,2.0
不要说“互相”喔，看起来像是医生也错了,2.0
致敬[赞]谢谢你的挺身而出,2.0
好人一生平安,2.0
好人一生平安,2.0
医院也需要加强安保，为好心人有正义感的患者致敬,2.0
致敬最善良的白衣天使[心],2.0
希望刀能握在好人的手里,2.0
都是善良的人啊[心],2.0
好人一生平安🙏,2.0
感谢他的大爱ヽ(*´з｀*)ﾉ[心],2.0
希望好人一生平安！[心],2.0
这是平民英雄呀[心],2.0
好人一生平安,2.0
好人一生平安,2.0
善良的人还是多的[心],2.0
致敬！谢谢你的挺身而出。患者家属太勇敢了 谢谢你 好人一生平安[赞],2.0
希望少点医闹多点理解,2.0
不知道到现在为止有没有任何改变？,0.0
陶勇医生，仁者佛心啊,2.0
陶医生医者仁心[心],2.0
治好了也不会当神供着的，他会说哪个人5毛钱的药就治好了，还怀疑你让他多花钱了,2.0
总有好的人，让那些心寒的医生可以暖起来继续努力。希望法律和医院能医务工作者安全,2.0
哎，希望善良的人都能结善果,2.0
袭警、袭医，应该同罪。,2.0
看到两个伤痕累累的手握在一起的时候，心里说不出的酸楚和感动，希望相关部门保护好医生的人身安全，未来会越来越好的[泪],2.0
【#陶勇医生握住为他挡刀患者家属的手#】,1.0
我们还是有理由相信善良的存在！,2.0
彼此扶持 彼此感恩 这才是最美的医患关系❤️,2.0
好你一生平安！,2.0
好人一生平安[心],2.0
[泪][心]这才是正常的医患关系,1.0
眼眶湿润了，都是好人,2.0
好人一生平安,2.0
就是呀，医院应该要设立起安检岗，危险物品刀具等一律不得带入,1.0
好人一生平安,2.0
好人一生平安,2.0
好人一生平安,2.0
不要只宣传感动，要呼吁有关部门切实有作为，保护好人，惩戒恶者。,2.0
良好的关系需要大家一起维护[可爱],0.0
谢谢！世界上有你们才会充满光明！[心],2.0
好人一生平安[心],2.0
让人有勇气坚持下去的不是鸡汤文不是表彰,0.0
内心真的超级强大！,2.0
社会最大的悲哀，是作奸犯科者得不到应有的处罚,2.0
没申请见义勇为奖励吗,1.0
好人一生平安[心],2.0
愿这世界多一些真实，少一些虚假，这可能很难了。,1.0
谢谢你们的善良,2.0
都是善良的人[good],2.0
致敬[给你小心心],2.0
不客气的说，当今医患关系紧张，制度是主因。都说毛时代穷，可那时为什么没有伤医事件发生？,1.0
愿都平安喜乐,2.0
温暖的力量！真好！,2.0
看哭了[悲伤]  为什么砍人的那个人要这样[悲伤],2.0
泪目[泪]好人一生平安[心],2.0
好人一生平安[心],2.0
网上评论炸翻天，他也熟视无睹，我们各种谣言四起，人心惶惶，我们真的不知道该怎么办了，他们的电话打不通，没人接，就算有人接，态度也极其恶劣，出口伤人，还对我们的成绩进行侮辱，网上有录音，你们可以自行搜索，我们现在真的在崩溃的边缘！！帮帮我们吧！求求你们了,0.0
原来当时还有这件事，正能量[米奇比心],2.0
祝福好人一生平安健康快乐！[心]🙏,2.0
#六盘水日报[超话]##韬观天下事# 【#陶勇医生握住为他挡刀患者家属的手#】27日，北京朝阳医院眼科诊室，正在出诊的陶勇医生遇到了在伤医事件当天为他挡过刀的患者家属田女士带女儿复诊，#两只伤痕累累的手握在了一起#。田女士：当时真的没有想太多,1.0
看医生不要砍医生🙏,2.0
好人一生平安,2.0
我们河南准备单招的考生现在心情十分复杂，可是教育厅迟迟没有消息,2.0
[泪][鲜花],2.0
感动！希望陶医生好好的。,2.0
能把我弟换成哥哥吗,2.0
我想知道河南教育厅为什么迟迟不发布单招通知，好多同学年前就在准备单招，从而放弃了物理化学和生物，现在基本都在家里呆着，半年多没去学校，可是过了这么久，别的省份都大部分都已经单招完毕，可是河南却迟迟没有消息，现在好多考生割腕发微博，形势十分严峻，让我们这几十万的考生怎么办,0.0
[悲伤]一生平安！[心],2.0
后来我终于知道，她并不是我的花🌸，我只是途径了她的绽放。 ​​,2.0
冒昧占用下资源，谢谢,0.0
致敬！好人一生平安！,2.0
好人一生平安~,2.0
看到陶医生的手真的很难过😔，也很佩服田女士的勇气，希望善良的人平安[心],2.0
[good],2.0
世间用有温情在。世间总有真情在。,2.0
这样的患者也太让人温暖了,2.0
好人一生平安[给你小心心],2.0
善良的人[心],2.0
立法严惩医闹行为，绝不姑息，医疗透明。,2.0
我给看哭了！真的好人一生平安。,2.0
好人一生平安[心] 但我也希望不要再把陶医生塑造成“圣人”了。会怕、会痛、会生气也会谅解，陶医生是“凡人”，所有的医生都是凡人。 不要再让有“天使心”的“凡人”们受伤了[失望],2.0
好人一生平安,2.0
[作揖][good],2.0
都是善良的人啊,2.0
【Repost】“谢谢你为我拼过命”，患者家属为医生挡刀，不仅让医生感到温暖，也因自己的挺身而出收获大众敬意，愿以后所有的医患关系都能这样充满爱[心],2.0
真感动！真的，在那种情况下人的本能反应是躲开，这位女士真的很勇敢[good],2.0
好人一生平安！愿有相关措施加紧实行保护医护人员安全,2.0
好人一生平安！🙏,2.0
好人一生平安,2.0
都是好人！！谢谢你们！,2.0
好人一生平安🙏,2.0
浙江电视台18黄金眼报道:男子胡师傅到浙江省建德第一人民医院治疗腰椎间盘突出，发现医院重复收费外，还竟然收取女性绝经前后的检查费用。现在的建德一院真是生财有道[赞]恳求建德一院持守职业道德底线，莫再坑害患者，因为百姓生活不易，尤其是新冠疫情期间，拜托了[作揖],2.0
严惩伤医者，加强医院安保，院方要保护医生别总想着和稀泥,2.0
人间尚有真情在,2.0
陶勇医生加油！！,2.0
一生平安[给你小心心],2.0
好人一生平安[心],2.0
好人一生平安,2.0
借楼，你好博主有一个叫Huxley的中国孩子被一对美国夫妇领养但是现在他们却把他抛弃了而且也不清楚他们把他送到哪里去了，很多人担心他，博主能不能报道一下这个事情，在油管上他们有他们的自媒体频道叫“the Stauffer life”和“Myka Stauffer”.如果可以的话谢谢了[心]希望更多人关注寻找一下Huxley,0.0
好人一生平安,2.0
好对医闹严惩[怒],2.0
微博里都在抵制山东合村并居什么情况,2.0
感谢陶勇医生，好人一生平安！,2.0
都是好人，好人有好报,2.0
正义和温暖永在[good],2.0
好人一生平安,2.0
[心]一生平安,2.0
泪目，人间还有真情在,2.0
陶医生还能恢复自己的工作么？,1.0
心存感恩之心，身行积德之善； 从善者吾近之，从恶者吾远之； 百年养善不足，一日毁之有余； 行善不必人知，积德无需他晓 ​。传播正能量是一份积极的心态，使自己的内心充满自信、豁达、愉悦、进取；使别人感到暖和、温馨、亲切、友善。 ​,2.0
真的为陶勇医生致敬[赞]同时致敬中国千千万万医护工作者，谢谢陶老师，谢谢你们为我们拼过命！致敬相互信任携手共进的医患关系[拳头][赞],2.0
好人一生平安感谢！,2.0
#陶勇医生握住为他挡刀患者家属的手# 好人一生平安！,2.0
都很勇敢啊，[good],2.0
为好人点赞[good],2.0
【Repost】“谢谢你为我拼过命”，患者家属为医生挡刀，不仅让医生感到温暖，也因自己的挺身而出收获大众敬意，愿以后所有的医患关系都能这样充满爱[心],2.0
田女士应该算见义勇为了吧？,2.0
好人一定有好报的！[心],2.0
好人一生平安，坏人绝对不能姑息。,2.0
好人一生平安且有钱！！,2.0
枪毙不了，全国全医疗系统拉黑一个医闹的打个样，让他们自己治病去吧,0.0
[心]两只伤痕累累的手紧握一起… 不希望再有这些恶性伤害了,2.0
这样的医患关系才是和谐持久的。谢谢你，治疗我的眼睛。谢谢你，为我拼过命。,2.0
[good],2.0
好人一生平安[心],2.0
大部分人都是好人,2.0
医疗体制改革,2.0
天使的防护墙厚实,2.0
还是希望加强医院安保等具体实施措施尽快落地！,2.0
好人一生平安,2.0
为田女士点赞！传播正能量。昌付,2.0
希望他们早日康复，往后岁月，一切皆安[心],2.0
好人一生平安！❤️,2.0
上海10岁男童事件怎么处理？,-1.0
人间冷漠？不，只是有些人。,2.0
都会好好的[赞],0.0
【#陶勇医生握住为他挡刀患者家属的手#】27日，北京朝阳医院眼科诊室，正在出诊的陶勇医生遇到了在伤医事件当天为他挡过刀的患者家属田女士带女儿复诊，两只伤痕累累的手握在了一起。田女士：当时真的没有想太多。陶医生就像自己的亲人、朋友一样#职业体验师# #lucy hu的问答# #lucy hu# ,1.0
好人一生平安,2.0
减少医闹是缓解医患关系紧张的一种方式,1.0
看哭了[泪]！严惩那些医闹的变态,2.0
好人[good],2.0
的确有很多的无良医生在摧毁医生在人们心中的形象，进医院的费用太高让病患身心俱疲，,2.0
好人一生平安！[心],2.0
想哭[泪]你们都是好人，要一生平安[给你小心心],2.0
再次谢谢挺身而出的你们，好人一生平安！[心]#陶勇医生六一为盲童进行公益直播#,2.0
平凡善举，致敬[心],2.0
好人一生平安[心],2.0
都是好温暖，好善良的人，真的希望世间能少一点恶意和伤害,2.0
好人，感谢🙏,2.0
他能都是英雄,2.0
两只伤痕累累的手握在了一起，感动！[泪]愿好人一生平安！[心],2.0
都是会散发温暖的人，希望医患关系能够越来越好。,2.0
[悲伤]感动,2.0
哎 不好意思没有持续关注事件 请问那个医闹砍刀的人是怎么处理的呀？,-1.0
每次看到这样的新闻。总会让我再相信。这个世界还是有很多温暖又强大的人在的。[心],2.0
陶医生能出诊应该恢复的不错，太好了，这位田女士好样的，大爱[爱你],2.0
给为陶老师挡刀的田女士点赞，给背陶老师离开危险地方的陈护士点赞[心],2.0
向善良勇敢的人致敬。,2.0
还是要做好安检工作，这些刀具以后就别让人带进去了,0.0
愿好人一生平安喜乐！[鲜花],2.0
希望好人都有好报,2.0
好人一生平安[微风],2.0
希望好人有好报,2.0
谢谢好人一生平安,2.0
国家层面，要严格保护这些医生，国人素质也要提高,2.0
你们辛苦了！,2.0
都是善良勇敢的人[good],2.0
天呐 太感人了 善良的人一定都要好好的啊！！,2.0
善待医护[心],2.0
都是善良的人！好人一生平安[心],2.0
都是善良的人啊[心],2.0
希望立法和完善医院安保工作可以同时进行 如果去医院是伤人而非治病 那就让他一辈子待在医疗系统黑名单吧 危害社会的人有什么资格看病呢？,1.0
好人一生平安,2.0
好人一生平安[心],2.0
谢谢你当时挺身而出 也谢谢陶勇医生重返岗位😭😭眼泪不自觉就流了出来,2.0
好人一生平安,2.0
希望能被善待[耶],2.0
都要好好的[给你小心心],2.0
保护好我们的医生，严惩医闹,2.0
致敬 谢谢你们,2.0
都是好人，好人一生平安！[心],2.0
【#陶勇医生握住为他挡刀患者家属的手#】[心],1.0
[微笑]谢谢[微笑]心存对生命有敬畏之心的好人[太开心],2.0
世界再黑暗  也会有光亮照耀人心,2.0
这辈子有没有人为你拼过命？真正的白衣天使[爱你],2.0
致敬挺身而出的英雄🙏🙏[鲜花],2.0
[泪]好人一生平安,2.0
感动[失望],2.0
可惜了，希望今后平安,2.0
了不起的妈妈。,2.0
好人一生平安❤️,2.0
凶手必须严惩！,2.0
还好有您[鲜花],2.0
为什么要医闹呢？把人治好了当神供着，没治好或者出一点点问题就成仇人，现在的人太偏激了，各退一步吧！,0.0
[给你小心心],2.0
好人一生平安[心],2.0
好人一生平安,2.0
看到谭医生的手[悲伤],2.0
太勇敢了，还是一个女的,2.0
致敬 好人一生平安,2.0
致敬，好人一生平安[作揖],2.0
光立法没用，做好医院安检和保卫工作才是根本。同时要做好医学科普工作，让老百姓知道医学风险，不要为了赚钱把医生、医院和药物神化。,1.0
都是商量的人啊,2.0
你也需要保护,2.0
支持进医院安检，保护医生,2.0
女侠跟好医生都要阖家幸福啊,2.0
最重要的是砍人的人咋判,2.0
拥有感恩的心也别忘了敌人的仇🙏,2.0
感人至深，好人一生平安。[心],2.0
致敬白衣天使,2.0
值得敬佩的陶医生，好人一生平安，希望所有医患关系都能这样充满爱[心],2.0
愿所有好人都一生平安[心],2.0
温柔的人给予彼此力量好人一生平安都是值得敬佩的人,2.0
好人一生平安🙏,2.0
好人一生平安,2.0
致敬，好人一生平安[心],2.0
好人一生平安[心],2.0
好人一生平安,2.0
[允悲]愿好人平安,2.0
好人一生平安[心],2.0
善良的人一定好人有好报，愿平安健康快乐永随,2.0
国家是不是考虑加强医院的安保保障医生和护士的安全呢？,1.0
真的好心疼陶医生和那些善良的人[悲伤],2.0
为什么砍人者和他的家属到现在也没出现给他道歉过,0.0
好人一生平安！！,2.0
一生平安快乐[心],2.0
好人一生平安[心],2.0
希望都健健康康的[点亮平安灯],2.0
致敬挺身而出的好心人[心],2.0
这应该算见义勇为吧？建议奖励一下，好人要有好报,1.0
这才是良好的医患关系！,2.0
为什么人民日报，要那么宣传，我不懂。,2.0
好人一生平安!,2.0
都说是坚持下去了。坚持两字就透着心酸,2.0
幸好，好人有好报～,2.0
好人一生平安！！,2.0
平平安安顺顺利利[心],2.0
好人一生平安[心],2.0
愿所有的好人都能被温柔以对！平安一生！,2.0
好人一生平安,2.0
还是让陶医生回归平静的生活比较好,2.0
好人一生平安[赞],2.0
好人一生平安,2.0
陶医生真的让人世间增添温暖！！,2.0
好人都会有好报的！,2.0
好人一生平安[给你小心心],2.0
感动[心]感谢有你！,2.0
施暴者请死刑、立即执行[怒],2.0
患者家属太勇敢了 谢谢你 好人一生平安[赞],2.0
[心]挺身而出的你,2.0
两位都是好人，希望今后平安顺遂,2.0
医暴应该加大力度，全方位的整治。,2.0
愿好人一生平安,2.0
“谢谢你为我拼过命……”致敬这样互相信任携手同行的医患关系！,2.0
太勇敢了，好人一生平安,2.0
好人一生平安！,2.0
好人会有好报的[心],2.0
都是温柔善良的人[心],2.0
好人一生平安[抱抱],2.0
什么是真相，统一口径就是真相！ 什么是谣言，与某方口径不符都叫谣言！ 什么是脑残，从来都在质疑“谣言”，但从未质疑“真相”。 ​​[微笑],2.0
好人一生平安,2.0
那以后都会被温柔以待啦,2.0
都是时代最美好的人[鼓掌],2.0
相信好人有好报[心],2.0
好人一生平安,2.0
都是温柔善良的人啊,2.0
好人一生平安,2.0
少一点医闹吧 都是为了更好的未来 为什么互相伤害,2.0
要不是有这位家属拼命为陶医生挡着刀……[泪],0.0
[心]好人今后一生平安,2.0
希望这种善良的人多一些 医患纠纷就能少一些,2.0
好人一生平安[心],2.0
希望往后一切顺利,2.0
好人一生平安[心][鲜花],2.0
感动 这世上还是好人多一些[兔子],2.0
好人一生平安,2.0
加油[拳头],2.0
好人一生平安！,2.0
都是好人[抱抱]一定会有好报[心],2.0
很感动，祝一生平安[蜡烛],2.0
好人一生平安,2.0
好人一定有好报,2.0
不要宣传这些煽情的，只想看到伤医者受到应有的惩罚,2.0
家属好样的 还好有你在,2.0
致敬[赞]谢谢你的挺身而出,2.0
组长把我Ca得很烫t,2.0
温柔的人给予彼此力量[给你小心心],2.0
都是值得敬佩的人,2.0
希望好人都有好报,2.0
好人一生平安,2.0
好人一生平安,2.0
希望好人都有好报[泪],2.0
好人一生平安[心],2.0
