评论内容,predict
[good],2.0
[good],2.0
也许只有你会想到用键盘打仗[嘻嘻]你好厉害呀，佩服！[赞],0.0
哈哈你是有多厉害，用键盘打仗吗,0.0
靠谱的后浪们，赞啊！,2.0
我看到了光荣在于平淡，艰巨在于漫长,2.0
真 女神[good],2.0
人性之美好，你性之光辉,2.0
真的很棒的小姐姐啊！我们西安终于有条正能量热搜了[允悲],2.0
个人感觉标题里加入阅兵两个字就把一件值得赞扬的事情从女性局限到了”一部分”女性身上。,0.0
会走正步就代表战斗力强吗？走得好看就代表能打仗吗？这跟那些花拳绣腿自称会功夫的人有什么区别？不如想办法提高单兵作战能力！,0.0
为啥不自豪？为啥是形式主义？,1.0
自豪个毛线，形式主义,0.0
救人时候的你，最美,2.0
人美心善[心],2.0
[赞] http://t.cn/E9ULOBH,2.0
為小姐姐點讚[good],2.0
[good],2.0
杠精真多 阅兵 小姐姐 多听听就可以脱敏了,0.0
是位优秀的小姐姐[good],2.0
respect,2.0
棒棒哒小姐姐,2.0
看标题还以为阅兵的时候去救人[拜拜],0.0
人美心更美[中国赞],2.0
姐姐很优秀！,2.0
为什么这种正能量的新闻上不了热搜[费解]我不想看那些粉丝内涵撕逼吵架恶意重伤的东西了[摊手]给我多推送点正能量吧[泪],0.0
超酷的啊小姐姐，人美心善！！,2.0
小姐姐棒棒哒,2.0
医者仁心，是一种刻在骨子里的责任。为你点赞,2.0
小姐姐人美心美～[心],2.0
小姐姐太棒啦,2.0
照你这么说，别说明她护理专业或者军人身份咯，甚至不用说是中国人女人之类。,0.0
给我碰到完蛋,0.0
只是说明她很优秀啊，再说了现在不都崇拜军人吗？不行啊？,2.0
人家很自己的身份不会被讹，讹也讹不动,2.0
我jio的这条微博和其他平台的“我们是警察/军人，我们不怕被讹”的视频相得益彰。内涵:不愧是党员队伍里的好同志。如果要略过这个同志身处的队伍，相当于抹去这支队伍的荣誉和使命意义。楼主的思维必然是:党员和普通群众并无不同。也可以说这样亲民，但，组织本身发展的都是优秀的人啊！[doge],0.0
姐姐太棒啦！,2.0
对不起…我看成了阅文小姐姐[允悲],1.0
我工地上缺抬杠的，兄弟你来不,0.0
正能量，我家娃希望以后也走这条路,2.0
多多向善[心],2.0
人美+心里美[哪吒开心],2.0
看的我好感动，三十一岁的大男人了，眼眶都红了，谢谢你，小姐姐！！祖国有你们，祖国的未来会越来越好,2.0
好棒[给你小心心],2.0
我还以为阅兵的时候抢救人呢，哈哈,0.0
[good],2.0
这标题我还以为阅兵的时候抢救老人呢？,0.0
学姐[允悲],2.0
我觉得小姐姐腿好好看,2.0
小姐姐真棒[中国赞],2.0
小姐姐好样的,2.0
机智 勇敢 优秀小姑娘[嘻嘻],2.0
好棒啊！专业能力硬就算了，身体素质还那么好！[赞],2.0
小姐姐真棒👏🏻,2.0
[炸鸡腿][good]好人有好报,2.0
太棒了[good],2.0
这才是值得尊敬的真女权，不像某些只会在微博上叫嚣的女拳一样,0.0
中国女兵[赞],2.0
中国女兵[赞],2.0
棒棒哒！加油！,2.0
凭什么不让人家提啊，提了其他人就不助人为乐了？提了有人就缺胳膊少腿了？什么风气啊，光荣正能量还不让提，参加阅兵就是光荣的，怎么不能见阳光了？次次都提我都不反感，就是告诉你们这些人优秀的人一直优秀，不优秀的人见不得别人一点优秀，你不喜欢不要看这条新闻，谁稀罕你的意见啊,0.0
参加过阅兵是一种荣誉啊，为什么不能提[费解],1.0
还好这是个专业的，万一人家有心跳不懂的瞎用心肺复苏，按出大事了,2.0
小姐姐好棒[good],2.0
果然，好看的男神女神都是国家的[允悲],2.0
敢杠不敢让别人说？删我评论干嘛[疑问],0.0
#相思不露# 遇事不慌勇敢救人，为正义善良的小姐姐点赞！[good],2.0
毕竟现在又快招兵了 人家万里挑一选出来的 说下身份也没什么问题 那些人都是啥思想,0.0
为啥不提，光荣的身份为啥不提。行为跟身份无关，但身份让行为更发光,0.0
可能是为了说她很优秀吧,2.0
害！这哪儿跟哪儿啊,2.0
吊了🐟 没了🐎 你怎么这么会赚,2.0
不好意思打错字了[允悲],1.0
[good]太棒了，正能量,2.0
就提怎么了，碍你眼了？管的真宽,2.0
哎，最近看啥都容易泪目 这姑娘真心好 她母亲也是 祝福你们一生福报丫,2.0
青年榜样[心],2.0
善良的人总是在发光[给你小心心],2.0
为什么没必要？你觉得没必要就没必要？我觉得有必要，我还想知道她是哪个部队，叫啥名字，那怎么办？,0.0
好样的！传播正能量！！,2.0
麻烦多报道这种阳间新闻，什么谁谁发声阿，谁谁怎么了，压根受众就很小，资本硬捧，纯阴间水鬼。,0.0
姐姐好帅[憧憬],2.0
世上还是好人多，为正能量点赞。[good],2.0
好样的，关键时候敢往上冲，尽显军人本色。,2.0
优秀的中国青年,2.0
陆军军医……好优秀啊,2.0
明天到我工地来干活吧，我发现你特别能抬杠,0.0
#阅兵小姐姐跪地半小时救治老人#，最美的军医小姐姐，最美的中国军人[good],2.0
点赞！我们需要这种正能量,2.0
优秀的人很多行为都优秀呢,2.0
[good],2.0
向小姐姐致敬！,2.0
很勇敢的小姐姐!弘扬正能量，创建文明和谐美丽社会[good],2.0
[good],2.0
#阅兵小姐姐跪地半小时救治老人# 这位小姐姐真的很有爱啊[doge],2.0
咋就不能说了，早已不是做好事不留名的社会，有什么荣誉一并说了怎么了,1.0
满满的正能量！人善心美,2.0
层主真棒，希望层主能活到以后其他负面新闻强调女性性别的时候，继续仗义执言,2.0
楼下评论好酸 难道新闻的重点不是救人吗？,1.0
#阅兵小姐姐跪地半小时救治老人# [中国赞],2.0
小姐姐太棒了吧,2.0
为什么特意说是阅兵小姐姐？,2.0
有爱的小姐姐[心],2.0
武汉加油，中国加油，20加油,2.0
小姐姐太帅了。,2.0
Papi酱置顶视频了解一下,0.0
正能量，辛苦啦,2.0
人美心善的小姐姐,2.0
看见那些拿女生膝盖开玩笑的我就想给他巴掌[吐],2.0
这不是我们学校的嘛[笑cry],2.0
好帅啊这小姐姐,2.0
？神经病啊下面的那些评论,0.0
人美心善[good],2.0
我看是你脑子有问题，没有多大把握的情况就贸然上前施救还不如赶紧打120,1.0
好棒！[赞],2.0
你跪地救人的样子，真美[爱你]#阅兵小姐姐跪地半小时救治老人# ,2.0
没必要特意说你是不是思想有问题，正常点就好。这样的行为，跟身份无关，杠精之人，都会看不过眼[太开心],0.0
善良，美丽[羞嗒嗒],2.0
[good],2.0
好姑娘![good],2.0
我真的服了他这样的人也能被选为先进人物[允悲],0.0
女拳急了，女拳急了,0.0
正能量[赞],2.0
现在护理大三，我遇到这种情况一定判断不出[晕]，惭愧，视频里女生才大二  厉害👍,2.0
那确实是憨批。建议击毙[doge],0.0
他不仅没道歉，还为家暴男摇旗呐喊呢，女人骂他，他和粉丝们又说女拳敏感了,0.0
[good],2.0
军人身份值得骄傲 值得致敬,2.0
小姐姐棒棒哒[赞],2.0
柯洁的评论区我也就看着玩，具体事件我确实没有研究过。柯洁发表这样的言论我觉得确实很不好。希望他已经为此诚恳道歉吧。,1.0
[good],2.0
姐姐真美[心],2.0
漂亮的姑娘[good],2.0
整个社会有隐形厌女氛围，女性也可能仇女啊，参考Hebe…但是柯洁说女人生小孩是下蛋不假吧（吐槽大会还有人吐槽过），说女棋手赢是因为美人计不假吧？,1.0
小姐姐好棒，给小姐姐点赞,2.0
太敏感了，其实大家不会想这么多，很多人的重点都是在她救了人身上，而不是她是什么身份,0.0
我知道了，谢谢你的劝告。我以后也会在线下线上为了平权而努力。,2.0
晕、对对，减少[允悲]我打错字了,1.0
狗粉丝我也就当笑话看。从道德上看看他们确实是违背了基本公德。仇女的话不知道您是否有真正观察过评论区，我觉得他们喷的最多也就是「论文打拳姐」，也有很多女性混迹在评论区里，也没有被人仇视。我觉得您可以去看一看，消除一下对柯洁狗粉丝的误解。当然如果这些女性真的也仇视女性，那就当我没说,0.0
希望能多有点你这样的男生吧，可惜多的是不理智的男拳者，但是不要在无关新闻随意带女拳出场，等到别人出动再反击不行吗？,0.0
12日，陆军军医大学士官学校护理专业学员赵怡婷在家上网课时，听到楼下老人晕倒的消息。她蹬上拖鞋“破门”而出，到现场后一边安慰老人一边进行急救。直到救护车远去，才发现自己一直单膝跪地，右腿早已麻木。赵怡婷曾参加国庆阅兵，是女兵方阵中的一员。#网络名人同心战疫# ,2.0
那些带狗粉丝和柯洁下面那些男的，每天微博团建的欢呢，不仅男拳还仇女,0.0
其实学医，用学过的知识救人，虽说有时候可能就是一份工作，但是是真的伟大！尊重医护人员！,2.0
你说得对。男拳问题也是叩待解决的问题。不过在微博的话，还是女性发声的很多，对于男拳只有谩骂却没有引导。我个人在日常生活中对于身边的朋友也有一些引导，我认为男拳和女拳应该由社会教育和学校教育共同解决，互喷是没有任何结论的。,1.0
卧槽，竟然还有这个[笑cry],2.0
看到你那么多赞，我就放心了。,2.0
《好人法》因直接由政府作为主体介入，无论救人，还是因救人造成损失、自身受伤致残，见义勇为者就业等，均有具体详细的保障措施;同时在全国首创对见义勇为行为额外发放一次性100万元的高额抚恤奖金。（以上来源于现查的哈哈）,1.0
为小姐姐点赞！！,2.0
某些男性对女性的压迫更吓人，甚至是杀人强奸溺死女婴呢，女拳呢我觉得吧目前就是打打嘴炮，等到男女真正平等了再解决不迟，还是先解决现实生活中真正可怕的男拳吧,1.0
好棒！长安的～,2.0
没用的，他们只知道赞美，哪管真假[费解],0.0
女性需要更多的正面宣传。如果有合理要求多宣传女性正面新闻的话当然不是女拳，我还是很明事理的哈哈,1.0
冠姓权我个人认为要视情况而定。因为在开明的情况下，女性并没有失去冠姓权。在这个大环境下争取冠姓权在我看来是有些不合理的。如果是小环境下，比如家庭或者不先进的社会，去争取孩子的冠姓权，就是合理的女性权利争取。,1.0
【#阅兵小姐姐跪地半小时救治老人#：腿麻了不算啥】12日，陆军军医大学士官学校护理专业学员赵怡婷在家上网课时，听到楼下老人晕倒的消息。她蹬上拖鞋“破门”而出，到现场后一边安慰老人一边进行急救。直到救护车远去，才发现自己一直单膝跪地，右腿早已麻木#职业体验师# #lucy hu的问答# #Lucy hu# ,2.0
不知道，记得以前有个老姐救人就是，用力过猛导致肋骨插肺。造成二期伤害。虽然抢救过程用造成肋骨断裂正常，但是感觉还是后怕[允悲],1.0
嗯，救护车原来要等这么久的吗,2.0
人美心美[赞],2.0
你也知道宣传女性的少……所以不和你后半句矛盾了吗。偏激骂人的不对，正常表达的不能叫女拳吧？,1.0
我也是[允悲]一是怕本来问题不大结果让我折腾大了，再有就是怕碰瓷。所以我肯定会打120，但亲自上是真的不敢。,0.0
现在不是出了一条法规了么，就是如果救人导致被救者出现问题不予负责（貌似，不是很清楚这个）,1.0
我觉得每个社区应该定期组织急救常识课，社区年轻和中年居民必须参加，其他居民在线完成。这样大家在社区遇见倒地的人就知道如何应对,1.0
不区分的话。现在就会混淆。早点区分开来，就早一些误解多一份尊重,2.0
这才是中国女性,2.0
那我问你女性争取冠姓权是女权还是女拳呢？,0.0
层主说的是不带身份不是不带性别，瞄准重点，别轰歪了授人以柄。,0.0
这么说男性没对女性的权利造成损害么？难道男性看到了之后会反省自己无意间造成的不平等不是一件好事么？如果只有女性努力，男性又全然不见的话，被绝对的权力和体力压制也不会叫的有成效吧。当然，我的意思这不是把女性的权利争取归功于男性的让步。两方共同努力，至少会快一些不是么。,1.0
那女权还是女拳不是由男人来说的哦，这么急着区分这些，那以后女性合理的需求被打成女拳或者女尊，女性哭都没地方哭,0.0
[good],2.0
棒[good],2.0
学有所长，学有所用。[中国赞],2.0
我也觉得诧异，跟阅兵有啥关系，夸人就夸人，竟扯些有的没的,1.0
阅兵方阵中的一员…我初中辅导老师的丈夫做过天安门前的护旗手都是他的加分项。阅兵哎[doge]那么隆重的场合，我要是其中一员，我能吹一辈子！而且现在崇拜军人已经成了大风向了吧？,2.0
反对针对女性的女拳是女性的事，男人别瞎管闲事,0.0
…心肺复苏，首先要观察患者反应，呼吸心跳意识脉搏都停止了才能采取，在进行心肺复苏之前，必须检查这些，包括患者头颈部是否损伤，口腔内是否有异物或者义齿，以防人工呼吸时异物堵塞呼吸道，不是所有人昏迷倒下了都要做心肺复苏！！心肺复苏也是有前提的！！,1.0
我就是要让大部分人反对女拳，支持女权，也就是平权。女拳下去了，女权自然会上来。你不会害怕女拳被大部分人打压吧。,0.0
姑娘人冷静镇定，还是值得表扬的[赞],2.0
姑娘，好样的！,2.0
噢噢，好吧。,2.0
你都觉得我对了就别掰扯了，我夸你思路清奇，你也觉得我说的对，那就完事了。,0.0
求拳也好，不求也罢。女拳不为女性争取更多的权利，却反过来骂婚育女性，很自豪么，呵呵,0.0
别人家的小孩,2.0
[good],2.0
优秀的人到哪都优秀,2.0
那我可建议你去翻翻评论看看时间吧自我感觉这么好。我也没怼你吧，我的回复可只是惊叹你这不管看到什么新闻都能喷到女拳上的联想能力，我夸你思路清奇呢。,0.0
？？你有必要从上个新闻的情绪嫁接到下个新闻，这里大部分人都没听说过你说的那个，你不是对空气求拳是啥？,0.0
女人拯救男人,0.0
又飒又暖[赞][心],2.0
小姐姐腿好细啊[允悲]羡慕哭了[泪],2.0
传递正能量的不管男女都可以提啊，怎么不能提,1.0
正能量传递，平凡生活中的一道光！！,2.0
咋 你的钛合金键盘收货了？,0.0
我个人认为，心肺复苏，海姆立克急救法非常需要做全民普及，还有公共场合多放AED，可以挽救很多本来可以挽救的生命，例如很多心源性猝死的年轻人,1.0
我评论放到现在只有你一个人来怼我，反倒说我引战，开团的事你吧。[笑哈哈],0.0
是的，你是对的[笑哈哈],2.0
上次是哪次？跟这新闻有关？反正不管什么新闻，你就负责引战挑事就完事了,0.0
感觉优秀的人做什么事都优秀,2.0
可能是想说她不仅善良还很优秀[心],2.0
思想有深度，评论有价值，明天来央视上班！,1.0
我说的不就是客观事实么？我有说错什么么？上次那个厨房到医院的画跳脚的不是女拳？,0.0
给小姐姐点赞！！[赞],2.0
是我学得不对嘛…心肺复苏不应该是在呼吸心跳意识都没有的情况下才可以做嘛…,1.0
人楼主强调的是职业，你非要给带到性别上，还非要带出毫无关系的女拳，完事还觉着自己挺客观。,0.0
好样的[赞],2.0
就硬杠[笑哈哈],2.0
你也仅仅是作为一个读者而已,2.0
棒棒，你真棒👍🏻,2.0
致敬，正能量,2.0
我倒是挺想救人的，但是我怕急救时出了岔子，人没了就完了[跪了],2.0
这个叫标题，写新闻的时候常用的套路，更能引导人去看，不过专业上来讲，是不应该这么写，带主观色彩,0.0
救人一命胜造七级浮屠，小姐姐好棒,2.0
20年了，客户正常报道新闻吗，起这样吸引眼球的标题有意思吗,0.0
致敬！正能量[心],2.0
[good]太棒了,2.0
你好，请问我带了什么节奏？,0.0
对啊  即使不说阅兵小姐姐  普通人跪地半个小时救人大家也都会关注 这样说反而会招致人的反感  适得其反而已,2.0
军人+军医[作揖],2.0
我看了三遍……你应该是想说减少吧？,2.0
不是 你不跪地 你咋操作呀…这就和采访高铁上乘客买到票了🐴一样,0.0
小姐姐棒棒的！好勇敢！[爱你],2.0
学有所长，学有所用，这不仅是对自己，也是对身边人，对社会的最大贡献。,2.0
致敬[good],2.0
经世致用，真棒[good],2.0
致敬[中国赞],2.0
没必要点出来 直接夸就完事[ok],0.0
军人，就是那个拿起枪是战士，脱下军装依然是战士，[赞],2.0
多一点这种新闻，会增加群众和军人之间的距离感，我觉得挺好的,0.0
点完，大二的你真的好棒,2.0
[good],2.0
超优秀[赞]人美心善的小姐姐[心],2.0
[good],2.0
随喜赞叹救生护生功德[鲜花]南无阿弥陀佛[心] 又是结下一个善缘[鲜花],2.0
阅兵怎么了，很自豪光荣的一件事，为啥不能提？,1.0
棒棒的[赞],2.0
小姑娘[赞],2.0
可能本来没事，等医生来，你的救援给救死了[允悲]，这是真事。,0.0
好人拼命在救人，坏人拼命在害人,0.0
这也就是客观报道顺道一嘴，你也大可不必想那么多，怎么现在上网都这么斤斤计较的吗,0.0
我当兵我光荣，我救死扶伤是义务，也应该是荣光的，我给社会传递正能量我没错吧！所以，甭管扯不扯到阅兵的经历，人家都是光荣的，再说了，人家当兵阅兵就是履行新时代社会核心价值观。请问那些对报道人家有阅兵经历的人有异议的，先扪心自问一下，自己在这个社会上是怎么样的人！还是说你对军人有异议,1.0
当初就是怕真正急救的时候出错，就不敢去考[允悲],1.0
三军大的小姐姐[太开心][爱你],2.0
小姐姐棒棒哒[good],2.0
正能量[心],2.0
哈哈某人跪地救助某人半小时,2.0
身为一名护理学子为学姐点赞[中国赞],2.0
这也能带上节奏？角度清奇啊,0.0
太美了小姐姐,2.0
优秀！！[给力],2.0
小姐姐人美心更美[心][赞],2.0
[米奇比心],2.0
[赞][心],2.0
啊这..就高潮了？  我说哪个👊🏻 了？  暗示男👊🏻 不是👊🏻？ 冷抖哭，男人们何时站起来[笑哈哈],0.0
谁打拳呢？看看楼里回复先是哪个男拳在求拳吧,0.0
人美心善👍👍希望老人家平安！,2.0
站起来缓缓，活动一下,0.0
人善不说，关键还长的那么漂亮。果然帅的靓的都给了国家[嘻嘻],2.0
这才是应该上热搜的内容 小姐姐真棒,2.0
好吧，我没有[悲伤],2.0
终于在热搜看到了自己学校，姐姐加油呀[爱你],2.0
成都哇[偷笑]  学校急救协会每年都统一报名培训考试的[允悲],1.0
小姐姐太优秀了,2.0
真的是人美心善的小姐姐啊,2.0
层主是说阅兵这个标签不用带上 不是说男女,1.0
你在哪里哇，我们咋没得,2.0
小姐姐[good],2.0
棒棒哒[中国赞],2.0
我们学校统一考了[允悲],1.0
我去我这同学口腔专业好不好，要报道提前搞清楚好吗,0.0
大香蕉🍌堵在B里o,2.0
怎么报道都能有人杠， 难道以后的报道都一女性，一男性？？,0.0
羡慕小姐姐[赞],2.0
上次标女司机技术不行底下一堆人高潮，现在又给你标出来小姐姐做好事没人说了吗？[疑问],0.0
各位医学生朋友们以后在路上看到这种情况别上了，肋骨按断了怎么办，老人有传染病怎么办，咱学业不精抢救不到位怎么办……[微笑]哪位医护工作者出生就是医护人员[微笑]毕业季好多同学在计划转行，以后别要医院了，大家有病找百度，操作看优酷吧[拜拜],0.0
这姑娘真棒！,2.0
谁说的，我咋没有,2.0
这个姐姐很勇敢，是我我一定不敢上手，就算我会，真的这个姐姐好棒,2.0
小姐姐好样的～,2.0
老师也是好样的，好老师,2.0
医学院学生都考了急救证的。。是受法律保护的。。,2.0
能参加阅兵女兵方队已经是十分优秀，群众有困难挺身而出更是有担当[good]是当代优秀女性的模样[good],2.0
先狗头保命一下[doge]，难道第一时间不应该拨打120吗，判断是什么病重要吗,1.0
学以致用  未来绝佳的医护者,2.0
善良的人拥有更美好的世界！,2.0
总是有那么多感人的事情,2.0
赞，这就是新一代的年轻人，有担当有责任心[赞],2.0
小姐姐正能量👍,2.0
致敬[good],2.0
底下的人。。嘴上便宜就这么重要吗？你来我往的，成什么样子啊？,2.0
棒棒哒[赞],2.0
有些人总想抬点杠,2.0
虽然但是  错过四分钟了怎么办 等救护车早没用了,2.0
人美心善正能量满满的小姑娘[赞],2.0
#阅兵小姐姐跪地半小时救治老人#正能量！,2.0
小姐姐好棒[赞],2.0
太优秀了！！,2.0
最美的小姊姊,2.0
方方写个日记,2.0
老师也很重要！小姐姐加小姐姐，很给力,2.0
致敬[给你小心心],2.0
我丢，怎么这么帅气,2.0
好人一生平安,2.0
你不懂！这是人日的一点小心机！,2.0
真棒啊！点赞！[心],2.0
有人理你吗？又在对空气求拳呢？,2.0
日本的服务业全是跪地的，了解一下。[喵喵],0.0
说了也没啥啊，也没想那么多，就是让我更佩服这个小姐姐了[喵喵],2.0
小姐姐真棒[米奇比心],2.0
我们老师说CPR抢救操作失误，导致最后结果出了问题会承担30％法律责任，所以你得提前想好碰见要不要去救,1.0
这才是正道的光，照在了大地上[good],2.0
好棒的小姐姐[鲜花],2.0
[good],2.0
[good],2.0
[good],2.0
人民日报应该是想宣传军人，但是我觉得这个标题的表达方式有点怪怪的,1.0
陆军军医大学培养了好多优秀的护士小姐姐呀，给你点赞,2.0
我觉得可以提她参加过阅兵，就是觉得这个标题有点怪怪的,1.0
多多宣传正能量。而不是让娱乐新闻占据各类版面。,0.0
小姐姐优秀[赞],2.0
[doge]哎哟这小头像,2.0
……无知者无罪。,2.0
重名了，我还以为自己上热搜了[允悲],1.0
优秀的人，哪里都发光[心],2.0
:量力而为。做好本分,2.0
量力而为。做好本分,2.0
真的人美心善了[鼓掌] ​点赞！,2.0
给人民解放军点赞[心],2.0
天哪她和我闺蜜同名  还以为我闺蜜上新闻了,0.0
[good],2.0
究竟怎样的男孩才能娶她,2.0
人美心善，向你致敬[心],2.0
好人一生平安🙏,2.0
漂亮，棒棒哒,2.0
小姐姐真的很优秀 而且终于不是不管不顾直接心肺复苏了[允悲],2.0
优秀的姐姐啊，你最美,2.0
都别杠，做不做心肺复苏要看心跳呼吸有没有，如果其中一样没有了，就要做，即使不是专业人员，在不得已的情况下会的都可以做，法律保护的。如果实在不会判断那就尽力呼救吧[微笑]别杠我，杠我就是你说的都对[可爱],2.0
这位少女真棒[good],2.0
寡的不行[哈欠],2.0
好优秀的妹子,2.0
我也..在接触临床之前遇到这些事我是真的不敢上手[跪了]如果是心跳骤停这种需要抢时间的我大概能上，但是其他不明情况的话也怕因为自己能力不够帮倒忙[跪了],2.0
这就是军人为什么优先的最好证明,1.0
[good],2.0
太优秀了[泪],2.0
善良可爱[鲜花],2.0
犀利[good],2.0
[good],2.0
好棒啊[中国赞],2.0
要不要杠一杠，老人年纪这么大了，肋骨很脆弱，而且就目前来说还只是医学生，并没有毕业，没有控制好轻重就可能压断，这出了事谁负责，疏散群众打120等专业的来有问题吗？,1.0
人家好厉害哦,2.0
还以为你是省委呢，就一共青团省委，呵呵[挖鼻],0.0
女👊又要高潮啦[可爱],2.0
为小姐姐点赞,2.0
真棒[good],2.0
是优秀的小姐姐呀[心],2.0
经历过阅兵的磨炼，能走过天安门的，都很优秀,2.0
[good],2.0
还是说明性别吧，不然总有人张嘴就是“女司机”要不就是女人对国家毫无贡献什么的。,0.0
果然善良的人远比表面上更有实力,2.0
[good],2.0
[赞]棒棒哒,2.0
这个姐姐真的好优秀还很善良[心],2.0
小姐姐太棒了！！[中国赞],2.0
好姐姐，真棒，满满正能量！[good][鲜花],2.0
天使该有的模样[good],2.0
给小姐姐点赞[中国赞]祝老奶奶身体要好好的[爱你]早日康复,2.0
小姐姐好样的[good][可爱],2.0
我也觉得有必要说明身份。毕竟阅兵可是万里挑一的，有这重让人骄傲的身份为什么不能强调？我就很乐意看[偷笑],0.0
小姐姐棒棒的 人美心善,2.0
这少女真棒[good],2.0
不要以为急救很简单，就人工呼吸那一块，本来就冒着很大风险，万一是体液传播的传染病呢，万一病人一直分泌液体呢，你觉得简单，你上，还要我考虑我老了走路上出问题会不会有人救我，真的是咸吃萝卜淡操心，我只是说了不敢上，如果家属给我录个银，签个字，我就敢上,1.0
品性善良的小姐姐!,2.0
#司机以残忍的手段报复社会 谁来为冤死的人伸张正义#,2.0
人美心善的小姐姐，不管哪个方面都好棒啊#健康# #守护全世界最人美心善的面面#  我和你的名字只差一个字耶😘,2.0
这种情况可以报警打120，可以帮忙疏散群众 都是在帮忙，不是上去一通乱按才叫见死不救好吧,0.0
这才是正能量的事  小姐姐很棒 希望多发一下类似这种 而不是每天都是些娱乐圈的是非 媒体正确的引导真的很重要 偶像再怎么重要 都无关你的生活 过好自己才重要❤,2.0
太棒了[good],2.0
[good],2.0
中国需要这样的力量，需要这样的榜样。需要这样的传递,2.0
难道见死不救[太开心],2.0
是的，业余的朋友最好不要轻易上手，不是所有意外都需要心肺复苏，以及没经验不知道轻重等等都容易弄巧成拙，最好还是等专业的来,0.0
看了三遍，我也大二，遇到这情况我是不敢的,2.0
太酷了小姐姐！,2.0
[good],2.0
一定是个人美心善的好姑娘！[心],2.0
为小姐姐点赞!,2.0
小姐姐谢谢你呀,2.0
人间处处有温暖，军人本色，医者仁心！致敬最美阅兵小姐姐[鲜花]#阅兵小姐姐跪地半小时救治老人# ,2.0
上德下美……,2.0
[good]优秀,2.0
打扰了…这个本来就有很大风险的好吗？没救回来怎么办？压断肋骨怎么办？,1.0
就是你不会你才这么杠的[黑线],2.0
这个女孩子好棒呀！！,2.0
我老师的学校[doge][心]校友,2.0
真正的人美心善！[心][鲜花][赞啊],2.0
小姐姐超美超棒！,2.0
飒[good],2.0
[good],2.0
我敢给你作证，你是真不敢上手,2.0
为你的善良点赞~祝福你~[抱抱][心],2.0
都别跟我抢[doge],2.0
真棒 我们护理人就该有这样的勇气和担当 军医大也是我一直以来的向往 希望自己也能成为足够优秀的人,2.0
？你行你上啊，出了事情谁负责，就胸外按压压断肋骨咋办，万一赶不到救护车来病人有意外了怎么办，万一按压力度不够，起不到作用咋办，你考虑过没有,1.0
人美心善的小姐姐，为你的正能量点赞！,2.0
帅气！！小姐姐[good],2.0
希望以后你老了跌倒社会也这样对你,2.0
国有吾辈青年，怎不兴旺！,2.0
人美心善有胆量,2.0
人民子弟兵！,2.0
要不要杠一杠,2.0
好棒啊[赞],2.0
我也不敢，没有那个胆量,2.0
太好了，终于没给活人心肺复苏,2.0
棒[good],2.0
大二这么牛🐮,2.0
[good],2.0
这就是中国军人🇨🇳,2.0
就是你不会你才这么说的[微笑],2.0
真的优秀[羞嗒嗒],2.0
巾帼不让须眉,2.0
优秀的中国青年[赞],2.0
当救人的那一刻！瞬间帅呆了,2.0
为这位姐姐点赞👍,2.0
永远最美一刻.使你用真心来帮助别人！感谢救每个人的英雄,2.0
浙团团是不是又偷偷吃夜宵了[笑而不语],0.0
小姐姐超棒！[给你小心心],2.0
鞋都来不及换，但是口罩带的很严实，看来疫情期间真是什么都没口罩重要[允悲],2.0
参加国庆阅兵的小姐姐都是什么神仙存在[憧憬],2.0
善良的人就是最帅哒！！,2.0
我们学校的必须点赞,2.0
楼主说的很对，善意之举平凡之人，都会做的，没必要加强特殊的身份标明！,2.0
牛的人是全方位的，各方面都是我们的榜样[爱你],2.0
人美心善的小姐姐[中国赞],2.0
最美的小姑娘[米奇比心],2.0
为小姐姐点赞[赞],2.0
估计立3等工了,2.0
学有所长，学有所用，这不仅是对自己，也是对身边人，对社会的最大贡献！,2.0
真棒[good],2.0
[good],2.0
人美心善的小姐姐[心],2.0
[武汉加油][赞啊],2.0
[给你小心心],2.0
[心]respect,2.0
人美心善[心]优秀的女兵[鲜花]愿意帮助他人，不愧是参加过大阅兵战士[good]敬佩[鲜花],2.0
小姑娘真棒！,2.0
这样的青年是社会需要的正能量,2.0
小姐姐！你跪下来的样子真的很美！向你致敬！,2.0
小姐姐太帅了,2.0
最美的小姐姐！[赞],2.0
[米奇比心],2.0
在人民的心中她已经毕业了[赞],2.0
好人一生平安！你真棒[good],2.0
大力表彰和宣传这样的社会正能量！,2.0
[赞]赞，致敬,2.0
神仙小姐姐[給你小心心],2.0
致敬[中国赞],2.0
非常棒的小姐姐，所学的救人知识可以勇敢地学以致用，特别美[good]再悄悄说一句，能参加阅兵方阵是真的飒爽英姿足够自豪很久[good],2.0
人美心更美！[赞],2.0
小姐姐很棒呀[赞],2.0
你也可以加油,2.0
为小姐姐点赞[赞],2.0
正能量！小姐姐好样的[心],2.0
好样的[赞]点赞！,2.0
经过大阅兵磨砺的人，大都很优秀。,2.0
太棒了[good],2.0
棒棒哒！给你点赞👍,2.0
一个行动的巨人。,2.0
好棒ヾ ^_^♪,2.0
这个小姐姐好棒呀[太阳],2.0
[good],2.0
饿啊别人的大二,2.0
棒棒哒[good],2.0
小姐姐你真棒👍,2.0
为何如此优秀,2.0
[good][心],2.0
致敬这些平凡而伟大的普通人,2.0
有你真好[心],2.0
小姐姐美美哒，心地善良会一辈子好命的[心],2.0
太棒啦[求关注],2.0
人间处处见温情！点赞！,2.0
好棒[good],2.0
[good],2.0
中国女兵优秀[good],2.0
得亏小姐姐上网课没划水（因为好多人上网课都划水度过的）[doge],2.0
致敬[鲜花],2.0
英姿飒爽的你还有这样的一面,2.0
[给你小心心]真好啊,2.0
姑娘真棒，希望我的女儿也像你一样勇敢有责任有担当,2.0
这个小姐姐好棒，加油啊！,2.0
赞赞[给力],2.0
正能量[赞]，致敬,2.0
好温暖，医者仁心，小姐姐真棒！[good],2.0
小姐姐好优秀[赞],2.0
人美心善[中国赞],2.0
这才是我们中国的后浪精神 ,2.0
优秀[good],2.0
感人[泪][心],2.0
太正能量了！这样善意的举动真的好棒！,2.0
小姐姐太棒了[赞]满满正能量[心],2.0
好厉害呀[泪],2.0
[给你小心心]太棒啦,2.0
小姐姐棒棒的[赞],2.0
喜欢这样正能量的新闻,2.0
正能量[作揖],2.0
致敬[good],2.0
[可怜][赞],2.0
厉害了[good],2.0
满满的正能量！点赞[good],2.0
真棒[good],2.0
什么神仙颜值,2.0
女兵衣服真好看[嘻嘻]感觉比女警啥的都好看,2.0
[good],2.0
小姐姐真的很棒,2.0
致敬！[赞],2.0
小姐姐太棒了！,2.0
善待子弟兵[good],2.0
小姐姐棒棒哒👍,2.0
[good],2.0
是不是没参加阅兵就不值得报道了？,1.0
小姐姐真棒👍祝 老人家平平安安的[给你小心心],2.0
小姐姐好棒！正能量！,2.0
这女孩儿真不错,2.0
太厉害了小姐姐,2.0
好厉害的小姐姐，加油！,2.0
小姐姐棒棒哒[心][鲜花],2.0
最美的你，祝福你越来越美，越来越顺……,2.0
人间处处有温暖，军人本色，医者仁心！致敬最美小姐姐[鲜花],2.0
致敬[good],2.0
中华好儿女～这才是榜样！,2.0
小姐姐，真棒👍🏻,2.0
小姐姐人美心也善 青年的好榜样,2.0
为小姐姐点赞，太棒了!,2.0
致敬[good],2.0
人美心善[给你小心心],2.0
小姐姐棒棒哒～,2.0
没必要特意说阅兵小姐姐，正常报道就行。这样的行为，跟身份无关，行善心善之人，都会伸于援手。,0.0
多传播正能量！[赞],2.0
小姐姐真棒👍祝 老人家平平安安的[给你小心心],2.0
一定是个人美心善的好姑娘！[心],2.0
小姐姐好棒👍🏻,2.0
人善良心地美，向您致敬[鲜花],2.0
感谢你，棒棒[good],2.0
这些人就是社会里的光,2.0
很感动，人间处处有真情！,2.0
太帥了[赞],2.0
为正能量小姐姐点赞[good],2.0
太帅了[心],2.0
[赞啊][鲜花],2.0
小姐姐太棒了,2.0
致敬[给力],2.0
优秀的人无论何时何地都能迸出耀眼的光芒！[赞][赞啊],2.0
是参加过阅兵的小姐姐，厉害了,2.0
橄榄绿，总是在人民为难时挺身而出[威武],2.0
人美心善[赞],2.0
这个姐姐很勇敢，是我我一定不敢上手，就算我会，真的这个姐姐好棒,2.0
漂亮的人做事也美,2.0
是那个笔芯的吗[挤眼],2.0
致敬！！[赞],2.0
棒棒哒[赞],2.0
小姐姐棒棒哒[赞],2.0
致敬！干的漂亮,2.0
好样的[给力],2.0
感动，生活中平凡的伟大,2.0
小姐姐最美[心]赞👍,2.0
为你鼓掌[鼓掌],2.0
[good],2.0
优秀 正能量👍,2.0
：偶像名人刘国梁和汪涵为爱前进投资平台保驾护航，我们的几年的血汗被套在里面，两个多月平台高层玩起失踪。我是38万受害人之一，投资人正处于崩溃边缘!我们迫切需要得到一个合理的解释！ 我们没办法联系到平台高层，希望刘国梁和汪涵也要负起名人和代言人的责任，帮助几十万受害者讨一个说法！,2.0
[good],2.0
小姐姐太棒了[good],2.0
[心] 甜心小姐姐棒棒哒,2.0
[good][鲜花][心],2.0
敬礼！[赞],2.0
最美的人，致敬！,2.0
真是优秀的小姐姐！[赞啊][good],2.0
人美心善[心][赞],2.0
能不能别只会“点赞”“转发”啊，值得点赞转发的你不说人家也会做，宣传口编辑没人了吗？,-1.0
【#阅兵小姐姐跪地半小时救治老人#：腿麻了不算啥[中国赞]】,2.0
瑞思拜[good],2.0
感谢！好人一生平安！[赞],2.0
希望大家给她作证，这样她才可以救人而无后顾之忧。好姑娘,2.0
姑娘太棒了！人美心善[good],2.0
小姐姐棒棒哒[good],2.0
最美的小姑娘[米奇比心],2.0
[good],2.0
小姐姐人美心善，致敬[心],2.0
白衣天使在哪里都人美心善❤️感谢🙏也希望我们可以更多普及急救常识,2.0
正能量[心]，真棒[good],2.0
[中国赞]正能量,2.0
太感动了 中国女兵 优秀！,2.0
[good],2.0
助人为善  生活处处是善意 ❤️,2.0
致敬[good],2.0
为小姐姐点赞[赞],2.0
白衣天使在哪里都人美心善❤️感谢🙏也希望我们可以更多普及急救常识,2.0
[good],2.0
国庆阅兵  牛啊,2.0
突然也想学这种急救，但怕没学好，把人给弄得更严重了[跪了],1.0
小姐姐真的人美心善[鲜花],2.0
救人当第一，社会处处有温暖[米奇比心],2.0
最美小姐姐[心],2.0
姐姐人美心善[兔子],2.0
性本善 [赞],2.0
为小姐姐点赞👍,2.0
特别棒的姐姐！！,2.0
[good]棒棒哒,2.0
军训时我被老师罚蹲10分钟，都站不起来了[允悲],0.0
人美心善的小姐姐[爱你],2.0
心美人更美[鲜花],2.0
为小姐姐点赞，今日最美女生！,2.0
小姐姐真棒[鲜花],2.0
给小姐姐点赞[good],2.0
人美心善[鲜花],2.0
正能量[赞],2.0
感谢这些美丽的小姐姐们,2.0
好棒的小姐姐,2.0
小姐姐好棒👍🏻,2.0
致敬[good],2.0
人美心善[心],2.0
最美的你们.,2.0
社会需要正能量的传递[good],2.0
