微博内容,predict
早上好！三年前巴萨花了1.3亿英镑引进登贝莱，由于表现不佳+伤病多+很难管理，他们打算以近370万镑的价格转让这位2岁的法国边锋。据说登贝莱已经咨询过马夏尔关于曼联的情况，如果桑乔因费用太高拿不下来，红魔会考虑一下“低配版”么？ ​,体育
五年了，那天杰拉德踢完了在利物浦的最后一场比赛。我们也似乎挥手告别了一段青春…,体育
十年前实现“三冠王”的国米首发，一口气都能把他们的名字说出来吧？那年勇夺欧冠是不是有点“爆冷”的味道？,体育
乌姆蒂是法国队2018年世界杯夺冠主力，为何在巴萨仍然得不到足够的认同？据说俱乐部愿意让他以270万镑的转会费离队…英超几支需要中卫的队伍会考虑一下么？包括阿森纳、热刺和切尔西… ​,体育
狼队本季花了近380万镑把墨西哥前锋希门尼斯正式从本菲卡队引进，他的表现很棒，几乎没有什么伤病影响，4场各项比赛进了2球并有10个助攻。曼联方面如果无法留下租借来的伊哈洛，将考虑引进希门尼斯。而尤文图斯方面也打算让伊瓜因离队，补充一个中锋，如果两队都发出邀请，他的选择会是-？ ,体育
早上好！ 大胆想象一下，如果他们俩有机会合作，效果会如何？,娱乐
回来了.他们都回来了！ 英超各队恢复小组训练，摄影记者们也终于忙碌起来了。还记得前段时间本泽马如何比较自己和吉鲁么？F1赛车和卡丁车.这次归来吉鲁开的是-法拉利！,体育
一位是19岁的进球“机器”，一位年仅21岁已经拿到过世界杯冠军。这两位新星会是梅西VSC罗之后最令人瞩目的一对竞争对手么？,体育
【#香港各界发起联署支持国家安全立法#】香港各界“撑国安立法”联合阵线于5月24日成立并发起联署活动，成员来自各大社团、工商界、专业界、教育界、社会福利界等，各区街坊纷踊跃签名、积极发声。截至5月24日下午，#撑国安立法网上联署已获近10万人签名支持#。不少市民还在不同社交平台写下留言，“ ​ ,时政
【孙伟代表：#建议禁止单身女性冷冻卵子# 鼓励公民适龄结婚生育】2019年12月，全国首例因“冷冻卵子”引发的一般人权纠纷案在北京市朝阳区人民法院公开审理，此案缘起于医院拒绝为31岁单身的徐女士提供“冻卵”服务。原告认为，有没有权利养育孩子，应该由女性自己来衡量、评估和决定。,时政
【索罗斯：欧盟应发行永久债券 否则无法扛过疫情危机】金融巨鳄索罗斯（George Soros）表示，在新冠疫情爆发之际，若欧盟不发行永久债券（无到期日债券）帮助意大利等较弱势的成员国，就有可能分裂。89岁高龄的索罗斯说，新冠疫情给欧元区经济带来损害的持续时间，“将比大多数人预期的要久”，他还表,时政
《papi酱孩子姓什么，何以变成“女性围剿女性”？》在这次风波中，比“Papi酱被骂”这件事本身更加让围观网友震惊的，是一些博主在表达观点时用词的偏激程度，一些人似乎已经开发出了完整的“辱骂词库”：已婚女性是“婚驴”，含义是这些女性放弃了自身独立，甘愿为男方当牛做马；她们的丈夫则被称为“鼎”，女性在婚姻中的所有付出都被描述为“婚驴扛鼎”；就算你是一个工作能力强、社会地位高，自认独立的女性，只要你已婚，那么将会获得“劲驴”“女强奴”的称号。除了用词上的污名化，另一个比较常见的招数是对普通女性进行“诛心”。只要你被盖章是“女奴”，那么你就必然是“被男权洗脑”。你说孩子随父姓是因为丈夫的姓氏比较好听，那就是被剥夺了权利还要替男权说话；说自己婚后生活很幸福，那就一定是被男方当免费劳动力还“自甘堕落”。通过一系列看似有理的污名化和逻辑诡辩，已育女性不再是所谓的“命运共同体”，反而被划归到了“敌方阵营”，成为了首先要被打倒的对象。这些恶毒的表达方式也正是很多普通网友反感的源头—这些人明打着“维护女性权利”的旗号，却在用如此暴戾的态度对待其他的女性。有钱有事业的Papi酱尚且不能幸免，那些不够优秀的普通女性，更是受到了莫须有的伤害。，争议性话题,争议性话题
【电竞运动员Uzi退役独家专访：如果时间还够，很多东西我可以做到】#央视独家专访Uzi退役#6月3日，中国广受关注的电竞运动员L小央视频的秒拍视频 ,体育
关于我司艺人卡姆因涉毒被拘留一事，我们极度痛心。管理层作出以下声明与决定：1. 笑果文化将积极配合有关部门的工作，尊重、支持相关的处理结果。2. 笑果文化在此代表卡姆向社会大众真诚道歉。我们深知，此事不仅辜负了观众对他的期许，更对社会大众造成了严重的不良影响。3. 涉毒不仅触及到法律的红线，也触碰了社会道德的底线。对于这样的行为我们深表痛心与遗憾，决定无限期停止卡姆的所有工作，我们希望他能深刻反省，并以实际行动弥补其行为给社会造成的不良影响。4. 我们必将严肃反思，加强对艺人的普法教育、社会责任意识教育及文化道德建设，并接受社会舆论对我们的监督。我们将警钟长鸣，在演艺事业的开拓中不忘初心并传递正向价值观，也希望此事能给年轻人们带来警示，珍爱生命，远离毒品！上海笑果文化传媒有限公司二〇年六月三日,争议性话题
易烊千玺 Tifany & Co. 蒂芙尼T代言人上线，礼帽西服，湿发皮衣，街头起舞，从平面大片到动态影像片，自信酷帅的个性态度，率性洒脱的少年魅力，他值得！💎💍 ✨ #易烊千玺代言蒂芙尼# ​,娱乐
大家好我是uzi，很遗憾的告诉大伙，自豪决定退役了。因为常年的压力大 肥胖 饮食不规律 熬夜等原因，我在去年体检的时候查出二型糖尿病，糖化血红蛋白指数已经到了1%，正常应该是小于等于6.5%。这半年我有慢的改变作息 控制饮食 减肥 运动和吃药，可是情况没有得到改变，并且因为吃药我的精神状态没有以前那么好了，医生也说如果再继续严重下去，并发症很快就会出现，加上我原本手伤就比较严重，我的身体条件不允许我再继续战斗下去了。感谢我的粉丝们这些年对我不离不弃的支持和陪伴，谢你们一直都在默地为我加油，鼓励我，成为我这些年最坚强的后盾，真的很感谢你们。感谢我的家人和婷这些年对我的支持理解还有照顾，谢你们对我的包容和付出。最后感谢，谢你们对我的照顾和帮助，很幸运我能成为rng的一员。虽然我已退役，但我依然是rng的一份子，会在未来的日子里和rng一起走下去。到这里就结束了，谢所有人。2012-20，再见了我的青春。QAQ ,体育
#迪丽热巴0603生日快乐#是可爱正能量的女孩子，乖巧软萌；也是充满魅力的女演员，苏到爆炸；向迪丽热巴诚意说出“我爱你”，勇敢温柔一如既往，永远加油一路向前[心]生日快乐[蛋糕]L芒果娱乐的微博视频 ​,娱乐
【转发周知！#扩大退役大学生士兵专项硕士招生规模# #202起专科学生退役完成学业免试读本科#】日前，教育部、中央军委国防动员部联合下发通知，就20年大学生征兵工作出部署。通知明确：①从2021年起，将扩大“退役大学生士兵”专项硕士研究生招生规模，由目前的每年50人扩大到80人，重点向“双一流”建设高校倾斜。②专科学历学生参军退役并完成专科学业后，从202年起，可免试入读普通本科或成人本科。O教育部、中央军委国防动员部印发通知部署20年大学生征兵工作 ,时政
有没有桂花糕和我一样，一忙起来就容易出现肌肤问题？特别喜欢 #屏障救星 樱花水#，历经时间的神奇淬炼后，满修护能量#待你不薄#，令肌肤如水信玄饼一般细腻剔透。现在还有 618 限定 LADY AIKO 艺术家限量版，超美和风，一起体验吧！ L郭俊辰_Fiction的微博视频 ​,娱乐
#青春环游记2#我和我的家人、朋友会一如既往的支持#正能量偶像肖战# 的所有商务、影视、工作。[god]网传有青年演员肖战参与录制#青春环游记2# ，如果是真的，那它会是我的首选综艺。我会永远以合理合法的方式#支持肖战影视综艺# ，任何和他有关的影视综艺及其他任何作品我们都会反复观看、全力宣传。支持正能量偶像肖战，支持青春环游记2，开心等待收看，身心#畅轻##青春环游记2首发阵容#,娱乐
肖战最好的你#肖战斗罗大陆# xz#肖战正能量艺人#“哪怕房檐和屋梁把生活压得再低，它还是有另外一片天空的希望。”—肖战​,娱乐
#感动中国#【转！#她向世界说出真实的香港#】伍淑清，香港企业家。修例风波发生以来，她严辞阻止乱港分子发起的学生罢课，成为乱港分子的眼中钉、肉中刺，他们放言要声讨、抵制伍淑清及美心集团。2019年9月，伍淑清现身联合国人权理事会例会，向世界说出真实的香港。致敬感动中国2019年度人物伍淑清！,正能量
【未来你好 为梦前行】20，874万大学生毕业开启人生新征程。微言教育、、微博联合发起#未来你好#毕业季活动，并邀众多用人单位参与#我为毕业生带岗#，为毕业生提供就业机会。带话题#未来你好#或#毕业季#转发微博，写下自己的毕业宣言，还可以点亮学士帽icon。未来你好，也祝未来的你好！ ​,正能量
“为了新中国，前进！”1948年的今天，战斗英雄董存瑞牺牲，致敬！ （中国共青团网）L共青团中央的微博视频 ​,正能量
中国共青团，一直在你身边[心]#五四精神传承有我# L共青团中央的秒拍视频 ​,正能量
【独家V观丨#总书记和钟南山张伯礼童朝晖说了啥#】昨天下午，习近平两会后主持的首个座谈会，是和专家学者座谈，他再一次重申“#把人民的生命和健康放在第一位#”。钟南山、张伯礼、童朝晖等奋战在抗击新冠肺炎疫情一线的专家，参加座谈会和总书记面对面，他们聚焦哪些话题？看视频！,正能量
