评论者,评论时间,评论地点,评论内容
可乐在这吖,Wed May 27 10:14:47 +0800 2020,北京,1.平台做好表率，标题应为客观事实，避免舆论引导性。 2.整治营销号（歪曲事实，恶意比较，随意猜测）。 3.实名制（为自己言论负责） 4.明星适时引导粉丝，灌输积极向上的正能量，饭圈超话的引导者也要有引导义务，公益、知识科普等应占大部分比例，偶像应援安利占小部分。 （以上仅代表我个人意见）
悠幽玥-战心不灭,Wed May 27 10:14:30 +0800 2020,广东,恶意营销号和职业黑产业链先打击一下，饭圈会好99%
苏木鸢尾,Wed May 27 10:14:01 +0800 2020,山东,请各个平台实施网络实名制吧！（希望虽渺茫，但还是期望…
敬法治,Wed May 27 10:13:47 +0800 2020,江苏,见善则迁，有过则改，理性追光。
这个号可以放飞了吗,Wed May 27 10:13:00 +0800 2020,其他,追星应理性，自己应为自己负责！所谓粉丝行为偶像买单实在毁三观！偶像确实应该担负起引导粉丝进行理智追星，但对于粉丝行为不能也不应负有主要责任，对于粉丝行为的规范更多应通过社会和学校的教育来规范。
庸人不自扰丫,Wed May 27 10:12:50 +0800 2020,其他,赞同的，顺便也治理一下那些乱七八糟的营销号，职黑吧，这应该也算是饭圈乱象的一部分吧。少了他们，也许会好很多！干脆呼吁上网实名制最好
85105tx,Wed May 27 10:12:20 +0800 2020,其他,这是社会，平台，自媒体，明星，粉丝都该反省整顿的事！追星本来是一个快乐的事，平台上的营销号却恶意剪辑，评论区控住想要的评论，误导大众！自媒体追求kpi，不论事实与否！这才应该整改！
sweetshawshaw,Wed May 27 10:12:03 +0800 2020,江苏,#代表委员呼吁共同治理饭圈乱象# 职业底“线”不能破，理性之“圈”不能出，饭圈不能圈一切。遵纪守法，理智追星，向阳而生，向爱而行。
akasu_,Wed May 27 10:11:58 +0800 2020,上海,希望多方联手吧，希望平台和媒体担负起相应责任！！！
明夏Propre,Wed May 27 10:11:49 +0800 2020,其他,建议进行系统化整治，把整个关系链条拎出来曝光和处理。只把关注点着眼于粉丝和明星本人，以点盖面，引起争端的源头却逍遥法外，饭圈必然乌烟瘴气，冤假错案不绝于耳[羞嗒嗒]
