评论者,评论时间,评论地点,评论内容
卢克-天行者,Wed May 20 12:47:37 +0800 2020,其他,好好好，我们信，希望美国人也能相信！👍你们真棒。
独行侠客2000,Wed May 20 12:35:03 +0800 2020,其他,相信很快咱的孙悟空就将特朗普这俩妖怪投胎的父子捉进裹户袋了！！！所谓多行不义必自毙！！！！！……
轻灵_2013,Wed May 20 12:33:51 +0800 2020,辽宁,一家人病得不轻！
独行侠客2000,Wed May 20 12:29:33 +0800 2020,其他,特朗普这个老妖太精太厉害了！一心想害咱中国！看来得动用咱的孙悟空才能将其捉拿归案了！！！！！……
墨水心201708,Wed May 20 11:54:14 +0800 2020,其他,我就纳闷了，像这样的总统，美国还让他当着，这不丢国家的脸么？真无语，还大国呢。。。
瓶瓶罐罐儿-,Wed May 20 11:45:57 +0800 2020,其他,特朗普可以放心了，这绝逼是亲生的
罗大傻121,Wed May 20 11:20:13 +0800 2020,天津,你说的对，去医院走一圈比你在这说有用
飞翔的xb,Wed May 20 11:10:19 +0800 2020,湖北,在古代，这种人可以诛九族的
大不了弄个新号来看新闻,Wed May 20 11:10:03 +0800 2020,其他,不这样说，老特怎么知道这是亲生的？说不定啥时候就把遗嘱给改了！
一枚立志考上法大的小律师,Wed May 20 02:09:49 +0800 2020,河北,[费解]
丶暮成雨,Tue May 19 23:10:40 +0800 2020,山西,他这一家子应该读过书吧，不是还是名校吗？？[费解][费解][费解]
光着脚丫在树上晒太阳,Tue May 19 22:25:14 +0800 2020,浙江,神经病
是喆不是吉啊,Tue May 19 22:19:44 +0800 2020,北京,歃壁
肉丁丁儿会发光,Tue May 19 22:08:59 +0800 2020,其他,没人比你和你爹更了解病毒了，一天天过得跟演动画片一样
改名帅哥,Tue May 19 22:06:43 +0800 2020,其他,神奇的
吴思羽_翼,Tue May 19 20:48:57 +0800 2020,广东,回复@今天也爱MUGI酱:活得像个笑话。
今天也爱MUGI酱,Tue May 19 19:25:58 +0800 2020,四川,@吴思羽_翼 他们的脑袋真的[费解][费解]
JMYML_,Tue May 19 17:59:00 +0800 2020,其他,自取灭亡吧   //@A君不迷茫:对于美国我真的服气，死了8万多，特朗普和他的团队还可以领导着国家，然后胡言乱语。
汽车人人人人,Tue May 19 16:33:32 +0800 2020,湖北,[二哈]
哪來的囉嗦婆,Tue May 19 16:01:13 +0800 2020,广东,一家子都是疯逼
十万个唐纳德,Tue May 19 15:17:58 +0800 2020,其他,死了那多人搁这儿吹什么呢
小萌芽儿儿儿,Tue May 19 15:00:51 +0800 2020,其他,一家子神经
碧玉爱美丽,Tue May 19 14:47:34 +0800 2020,四川,真是一群坑比
阿呈星爷,Tue May 19 14:44:13 +0800 2020,重庆,他全家都注射过消毒水
隔壁老王他奶奶,Tue May 19 14:29:07 +0800 2020,其他,看来这个病有家族遗传史啊
热爱所有的善良,Tue May 19 14:26:27 +0800 2020,其他,回复@窝是萌萌哒小美懿:唉[汗]
Nightmare0H,Tue May 19 14:26:14 +0800 2020,浙江,川普大女儿，应该是隔壁老王家的
HelloLongty,Tue May 19 14:23:04 +0800 2020,河南,把民众当猴耍？
harukiberlin4ky,Tue May 19 14:13:17 +0800 2020,其他,回复@沢梌:憨批父子[太开心]
吃肉火烧哟,Tue May 19 14:09:58 +0800 2020,山东,这是信了邪教吗？？
吴荼三色堇,Tue May 19 13:48:06 +0800 2020,北京,你全家棒棒哒，都会魔法🔮 🔮🔮🔮🔮🔮🔮🔮🔮🔮🔮🔮🔮🔮🔮🔮🔮🔮🔮🔮🔮🔮🔮🔮🔮🔮🔮🔮🔮🔮🔮🔮🔮🔮🔮🔮🔮🔮🔮🔮🔮🔮🔮🔮🔮🔮🔮🔮
清水和咖啡,Tue May 19 13:43:35 +0800 2020,河南,这说的太有道理！[鼓掌][鼓掌][鼓掌]
小游李静波,Tue May 19 13:31:10 +0800 2020,其他,回复@小游李静波:四川话翻译：“你好帅哟！”
小游李静波,Tue May 19 13:28:41 +0800 2020,其他,长得还挺帅
一直都是小王子,Tue May 19 13:28:03 +0800 2020,福建,我还以为特朗普的儿子只有三岁，没想到满脸胡子拉碴的成年人思想这么幼稚的
小野马回来啦,Tue May 19 13:14:13 +0800 2020,其他,@Fzu_Galaxy 疯求了
Maxine的追星小花园,Tue May 19 13:13:47 +0800 2020,其他,没有人 比我 更懂 特朗普
努力做一头优秀的猪,Tue May 19 13:13:19 +0800 2020,四川,装了尸体的卡车再装食物是为了把食物给尸体吃？
被忘记的冬天,Tue May 19 13:10:36 +0800 2020,吉林,伏地魔:好吧好吧都是我干的
你是我青春最后的执念,Tue May 19 13:04:05 +0800 2020,辽宁,美国总统这么随便就当的吗，这届总统花边新闻可真是太多了[偷笑]
Yesorno25118,Tue May 19 13:02:49 +0800 2020,其他,说话太不负责，满嘴跑火车
x_MOK,Tue May 19 13:02:21 +0800 2020,其他,@GPH4991
盤尼西林的譜阿莫西林的藥,Tue May 19 12:56:46 +0800 2020,上海,最近民主党的州和媒体把共和党给怂的屎尿不禁，连前任民主党的奥巴马也出来嘲讽了，这时候他的傀儡老哥拜登兴奋中
是超酷的呀,Tue May 19 12:55:46 +0800 2020,浙江,不知道说什么
沢梌,Tue May 19 12:54:43 +0800 2020,其他,@harukiberlin4ky 黑人问号.jpg
小面包的橙子-,Tue May 19 12:53:26 +0800 2020,黑龙江,是消毒水导致他们一家人脑子氧化变质了吗[费解][费解][费解]
小荷尖尖-山东,Tue May 19 12:48:18 +0800 2020,浙江,你傻还是我傻。。。
郎朗娪悟,Tue May 19 12:46:06 +0800 2020,北京,爹3歲 儿子也3歲 絕版反智❗️照他這邏輯：美國8萬多人在裝死 待到11月3日大選之后 棺材里爬出8萬多⋯[允悲]
行走的木乃尹,Tue May 19 12:42:28 +0800 2020,陕西,回复@Barrichello_Hu:我也想这么说来着[允悲]
沽酒七,Tue May 19 12:35:55 +0800 2020,江苏,回复@沽酒七:真的很荒诞，从未见过如此厚颜无耻之徒[二哈]一家子满嘴的谎言，只想着争权夺利，有命去挣，有福去享吗？
AloisKnight,Tue May 19 12:35:54 +0800 2020,广东,为政治无视生命，不过A国更爱自由，只要不是无视自由就好了[嘻嘻]，freedom 何其廉价
AmaneCer冫,Tue May 19 12:34:40 +0800 2020,其他,特朗普家族的四大优势：说学逗唱
沽酒七,Tue May 19 12:32:32 +0800 2020,江苏,万一呢？如果大选后真的消失了，那就说明特朗普家的病毒[doge][doge][doge]还能筛选人口，真的很可怕了
Jhonburmary,Tue May 19 12:29:04 +0800 2020,其他,但是即使这么扯还是会有人拥戴特朗普的
Garfield-Yaha,Tue May 19 12:24:00 +0800 2020,陕西,不是一家人不进一家门
彼得伊利奇柴可夫斯基,Tue May 19 12:23:20 +0800 2020,北京,疯王的儿子能不疯？精神病可是遺傳的
德罗海达魔鬼桉,Tue May 19 12:23:20 +0800 2020,上海,我草，民主国家真是啥屁话都说也没有什么代价
想念是会呼吸的痛038,Tue May 19 12:19:45 +0800 2020,吉林,哪个政治不是骗局[笑cry]
Heleninsummer,Tue May 19 12:14:34 +0800 2020,其他,@外交部发言人办公室
不想这样迷茫,Tue May 19 12:11:07 +0800 2020,广东,一家子脑残
依米阳光1212,Tue May 19 12:06:48 +0800 2020,安徽,这些人果然是政治家阴谋论用的真好[怒]
胡狗翠,Tue May 19 11:59:07 +0800 2020,山东,能不能别彪了
lcx皮皮雪,Tue May 19 11:54:04 +0800 2020,辽宁,全球都为了你老爹大选？
云悠悠大王,Tue May 19 11:53:54 +0800 2020,上海,亲生的！
枯松知天风,Tue May 19 11:48:29 +0800 2020,其他,？
默默有点伤,Tue May 19 11:48:16 +0800 2020,浙江,让那些被感染的人和奋斗在医院一线的工作者作何感想
清明上坟图1,Tue May 19 11:48:03 +0800 2020,河北,老子英雄儿好汉[二哈]
半山老妖11,Tue May 19 11:46:35 +0800 2020,其他,意识形态简直就是疯子
麦子闪电,Tue May 19 11:46:07 +0800 2020,广东,这可能是我见过最傻的傻子了吧[doge]就这脑子，他是怎么考上大学的？？？[微笑][微笑]
1加1不二,Tue May 19 11:41:15 +0800 2020,其他,虽然…但是我内心特别希望他说的是真的，病毒消失不见不好吗？但是但是，他是个白痴~
Naughty-tttop,Tue May 19 11:38:36 +0800 2020,其他,回复@Naughty-tttop:哈哈哈哈哈
Naughty-tttop,Tue May 19 11:38:31 +0800 2020,其他,没有人比我更懂美国
南风知我心吖,Tue May 19 11:37:35 +0800 2020,北京,这些人脑子都正常吗？
宝宝雄牛,Tue May 19 11:36:16 +0800 2020,广东,亲生的
ZLearnly,Tue May 19 11:31:31 +0800 2020,山东,老鼠的儿子会打洞
杰克伦敦·周,Tue May 19 11:30:48 +0800 2020,其他,可以的，这很唐纳德
卖啤酒大麦的大麦,Tue May 19 11:30:01 +0800 2020,甘肃,回复@寻找香克斯:这是真的[doge]
KIKIXIXI1,Tue May 19 11:26:51 +0800 2020,其他,胡说是会遗传的
AMAnitxOnTheBeat,Tue May 19 11:25:26 +0800 2020,其他,你妈生你也是你爸不带套的政治骗局
一只小白烊y,Tue May 19 11:23:55 +0800 2020,江西,不是一家人不进一家门
朵朵是个小胖胖,Tue May 19 11:20:39 +0800 2020,其他,这都不用验 肯定亲生的
上帝在对我微笑0304,Tue May 19 11:19:43 +0800 2020,其他,这一家子一天天的在这干啥捏[允悲]
全面沦陷ANG,Tue May 19 11:12:45 +0800 2020,湖北,唐纳德.坑爹
她的名字响彻天堂,Tue May 19 11:12:02 +0800 2020,黑龙江,要是大选过后，病毒没有消失是不是又打脸了[偷笑][偷笑][偷笑]
想成为道格特郭的麦斯特小郭,Tue May 19 11:10:13 +0800 2020,上海,Funny mud pee
小乖和阿呆,Tue May 19 11:08:50 +0800 2020,河南,@L_ZY__
保尔喝茶金不换,Tue May 19 11:05:12 +0800 2020,福建,这么特是亲生的，不是隔壁老王的
_Sunny,Tue May 19 10:57:14 +0800 2020,其他,那这个意思就是，病毒是从美国出来的，是吧[挖鼻]
茶念素心,Tue May 19 10:53:16 +0800 2020,其他,秀智商
winmyheart731,Tue May 19 10:52:40 +0800 2020,其他,全家犯病就不说了 求求别带坏小儿子
素年锦时777777,Tue May 19 10:48:12 +0800 2020,广东,这种言论说不定也是特朗普那一派讨论过后的
萤火炎焱燚yhyy,Tue May 19 10:31:34 +0800 2020,江苏,嗯就很迷惑[挖鼻]
沧海一舟-,Tue May 19 10:28:48 +0800 2020,其他,能人道毁灭这爷俩吗
文艺气息极其浓郁的少女喵,Tue May 19 10:18:04 +0800 2020,辽宁,他家人是？？？？？
紫苏寒月,Tue May 19 10:12:34 +0800 2020,山东,有什么样不靠谱的爹，就有什么样不靠谱的儿子，绝对亲生，一对铁憨憨，呸！[哼]
哆哆么嘛,Tue May 19 10:12:27 +0800 2020,河北,脑子进水了这是
我普通得一无是处,Tue May 19 10:07:49 +0800 2020,其他,没办法！美国人民爱死了川普！川普让美国“再伟大”！[吐][吐][吐]
争木,Tue May 19 10:05:10 +0800 2020,辽宁,疫情期间死的美国人里一部分是被气死的吧
王哮长,Tue May 19 10:03:38 +0800 2020,江西,还是那熟悉的手风琴，亲生的
神二儿,Tue May 19 09:56:22 +0800 2020,山西,[哆啦A梦吃惊]
ArcherE92,Tue May 19 09:55:50 +0800 2020,其他,醉了
首席长肉执行官,Tue May 19 09:38:07 +0800 2020,河南,我支持他连任，搅屎棍搅的挺好[doge]
Mmmmmmortal,Tue May 19 09:24:19 +0800 2020,重庆,yes yes yes
lisez777,Tue May 19 09:18:47 +0800 2020,其他,果然是言传身教！
汪洋铃,Tue May 19 09:15:18 +0800 2020,浙江,政客每天都是被害妄想，已经没有科学常识了[汗]
-wangywww,Tue May 19 09:09:40 +0800 2020,天津,什么脑回路[允悲]
各种好的姑娘,Tue May 19 09:07:34 +0800 2020,广西,这两人是来搞笑的？
小百合123321,Tue May 19 09:02:07 +0800 2020,四川,回复@Barrichello_Hu:與论战而已，唱衰米国的[哈哈][哈哈][哈哈][哈哈]
听说你是皮皮虾,Tue May 19 08:58:56 +0800 2020,福建,所以这沙雕总统能连任吗？
胡漂亮000,Tue May 19 08:56:03 +0800 2020,浙江,傻的吧
呆呆的木费,Tue May 19 08:53:14 +0800 2020,安徽,他大概是活在井底的吧
西瓜热了吃,Tue May 19 08:45:02 +0800 2020,青海,神经病果然会遗传
Spurs马刺总冠军,Tue May 19 08:43:35 +0800 2020,山东,回复@寻找香克斯:美国政治牺牲品，美国赶紧赔偿全球新冠死亡者[怒][怒]
青叶202002,Tue May 19 08:43:03 +0800 2020,其他,跟他爹是真的像啊[二哈][二哈]说话的语气表情甚至手势[吃瓜]
十有九悲XL,Tue May 19 08:35:49 +0800 2020,其他,这些人脑子里装的是什么[疑问]
小嘴巴和白牙齿,Tue May 19 08:32:15 +0800 2020,云南,改名字叫不要脸家族吧
箱丶神,Tue May 19 08:29:01 +0800 2020,湖北,死那么多人，都是你杀都？，不对，是你爹杀的
sunny的水仙花,Tue May 19 08:27:00 +0800 2020,其他,脑子很好 为什么不用
A-kerry-,Tue May 19 08:24:03 +0800 2020,广东,他们全家都以为米国都是傻子会相信他们的话
闫嗣晨,Tue May 19 08:17:05 +0800 2020,其他,回复@1号桶桶:他们一家的智商好像都不太高
Doumt兜,Tue May 19 08:13:05 +0800 2020,四川,陈道明：这是什么，这是党争，这是亡国之道啊！
变态食人花,Tue May 19 08:10:19 +0800 2020,河南,感情这毒是你爹传的？你爹当选，把病毒收回？玄幻小说都不敢这么写
我是大天儿,Tue May 19 08:04:40 +0800 2020,北京,病毒不消失，你是孙子[允悲]
-ooYYoo-,Tue May 19 07:59:19 +0800 2020,福建,看起来不大聪明的样子
我有一个b家族,Tue May 19 07:48:13 +0800 2020,其他,脑袋问题是会遗传的
雨明同学,Tue May 19 07:46:02 +0800 2020,浙江,因为大选后就不会通报出来了。[二哈]
雁南飞吗,Tue May 19 07:42:44 +0800 2020,其他,有其父必有其子
微笑向暖S安之若素,Tue May 19 07:39:20 +0800 2020,北京,为大选甘愿做个傻子[吃瓜]
MissAntoinette,Tue May 19 07:24:28 +0800 2020,其他,520的战袍都准备好了吗？🥛 Miss Antoinette 安托奈小姐同名系列的独有银色款🍦想为大家塑造一个银色梦幻异世界🥽优雅精致的银色缎面吊带🤍由匠人精心手工缝制，肩带上由银灰色珍珠装饰🦢幽幽的光泽彷若月光下的女神，带有几分未来的神秘感。🥥淘宝店铺名称：Miss Antoinette 安托奈小姐
詪镹詪镹以後,Tue May 19 07:12:22 +0800 2020,河北,出现人传人现象！
RhTyughx1562,Tue May 19 07:05:05 +0800 2020,新疆,你是想继承你爹的总统吧
米莉小艾人,Tue May 19 06:57:10 +0800 2020,云南,回复@自拍大赛bot:他们可能只有头没有脑
静静静静净净净净,Tue May 19 06:45:53 +0800 2020,吉林,怕不是疯了吧
贰鞄叔叔,Tue May 19 06:40:35 +0800 2020,其他,这一家精神都不怎么太好。特朗普最近那张脸好像疯子[可怜]
Dchuan_akmu,Tue May 19 06:30:47 +0800 2020,山东,都能把家族产业做的那么大   为什么这么没脑子
全真正道,Tue May 19 06:28:44 +0800 2020,浙江,很多国家都有这样的人，其实中国10个里面9个也这样。颠倒是非。
差一点考上清华skr,Tue May 19 05:47:43 +0800 2020,山东,不管怎么样，老丈人先得当选，只有老丈人能当选什么花都能说什么事都能做
arcticb,Tue May 19 05:45:34 +0800 2020,上海,巫师一家门
用户征程,Tue May 19 05:45:00 +0800 2020,北京,转发微博
mjandqzx,Tue May 19 05:19:24 +0800 2020,辽宁,麦机科，魔法呗
ice_cream呀,Tue May 19 05:08:46 +0800 2020,其他,？
Grape李,Tue May 19 05:03:16 +0800 2020,其他,回复@几点羊几点:老鼠：有被侮辱到。
浅浅荷瑞,Tue May 19 04:42:02 +0800 2020,其他,一家子智商堪忧呀
兜儿de妈妈,Tue May 19 04:25:19 +0800 2020,其他,最大的政治骗局难道不是你们家最近的连环大戏？[可怜]
小森林Skye,Tue May 19 04:06:58 +0800 2020,云南,米国人智商需要上税啊 这样会暴富
麻糖23,Tue May 19 03:33:17 +0800 2020,湖南,一家子的神经病
纽约上海租房买房万能姐姐Milly,Tue May 19 03:22:36 +0800 2020,其他,傻儿子 厉害了
觉鸣,Tue May 19 03:11:30 +0800 2020,福建,何不食肉糜？傲慢无礼的精英三代才不care什么人间疾苦
一只熊妹,Tue May 19 02:53:25 +0800 2020,其他,家产还是就给女儿吧，这儿子不行[笑cry]
南方点COM,Tue May 19 02:42:06 +0800 2020,上海,忽悠之王家族
Fab008,Tue May 19 02:41:28 +0800 2020,澳门,DNA活体验亲完毕 👌😎
星空ing月亮ing,Tue May 19 02:27:31 +0800 2020,其他,长这么猥琐
爆米花国美少女,Tue May 19 02:21:04 +0800 2020,其他,@Old先桑17954
最强蛋痛人_,Tue May 19 02:19:58 +0800 2020,其他,他说这些话的时候不觉得自己很蠢吗
嘿76171,Tue May 19 02:07:56 +0800 2020,其他,跟他爸一样. 都是疯子哈哈哈
Before-Leap,Tue May 19 01:51:42 +0800 2020,其他,哈哈。哈。[赞]
gnailxs,Tue May 19 01:19:57 +0800 2020,河南,父子都挺魔幻的
_吴小饱_,Tue May 19 01:18:07 +0800 2020,浙江,不怕那死的五万多人来向你追魂索命吗？
少问几个为什么,Tue May 19 01:11:11 +0800 2020,其他,没错，就是个骗局！大号流感嘛，“蓬”一下就会消失，咦？这好像是特朗普的骗局，不是白等的骗局。
赫尔米娅,Tue May 19 01:05:08 +0800 2020,其他,终于明白这个家庭想做总统想疯了，什么叫沙雕？他就是
红星闪闪亮15,Tue May 19 00:48:44 +0800 2020,福建,脑袋长泡了吧
伸懒腰的猫2006,Tue May 19 00:43:33 +0800 2020,陕西,有病
窝是萌萌哒小美懿,Tue May 19 00:43:23 +0800 2020,其他,@热爱所有的善良
阿伟的小号,Tue May 19 00:41:55 +0800 2020,海南,回复@沁入我心2017:美国人均智商本来就低，都还不如西欧，更不用跟东亚比
我想和这个世界谈2012,Tue May 19 00:41:22 +0800 2020,其他,zi jia shen jing bing
阿伟的小号,Tue May 19 00:39:49 +0800 2020,海南,回复@寻找香克斯:11月过后就是复活节，你品，你细品[喵喵]
爱哭鼻子的傻呱,Tue May 19 00:29:12 +0800 2020,其他,确实是政治骗局，特朗普的政治骗局
Alex-饭饭,Tue May 19 00:25:26 +0800 2020,其他,这种就是弱智 病毒消失很扯就不提了。重要的是这种话说明政客再拿民众的命为自己谋利，你还不以为耻地公之于众
季铭乙,Tue May 19 00:16:28 +0800 2020,天津,没错！太对了！春节的时候其实全中国都在演戏，就是为了骗你们[并不简单][并不简单][并不简单]
脆皮鸡·,Tue May 19 00:14:28 +0800 2020,河南,裹尸袋里装的是🐶
Kingkong0705,Tue May 19 00:06:24 +0800 2020,海南,建国同志把自己的儿子都发展为地下党了吗
__而今迈步从头越,Tue May 19 00:06:00 +0800 2020,其他,这瞎扯淡的功夫颇有乃父之风[赞][赞][赞]
无敌臭萱萱,Tue May 19 00:05:46 +0800 2020,湖南,沙雕傻一窝
坚持的车夫,Tue May 19 00:02:22 +0800 2020,江苏,绝对是亲生的[允悲][允悲][允悲][允悲]
焦糖卡布季诺,Mon May 18 23:55:07 +0800 2020,上海,说的一点没有错
王美丽很懒呀,Mon May 18 23:53:42 +0800 2020,重庆,其实我们干着急没用，毕竟文化差异太大。万一美国公民就信他这一套呢[二哈]
ulinda,Mon May 18 23:50:28 +0800 2020,其他,愣货一枚，鉴定完毕！
1号桶桶,Mon May 18 23:49:34 +0800 2020,其他,@闫嗣晨 哈哈哈哈哈哈哈哈
superTwo-,Mon May 18 23:46:19 +0800 2020,福建,牛逼了
旧梦离裳88,Mon May 18 23:43:21 +0800 2020,福建,精神病家族使
初心不忘的文正先生,Mon May 18 23:40:38 +0800 2020,新疆,老鼠生儿会打洞哇[偷笑]
食神下凡123,Mon May 18 23:39:54 +0800 2020,西藏,哇 蠢会遗传哎～ 真是青出于蓝而胜于蓝呢！你也去竞选总统吧[微笑] 让美国前两百年的努力和成就都毁在你们父子手里吧[二哈] （不应该幸灾乐祸但我有点忍不住[doge]）
是依诺啊,Mon May 18 23:36:50 +0800 2020,河北,两个精神病在搞笑
Craneflower,Mon May 18 23:33:05 +0800 2020,上海,为了选举能利用疫情？那死去的人都是被谋杀的啊！
Do小小美,Mon May 18 23:31:36 +0800 2020,福建,为了利益，让他们的昧着良心说着自己都不信的话
喜歡發呆miss,Mon May 18 23:27:29 +0800 2020,广东,像你爸一样没脑子
木头木脑困,Mon May 18 23:22:41 +0800 2020,其他,不用怀疑亲生的
沁入我心2017,Mon May 18 23:22:33 +0800 2020,上海,回复@A君不迷茫:所以说美国民众也不咋地，脑子……
月半月半爱榴莲,Mon May 18 23:20:20 +0800 2020,广东,不用亲子鉴定也能确认是亲生的
山地涧的一棵树,Mon May 18 23:14:20 +0800 2020,其他,应该不会，正如你脸上的胡子，病毒已深深扎根于美国这片呼唤”自由”的土地。引用一下就是:总统不换人，新冠灭不净[doge]加油，看好你哟
呛水的鱼摆摆,Mon May 18 23:13:20 +0800 2020,四川,美国人都傻了？好难理解
Angel家的柒柒,Mon May 18 23:13:02 +0800 2020,其他,神经病
真真大名子,Mon May 18 23:11:52 +0800 2020,辽宁,哇！这么说你们为了自己的大选整得全世界都不安宁啊🙃
山有木而君不知,Mon May 18 23:09:14 +0800 2020,云南,一家子满嘴跑火车
这个名字该改改了,Mon May 18 23:07:49 +0800 2020,四川,建国的儿子也入党了吗
不说不高兴,Mon May 18 23:06:51 +0800 2020,其他,这一家子怎么好像邪教一样[汗]
鸣乔是芒果,Mon May 18 23:03:39 +0800 2020,辽宁,他的脑子是被屎💩 糊住了吗
一颗乌鱼子,Mon May 18 22:59:50 +0800 2020,其他,上帝都不敢那样想[允悲][哈哈][嘻嘻]
木非楠,Mon May 18 22:57:15 +0800 2020,其他,……令人迷惑
梦中的奇妙世界,Mon May 18 22:49:59 +0800 2020,其他,特朗普亲生的没错了
OaT-no,Mon May 18 22:49:07 +0800 2020,辽宁,喝多少假酒啊
橘子酱小仙女吖,Mon May 18 22:44:55 +0800 2020,北京,鉴定完毕  是亲生的
sarah酱-圆圆,Mon May 18 22:44:26 +0800 2020,其他,让你们早点选举，疫情不就提早结束了…熬5个月…美国人民都被你们变没了…magic～
独立情报员001,Mon May 18 22:34:54 +0800 2020,广东,那么，死去的八万美国人应该是装死了，过几天会像变魔法一样复活
向阳花儿满山坡,Mon May 18 22:32:18 +0800 2020,其他,不愧是亲儿子，随爹！
投觉先生,Mon May 18 22:24:02 +0800 2020,浙江,嗯，是一家人。
巧克樱桃酱,Mon May 18 22:19:10 +0800 2020,其他,哈哈
小太阳onlyone,Mon May 18 22:16:23 +0800 2020,北京,生了个傻子，真可怜
豆沙包_云瑞,Mon May 18 22:12:32 +0800 2020,上海,怕不是被什么宗教思想蒙蔽了头脑吧
一枚小太阳冉冉升起,Mon May 18 21:42:07 +0800 2020,广东,回复@寻找香克斯:装死实锤了
一少的世界你不懂,Mon May 18 21:40:44 +0800 2020,四川,不是一家人 不进一家门
早睡早起的小阿温,Mon May 18 21:38:18 +0800 2020,其他,脑子有泡
北方有个姑娘_1111,Mon May 18 21:38:08 +0800 2020,其他,满嘴跑火车
__再见萤火虫__,Mon May 18 21:25:32 +0800 2020,广东,又在给人洗脑了
A梦去流浪,Mon May 18 21:24:41 +0800 2020,上海,一家人都是神经病
Exile丶俗世的流离,Mon May 18 21:24:01 +0800 2020,广东,特朗普特意和他儿子说：儿子啊，上次我说过一次病毒会神奇消失的，再说就不行了，现在你帮我说。[二哈][二哈][二哈][二哈]
尢物主义_,Mon May 18 21:18:28 +0800 2020,江苏,回复@A君不迷茫:很棒
瞄头打爆蛋,Mon May 18 21:16:01 +0800 2020,山东,回复@镇痛药:死的人怎么办
细眼青蛙,Mon May 18 21:15:06 +0800 2020,广东,面对逝去的8万多生命，这些话他怎么说得出口？那些人的生命都是儿戏吗？真不是一般的无耻！
青扦520,Mon May 18 21:14:38 +0800 2020,上海,原来疯病真的会遗传啊！
Wennychenn,Mon May 18 21:07:41 +0800 2020,湖南,这脑回路亲生无疑[good]
Jason的超级小可爱,Mon May 18 21:07:07 +0800 2020,陕西,一家人都是傻子，真可怜！
小茹小草,Mon May 18 21:01:27 +0800 2020,广东,一本正经的胡说八道[允悲]
一盎司,Mon May 18 21:01:26 +0800 2020,广东,万一消失了就不好解释了，民主党决定让病毒不消失
会呼吸的痛hwh,Mon May 18 21:01:11 +0800 2020,广东,原来二儿子也是手风琴大师[doge]
絲絲X甜蜜T,Mon May 18 20:58:32 +0800 2020,其他,长得就一副zhizhang的样子
马小跳Susan,Mon May 18 20:58:15 +0800 2020,北京,好 我信你
棋哆哆,Mon May 18 20:57:29 +0800 2020,重庆,百思不得其解
video1010,Mon May 18 20:57:01 +0800 2020,广东,like father like son。。。
-浅夏-慕颜XY,Mon May 18 20:54:18 +0800 2020,其他,傻儿子
是污小霞不是乌小霞,Mon May 18 20:52:45 +0800 2020,浙江,不消失的话怎么办？重新选嘛[摊手]
木易20200101,Mon May 18 20:50:13 +0800 2020,其他,一会儿赖中国，一会儿赖民主党，不是自相矛盾吗！
晚些喜欢呐,Mon May 18 20:47:32 +0800 2020,其他,为了连任让自己儿子胡言乱语也做得出来。
月好茶房,Mon May 18 20:44:26 +0800 2020,山东,白痴
平平无奇小张同学,Mon May 18 20:30:52 +0800 2020,其他,总觉得我也可以做总统[费解]
平平无奇小张同学,Mon May 18 20:30:09 +0800 2020,其他,果然是一家人
som1ce,Mon May 18 20:25:20 +0800 2020,其他,这玩意遗传[喵喵]
我就是我566,Mon May 18 20:22:44 +0800 2020,广东,一家都是神经病
犟妈,Mon May 18 20:19:54 +0800 2020,上海,这是美国精英？
嘿嘿哈哈1985,Mon May 18 20:19:48 +0800 2020,其他,这一家子都是什么人啊！
悲伤如同飘雪,Mon May 18 20:02:01 +0800 2020,其他,真是有其父必有其子啊！[摊手]
OK欧尼_js,Mon May 18 19:59:16 +0800 2020,北京,👀 👃 👄 一毛一样
CRISSCROS,Mon May 18 19:57:54 +0800 2020,其他,美国人民真好骗！美国人的智商好不到哪里去？
Player_qian,Mon May 18 19:56:54 +0800 2020,吉林,回复@Barrichello_Hu:比起讨大家喜欢，获得父亲的认可对他而言更重要。
等一个晴天79,Mon May 18 19:46:34 +0800 2020,四川,不是一家人，不进一家门[笑cry]
红色拿铁,Mon May 18 19:45:10 +0800 2020,广西,真可悲美国有这样的总统
沧海43480,Mon May 18 19:42:52 +0800 2020,河北,白痴家族
镇痛药,Mon May 18 19:38:17 +0800 2020,其他,@瞄头打爆蛋
娇羞嘀锅牛,Mon May 18 19:36:16 +0800 2020,广西,我一直很好奇美国民众他们是真的那么相信白宫那帮政客吗，看新闻和一些新闻感觉他们无论怎样还是支持白宫的，还是知道是啥货色但无法反抗和发出声音。
Lucy阳光灿烂,Mon May 18 19:33:02 +0800 2020,四川,神经饼[吃瓜]
六月的阳光58085,Mon May 18 19:31:29 +0800 2020,其他,这毒会遗传
一人身的圈,Mon May 18 19:28:32 +0800 2020,重庆,如果是这样，希望已逝美国老百姓能复活，你们得给他们一个说法。
黄濑锕,Mon May 18 18:55:28 +0800 2020,湖北,一家子神经
小小葱儿123,Mon May 18 18:28:33 +0800 2020,山东,再一次像魔法一样消失
做个好淫0,Mon May 18 18:04:23 +0800 2020,北京,我不信
曦曦黑泡泡,Mon May 18 17:58:51 +0800 2020,河南,人家儿子说的没错，中国把疫苗造出来，美国开始攻击中国，大选获胜，开始买疫苗，疫情控制，没毛病……[挖鼻]
莎拉-酱,Mon May 18 17:43:04 +0800 2020,其他,这一家子是吃戏精药长大的啊
BOBO_阿寶2016,Mon May 18 17:40:07 +0800 2020,广东,脸大
家园防线1711,Mon May 18 17:21:33 +0800 2020,北京,王德发
打材谋生,Mon May 18 17:20:35 +0800 2020,北京,外行领导内行，美国完蛋了
鬼魔神妖仙,Mon May 18 17:07:28 +0800 2020,其他,回复@几点羊几点:龙生龙，凤生凤，老鼠生儿会打洞，猫生猫，狗生狗，小偷儿子三只手。
sysysy的小窝,Mon May 18 16:59:40 +0800 2020,上海,实证美国病毒
旋木在天堂,Mon May 18 16:59:12 +0800 2020,江苏,瞧这一家子[吃瓜]
云过月朗,Mon May 18 16:44:02 +0800 2020,广东,还骗局呢
浅色夏o沫,Mon May 18 16:42:12 +0800 2020,云南,亲生的
程九九·,Mon May 18 16:40:38 +0800 2020,广东,一家子都病得不轻，心疼米果人[允悲][允悲][允悲]
现在人要传递正能量uyf570,Mon May 18 16:39:59 +0800 2020,河南,去大爷的魔法
梓易行,Mon May 18 16:39:48 +0800 2020,其他,他们一家都疯了
樱花汤小圆,Mon May 18 16:39:10 +0800 2020,山东,麻烦大选后把死去的美国人变活[摊手]
向日葵的人,Mon May 18 16:38:54 +0800 2020,浙江,一家都是白痴
2011171212哦,Mon May 18 16:36:30 +0800 2020,山西,缓缓打出一个？
磨笔匠,Mon May 18 16:28:41 +0800 2020,山西,西方文明就是个笑话，西方蠢猪
琦不是奇怪的琪,Mon May 18 16:22:26 +0800 2020,其他,他家网是2G的么 还是断网了？
酸橘子爱吃酸橙子,Mon May 18 16:18:19 +0800 2020,四川,真好
狐狸酱係小公举,Mon May 18 16:16:25 +0800 2020,香港,通过这件事大家知道，脑残是会遗传的
小豌豆0506,Mon May 18 16:14:54 +0800 2020,江苏,什么智商
你吃饭了没105,Mon May 18 16:09:33 +0800 2020,江苏,这孩子……
Chic-abSTinency,Mon May 18 16:04:39 +0800 2020,其他,一家nt？
张小怼怼怼,Mon May 18 16:00:27 +0800 2020,上海,回复@寻找香克斯:大选后复活节一施法就又复活了[doge]
清风樱梦,Mon May 18 16:00:14 +0800 2020,湖北,[哈欠][哈欠][哈欠]西方人脑子有洞
支持港警大家一起,Mon May 18 15:57:35 +0800 2020,广东,一个畜牲样
老爱玩收藏,Mon May 18 15:55:18 +0800 2020,其他,特无谱儿子小无谱
豆豆欧呀,Mon May 18 15:53:19 +0800 2020,江西,这种离远点。
向日葵12182012,Mon May 18 15:52:36 +0800 2020,黑龙江,哈哈哈[哈哈]
阿蔡继续硬梆梆,Mon May 18 15:51:49 +0800 2020,上海,有种出种！龙生龙凤养凤，神经病的儿子爱抽风
A君不迷茫,Mon May 18 15:47:45 +0800 2020,浙江,对于美国我真的服气，死了8万多，特朗普和他的团队还可以领导着国家，然后胡言乱语。
Sun纯属虚构,Mon May 18 15:47:06 +0800 2020,四川,近亲繁殖的？
要不要辞职做律师嘞,Mon May 18 15:47:01 +0800 2020,其他,睁眼说瞎话的能力比他爹还厉害
不安分的老仙女,Mon May 18 15:45:51 +0800 2020,其他,因为他们有解药啊，大选之后就把解药拿出来了，这是威胁
kathyjam,Mon May 18 15:45:38 +0800 2020,上海,不愧是儿子，yuchun
托微波以通辞,Mon May 18 15:43:22 +0800 2020,上海,为什么看着母母淋淋的
天使辛燃,Mon May 18 15:43:06 +0800 2020,北京,可就是有人会信！
AA_UU_VV,Mon May 18 15:41:40 +0800 2020,上海,[笑cry][笑cry][笑cry][允悲][允悲][允悲]
dxdfs,Mon May 18 15:40:22 +0800 2020,北京,他爸是因为年老糊涂，他是因为人傻
Barrichello_Hu,Mon May 18 15:38:06 +0800 2020,上海,有其父必有其子
伸伸懒腰摆摆尾他竟说乖,Mon May 18 15:33:14 +0800 2020,其他,一家都是白痴吗？
你好未来all123,Mon May 18 15:32:17 +0800 2020,江苏,川普连任，解药就会拿岀来，否则后果很严重
寻找香克斯,Mon May 18 15:29:22 +0800 2020,其他,死的美国人都是装死？
菠萝树上的,Mon May 18 15:28:58 +0800 2020,上海,哗众取宠？
可爱没烦恼xi,Mon May 18 15:25:03 +0800 2020,云南,爹蠢蠢一窝[doge]
人在云端心在水下,Mon May 18 15:21:57 +0800 2020,上海,一家子卖拐[doge]
猫小7的博,Mon May 18 15:21:37 +0800 2020,江苏,注射消毒水的人才会说这种P话[二哈]
期货花娇,Mon May 18 15:21:17 +0800 2020,福建,确定不是特朗普弄巧成拙？
呜啦啦呜咔啦,Mon May 18 15:21:05 +0800 2020,其他,一人血书，小普上任[doge]
永远乔安,Mon May 18 15:20:46 +0800 2020,西藏,绝对是亲生的
CAOPEIPEI,Mon May 18 15:20:10 +0800 2020,浙江,睁眼瞎，鉴定完毕
我只喝焦糖玛奇朵,Mon May 18 15:19:04 +0800 2020,上海,真的是有其父必有其子啊
JoJo学姐的申请秘籍,Mon May 18 15:18:41 +0800 2020,四川,说这种话不觉得可笑吗
老虎逛街,Mon May 18 15:18:06 +0800 2020,北京,图片评论 http://t.cn/A62PQp9I
几点羊几点,Mon May 18 15:17:53 +0800 2020,北京,老鼠的儿子会打洞
自拍大赛bot,Mon May 18 15:17:31 +0800 2020,黑龙江,都是活生生的有头脑的人怎么说这么扯的话[白眼]
百变魔法少女郭德纲,Mon May 18 15:17:23 +0800 2020,河北,what？？？？
