评论者,评论时间,评论地点,评论内容
Amy家53719,Wed May 27 14:04:05 +0800 2020,湖北,回复@崔大叔不吃肥肉:看了这么半天，最暖心的回复！看到其他骂人的都忍着没哭～突然看到您的回复，真的是心头一热～泪水止不住！！！非常感谢！！！
Limerenc2_,Wed May 27 14:04:02 +0800 2020,海南,回复@天强雄狮:错了 病毒可以治愈 脑残不会
潮退汐平,Wed May 27 14:01:22 +0800 2020,湖南,俺不是愚昧俺是讲究[允悲][允悲][允悲]
巢上城业主,Wed May 27 14:00:04 +0800 2020,湖北,说理解的，我理解你们的理解。以后国家给武汉政策，给湖北拨款，也请你们理解，别一说就是凭什么？[摊手]
王利娜wln,Wed May 27 13:59:49 +0800 2020,湖北,回复@Aminle3_3:如果只是单纯的退货没什么啊，只是那位女士说话太难听了你没觉得吗
等林俊杰第十四张专辑,Wed May 27 13:57:04 +0800 2020,其他,我收了湖北那边的橙子，小龙虾，哪有这么夸张
2020年2月10号开始减肥30斤,Wed May 27 13:52:50 +0800 2020,上海,淘宝店名叫什么?我要去买鸡蛋。
錵錵jzz,Wed May 27 13:50:31 +0800 2020,湖北,回复@Aminle3_3:就问你这个卖家逼着人家买了没，说了不买他们家的，是逼着关门没，人家客服就说了武汉比较难，你就yy这么多不来，便宜卖怎么了，那个商家不作活动，怎么到了武汉就能便宜了，真特么奇怪，啥都是你在说
和悦真正的小号,Wed May 27 13:49:49 +0800 2020,其他,能够理解，国内嫌弃湖北武汉，就跟外国人嫌弃中国是一样的，都是疫区
catsdaddy,Wed May 27 13:49:27 +0800 2020,湖北,武汉现在消毒做的比其他城市都严谨，卖出去的东西肯定本市和外地都会严查消毒啊！我们都是很注意的，口罩消毒洗手液我随身带备用的。公共场合都要扫码测温，而且武汉还做了全市的核酸筛查，只能说偏见一下就是无法消失，我也认了，希望过段时间真的能消除偏见
洛洛Jasmine,Wed May 27 13:47:08 +0800 2020,河北,中国歧视还少吗？用得着这么大惊小怪的嘛？？？道德绑架别人的时候，希望你们天天买湖北武汉的东西去支持武汉，做不到就别哔哔别人。
Aminle3_3,Wed May 27 13:44:59 +0800 2020,北京,回复@錵錵jzz:哎哟，别人不买你东西，你说别人要逼着你关门，这还不叫逼人买东西。为什么要便宜卖，你自己没数吗？你自己说的话，仿佛在贬低你自己地方产的东西。
咸味石头,Wed May 27 13:44:25 +0800 2020,湖北,回复@Aminle3_3:只是单纯的不买退货没人说的吧，网上有很多这样退货的，没人不去说什么，只是都说今年太难而已，那位女士说的什么？自己去看，然后再来看你现在发那人对你发的“武汉怎么你了”这大句话，不求支持，但别去诋毁。你去听听，那位女士说的啥，你再觉得这句话是逼着你买，我们也没必要再说下去，沟通不了
錵錵jzz,Wed May 27 13:42:56 +0800 2020,湖北,回复@Aminle3_3:这都是你在说吧，再说了，不是她自己贪便宜买的吗，有本事别看到便宜就买啊！
曹摄影佛系咨询,Wed May 27 13:42:13 +0800 2020,辽宁,回复@崔大叔不吃肥肉:确实，我单位也组织团购武汉产品了，第一次吃热干面，真的好吃，作为东北人第一次吃酸豆角，好吃
箐-文,Wed May 27 13:41:44 +0800 2020,湖北,回复@Aminle3_3:拒收一大把，无所谓，骂人就不对，说人家故意害人更是不对~~~还有什么说的
Aminle3_3,Wed May 27 13:40:53 +0800 2020,北京,回复@箐-文:原来是武汉的，难怪别人拒收你的东西，就要把人批死
就是这样HY,Wed May 27 13:40:19 +0800 2020,其他,人还隔离吗？
箐-文,Wed May 27 13:39:29 +0800 2020,湖北,回复@Aminle3_3:是嘛，每个拒收客户都打电话骂你？说你害人？你洗地洗的真奇怪~~~~
快慢机22367,Wed May 27 13:38:39 +0800 2020,其他,湖北武汉。一女子网购鸡蛋后发现发货地是武汉。。
箐-文,Wed May 27 13:38:21 +0800 2020,湖北,回复@惶恐滩头说零丁-零丁洋里叹惶恐:你害怕，不理解不怪你，打电话骂人就很无知，什么叫害人？说这么难听~~~~
武汉鑫宇激光,Wed May 27 13:37:49 +0800 2020,湖北,这就是像国外歧视中国一样
琴琴琴0101,Wed May 27 13:35:09 +0800 2020,湖北,非要吃个湖北省武汉市的鸡蛋，多补下脑子，咱可是九头鸟，超补
水处理员89165,Wed May 27 13:34:41 +0800 2020,其他,媒体应该告诉一下她，武汉是交通枢纽，好多东西都要经过武汉中转，你还是别买东西了，原地爆炸吧！
Aminle3_3,Wed May 27 13:34:02 +0800 2020,北京,回复@最独特的频率:[摊手][摊手][摊手]把小号养肥了再来。
Aminle3_3,Wed May 27 13:33:07 +0800 2020,北京,回复@咸味石头:那个人就是不买你们的东西，然后你就说【武汉怎么你了？武汉企业都要关门大吉吗？现在武汉人民失业率你知道吗？】这不就是在逼着人买你们的东西吗？
女神是只猪,Wed May 27 13:32:51 +0800 2020,广东,回复@Aminle3_3:她自己先嘴臭。理解一下[doge]
最独特的频率,Wed May 27 13:32:48 +0800 2020,浙江,回复@Aminle3_3:我知道了 你就是这个买家 [爱你]
iknew,Wed May 27 13:31:18 +0800 2020,湖北,回复@L倾慕:正常还是好多人在支持的，要不你说之前给湖北的直播带货都哪儿去了呢，是不
咸味石头,Wed May 27 13:30:41 +0800 2020,湖北,回复@Aminle3_3:失业率高和搞生产有冲突吗？有逼着别人买东西非买不可吗？争取不拿救济不好吗？你自己又在说什么？你有逻辑思维吗？
iknew,Wed May 27 13:29:53 +0800 2020,湖北,回复@Jin--铭记足迹:海外美国啊，难怪有这种言论了。
开开心心过日子21,Wed May 27 13:29:52 +0800 2020,福建,这顾客说这段话的时候是不是还觉得自己特别聪明，觉得自己悲天悯人，给人指了条活路？[二哈][二哈][二哈]吃反智反科学洗脑包到什么程度了？
朱冬蕊啊朱冬蕊,Wed May 27 13:29:16 +0800 2020,湖北,回复@睡眠不足继续睡:无知真可怕
发际线女孩啊呀,Wed May 27 13:28:49 +0800 2020,其他,没必要吧....我四月买鞋的时候西安武汉都有这双西安还近，我看武汉人民不容易最后还是加了运费买了武汉的，没那么严重(虽然我承认拿快递的时候确实让站点帮我消了毒....)
女神是只猪,Wed May 27 13:28:42 +0800 2020,广东,回复@老司机向前进:太蠢了你
聆厛蒲厷渶,Wed May 27 13:27:37 +0800 2020,浙江,请当事人滚出武汉疫情！
楚国蕾哈娜,Wed May 27 13:27:34 +0800 2020,其他,回复@冬卫卫:比💕💕
深渊_你,Wed May 27 13:27:14 +0800 2020,广东,人家不知道 心存介意怎么了？ （不是任何人均本科/生物博士 也不是任何人都能接受来自湖北的东西 ）爱心助农 为湖北拼单我也是支持的 但是这家企业以后就拉黑了 凭着少数的事情放到网上营销 就很难接受 单纯发表态度 不妥删
楚国蕾哈娜,Wed May 27 13:26:58 +0800 2020,其他,回复@ytf3000:比心❤️
朱冬蕊啊朱冬蕊,Wed May 27 13:26:51 +0800 2020,湖北,回复@惶恐滩头说零丁-零丁洋里叹惶恐:道德绑架？请问你懂得道德绑架的含义吗就在这里BB？她这叫无知好吗！大家抨击的都是她无知的行为！不能当新闻？为什么不能？你说这些话之前有考虑过武汉人民的感受吗？疫情发生在武汉！但不代表武汉就是有毒！真正牺牲最大的还是武汉！
Aminle3_3,Wed May 27 13:25:06 +0800 2020,北京,回复@果果喵儿:有些人就是，明知道你洁癖了。你宁愿亏钱也不要这东西，但还逼着你吃下去。你不吃就是不尊重人。你不买就是不支持他们，但这种人自尊心又特高。你不要钱都不行，要按着你的头要你道歉。
Kixi001,Wed May 27 13:24:25 +0800 2020,其他,回复@惶恐滩头说零丁-零丁洋里叹惶恐:两个都不咋滴
平常心zfy2018,Wed May 27 13:23:53 +0800 2020,湖北,回复@柯某南:她是太无知
牧隗简詹,Wed May 27 13:23:53 +0800 2020,广东,回复@睡眠不足继续睡:你这种毒源可能更可怕，因为新冠可以治，脑残无药治
宅女卖货,Wed May 27 13:23:38 +0800 2020,其他,回复@惶恐滩头说零丁-零丁洋里叹惶恐:我昨天才因为武汉发货被退了一件衣服
看双面人2,Wed May 27 13:23:17 +0800 2020,江苏,回复@L倾慕:也不是的，换位思考一下，如果疫情不是武汉，也是一样的，人害怕心理是正常，但是不能太极端，武汉疫情期间，支持武汉的人很多啊。
平常心zfy2018,Wed May 27 13:22:27 +0800 2020,湖北,回复@崔大叔不吃肥肉:感谢对湖北的支持！
阚阚enjoy追剧,Wed May 27 13:22:25 +0800 2020,江苏,我想起我妈的一句话:无知比贫穷更让人难受[doge]
己姓苏氏-,Wed May 27 13:22:17 +0800 2020,其他,说实话我也不敢吃
平常心zfy2018,Wed May 27 13:21:35 +0800 2020,湖北,这位顾客真无知！
养个猫咪就好了,Wed May 27 13:20:59 +0800 2020,河北,我还买了武汉的藕带
睡眠不足继续睡,Wed May 27 13:20:27 +0800 2020,北京,病毒还没有消失，武汉仍然是中国现在最大毒源！谨慎一点没有错！要是哪天病毒问题真的解决了，谁还有什么理由对武汉人有偏见？
桃花换酒钱s,Wed May 27 13:20:04 +0800 2020,其他,能理解，但不鼓励，评论里骂别人的沙雕，你不说多了有种去武汉旅游一下支持下经济行不？
陈陈陈燕华,Wed May 27 13:19:46 +0800 2020,福建,武汉的湿巾我从年前买了到四月份发货过来，嗯很好用，[吃瓜]
Lily半亩星云,Wed May 27 13:19:35 +0800 2020,其他,回复@忘记了怎样感动3:如果是溏心蛋的话，呃…也不好说
迷熙隐踪,Wed May 27 13:19:26 +0800 2020,北京,武汉现在应该是最安全的地方了所有人都排查核酸
淡泊_随风,Wed May 27 13:18:29 +0800 2020,河北,饿死她算啦！
看到的全都要,Wed May 27 13:18:28 +0800 2020,北京,歧视就是歧视，不分什么个体行为，应不应该追究，这件事就是错误的
sjy的胡话,Wed May 27 13:18:11 +0800 2020,安徽,回复@倒放:你讲这话你也高尚不到哪儿去
看到的全都要,Wed May 27 13:17:54 +0800 2020,北京,回复@惶恐滩头说零丁-零丁洋里叹惶恐:歧视就是歧视，不分个体行为，应不应该追究，就是错误的
钟哥1029,Wed May 27 13:17:38 +0800 2020,其他,沃尔尼玛
天强雄狮,Wed May 27 13:17:17 +0800 2020,山西,回复@低调的板绿根:错了，偏见会消失，病毒不会
波斯小野菊,Wed May 27 13:17:11 +0800 2020,湖北,这个女人就根本没有人性，武汉人怎么啦，武汉鸡蛋又怎么啦？病毒又不是武汉人制造的，武汉深受其害，外国人都为武汉祈祷，你一个中国人居然歧视自己的同胞，你就不配做中国人！
Aminle3_3,Wed May 27 13:14:56 +0800 2020,北京,回复@打_桩:你开过网店吗？或者你开过店铺吗？一天多少奇奇怪怪的客人？嘴巴臭的多了去了。你要个个都发网上，你天天都可以发。确实就是属于轻微精神病，需要看医生的。早治疗早康复
AD补钙奶,Wed May 27 13:13:48 +0800 2020,其他,现实生活中啥人都有，人家也没犯法，关键是这个拿来做新闻，不就是想引战恰烂钱吗[笑哈哈]
打_桩,Wed May 27 13:13:17 +0800 2020,吉林,回复@BrilliantSain_1:买卖自由，那退货不会好好说？
Aminle3_3,Wed May 27 13:12:59 +0800 2020,北京,回复@许靓:我都不知道你是对武汉自信还是自卑。你又说失业率高又说搞生产，又说不拿救济，又要逼着别人买你们的东西，你究竟知不知道自己在说什么？
包子有错吗,Wed May 27 13:12:35 +0800 2020,山东,回复@惶恐滩头说零丁-零丁洋里叹惶恐:什么叫投胎到武汉没办法？讲话这么难听应该爆出来，人家武汉人听到伤不伤心？你不想要退掉就好了，什么叫害死你？就是歧视
打_桩,Wed May 27 13:12:17 +0800 2020,吉林,回复@Aminle3_3:还不是因为这个买东西的嘴巴臭？？搞歧视？要退货就退货，说那么多别的批话不是找骂呢吗 张个嘴不能好好说话，上来就要害死他们什么的，不怼她怼谁
-O云烟O-,Wed May 27 13:11:16 +0800 2020,上海,回复@惶恐滩头说零丁-零丁洋里叹惶恐:曝光顾客具体信息了？声音都是处理的！如此辱骂歧视还不能说了？得护着？害怕可以不买也可以退货，但骂的那么难听就别怪人批评。说到底没发生在自己身上罢了，你可以不支持武汉，但请别伤害。最后是她自己没看清发货地，却骂人家昧良心，害她？评论还理解？呵呵……
睡眠不足继续睡,Wed May 27 13:10:54 +0800 2020,北京,你们这些喷子敢摸奶自问一下，如果是你突然知道你的包裹是从武汉发过来的，而且突然摆在你的面前，你会一点犹豫都没有就直接去拿？
颖火虫蜜丝,Wed May 27 13:08:33 +0800 2020,其他,回复@惶恐滩头说零丁-零丁洋里叹惶恐:有生之年，如果来武汉，打雷劈死你
颖火虫蜜丝,Wed May 27 13:07:35 +0800 2020,其他,必须出来道歉
史前的伊蚊,Wed May 27 13:07:15 +0800 2020,上海,[二哈]
小小太阳对你笑,Wed May 27 13:05:20 +0800 2020,其他,回复@rememberinginging:还有鸡蛋吃就不错了，我家湖北襄阳的，疫情期间亲戚家的养鸡场鸡饲料供应不了，鸡都杀完了。这个现象也不止湖北有全国可能都有。
Jin--铭记足迹,Wed May 27 13:04:31 +0800 2020,其他,回复@冬卫卫:点赞哈哈
嘎查嘎查,Wed May 27 13:03:45 +0800 2020,广东,常识都没有
陈睿201407,Wed May 27 13:03:04 +0800 2020,其他,问问她美国的洋鸡蛋要不要
丽水学院张龙,Wed May 27 13:03:03 +0800 2020,浙江,这是可怕的无知。希望她自己能看到大家的评论，认识再提高点
小小太阳对你笑,Wed May 27 13:02:48 +0800 2020,其他,回复@前世蜀黎:这个鸡蛋注明产地了
爱迷路的宫本,Wed May 27 13:02:36 +0800 2020,其他,内销嘛
我的梦想朝北,Wed May 27 13:01:32 +0800 2020,其他,个人行为
花咲水色,Wed May 27 13:01:22 +0800 2020,其他,回复@BrilliantSain_1:猫传人？？？哪里听来的谣言？？？鸡是流感病毒，人类的流感是从鸟和禽类来的，全世界还是都在吃鸡！
iivaiai,Wed May 27 13:00:30 +0800 2020,广东,@光子的一些事一些情 zz出没
许靓,Wed May 27 12:59:59 +0800 2020,湖北,回复@Aminle3_3:是为了曝光顾客吗？只是说明偏见而已，露脸了 提了商家名字提了顾客ID？谁批斗她个人了，只是对这种行为的不满！武汉怎么你了？武汉企业都要关门大吉吗？现在武汉人民失业率你知道吗？武汉企业不生产找国家拿救济金吗？，呵上嘴唇碰下嘴唇多么简单啊
超自然转学生,Wed May 27 12:59:53 +0800 2020,其他,@中年知不道分子 都是喷的。真换成评论区里这些人搞不好跟他一样。八千万还是八百万精神问题最严重的全在微博里
乄檁栎,Wed May 27 12:59:29 +0800 2020,其他,回复@木木嬋娣:我也是[怒]
小小太阳对你笑,Wed May 27 12:58:44 +0800 2020,其他,又不是个例，去淘宝看看这种人很多
天天围炉夜话,Wed May 27 12:56:50 +0800 2020,四川,无语。
我想种上很多树,Wed May 27 12:56:45 +0800 2020,重庆,退货我能理解，但说话太难听
大象0大象,Wed May 27 12:54:40 +0800 2020,广东,神经病，人家的销售页面有说明是武汉发货。不要可以退货，你反过来么辱骂人家算怎么回事儿？垃圾
nicole家的木子小姐,Wed May 27 12:54:04 +0800 2020,湖北,回复@惶恐滩头说零丁-零丁洋里叹惶恐:我只想问一句，如果现在是全球没疫情，就咱们中国有疫情，外国人全部这样歧视我们，联合起来抨击我们，这位女士会是如何感想？做人啊，将心比心吧。
暮雨灬乘风,Wed May 27 12:53:42 +0800 2020,北京,个人行为不假，但你以为只有一个人这样吗？他不过是报道出来的一个群体中的代表而已
刀客等于回力,Wed May 27 12:53:33 +0800 2020,山东,理解。我们这里家长去外地返鲁，学校还让家长学生分隔十四天。
许靓,Wed May 27 12:53:09 +0800 2020,湖北,回复@果果喵儿:武汉人民不活了？武汉的东西吃不了？ 偏见就是偏见，不要给自己的偏见找理由！
8deepwater,Wed May 27 12:52:46 +0800 2020,上海,[费解]
nicole家的木子小姐,Wed May 27 12:52:46 +0800 2020,湖北,回复@惶恐滩头说零丁-零丁洋里叹惶恐:她的个体行为可以理解，但是话不能那么难听，鸡蛋退货就是，不吃也可以理解，但是大家都是同胞，现在疫情也控制下来了，国家两会都开了，她再说那么难听和歧视的话不应该了，点在这里。
怪蜀黍大石林牙,Wed May 27 12:52:23 +0800 2020,上海,退货就退货，说这么难听你什么？
壳壳吓,Wed May 27 12:52:12 +0800 2020,其他,回复@苏野本野:好人多，坏人那里都有
茶花很美,Wed May 27 12:51:06 +0800 2020,湖北,真心无知。
nicole家的木子小姐,Wed May 27 12:50:47 +0800 2020,湖北,我只想问一句，如果现在是全球没疫情，就咱们中国有疫情，外国人全部这样歧视我们，联合起来抨击我们，这位女士会是如何感想？做人啊，将心比心吧，你不吃鸡蛋可以，退货也可以，但是话不要那么难听，人在做天在看
轻快人81,Wed May 27 12:49:56 +0800 2020,湖北,这个女人有精神病。
雨村隐者,Wed May 27 12:49:53 +0800 2020,湖北,主要是鸡蛋是生鲜，路上来回几天，快递运输难免摔摔碰碰，退回来基本没用了
AllenJ处于饥饿中,Wed May 27 12:49:32 +0800 2020,上海,七天无理由嘛
边个叼你老母,Wed May 27 12:48:47 +0800 2020,广东,道德绑架？
没有用户名大家都不认识我怎么办,Wed May 27 12:48:04 +0800 2020,广西,适合当小粉红
雨村隐者,Wed May 27 12:47:59 +0800 2020,湖北,回复@惶恐滩头说零丁-零丁洋里叹惶恐:作为在武汉的人，你可能没有体验过去哪里都被歧视，卖个东西还被不停退货的绝望[允悲]
满满心意2020,Wed May 27 12:47:25 +0800 2020,其他,以前超市卖鸡蛋，包装箱外面都有注明出产地，比如湖北鸡蛋，湖南鸡蛋等等，现在全部都没有了，只有新鲜鸡蛋四个字。
大乐阳光,Wed May 27 12:46:35 +0800 2020,北京,现在都是全国各地跑，如果不提武汉两个字。你都不知道，你身边走过的是哪儿的。没必要对武汉这两个字冠上色彩。
楼上热评是头猪,Wed May 27 12:45:35 +0800 2020,浙江,有的人看到收货地是武汉会送点口罩，留个纸条写上鼓励的话。有的人会打折或者免单。人一旦有了比较就能看出高低贵贱……
FakeJose_Xswl,Wed May 27 12:44:57 +0800 2020,湖北,[失望][失望][失望]
优质电影放映员,Wed May 27 12:44:57 +0800 2020,山西,回复@小轩飘香:因为中国充斥着不平等！
民法典白学了么,Wed May 27 12:43:41 +0800 2020,天津,回复 @Jin--铭记足迹:你自己的自卑  请别把种族带上
glomyyy,Wed May 27 12:43:14 +0800 2020,浙江,回复@BrilliantSain_1:迷惑语录
Jin--铭记足迹,Wed May 27 12:42:51 +0800 2020,其他,回复@塞伯利亚:那鲁迅呢
凡人的慰藉,Wed May 27 12:42:41 +0800 2020,湖北,”在她的认知范围内……“这句话就很亮眼
浅忆少年56832,Wed May 27 12:42:25 +0800 2020,北京,回复@一啊一廸一哒一斯一总仓_:最大的悲催就是歧视地区！
StLeagore,Wed May 27 12:41:39 +0800 2020,湖北,老板说话有水平，她的认知就这样了[嘻嘻][嘻嘻][嘻嘻][嘻嘻][嘻嘻][嘻嘻]
埋土埋,Wed May 27 12:41:22 +0800 2020,其他,如果真的在意 买的时候就应该看清楚店家位置 而不是到货以后拒收
曾家大院I号,Wed May 27 12:41:22 +0800 2020,福建,没有七天无理由退货，卖家完全没有必要理会这种混蛋买家
栀栀哩,Wed May 27 12:41:11 +0800 2020,湖北,我们湖北人出去找工作，各企业不要，我们卖个东西还被嫌弃，真的寒心。不过也要谢谢那些帮助我们，不歧视我们的人
种地人农夫,Wed May 27 12:40:43 +0800 2020,广东,神经病，不要和她计较了！
StLeagore,Wed May 27 12:39:47 +0800 2020,湖北,回复@1984再来一次:圣母狗生活中基本都是那种虚伪到极致的精致立即主义者。
堂吉诃德·风车,Wed May 27 12:39:27 +0800 2020,广东,哎，这种歧视会持续很久……
海糖大梨,Wed May 27 12:38:52 +0800 2020,其他,回复@老司机向前进:你这回答也是无知
Taeyang赵,Wed May 27 12:38:48 +0800 2020,上海,人的狭隘，可见一斑。为自己点赞，自己没有那么狭隘。。
暗黑系人生若只如初见_186,Wed May 27 12:38:39 +0800 2020,其他,支持武汉只是口号吗
无心狼烟,Wed May 27 12:37:47 +0800 2020,重庆,黑名单见
漂洋过海来看你好不好,Wed May 27 12:37:42 +0800 2020,山东,我买的口罩还是湖北产的呢我说啥了[摊手]
塞伯利亚,Wed May 27 12:36:53 +0800 2020,青海,回复@Jin--铭记足迹:你在说这句话的时候，不但应证你自己的劣根性，甚至加强了一个数量级
会飞的蓝蜗牛,Wed May 27 12:36:53 +0800 2020,天津,无知和偏见，有钱别网购，自己买国外的买美国的去，美国的安全[吃瓜]
好男人小武先生,Wed May 27 12:35:37 +0800 2020,山西,这真是存在歧视的思想在里面，可以选择不要，但别歧视一个城市。疫情不在你家，要是在你家，你不得死了
御雪听风,Wed May 27 12:35:25 +0800 2020,广东,说个题外话，在外地租个仓库，那货物不也是从武汉生产转运出来的？这和直接从武汉发货有什么区别？难道换了发货地东西就安全了？这不是掩耳盗铃吗？
jpt666,Wed May 27 12:34:34 +0800 2020,北京,退有退的自由，他自己的个人观点，毕竟事也没过多长时间，以后只有时间来磨平了
-O云烟O-,Wed May 27 12:33:42 +0800 2020,上海,说能理解，别道德绑架的，呵呵，是绑着她买了还是逼着她买？还是不让退了？你害怕退货就是，说什么人家想害死你，你家有皇位？说话那么难听，希望以后这种偏见和恶毒的话发生在你身上，你也能理解。还有商家并没有爆顾客具体信息，声音也处理了别说什么网爆顾客了，被这样歧视和辱骂还不能曝光反应了？
1984再来一次,Wed May 27 12:33:41 +0800 2020,其他,回复@惶恐滩头说零丁-零丁洋里叹惶恐:在网上一个个圣母，现实中呢？
任小西摸鱼中,Wed May 27 12:33:09 +0800 2020,广东,回复@果果喵儿:新冠病毒不耐高温，您准备生吃的吗？
春水禾櫞,Wed May 27 12:31:40 +0800 2020,广东,这个……她们是无辜的
千哥雪舞柔情,Wed May 27 12:31:34 +0800 2020,上海,这个女人就是歧视人，病毒感染就来自湖北武汉是没错，但是大部分人也都是无辜的好吧，到现在都还没有查清楚病毒的由来呢。没有证据你这女人就乱说一通，你可以不买，但请你不要滋扰生事，你哪里来的证据说人家卖的鸡蛋沾染了病毒[赞][doge]
Seguro,Wed May 27 12:30:35 +0800 2020,其他,本地没鸡蛋了？
咖喱嘿呀嘿,Wed May 27 12:30:22 +0800 2020,浙江,回复@小轩飘香:赞同！！
仙味Menu,Wed May 27 12:29:34 +0800 2020,浙江,我们这超市货架上的花椒、辣椒粉、桂皮八角都换上湖北产地的买的时候只想到了：真好这是助力湖北呀。我相信他们发货出来都已经妥善处理了不要极端想问题，相互扶持着才是正道。
灰式限量翘_PP,Wed May 27 12:29:10 +0800 2020,河南,鸡蛋又不会带病毒[二哈]
姆沙沙兮姆撒撒,Wed May 27 12:29:07 +0800 2020,其他,回复@苏野本野:你就看地域黑河南和山东吧，骂的那个难听吆😂
Jezza_S,Wed May 27 12:28:55 +0800 2020,北京,真是最开始外国人其实中国人 但实际上中国人也歧视中国人
冬卫卫,Wed May 27 12:28:51 +0800 2020,上海,我最近真是优先买湖北的卖家 优先买湖北发货的 做不了多大贡献 尽自己所能帮帮湖北 就这样。。。
Aminle3_3,Wed May 27 12:28:46 +0800 2020,北京,回复@王敏天津:是啊，一天多少个正常签收的客户，一个拒签就发到营销号去批斗，过激反应，属于轻微精神病
Jin--铭记足迹,Wed May 27 12:28:30 +0800 2020,其他,回复@杭州安逸旅游:不放心的话自己也可以加强消毒嘛 高温100℃炖煮 消毒了吧
Jezza_S,Wed May 27 12:28:30 +0800 2020,北京,回复@惶恐滩头说零丁-零丁洋里叹惶恐:别动不动就道德绑架 这就是地域歧视。
俗世中的浮尘,Wed May 27 12:27:20 +0800 2020,湖北,怕死怕成这样！天灾人祸谁知道什么时候会降临到你头上！出门当心哦！[鄙视]
_一个猛男,Wed May 27 12:27:11 +0800 2020,河南,回复@王敏天津:换位思考一下
无鸣中医,Wed May 27 12:26:42 +0800 2020,福建,这种心态的人基本都是双重标准。当她遭遇新冠病毒之类的事情被人歧视时，她就会鸡飞狗跳，反应更敏感更强烈！
Jin--铭记足迹,Wed May 27 12:26:38 +0800 2020,其他,回复@木木嬋娣:辛苦店家了
Jin--铭记足迹,Wed May 27 12:26:07 +0800 2020,其他,回复@小轩飘香:种族劣根性 没办法
稳守鸡喇码头,Wed May 27 12:25:54 +0800 2020,广西,这女的脑子是疫区
要想甜加点盐ttt,Wed May 27 12:24:57 +0800 2020,其他,我都不知道收了多少来自武汉的快递了，我好好的，大家放心收[二哈][二哈][二哈]
吉时即桃,Wed May 27 12:24:51 +0800 2020,其他,回复@惶恐滩头说零丁-零丁洋里叹惶恐:对啊！
Jin--铭记足迹,Wed May 27 12:24:36 +0800 2020,其他,要是这样 以后就不要亲赖made in New York
和雨中漫步,Wed May 27 12:24:23 +0800 2020,北京,上次央视主持人打卡湖北产品，我们一大家吃饭说到热干面，我说我也要支持武汉，买点湖北特产，我嫂子说，湖北的算了，不要命了！
非拍勿扰,Wed May 27 12:23:41 +0800 2020,河南,我要
离风20609,Wed May 27 12:23:09 +0800 2020,其他,回复@老司机向前进:你吃洋精长大的？
Schorpioen,Wed May 27 12:23:06 +0800 2020,江苏,就这种智商，吃什么鸡蛋都白搭
笑论天涯,Wed May 27 12:22:57 +0800 2020,山东,转发微博
心在远方1024,Wed May 27 12:21:49 +0800 2020,湖北,全国各地援鄂医疗队也是从疫区回去的，是不是也要受歧视[怒]还山川异域、风月同天，人和人的差别怎么这么大。。。
一颗不羁的心嘿,Wed May 27 12:21:15 +0800 2020,广东,退货是你的合理权益，说人家要害死你，我还真希望你被别人害死
远远看伱,Wed May 27 12:21:05 +0800 2020,辽宁,键盘侠们不是天天喊武汉加油吗？现在就是你们表现的时候了，赶紧帮着买得了。。全买完这样就不会有事了。
老鼠看世界,Wed May 27 12:20:29 +0800 2020,北京,真的有病了，快去医院吧w
SuperNut,Wed May 27 12:20:08 +0800 2020,广东,至于么...
道也10000,Wed May 27 12:19:58 +0800 2020,山东,现在低智商的砂碧女人不少啊！
Crystal-遇见,Wed May 27 12:19:52 +0800 2020,湖北,嗯 我们都是先选从湖北发货的
donkey110,Wed May 27 12:19:47 +0800 2020,四川,"歧视物品确实太不应该了,官方标准应该歧视人"
切西瓜的陈,Wed May 27 12:18:57 +0800 2020,北京,脑子不好吧，武汉人每天不是在吃武汉制造的食物？武汉人难道天天在吃病毒？
随便走走-----,Wed May 27 12:18:54 +0800 2020,上海,回复@BrilliantSain_1:您跟辣个女白痴联系下，也许是富婆呐[挖鼻]
弹指e灰,Wed May 27 12:17:53 +0800 2020,其他,谨慎点好
用一间书房观察全世界,Wed May 27 12:17:54 +0800 2020,浙江,回复@小轩飘香:坑留学生最狠的往往也是留学生，一个道理
魏斯基,Wed May 27 12:17:37 +0800 2020,河北,网购一看湖北果断绕开
林中路SH,Wed May 27 12:17:23 +0800 2020,其他,回复@倒放:我觉得可以拒绝，买卖自由，但不必说太多，更没必要中伤湖北人。
熙小兮,Wed May 27 12:17:16 +0800 2020,其他,明显就是广告而已。网友们太认真了[微笑]
错乱的思想,Wed May 27 12:17:02 +0800 2020,其他,多少人是这样
陌尘一笑很倾情,Wed May 27 12:16:49 +0800 2020,其他,老实说，像她这么想的人真不少，我妈她们朋友圈也提醒不要买武汉的东西。不过这女子讲话太难听了。这需要时间，希望时间能治愈一切吧！
雨锦32,Wed May 27 12:16:13 +0800 2020,山东,说话只顾嘴爽的人，其实都无力承担言语带来的影响，脑子是个好东西，希望她也能用一用[微笑]  ​
NoCommentssss,Wed May 27 12:16:12 +0800 2020,其他,买卖自由
桃花兰竹,Wed May 27 12:15:33 +0800 2020,湖北,丢武汉人的脸！@湖北经视
maks猪,Wed May 27 12:15:23 +0800 2020,浙江,……
亡灵盲音,Wed May 27 12:15:15 +0800 2020,其他,回复@小轩飘香:确实，近现代以来很多中国人一直活在自卑、屈辱和仇恨里，对外撒泼骂娘，对内窝里横天天以当网络喷子为乐趣。
亚权2000,Wed May 27 12:14:48 +0800 2020,广东,我只能说这服务态度可以!
川林Chuanlin,Wed May 27 12:14:25 +0800 2020,其他,消费者对于产地有选择是很正常的，我就想问评论里的各位圣母精神白左现在敢不敢去武汉街头拥抱武汉人
柯某南,Wed May 27 12:14:25 +0800 2020,安徽,退货是她权力，但是语言太激进，
改变世界2020,Wed May 27 12:14:25 +0800 2020,其他,此女子该去吃药了，药不能停呀
布鲁小冰,Wed May 27 12:14:13 +0800 2020,广东,拒绝产自武汉鸡蛋的人，也许正吃着🇺🇸进口的牛肉[摊手]
Conversity,Wed May 27 12:13:43 +0800 2020,广东,不要就不要呗，没什么大不了
贪财主,Wed May 27 12:13:42 +0800 2020,浙江,这样的人太多了，作为湖北人深有体会
快乐99新家,Wed May 27 12:13:36 +0800 2020,北京,回复@老司机向前进:你吃啥长大的
布鲁小冰,Wed May 27 12:13:01 +0800 2020,广东,煮熟了吃没有问题啊
西风瘦马xie,Wed May 27 12:12:55 +0800 2020,广西,这也能当新闻？
人型冷气输出装置,Wed May 27 12:12:53 +0800 2020,湖南,回复@老司机向前进:这种蠢话实在是太伤害你和中国人民之间的友谊了
不如释然929,Wed May 27 12:12:48 +0800 2020,陕西,垃圾！
ytf3000,Wed May 27 12:12:00 +0800 2020,辽宁,你这种人 请离我远点  身体有病没关系  脑子有病是真会传染。吓死我了 这就去淘宝买个东西  东西不重要就要武汉的 虽然自己没什么能力。但我有心意诚意[心]
下天_萤,Wed May 27 12:12:00 +0800 2020,上海,说明官方还需要加强宣传与说明，避免无知群众产生类似的误解。
Aminle3_3,Wed May 27 12:11:42 +0800 2020,北京,回复@惶恐滩头说零丁-零丁洋里叹惶恐:就是啊，个人行为，店铺居然还曝光顾客？别说武汉曾经是疫区了。多少人会因为个快递就拒签的。这样的小事，要把顾客拉到网上给几千几万人去批斗？
笔-帽,Wed May 27 12:11:25 +0800 2020,湖北,也不知道说什么好，哎，我就是武汉人，这样真的好吗？
不落风尘ss,Wed May 27 12:10:42 +0800 2020,四川,现在武汉最安全了
拉丝冯食豆沙粽,Wed May 27 12:10:41 +0800 2020,广东,我觉得可以理解和支持！！！！
佩奇和乔治灬,Wed May 27 12:10:20 +0800 2020,澳门,信息不透明是主要原因
伊人七夕落草,Wed May 27 12:09:50 +0800 2020,其他,报这种新闻什么意义？
Littlesoup_,Wed May 27 12:09:47 +0800 2020,吉林,2020了亲
南木巷,Wed May 27 12:09:34 +0800 2020,浙江,回复@惶恐滩头说零丁-零丁洋里叹惶恐:偏见和理解是两回事
风予诺,Wed May 27 12:09:31 +0800 2020,浙江,回复@BrilliantSain_1:猫是哺乳类动物，鸡是鸟类动物
Fantasy漾,Wed May 27 12:09:31 +0800 2020,北京,这也很正常啊，每个人想的不一样，为啥要批评，你做的就全对？
Sneaker_suw,Wed May 27 12:09:09 +0800 2020,江苏,怎么说呢，无知是这样的
有颜加加,Wed May 27 12:08:24 +0800 2020,江西,我朋友圈也有这样的人，还是高学历好工作的。真的是，很吃惊。关键是自己无知吧，还要发朋友圈晒出来，唉。
小小超one,Wed May 27 12:07:55 +0800 2020,山东,个人自由  没必要喷吧
杭州安逸旅游,Wed May 27 12:07:49 +0800 2020,浙江,影响肯定有的，毕竟病毒还没有完全消灭，特别是生鲜，人都是检测过的，但是这些鸡蛋呢，有没有消毒措施，最起码也要说明过，从那边来的还是要做好消毒工作，就事论事，就算几率是百万之一，出现在个体身上就是百分之百了，还有身边的人乃至整个行政区域都要受影响
W翻箱倒櫃W,Wed May 27 12:07:48 +0800 2020,江苏,脑子是个好东西，可惜她没有
前世蜀黎,Wed May 27 12:07:41 +0800 2020,其他,商品产地应注明的，这样避免不必要的退换货
木木嬋娣,Wed May 27 12:07:36 +0800 2020,广东,回复@全是美女:是真的有，做淘宝客服我们每天都遇到这些人～之前有买家路过湖北的包裹都不要[拜拜]
冰摇桃桃茶茶_,Wed May 27 12:07:23 +0800 2020,北京,你这个脑子也不必吃鸡蛋了[嘻嘻]
祥子CX,Wed May 27 12:07:23 +0800 2020,广东,回复@BrilliantSain_1:猫传人 ？你又是在哪个微信群听说的
果果喵儿,Wed May 27 12:07:07 +0800 2020,其他,退货是个人自由 说话太难听。商家做生意 退货补货 都是成本的一部分 也正常。 我就宁愿直接付款 ，鸡蛋退货。付款是我对武汉市民的一点支持。但是不收货是个人轻微洁癖）。 鸡蛋拿回家从包装到托盘到蛋壳我都会喷酒精 喷了就没法吃了 还不如退回去
xiaovor,Wed May 27 12:06:26 +0800 2020,河南,无知真可怕。
局外人-迷雾,Wed May 27 12:06:05 +0800 2020,黑龙江,有防范意识是好事，说的话太难听，赤裸裸的歧视
开发哈密瓜,Wed May 27 12:05:51 +0800 2020,浙江,如果疫情发生在这女人所在的地方，不知道她怎么说哟
孤竹君Q,Wed May 27 12:05:22 +0800 2020,湖北,动不动就说人家道德绑架，你知道现在这种事每天都在发生吗？不要就不要，扯什么疫区？现在全世界都他妈疫区，你怎么不去另一个世界？
夏日痴,Wed May 27 12:05:22 +0800 2020,北京,别这样。
此生决不负自己,Wed May 27 12:05:07 +0800 2020,其他,她的意思就是赞同美国，病毒来自中国武汉 这种人应该怎么处置
RuAnAiJuN,Wed May 27 12:05:02 +0800 2020,上海,无知是可怕的。
睡了你妈当你爹_1977,Wed May 27 12:04:48 +0800 2020,其他,回复@老司机向前进:你这种评论莫非也是吃着中国奶粉敲出来的
TTAleso,Wed May 27 12:04:48 +0800 2020,其他,说正常道德绑架的是脑子被门夹了吗？那外国人歧视亚裔是不是也正常了？人家也怕病毒，很合理啊[摊手]
苏野本野,Wed May 27 12:04:47 +0800 2020,江苏,中国人骂中国人才是最狠的
京东推荐,Wed May 27 12:04:27 +0800 2020,湖北,有点傻吧
罩一发儿,Wed May 27 12:04:17 +0800 2020,吉林,“在她的认知范围内…… ”哈哈哈哈老板智慧
神奇de馒头,Wed May 27 12:04:16 +0800 2020,上海,买卖自由 按照章程来就行
龙的寂寞你不懂,Wed May 27 12:04:04 +0800 2020,湖北,她这是女人的短裤-装B
mrsimpsons,Wed May 27 12:03:55 +0800 2020,湖北,武汉周黑鸭好吃😋
nothing_to_lose,Wed May 27 12:03:45 +0800 2020,上海,正常，我们还拒收留学生呢[doge]
所想皆成真,Wed May 27 12:03:43 +0800 2020,其他,我的口罩还是湖北生产的，很安全！
淡然如水21798127,Wed May 27 12:03:37 +0800 2020,其他,全地球都是疫区了，送她去火星吧！
渔夫和秋天,Wed May 27 12:03:09 +0800 2020,浙江,这才是现实生活中大部分人的真实心态，网上个个喊着武汉人加油，现实生活中，武汉解除封锁后，见了武汉人个个明里暗里躲得远远的，别说你不是这样，你没有碰到武汉人没有发言权，武汉人自己来说说碰到的是不是大部分这样对待自己的人。
南通州通天下,Wed May 27 12:03:09 +0800 2020,上海,回复@隆墘:那你说为什么还要严防坚守？
忘记了怎样感动3,Wed May 27 12:03:06 +0800 2020,其他,回复@BrilliantSain_1:你 鸡蛋生吃吗？
朱一龙der小括号,Wed May 27 12:03:01 +0800 2020,四川,愚昧和偏见真的是深藏内心的魔鬼，嘴上说支持武汉支持湖北，实际是避之如蛇蝎[怒]！心口不一，小人行径[怒][怒][怒]
ironjrn,Wed May 27 12:02:43 +0800 2020,北京,告诉这种人你每天出门活着本身就是风险，车祸，意外，有时候摔一跤都能致命
晕被雷击中,Wed May 27 12:02:17 +0800 2020,四川,无知真可怕，3月，我就开始买湖北的神丹了啊。
周明志,Wed May 27 12:02:00 +0800 2020,其他,买一箱鸡蛋有必要网购嘛？！什么鸡的蛋这么紧俏？！还是你计划刷新闻？！
遠方的的的遠,Wed May 27 12:01:53 +0800 2020,湖北,亏你还是武汉人，和你同是武汉人而感到可耻！
Rs_Svr,Wed May 27 12:01:49 +0800 2020,福建,回复@王敏天津:你说这话又何曾不是？
O_Bwin_O,Wed May 27 12:01:45 +0800 2020,天津,注意点是好的，太过敏就影响正常生活了
NIKE丶白泽,Wed May 27 12:01:31 +0800 2020,四川,无知是恶[微笑]
日记治国常凯申,Wed May 27 12:01:26 +0800 2020,湖北,听起来还是年轻人[吐]
L倾慕,Wed May 27 12:01:21 +0800 2020,江西,一天到晚就知道说武汉加油，都特么的都是客套话
CRM_367,Wed May 27 12:01:17 +0800 2020,广东,所有平台一起拉黑不就可以了？
足迹1823798,Wed May 27 12:01:07 +0800 2020,浙江,没必要这样吧？病毒不会待那么长时间啦[哈哈]
香辣鸡腿堡最好吃,Wed May 27 12:01:05 +0800 2020,河北,脑子有坑
BrilliantSain_1,Wed May 27 12:00:54 +0800 2020,北京,买卖自由。猫传人，鸡为何不能？
老司机向前进,Wed May 27 12:00:51 +0800 2020,北京,回复@一啊一廸一哒一斯一总仓_:一看就是吃中国奶粉长大的[笑cry][笑cry]
爱好历史的本科生,Wed May 27 12:00:44 +0800 2020,辽宁,回复@惶恐滩头说零丁-零丁洋里叹惶恐:是的，不是每个人都是病毒学权威，有害怕正常。
Ken201215,Wed May 27 12:00:41 +0800 2020,广东,拉入黑名单
Wang浩1029,Wed May 27 12:00:35 +0800 2020,北京,表示理解，不过反应过激。
低调的板绿根,Wed May 27 12:00:33 +0800 2020,其他,病毒会消失，偏见却不会
崔大叔不吃肥肉,Wed May 27 12:00:22 +0800 2020,河南,我现在网购首选湖北货源[允悲]，单位提倡的，自己也乐意。
漂流日记-怒火,Wed May 27 12:00:07 +0800 2020,浙江,没脑子的地区歧视。这负责采购的下岗吧
美西人,Wed May 27 12:00:05 +0800 2020,湖北,神经病。
我是小火柴柴柴柴,Wed May 27 12:00:05 +0800 2020,北京,买家承担来回运费就行
rememberinginging,Wed May 27 12:00:03 +0800 2020,其他,你会吃武汉的鸡蛋吗？
小轩飘香,Wed May 27 12:00:00 +0800 2020,其他,最后才发现，最歧视中国人的，也是中国人
胡忽乎,Wed May 27 11:59:51 +0800 2020,河南,吃鸡蛋不补脑子，不买也好
朝_Ya,Wed May 27 11:59:51 +0800 2020,其他,那你别吸和疫区同一块的空气
隆墘,Wed May 27 11:59:49 +0800 2020,北京,天空也是一片天空，大地也是一样的大地，怎么办？？？
happylear,Wed May 27 11:59:46 +0800 2020,广东,这女子头脑有问题，鉴定完毕。
青岛丐帮少帮主,Wed May 27 11:59:42 +0800 2020,山东,要支持武汉啊！ 哎。娘们就是事多！ 另外，这个娘们是东北的吗？
黑兔走青龙,Wed May 27 11:59:41 +0800 2020,广东,正常反应，现在企业招工还说湖北籍已满
耳语话清风,Wed May 27 11:59:40 +0800 2020,湖北,无知者无罪[哈哈]
左右江南,Wed May 27 11:59:34 +0800 2020,广西,必需将这个客户拉黑，认个是脑残的人请点赞
筱芸格格0713,Wed May 27 11:59:31 +0800 2020,北京,那这位女子也不要海淘代购了，国外全部都是疫区。
在耳畔轻语,Wed May 27 11:59:28 +0800 2020,其他,回复@白日妖鬼:这种智商能有钱海购吗
柠檬树上火龙果_,Wed May 27 11:59:27 +0800 2020,其他,脑子已经有问题了，多吃个武汉鸡蛋怎么了[疑问]
天邊一朵雲201905,Wed May 27 11:59:25 +0800 2020,上海,[笑cry]
一啊一廸一哒一斯一总仓_,Wed May 27 11:59:22 +0800 2020,河北,无知是最大的可悲之处！[笑cry][笑cry]
全是美女,Wed May 27 11:59:22 +0800 2020,北京,9012了，还有这种无知之人。？？
记拾红梦,Wed May 27 11:59:15 +0800 2020,山东,？？？
joooooeyyyy,Wed May 27 11:59:14 +0800 2020,福建,建议湖北封杀此人
哈哈哈咕咕咕mua,Wed May 27 11:59:12 +0800 2020,其他,🐔都不会传染病毒给人 更别说🥚了
杨慢慢慢不来,Wed May 27 11:59:12 +0800 2020,青海,没常识太可怕了～我的热干面都买了好几茬了
若愚小坎肩,Wed May 27 11:59:06 +0800 2020,上海,不是女子是泼妇
超然不须叹风尘,Wed May 27 11:58:47 +0800 2020,香港,脑子病
惶恐滩头说零丁-零丁洋里叹惶恐,Wed May 27 11:58:44 +0800 2020,四川,可以理解，个体行为怎么了，别动不动道德绑架，这也能当新闻？
王敏天津,Wed May 27 11:58:44 +0800 2020,天津,过激反应，属于轻微精神病
白日妖鬼,Wed May 27 11:58:41 +0800 2020,福建,那这位女子也不要海淘代购了，国外全部都是疫区。
倒放,Wed May 27 11:58:40 +0800 2020,江苏,无知真可怕
陈-默-陌,Wed May 27 11:58:38 +0800 2020,山东,无知的大脑，活的真在意
