评论者,评论时间,评论地点,评论内容
浪嘎同学,Tue Jun 02 13:27:44 +0800 2020,福建,未来可期
这真是星星的损失zy,Tue Jun 02 11:44:45 +0800 2020,浙江,中国少年！未来可期！
溱洧青年,Tue Jun 02 10:03:04 +0800 2020,河南,未来可期[话筒]
NEHC捕获月球,Tue Jun 02 09:00:35 +0800 2020,福建,未来可期
奶味儿小橙,Tue Jun 02 08:02:00 +0800 2020,湖北,未来可期[心]
爱现哥的静静ing,Tue Jun 02 07:57:12 +0800 2020,其他,未来可期
盐酸氟西汀FluoxetineHCL,Tue Jun 02 07:40:11 +0800 2020,其他,来日可期
-粗-鄙-光-头-,Tue Jun 02 06:01:55 +0800 2020,其他,回复@看见我的梨了吗:建议你稍微了解下马克思主义吧，知道一下剩余价值理论，你不会说马克思是柠檬精吧？
-粗-鄙-光-头-,Tue Jun 02 05:53:14 +0800 2020,其他,回复@看见我的梨了吗:哈哈哈哈哈哈哈哈，唉，精资不可取啊。这么说的话，我们国家的开国领袖们是群柠檬精咯？
济宁剑道玲珑馆,Tue Jun 02 01:37:15 +0800 2020,山东,心中有火，眼中有光[可怜]
肖战官方后援会,Tue Jun 02 01:24:16 +0800 2020,北京,我也要做接班人
柯不非凡_,Mon Jun 01 23:45:02 +0800 2020,江西,中国少年，未来可期！
倾葵之心,Mon Jun 01 23:11:30 +0800 2020,其他,中国少年，未来可期!
-疯大爷-,Mon Jun 01 22:56:54 +0800 2020,湖北,又一波韭菜起来了
二t七t,Mon Jun 01 22:47:31 +0800 2020,其他,中国少年，未来可期
奇幻喵Garcia,Mon Jun 01 22:15:44 +0800 2020,广东,中国少年，未来可期！
红豆醉元宵,Mon Jun 01 21:53:23 +0800 2020,其他,未来可期！
左岸咖啡Ben,Mon Jun 01 21:42:21 +0800 2020,广东,后浪
·月亮·邮寄所·,Mon Jun 01 21:32:37 +0800 2020,其他,未来可期[微风][微风][冰雪奇缘雪宝]
Cricho佾,Mon Jun 01 21:21:46 +0800 2020,广东,我为什么会泪目？
马路剪刀手,Mon Jun 01 21:06:50 +0800 2020,海南,共产主义接班人，我们长大了，他们正在来的路上
看见我的梨了吗,Mon Jun 01 21:03:28 +0800 2020,其他,回复@-粗-鄙-光-头-:给你总结下，酸
归山猛虎otto,Mon Jun 01 20:58:06 +0800 2020,其他,经典洗脑
59-alice,Mon Jun 01 20:34:19 +0800 2020,北京,中国少年，未来可期！
翟在思念,Mon Jun 01 20:17:41 +0800 2020,贵州,未来可期[加油]
是书书咩,Mon Jun 01 19:44:04 +0800 2020,广东,未来可期！
-粗-鄙-光-头-,Mon Jun 01 19:38:37 +0800 2020,其他,回复@看见我的梨了吗:中学门口开香菇面馆的大妈很有钱，我不嫉妒他。王石非常非常有钱，我不嫉妒他，我鄙视他。有个坐轮椅的，非常非常非常有钱，我鄙视且憎恨他。勤劳致富？能达到巨富级别的，不是勤劳的功劳。要知道：资本的原始积累，是血腥且罪恶的。
暖洋洋zan,Mon Jun 01 19:36:33 +0800 2020,其他,中国少年，未来可期！
华清团委宣传部,Mon Jun 01 19:25:27 +0800 2020,陕西,#小团分享# 未来可期[good]
甜洛汐汐,Mon Jun 01 19:11:23 +0800 2020,广东,加油少年！中国少年 未来可期[拳头]
洋洋得意追漾漾,Mon Jun 01 19:09:18 +0800 2020,湖北,中国少年，未来可期。
MionP,Mon Jun 01 18:54:41 +0800 2020,安徽,少年强则国强！
-小蓝狮,Mon Jun 01 18:53:34 +0800 2020,江西,中国少年，未来可期[鲜花]
自由的本命兔,Mon Jun 01 18:53:00 +0800 2020,广东,[good][good]
华夏中华汉魂,Mon Jun 01 18:49:30 +0800 2020,广东,@全国人大@思想火炬@紫光阁@共青团中央@中国政府网@香港特首办@香港警察@屈穎妍002@陳淨心_香港@何君堯JuniusHo@梁美芬博士香港@葛珮帆Elizabeth_Quat@孤烟暮蝉    
福州市聋哑学校,Mon Jun 01 18:47:09 +0800 2020,福建,中国少年，未来可期🇨🇳
看见我的梨了吗,Mon Jun 01 18:31:27 +0800 2020,其他,回复@-粗-鄙-光-头-:我不否认劳动者伟大光荣，人人平等是真，但是我认为一个人该做的是怎样让自己的孩子成为富二代，不是在这里明目张胆的嫉妒别人所有的东西，毕竟人家得到的都是合理合法的，并且有可能人家比某些人更加努力
恋恋祝廖慧佳0415生日快乐,Mon Jun 01 18:27:35 +0800 2020,山东,[good][good][good]
豆皮麻袋,Mon Jun 01 18:14:32 +0800 2020,香港,我们是共产主义接班人
豆皮麻袋,Mon Jun 01 18:14:14 +0800 2020,香港,"少年,未来可期!"
XXdazlk,Mon Jun 01 18:13:45 +0800 2020,云南,[中国赞]
森不矮,Mon Jun 01 18:06:55 +0800 2020,其他,中国青年，未来可期。
黑不溜秋的样子真美,Mon Jun 01 18:06:36 +0800 2020,四川,未来可期[加油]
SS第二帝国装甲师,Mon Jun 01 18:03:33 +0800 2020,上海,少年强则国强！少年未来可期！[心]
集美大学团委,Mon Jun 01 17:59:09 +0800 2020,福建,红日初升，其道大光！ 中国少年！未来可期！[赞]
超甜莓果汁儿,Mon Jun 01 17:52:39 +0800 2020,四川,中国少年，未来可期！
養鯊日記簿,Mon Jun 01 17:48:55 +0800 2020,安徽,中国少年，未来可期
Iceyra,Mon Jun 01 17:31:58 +0800 2020,广西,广西省写错了，应该是广西壮族自治区[太开心]
阿晛今天也要笑得开心,Mon Jun 01 17:19:32 +0800 2020,浙江,中国少年 未来可期
李星灿NGU,Mon Jun 01 17:10:51 +0800 2020,福建,中国少年，未来可期！我还是从前那个少年！！！
今日佘山,Mon Jun 01 17:06:49 +0800 2020,上海,[good]
-粗-鄙-光-头-,Mon Jun 01 17:06:36 +0800 2020,其他,回复@看见我的梨了吗:和气地讨论一下。我认为这不是酸。本来嘛，价值由劳动群众创造，是资本家在剥削剩余价值。劳动者最光荣，劳动者不必看得起资本家，更不必看得起资本家的儿子。
铁头太阳花y7,Mon Jun 01 17:03:04 +0800 2020,天津,中国少年[拳头]
第806号星辰,Mon Jun 01 17:02:16 +0800 2020,天津,[心]
古菱精怪jun,Mon Jun 01 16:58:55 +0800 2020,安徽,中国少年，未来可期！[中国赞]
警晓慎为,Mon Jun 01 16:49:44 +0800 2020,河北,中国少年，未来可期！
下落不明的甜蔷薇,Mon Jun 01 16:43:07 +0800 2020,北京,少年强则国强！
瑞瑞6996,Mon Jun 01 16:36:45 +0800 2020,其他,少年是国家的栋梁，我们的未来[能量少女耶]往前冲吧，少年们~
zhouyuyangtaba,Mon Jun 01 16:29:38 +0800 2020,湖南,赞，少年强则国强！
摩羯鼠,Mon Jun 01 16:24:22 +0800 2020,上海,恰同学少年风华正茂
念姚阿茶,Mon Jun 01 16:22:23 +0800 2020,重庆,中国少年，未来可期
多吃饭会肥欧,Mon Jun 01 16:03:16 +0800 2020,北京,少年强则国强[给力]
edc-nana,Mon Jun 01 16:02:22 +0800 2020,四川,未来可期[心]
gm不二說,Mon Jun 01 15:56:38 +0800 2020,陕西,未来可期[鼓掌]
缱绻浪漫入山城,Mon Jun 01 15:53:38 +0800 2020,重庆,未来可期
生命de紫222,Mon Jun 01 15:51:53 +0800 2020,江苏,未来可期！
玉林反邪,Mon Jun 01 15:48:42 +0800 2020,广西,中国少年，未来可期！[good]#我们是共产主义接班人#
陌悠然Xu,Mon Jun 01 15:48:27 +0800 2020,河南,挺感动的
狐狸牌椰汁5号,Mon Jun 01 15:40:46 +0800 2020,山东,[心][心][心][心]
河南农业大学团委,Mon Jun 01 15:38:19 +0800 2020,河南,中国少年，未来可期！[中国赞]
福建师范大学团委,Mon Jun 01 15:35:55 +0800 2020,福建,#青年之声•福建师范大学# “壮哉！我中国少年，与国无疆”，愿每一位少年健康成长，意气风发[太阳]
喜欢让让的元元,Mon Jun 01 15:34:30 +0800 2020,其他,未来可期
小猫儿0103,Mon Jun 01 15:31:54 +0800 2020,其他,中国少年，未来可期
努力健身的大脸怪,Mon Jun 01 15:28:32 +0800 2020,广东,未来可期
赤心木200201,Mon Jun 01 15:28:00 +0800 2020,湖南,少年强，则国强
狐狸牌椰汁3号,Mon Jun 01 15:26:31 +0800 2020,广东,[good][good][good]
拒绝间接性踌躇满志,Mon Jun 01 15:14:24 +0800 2020,浙江,#我们都是共产主义接班人# 
举个儿例子,Mon Jun 01 15:08:50 +0800 2020,浙江,少年强则国强！奋斗吧共产主义接班人[加油]
rlirli,Mon Jun 01 15:02:06 +0800 2020,其他,转发微博
发帖了zxj,Mon Jun 01 15:00:07 +0800 2020,河北,中国少年，未来可期
岑一岁,Mon Jun 01 14:55:24 +0800 2020,辽宁,爱祖国，爱人民，不怕困难，团结一心，艰苦斗争，向着胜利勇敢前进。
狐狸牌椰汁2号,Mon Jun 01 14:55:20 +0800 2020,广东,[拳头][拳头][拳头]
狐狸牌椰汁2号,Mon Jun 01 14:55:13 +0800 2020,广东,❤
救赎者之天地,Mon Jun 01 14:54:25 +0800 2020,陕西,学区房笑了！！！
看见我的梨了吗,Mon Jun 01 14:52:50 +0800 2020,其他,回复@91-老赖:好大的酸味
葵猪爱困,Mon Jun 01 14:48:01 +0800 2020,北京,加油少年
狐狸牌椰汁1号,Mon Jun 01 14:47:17 +0800 2020,广东,中国少年，未来可期。[拳头]
MD_丽丽汐宁,Mon Jun 01 14:43:09 +0800 2020,浙江,中国少年，未来可期！[good]
我愿幻化成雨_tbadqy,Mon Jun 01 14:31:56 +0800 2020,广西,[加油][加油][心]
是不可以吃的橙子,Mon Jun 01 14:31:38 +0800 2020,福建,少年强则国强
王艺雯ness,Mon Jun 01 14:31:25 +0800 2020,北京,中国少年未来可期[加油]
赵露思的双下巴,Mon Jun 01 14:29:21 +0800 2020,湖南,中国少年！未来可期！我们是共产主义接班人！
用户六度空间,Mon Jun 01 14:28:41 +0800 2020,其他,[赞]🙏
角落里的笑容,Mon Jun 01 14:28:22 +0800 2020,浙江,少年强则国强，少年智则国智！
Mmmmmmortal,Mon Jun 01 14:28:09 +0800 2020,重庆,在才是我们的后浪
偷月亮的软糖,Mon Jun 01 14:27:05 +0800 2020,河南,转发微博
悠米佳佳,Mon Jun 01 14:24:44 +0800 2020,其他,少年强则国强！少年未来可期！[心]
余音袅袅不归色,Mon Jun 01 14:22:47 +0800 2020,湖北,少年强则国强
Z-Fei-Fei,Mon Jun 01 14:22:37 +0800 2020,四川,婚恋交友那啥的是几个意思
苟利于民,Mon Jun 01 14:20:23 +0800 2020,其他,回复@91-老赖:🤫 人家可是后浪
小小星辰叻,Mon Jun 01 14:19:44 +0800 2020,安徽,#我们是共产主义接班人#少年强则国强！中国少年，未来可期💪
骑摩托的柏柏,Mon Jun 01 14:18:45 +0800 2020,浙江,那肯定，这次美国黑人运动，我看到好多年轻同志说他们是胡搞瞎搞，要用马列毛武装起来，九年义务教育就是这么优秀[喵喵]
国网杭州供电公司,Mon Jun 01 14:17:32 +0800 2020,浙江,中国少年，未来可期！[good]..
青城山上的风,Mon Jun 01 14:13:52 +0800 2020,四川,[心][给力][中国赞][中国赞][中国赞]
雾漫了桃花_,Mon Jun 01 14:11:53 +0800 2020,其他,未来可期[拳头]
落入人间的光芒,Mon Jun 01 14:10:57 +0800 2020,其他,少年立则国立，少年强则国强。愿我少年，永葆真善之❤
暴躁小团,Mon Jun 01 14:10:17 +0800 2020,重庆,中国少年，未来可期！
Acmilanrr,Mon Jun 01 14:09:04 +0800 2020,上海,后浪
想睡觉的阿墨·,Mon Jun 01 14:06:30 +0800 2020,四川,未来可期[米奇比心]
biubiu734,Mon Jun 01 14:06:18 +0800 2020,上海,少年强则国强
太阳黒子_,Mon Jun 01 14:04:42 +0800 2020,其他,那怎么还不把鲍疏明抓起来[微笑]
国防预备役青年团,Mon Jun 01 14:04:23 +0800 2020,山东,中国🇨🇳 少年 未来可期#我们是共产主义接班人# 
取名字好南吖,Mon Jun 01 14:02:15 +0800 2020,湖北,中国少年，未来可期[心]
Aonmymind,Mon Jun 01 14:02:13 +0800 2020,重庆,中国少年未来可期
梦溪春晓,Mon Jun 01 13:59:30 +0800 2020,其他,把我看哭了，中国少年，未来可期
偷一颗草莓-x,Mon Jun 01 13:59:20 +0800 2020,山东,未来可期
陶大青年,Mon Jun 01 13:58:10 +0800 2020,江西,中国少年🇨🇳未来可期[心]
小元的1号布偶,Mon Jun 01 13:58:04 +0800 2020,其他,未来可期
-初只只-,Mon Jun 01 13:57:50 +0800 2020,湖南,都是最美好的少年模样呀[心]少年强则国强，加油吧
朗月轻宵,Mon Jun 01 13:56:46 +0800 2020,北京,少年强则国强
初初初阳啊,Mon Jun 01 13:56:22 +0800 2020,湖南,#我们是共产主义接班人# 少年强则国强[赞]
环环相扣的环Z,Mon Jun 01 13:54:48 +0800 2020,其他,少年强 则国强
偏科的瓶蓝,Mon Jun 01 13:54:25 +0800 2020,河北,从小就告诉我是接班人，到现在也没个实际行动[doge]
不依不食尧,Mon Jun 01 13:53:09 +0800 2020,江苏,祖国的花朵
战无不胜我可以,Mon Jun 01 13:50:30 +0800 2020,其他,真棒！加油！[赞]
宠祎4号,Mon Jun 01 13:49:52 +0800 2020,北京,未来可期
zjHui-慧,Mon Jun 01 13:49:49 +0800 2020,辽宁,看的好激动
高伟光正能量的甜甜圈,Mon Jun 01 13:47:53 +0800 2020,江苏,中国少年，未来可期！#我们是共产主义接班人#
春盏未央,Mon Jun 01 13:45:28 +0800 2020,其他,中国少年，未来可期[心]
1雷霆出击1,Mon Jun 01 13:45:23 +0800 2020,陕西,少年强则国强
跳跃的音符欢快的乐章,Mon Jun 01 13:45:02 +0800 2020,北京,孩子是未来是希望
宠祎5号,Mon Jun 01 13:44:47 +0800 2020,北京,未来可期
宠祎2号,Mon Jun 01 13:39:01 +0800 2020,上海,未来可期
TiAmoRosie,Mon Jun 01 13:38:23 +0800 2020,其他,[中国赞][中国赞][中国赞]
夙沙烈魇,Mon Jun 01 13:36:57 +0800 2020,其他,几十岁的人！又泪了......
幸之乐之,Mon Jun 01 13:36:11 +0800 2020,其他,[中国赞]
招人稀罕的泡泡龙,Mon Jun 01 13:35:23 +0800 2020,广东,美哉我少年中国，与天不老；壮哉我中国少年，与国无疆！少年强，则国强！加油我中国少年[加油][加油][加油][心][心][心]
富江酋美,Mon Jun 01 13:33:32 +0800 2020,河北,未来可期
CC心醉9426,Mon Jun 01 13:33:18 +0800 2020,江苏,#我们是共产主义接班人# 少年强则国强！
松苏则,Mon Jun 01 13:31:32 +0800 2020,浙江,青年强则国强！
籃子依依,Mon Jun 01 13:30:38 +0800 2020,云南,中国少年，未来可期！[good]#我们是共产主义接班人#
llzzt逆,Mon Jun 01 13:27:16 +0800 2020,河北,中华少年，未来可期!
-Alisanne,Mon Jun 01 13:25:56 +0800 2020,广东,#我们是共产主义接班人# 中国少年 未来可期
姜姜菇凉啊Daytoy,Mon Jun 01 13:25:31 +0800 2020,江苏,少年强则国强[加油][加油]
阿心啾啾啾,Mon Jun 01 13:25:10 +0800 2020,河北,未来可期
南洋十二,Mon Jun 01 13:24:20 +0800 2020,安徽,未来可期
豆豆赫呢,Mon Jun 01 13:24:18 +0800 2020,辽宁,少年强则国强[good][good][good]
anglezai002,Mon Jun 01 13:24:03 +0800 2020,黑龙江,[给你小心心][心]
天涯彡明月彡红雪飘,Mon Jun 01 13:23:23 +0800 2020,其他,你保护世界，我保护你。 #龙腾四海飞跃宇宙# 
木土二争,Mon Jun 01 13:22:32 +0800 2020,河北,我们是共产主义接班人
用我的事换大家的快乐,Mon Jun 01 13:21:43 +0800 2020,辽宁,31岁少先队员前来报道
星星落入怀中Vin,Mon Jun 01 13:21:16 +0800 2020,河南,未来可期[good]
Free创作者新城,Mon Jun 01 13:20:25 +0800 2020,广东,这视频调色可以更好啊。现在观感不太舒服
闻人思故乡,Mon Jun 01 13:20:07 +0800 2020,其他,美哉我少年中国，与天不老，壮哉我中国少年，与国无疆。[心]少年加油[加油]
想让你陪我去看他的演唱会,Mon Jun 01 13:19:37 +0800 2020,其他,看到最后眼前都模糊了，脑海里是这首#少年中国说-张杰[音乐]# 歌手和身后少年合唱团的雄心壮志慷慨激昂![中国赞]
Lchenyoung,Mon Jun 01 13:19:26 +0800 2020,河南,恰同学少年，风华正茂；书生意气，挥斥方遒。
山海无言,Mon Jun 01 13:19:23 +0800 2020,河南,燃！美哉我中国少年！
穿花睡裤的tyz晚期,Mon Jun 01 13:19:17 +0800 2020,江苏,中国少年，未来可期[心]
慎比布只渍淮,Mon Jun 01 13:18:33 +0800 2020,上海,少年强！中国强👍🏻
音乐是不会死亡的,Mon Jun 01 13:18:31 +0800 2020,四川,关心中国少年，少引入一些洋垃圾。
Lchenyoung,Mon Jun 01 13:18:23 +0800 2020,河南,“你们青年人朝气蓬勃，正在兴旺时期，好像早晨八九点钟的太阳。希望寄托在你们身上”。[泪]
熬夜选手w,Mon Jun 01 13:18:21 +0800 2020,其他,[good][good][good][good]
原来是名名噢,Mon Jun 01 13:17:37 +0800 2020,广东,加油少年
空空只饭秀满家,Mon Jun 01 13:16:46 +0800 2020,山西,祝少年儿童们节日快乐🎉
静静地利大叔,Mon Jun 01 13:15:57 +0800 2020,广东,中国少年，未来可期
顾总顶胯出金币,Mon Jun 01 13:15:35 +0800 2020,其他,中国青年，未来可期
喜欢祎,Mon Jun 01 13:15:21 +0800 2020,福建,中国少年 未来可期
土土布布,Mon Jun 01 13:15:08 +0800 2020,江苏,少年强则国强[中国赞]
hua1565,Mon Jun 01 13:15:06 +0800 2020,河北,乳虎啸谷
滚滚是偶,Mon Jun 01 13:15:06 +0800 2020,浙江,🇨🇳中国少年，未来可期！[good]
7无可奈何,Mon Jun 01 13:15:01 +0800 2020,广东,中国少年，未来可期[good][good][赞]
顾独行的剑,Mon Jun 01 13:15:00 +0800 2020,江苏,吾辈当自强
布丁紫狐,Mon Jun 01 13:14:24 +0800 2020,其他,前途似海，来日方长。美哉我少年中国，与天不老！壮哉我中国少年，与国无疆！
坚果小咩,Mon Jun 01 13:14:16 +0800 2020,上海,中国少年，未来可期#我们是共产主义接班人# [加油]
博乐金声,Mon Jun 01 13:14:13 +0800 2020,浙江,我还记得我是社会主义接班人[哈哈]
iMD_小小小倩,Mon Jun 01 13:13:43 +0800 2020,陕西,中国少年 未来可期[心]
肤白貌美严小赖,Mon Jun 01 13:13:30 +0800 2020,海南,[中国赞][中国赞][中国赞]
迟绾ing,Mon Jun 01 13:13:17 +0800 2020,河南,未来可期！
薛清舫,Mon Jun 01 13:12:52 +0800 2020,浙江,中国少年，未来可期！
orfliastar,Mon Jun 01 13:12:51 +0800 2020,其他,祝福我的祖国，祝福祖国的花朵
orfliastar,Mon Jun 01 13:12:41 +0800 2020,其他,啊啊啊啊
雯哥哥哥哥哥,Mon Jun 01 13:12:38 +0800 2020,福建,少年强则国强！！！
畄朳,Mon Jun 01 13:12:36 +0800 2020,其他,回复@畄朳:#青春心向党·建功新时代#
点点最爱小乌龟2,Mon Jun 01 13:12:27 +0800 2020,浙江,未来可期！！
没有你他们算啥,Mon Jun 01 13:12:09 +0800 2020,山东,加油[赞]
j我有一个梦j,Mon Jun 01 13:12:08 +0800 2020,湖北,祖国的花朵都是好样的！
吉吉沐兮,Mon Jun 01 13:12:01 +0800 2020,澳门,回复@吉吉沐兮:[心][中国赞]
樱丸小桃子Rui,Mon Jun 01 13:12:00 +0800 2020,吉林,未来可期
夏同学5376,Mon Jun 01 13:11:47 +0800 2020,其他,回复@装高手:后面朗诵是《恰同学少年》
吴迪呦,Mon Jun 01 13:11:46 +0800 2020,广东,少年强则国强！
畄朳,Mon Jun 01 13:11:39 +0800 2020,其他,中国🇨🇳少年！未来可期！少年强则国强！#我们是共产主义接班人# [心]
zshhy超白白白,Mon Jun 01 13:11:28 +0800 2020,广东,中国少年，未来可期！[good][good][good]#我们是共产主义接班人#
天天向上_593,Mon Jun 01 13:11:28 +0800 2020,陕西,[心]🇨🇳美丽中国！
茜茜142,Mon Jun 01 13:11:26 +0800 2020,四川,未来可期[心]
不亦乐乎乐此不疲,Mon Jun 01 13:11:24 +0800 2020,江苏,我想接班，手续告诉我一下[doge]
吉吉沐兮,Mon Jun 01 13:11:21 +0800 2020,澳门,中国少年，未来可期[心][中国赞]
唯Love晨熙,Mon Jun 01 13:11:09 +0800 2020,江西,中国少年，未来可期！[中国赞][中国赞][中国赞]
泽漆-1983,Mon Jun 01 13:11:09 +0800 2020,其他,未来可期
檀那支持victoria,Mon Jun 01 13:10:50 +0800 2020,山西,了不得
原来是涓涓呀,Mon Jun 01 13:10:43 +0800 2020,陕西,美哉我少年中国，与天不老，壮哉我中国少年，与国无疆。[心]少年加油[加油]
我是肖战与钟汉良粉丝,Mon Jun 01 13:10:41 +0800 2020,其他,愿以吾辈之青春守护这盛世之中华---00后致敬
清水河飞鱼,Mon Jun 01 13:10:39 +0800 2020,广东,未来属于这些可爱的人
天秤座三叶1688,Mon Jun 01 13:10:36 +0800 2020,香港,回复@天秤座三叶1688:[心][中国赞]
椰蓉兔球,Mon Jun 01 13:10:33 +0800 2020,河南,学生和战士们都好可爱呀。中国少年，未来可期
南方酒馆Vodka,Mon Jun 01 13:10:23 +0800 2020,天津,江山娇 你的未来也可期么？
天秤座三叶1688,Mon Jun 01 13:10:15 +0800 2020,香港,中国少年，未来可期！[心][中国赞]
四川共青团,Mon Jun 01 13:10:09 +0800 2020,四川,中国少年，未来可期！[good]#我们是共产主义接班人#
萨利ballball泥做个仁吧,Mon Jun 01 13:10:03 +0800 2020,安徽,回复@两个鼻孔的Pig:爱祖国 爱人民 鲜艳的红领巾飘扬还在前胸
桃李不言下自成蹊·,Mon Jun 01 13:10:03 +0800 2020,黑龙江,少年强则国强 壮哉 我中华儿女 与国无疆[作揖][作揖][作揖][作揖][作揖][作揖][作揖][作揖][作揖][作揖][作揖][作揖][作揖][作揖][作揖][作揖][作揖][作揖][作揖][作揖][作揖][作揖][作揖][作揖][作揖][作揖][作揖][作揖][作揖][作揖][作揖][作揖][作揖]
HYH吴情,Mon Jun 01 13:10:01 +0800 2020,湖北,中国少年，未来可期！[good][good][good][good]
安徽机电职业技术学院伙管会,Mon Jun 01 13:09:48 +0800 2020,安徽,未来可期[加油]
见风长肉妞,Mon Jun 01 13:09:34 +0800 2020,其他,少年强则国强[爱你]，保持本真，蓄力向上吧[加油]
小和_攒RP,Mon Jun 01 13:09:02 +0800 2020,云南,初生的太阳[太阳][太阳][太阳]中国少年！未来可期！！！加油！
红泥小火炉煮茶,Mon Jun 01 13:09:00 +0800 2020,广东,这次终于舍得给女孩子镜头了。不像五四，一水的男青年。
阿疯仔子,Mon Jun 01 13:08:58 +0800 2020,山东,加油，你们是很棒的
两个鼻孔的Pig,Mon Jun 01 13:08:45 +0800 2020,其他,我们是共产主义接班人，继承革命先辈的光荣传统
诗雪峰,Mon Jun 01 13:08:41 +0800 2020,吉林,愿你们如朝阳，普照万里天空
wonder雨潼,Mon Jun 01 13:08:41 +0800 2020,北京,回复@wonder雨潼:且看我少年
草莓味的小云雀,Mon Jun 01 13:08:38 +0800 2020,广东,未来可期[爱你]
wonder雨潼,Mon Jun 01 13:08:31 +0800 2020,北京,苍茫大地，谁主沉浮？
装高手,Mon Jun 01 13:08:21 +0800 2020,湖南,都是后浪
大姐叉腰,Mon Jun 01 13:08:19 +0800 2020,河南,中国少年未来可期[赞][赞][赞]
肖白兔1号,Mon Jun 01 13:08:19 +0800 2020,其他,祖国的花朵[鲜花][鲜花]
綾清竹,Mon Jun 01 13:08:15 +0800 2020,其他,少年强则中国一定也很强
91-老赖,Mon Jun 01 13:08:14 +0800 2020,上海,共产主义接班人，这就是我看不起那些富二代的底气[吃瓜]
Albertaylor,Mon Jun 01 13:08:11 +0800 2020,福建,儿童节快乐🎉🎉🎉
麒之麟,Mon Jun 01 13:08:07 +0800 2020,其他,未来可期
渋谷有利,Mon Jun 01 13:08:05 +0800 2020,北京,转发微博
Ylbubble0,Mon Jun 01 13:08:03 +0800 2020,四川,少年强则国强[加油][加油][加油]
wxhhxxlucasxx444,Mon Jun 01 13:07:55 +0800 2020,其他,中国少年，未来可期
诶嘿有只喵,Mon Jun 01 13:07:52 +0800 2020,湖南,少年强中国强
别惹容嬷嬷,Mon Jun 01 13:07:52 +0800 2020,西藏,[doge]我们是初生的太阳～
·宇宙浪漫-,Mon Jun 01 13:07:51 +0800 2020,其他,未来可期[good]
奶岐的小迷妹丘,Mon Jun 01 13:07:46 +0800 2020,其他,未来可期[心]
