评论者,评论时间,评论地点,评论内容
任凯先2007,Fri May 15 19:12:17 +0800 2020,其他,敬礼！
Alan·嵐,Fri May 15 10:59:47 +0800 2020,北京,[good][good][good]
北京西城健康教育,Fri May 15 09:44:10 +0800 2020,北京,好有爱心！
幸运的尹桃,Fri May 15 08:49:45 +0800 2020,江苏,[赞][赞][赞]
无双097,Fri May 15 08:32:19 +0800 2020,其他,[good][good]
逍遥仙卿,Fri May 15 08:10:54 +0800 2020,山东,回复@霖妹要去慕尼黑:也许只有你会想到用键盘打仗[嘻嘻]你好厉害呀，佩服！[赞]
霖妹要去慕尼黑,Fri May 15 08:08:23 +0800 2020,其他,回复@逍遥仙卿:哈哈哈你是有多厉害，用键盘打仗吗
Revolving水,Fri May 15 07:31:52 +0800 2020,山东,致敬[心]
董继平2025,Fri May 15 07:24:46 +0800 2020,其他,靠谱的后浪们，赞啊！
我是你的腐乳呀,Fri May 15 07:11:36 +0800 2020,其他,我看到了光荣在于平淡，艰巨在于漫长
s1mpleXD,Fri May 15 03:59:22 +0800 2020,上海,真 女神[good]
_绯旻_,Fri May 15 00:46:00 +0800 2020,湖北,超棒！
星空深处有双眼,Thu May 14 23:44:16 +0800 2020,其他,人性之美好，你性之光辉
Limerence_允诺,Thu May 14 23:09:48 +0800 2020,其他,真的很棒的小姐姐啊！我们西安终于有条正能量热搜了[允悲][允悲]
爱落天儿,Thu May 14 22:41:37 +0800 2020,北京,个人感觉标题里加入阅兵两个字就把一件值得赞扬的事情从女性局限到了”一部分”女性身上。
逍遥仙卿,Thu May 14 22:32:22 +0800 2020,山东,回复@陌s尐太陽:会走正步就代表战斗力强吗？走得好看就代表能打仗吗？这跟那些花拳绣腿自称会功夫的人有什么区别？不如想办法提高单兵作战能力！
陌s尐太陽,Thu May 14 22:25:54 +0800 2020,山西,回复@逍遥仙卿:为啥不自豪？为啥是形式主义？
逍遥仙卿,Thu May 14 22:22:33 +0800 2020,山东,回复@陌s尐太陽:自豪个毛线，形式主义
东坡竹林,Thu May 14 21:34:21 +0800 2020,广西,救人时候的你，最美
一个厌烦粉圈被迫入圈的追星小号,Thu May 14 20:16:47 +0800 2020,其他,人美心善[心][心][心]
咩咩了咩咩,Thu May 14 20:03:05 +0800 2020,江苏,👍
piscesvip,Thu May 14 20:03:00 +0800 2020,河北,[赞][赞] http://t.cn/E9ULOBH
败给现实_fgfy,Thu May 14 20:00:35 +0800 2020,广东,為小姐姐點讚[good]
L灯昼,Thu May 14 19:21:14 +0800 2020,北京,[good][good][good]
牛奶蛋黄酱ooo,Thu May 14 19:08:46 +0800 2020,其他,回复@zu海洋:杠精真多 阅兵阅兵阅兵 小姐姐小姐姐小姐姐 多听听就可以脱敏了
Queenia浩瀚群辰,Thu May 14 18:56:41 +0800 2020,山东,真棒！
去留怎无意,Thu May 14 18:54:13 +0800 2020,内蒙古,人美心善
一只机器懒猫,Thu May 14 18:49:20 +0800 2020,其他,是位优秀的小姐姐[good]
超爱吃的小禾同学,Thu May 14 18:47:22 +0800 2020,广东,致敬
____ZingZing,Thu May 14 18:44:15 +0800 2020,浙江,respect
Hahhhnxsz,Thu May 14 18:31:33 +0800 2020,安徽,棒棒哒小姐姐
不正经口嗨选手丶,Thu May 14 18:28:08 +0800 2020,福建,看标题还以为阅兵的时候去救人[拜拜]
萧瑟无边,Thu May 14 18:18:58 +0800 2020,江苏,很温暖
路北检察,Thu May 14 18:17:21 +0800 2020,河北,转发微博
初心奶盖甜甜,Thu May 14 18:16:45 +0800 2020,广西,人美心更美[中国赞]
天与地与坤,Thu May 14 18:15:31 +0800 2020,其他,❤
C-PINK-B,Thu May 14 18:05:49 +0800 2020,新疆,姐姐很优秀！
今天也要努力画画,Thu May 14 18:02:33 +0800 2020,其他,为什么这种正能量的新闻上不了热搜[费解]我不想看那些粉丝内涵撕逼吵架恶意重伤的东西了[摊手]给我多推送点正能量吧[泪][泪][泪]
马军士,Thu May 14 17:57:30 +0800 2020,浙江,中国加油！
ChanLoring,Thu May 14 17:41:52 +0800 2020,广东,超酷的啊小姐姐，人美心善！！！
爱睡裙的咸菜宝宝,Thu May 14 17:39:20 +0800 2020,其他,太帅了吧
她说她念她应,Thu May 14 17:36:02 +0800 2020,四川,好棒呀
无情良辰工具人,Thu May 14 17:10:51 +0800 2020,青海,小姐姐好棒
椰汁椰果,Thu May 14 17:07:30 +0800 2020,其他,小姐姐棒棒哒
愿争朝夕-不负韶华,Thu May 14 17:06:37 +0800 2020,陕西,医者仁心，是一种刻在骨子里的责任。为你点赞
打醋路过的小妖,Thu May 14 16:58:26 +0800 2020,四川,小姐姐人美心美～[心][心][心][心]
帮你轻松瘦到90斤,Thu May 14 16:56:00 +0800 2020,北京,小姐姐太棒啦
午夜歌剧院08376,Thu May 14 16:52:51 +0800 2020,其他,1
_上智若水,Thu May 14 16:38:32 +0800 2020,湖北,回复@zu海洋:照你这么说，别说明她护理专业或者军人身份咯，甚至不用说是中国人女人之类。
小白兔奶糖Zzz,Thu May 14 16:34:31 +0800 2020,江苏,@l秃头少女 给我碰到完蛋
老纸是个萌的_694,Thu May 14 16:34:27 +0800 2020,其他,回复@zu海洋:只是说明她很优秀啊，再说了现在不都崇拜军人吗？不行啊？
我是袋鼠她爸爸,Thu May 14 16:33:23 +0800 2020,江苏,回复@翘屁嫩灿:人家很自己的身份不会被讹，讹也讹不动
小说游戏我的幻想乡,Thu May 14 16:13:43 +0800 2020,安徽,回复@爱吃土豆的大力水手:我jio的这条微博和其他平台的“我们是警察/军人，我们不怕被讹”的视频相得益彰。内涵:不愧是党员队伍里的好同志。如果要略过这个同志身处的队伍，相当于抹去这支队伍的荣誉和使命意义。楼主的思维必然是:党员和普通群众并无不同。也可以说这样亲民，但，组织本身发展的都是优秀的人啊！[doge]
新余海啸中,Thu May 14 16:12:42 +0800 2020,江西,转发微博
妹子稀番dl,Thu May 14 16:12:16 +0800 2020,其他,小姐姐真棒
一直闪啊闪,Thu May 14 16:08:09 +0800 2020,其他,姐姐太棒啦！
静静的呆着39040,Thu May 14 16:07:53 +0800 2020,其他,真棒，
木木木小呆QVQ,Thu May 14 16:07:53 +0800 2020,广西,对不起…我看成了阅文小姐姐[允悲][允悲][允悲]
冬天很好你若在场丶,Thu May 14 16:06:45 +0800 2020,四川,回复@zu海洋:我工地上缺抬杠的，兄弟你来不
多啦A梦圈,Thu May 14 16:05:44 +0800 2020,福建,正能量，我家娃希望以后也走这条路
小雅啊0416,Thu May 14 16:05:42 +0800 2020,重庆,多多向善[心]
秦岚的影子,Thu May 14 16:05:25 +0800 2020,浙江,人美+心里美[哪吒开心]
老男孩地盘-66,Thu May 14 16:05:19 +0800 2020,湖北,看的我好感动，三十一岁的大男人了，眼眶都红了，谢谢你，小姐姐！！祖国有你们，祖国的未来会越来越好
就取个昵称,Thu May 14 16:05:15 +0800 2020,河南,好棒[给你小心心][给你小心心][给你小心心]
自带狗头的评论员,Thu May 14 16:03:59 +0800 2020,北京,回复@zu海洋:我还以为阅兵的时候抢救人呢，哈哈
与鸠书,Thu May 14 16:03:26 +0800 2020,湖北,[good][good][good]
自带狗头的评论员,Thu May 14 16:03:18 +0800 2020,北京,这标题我还以为阅兵的时候抢救老人呢？
傲娇腹黑霸道总裁阿,Thu May 14 16:02:35 +0800 2020,其他,学姐[允悲][允悲][允悲][允悲]
齐了个刘海er,Thu May 14 16:00:40 +0800 2020,福建,我觉得小姐姐腿好好看
lover-尤长靖,Thu May 14 16:00:08 +0800 2020,其他,[赞]
佳飛貓啊貓,Thu May 14 16:00:03 +0800 2020,江苏,小姐姐真棒[中国赞]
JoJo学姐的申请秘籍,Thu May 14 15:59:32 +0800 2020,四川,小姐姐好样的
时珈迦枷,Thu May 14 15:58:30 +0800 2020,其他,机智 勇敢 优秀小姑娘[嘻嘻]
陈邺景,Thu May 14 15:57:43 +0800 2020,其他,好棒啊！专业能力硬就算了，身体素质还那么好！[赞][赞][赞][赞][赞][赞][赞][赞]
钟爱YIBO眉眼,Thu May 14 15:57:37 +0800 2020,湖南,小姐姐真棒👏🏻
Souvenir猫儿,Thu May 14 15:57:00 +0800 2020,其他,[炸鸡腿][炸鸡腿][炸鸡腿][good][good][good]好人有好报
G猪仔q,Thu May 14 15:55:54 +0800 2020,其他,棒棒的
愿我们的信仰永存,Thu May 14 15:54:49 +0800 2020,浙江,太棒了[good][good][good]
三叔抓网络小鬼喽,Thu May 14 15:54:23 +0800 2020,北京,这才是值得尊敬的真女权，不像某些只会在微博上叫嚣的女拳一样
悦努力悦幸运L,Thu May 14 15:51:58 +0800 2020,其他,中国女兵[赞][赞][赞]
悦努力悦幸运L,Thu May 14 15:51:18 +0800 2020,其他,中国女兵[赞]
小蜜儿滴一,Thu May 14 15:50:59 +0800 2020,北京,棒棒哒！加油！
懒人老D,Thu May 14 15:50:24 +0800 2020,其他,爱了爱了
cocodaisy06,Thu May 14 15:43:04 +0800 2020,辽宁,回复@zu海洋:凭什么不让人家提啊，提了其他人就不助人为乐了？提了有人就缺胳膊少腿了？什么风气啊，光荣正能量还不让提，参加阅兵就是光荣的，怎么不能见阳光了？次次都提我都不反感，就是告诉你们这些人优秀的人一直优秀，不优秀的人见不得别人一点优秀，你不喜欢不要看这条新闻，谁稀罕你的意见啊
FFF团情感分析师,Thu May 14 15:40:44 +0800 2020,北京,回复@zu海洋:参加过阅兵是一种荣誉啊，为什么不能提[费解][费解]
FairfarrenReturn,Thu May 14 15:38:50 +0800 2020,江西,还好这是个专业的，万一人家有心跳不懂的瞎用心肺复苏，按出大事了
妮跟我走跟我走,Thu May 14 15:38:05 +0800 2020,其他,好酷！！
围着小火炉暖手手,Thu May 14 15:37:13 +0800 2020,其他,小姐姐好棒[good]
我是喜悦_富足,Thu May 14 15:36:18 +0800 2020,其他,👍🏻 
_平常鑫,Thu May 14 15:34:34 +0800 2020,河南,果然，好看的男神女神都是国家的[允悲]
我真的要睡了噢,Thu May 14 15:34:14 +0800 2020,上海,回复@zu海洋:敢杠不敢让别人说？删我评论干嘛[疑问][疑问][疑问][疑问]
安徽大学新锐传播,Thu May 14 15:33:15 +0800 2020,安徽,#相思不露# 遇事不慌勇敢救人，为正义善良的小姐姐点赞！[good]
一块杨桃,Thu May 14 15:32:22 +0800 2020,其他,致敬，超棒
爱吃土豆的大力水手,Thu May 14 15:31:49 +0800 2020,其他,回复@小说游戏我的幻想乡:毕竟现在又快招兵了 人家万里挑一选出来的 说下身份也没什么问题 那些人都是啥思想
依竹国外读硕博,Thu May 14 15:31:13 +0800 2020,北京,[心][心][心]
可爱的腮,Thu May 14 15:30:29 +0800 2020,四川,回复@zu海洋:为啥不提，光荣的身份为啥不提。行为跟身份无关，但身份让行为更发光
后跟碰三下,Thu May 14 15:29:50 +0800 2020,其他,回复@zu海洋:可能是为了说她很优秀吧
zu海洋,Thu May 14 15:29:04 +0800 2020,云南,回复@cocodaisy06:害！这哪儿跟哪儿啊
PassTongJyii_,Thu May 14 15:28:26 +0800 2020,上海,回复@阮鸢o3o:吊了🐟 没了🐎 你怎么这么会赚
我也好想谈恋爱啊QAQ,Thu May 14 15:27:54 +0800 2020,其他,回复@东风快餐:不好意思打错字了[允悲][允悲]
榕没有小鸟的角落,Thu May 14 15:27:49 +0800 2020,甘肃,[good][good][good][good]太棒了，正能量
cocodaisy06,Thu May 14 15:27:26 +0800 2020,辽宁,回复@zu海洋:就提怎么了，碍你眼了？管的真宽
九九而七cbvivi,Thu May 14 15:26:11 +0800 2020,广西,哎，最近看啥都容易泪目 这姑娘真心好 她母亲也是 祝福你们一生福报丫
安宁市局警方,Thu May 14 15:25:13 +0800 2020,云南,青年榜样[心]
叛逆路人88,Thu May 14 15:25:09 +0800 2020,其他,善良的人总是在发光[给你小心心]
国服14亿躺赢教父,Thu May 14 15:25:04 +0800 2020,辽宁,回复@zu海洋:为什么没必要？你觉得没必要就没必要？我觉得有必要，我还想知道她是哪个部队，叫啥名字，那怎么办？
英台0803,Thu May 14 15:24:00 +0800 2020,山东,好样的！传播正能量！！！
柳暗花明6878,Thu May 14 15:23:52 +0800 2020,广东,[中国赞]
我想这么长应该不会重复了,Thu May 14 15:23:15 +0800 2020,其他,麻烦多报道这种阳间新闻，什么谁谁谁发声阿，谁谁谁怎么了，压根受众就很小，资本硬捧，纯阴间水鬼。
以靓行凶,Thu May 14 15:23:11 +0800 2020,其他,姐姐好帅[憧憬]
陪伴那是最长情的告白,Thu May 14 15:16:52 +0800 2020,西藏,世上还是好人多，为正能量点赞。[good]
唯黄昏华美er无上,Thu May 14 15:07:43 +0800 2020,山东,回复@zu海洋:？？？？？？？？？？？。
我现在不忙,Thu May 14 15:06:47 +0800 2020,天津,好样的，关键时候敢往上冲，尽显军人本色。
道伦剃布,Thu May 14 15:03:49 +0800 2020,内蒙古,肃然起敬
董小姐and徐先生,Thu May 14 14:59:58 +0800 2020,其他,优秀的中国青年
小明三岁就爱笑_,Thu May 14 14:59:56 +0800 2020,河北,致敬
懵圈的MissHe,Thu May 14 14:59:11 +0800 2020,广西,陆军军医……好优秀啊
云霄飞鸿_007,Thu May 14 14:58:59 +0800 2020,山东,回复@zu海洋:明天到我工地来干活吧，我发现你特别能抬杠
青岛九力国际教育综合体,Thu May 14 14:56:31 +0800 2020,山东,#阅兵小姐姐跪地半小时救治老人#，最美的军医小姐姐，最美的中国军人[good]
叨叨叨叨叨叨叨叨叨叨叨叨叨叨叨,Thu May 14 14:55:03 +0800 2020,浙江,人美心善
我是一颗小小的星辰,Thu May 14 14:54:44 +0800 2020,四川,点赞！我们需要这种正能量
打小就不爱吃鱼,Thu May 14 14:53:49 +0800 2020,其他,小姐姐超棒
爱笑的抹茶味圣代,Thu May 14 14:53:46 +0800 2020,上海,优秀的人很多行为都优秀呢
bobo的七七小姐,Thu May 14 14:53:41 +0800 2020,广东,飒！
对我老公痴汉脸,Thu May 14 14:53:21 +0800 2020,江苏,[赞][赞][赞]
Grace_k,Thu May 14 14:53:11 +0800 2020,广东,[good][good]
Zry-Zry-Zry,Thu May 14 14:52:05 +0800 2020,重庆,向小姐姐致敬！
山河祝东风,Thu May 14 14:51:21 +0800 2020,湖南,很勇敢的小姐姐!弘扬正能量，创建文明和谐美丽社会[good]
波菜毛子,Thu May 14 14:51:12 +0800 2020,内蒙古,[good][good]
燚_Jeremy,Thu May 14 14:51:02 +0800 2020,广东,转发微博
莱美大药房,Thu May 14 14:50:47 +0800 2020,其他,#阅兵小姐姐跪地半小时救治老人# 这位小姐姐真的很有爱啊[doge]
东风快餐,Thu May 14 14:50:30 +0800 2020,山东,回复@我也好想谈恋爱啊QAQ:增加？？？
--咩了个喵--,Thu May 14 14:50:13 +0800 2020,江苏,致敬！
喜欢追剧的猪,Thu May 14 14:50:07 +0800 2020,广东,致敬
琪琪最漂亮啦,Thu May 14 14:49:06 +0800 2020,湖南,回复@zu海洋:咋就不能说了，早已不是做好事不留名的社会，有什么荣誉一并说了怎么了
转角车专角,Thu May 14 14:48:42 +0800 2020,江苏,[赞]
明明是蕾蕾呀,Thu May 14 14:48:14 +0800 2020,辽宁,满满的正能量！人善心美
张继匀yun,Thu May 14 14:48:02 +0800 2020,河南,感动
只如初见寒云,Thu May 14 14:47:45 +0800 2020,四川,回复@zu海洋:层主真棒，希望层主能活到以后其他负面新闻强调女性性别的时候，继续仗义执言
热爱这个世界·,Thu May 14 14:47:30 +0800 2020,河南,楼下评论好酸 难道新闻的重点不是救人吗？
雨幕1711,Thu May 14 14:47:23 +0800 2020,广东,[赞][赞][赞][赞]
一抹晚夏574000000,Thu May 14 14:47:11 +0800 2020,其他,正能量
夔伈,Thu May 14 14:47:00 +0800 2020,北京,#阅兵小姐姐跪地半小时救治老人# [中国赞]
我是你宝大爷啊,Thu May 14 14:46:39 +0800 2020,西藏,最美兵姐姐
嗜瘾T,Thu May 14 14:46:25 +0800 2020,上海,回复@梦境抽离感:老拳师了
郑州中原苏宁易购百货,Thu May 14 14:46:19 +0800 2020,河南,小姐姐太棒了吧
潍坊人潍坊事儿,Thu May 14 14:45:20 +0800 2020,山东,为什么特意说是阅兵小姐姐？
噗噗小姐Alisa,Thu May 14 14:43:52 +0800 2020,陕西,有爱的小姐姐[心][心][心]
上林苑锦,Thu May 14 14:42:13 +0800 2020,其他,优秀，优秀
Orangerey,Thu May 14 14:38:31 +0800 2020,其他,武汉加油，中国加油，2020加油
就是坚持做自己,Thu May 14 14:36:09 +0800 2020,福建,小姐姐太帅了。
欧阳地三鲜,Thu May 14 14:35:10 +0800 2020,辽宁,回复@zu海洋:Papi酱置顶视频了解一下
xiaoxiao小柠檬哟,Thu May 14 14:33:55 +0800 2020,北京,正能量，辛苦啦
安娜淘白菜,Thu May 14 14:33:52 +0800 2020,浙江,人美心善的小姐姐
有没有晕车药,Thu May 14 14:31:47 +0800 2020,河南,看见那些拿女生膝盖开玩笑的我就想给他巴掌[吐]
mengkuo625,Thu May 14 14:31:37 +0800 2020,重庆,这不是我们学校的嘛[笑cry]
zu海洋,Thu May 14 14:31:31 +0800 2020,云南,回复@热money:?
Cp_pearl,Thu May 14 14:30:02 +0800 2020,重庆,好帅啊这小姐姐
p936279,Thu May 14 14:27:13 +0800 2020,上海,回复@翘屁嫩灿:？神经病啊下面的那些评论
海阳贝壳,Thu May 14 14:25:00 +0800 2020,上海,转发微博
论瓜就是圆的,Thu May 14 14:23:30 +0800 2020,其他,人美心善[good]
少喝可乐lx,Thu May 14 14:22:43 +0800 2020,江苏,回复@阮鸢o3o:我看是你脑子有问题，没有多大把握的情况就贸然上前施救还不如赶紧打120
用户g1mddbgin7,Thu May 14 14:22:40 +0800 2020,其他,好样的
别居一阁_630,Thu May 14 14:22:06 +0800 2020,其他,好棒！[赞][赞][赞]
最美人物发布_闪亮的名字,Thu May 14 14:21:43 +0800 2020,其他,你跪地救人的样子，真美[爱你]#阅兵小姐姐跪地半小时救治老人# 
春华秋实1357,Thu May 14 14:21:27 +0800 2020,其他,回复@zu海洋:没必要特意说你是不是思想有问题，正常点就好。这样的行为，跟身份无关，杠精之人，都会看不过眼[太开心][太开心][太开心]
CBess,Thu May 14 14:21:09 +0800 2020,四川,善良，美丽[羞嗒嗒]
咯咯饼干,Thu May 14 14:20:46 +0800 2020,北京,棒！
kingsley389龙,Thu May 14 14:20:45 +0800 2020,福建,[good][good][good]
禹检在线,Thu May 14 14:20:31 +0800 2020,山东,转发微博
空谷战放,Thu May 14 14:19:28 +0800 2020,上海,好姑娘![good][good][good]
霖妹要去慕尼黑,Thu May 14 14:19:23 +0800 2020,其他,回复@不去上路脏线的中单不是好中单:我真的服了他这样的人也能被选为先进人物[允悲]
一拳一个女拳dog,Thu May 14 14:19:18 +0800 2020,其他,回复@兰陵曾笑笑:女拳急了急了，女拳急了急了
_木心___,Thu May 14 14:19:15 +0800 2020,其他,[赞]
厦门咭米婚纱照微电影工作室,Thu May 14 14:19:06 +0800 2020,福建,正能量[赞]
睡觉了帮我关下月亮吧,Thu May 14 14:18:07 +0800 2020,河北,现在护理大三，我遇到这种情况一定判断不出[晕]，惭愧，视频里女生才大二  厉害👍
不去上路脏线的中单不是好中单,Thu May 14 14:17:08 +0800 2020,安徽,回复@霖妹要去慕尼黑:那确实是憨批。建议击毙[doge]
贺有理大白白,Thu May 14 14:17:01 +0800 2020,湖南,转发微博
独行5安好,Thu May 14 14:16:20 +0800 2020,北京,[赞][赞][赞]
文媛咿呀呀,Thu May 14 14:16:06 +0800 2020,其他,棒棒
名字乱码的,Thu May 14 14:15:58 +0800 2020,其他,他们是战士
霖妹要去慕尼黑,Thu May 14 14:15:56 +0800 2020,其他,回复@不去上路脏线的中单不是好中单:他不仅没道歉，还为家暴男摇旗呐喊呢，女人骂他，他和粉丝们又说女拳敏感了
朗佐ball2,Thu May 14 14:15:50 +0800 2020,广东,厉害
切斯特徐,Thu May 14 14:15:42 +0800 2020,广东,[good]
LAKB-24,Thu May 14 14:15:33 +0800 2020,其他,回复@zu海洋:军人身份值得骄傲 值得致敬
大约是宅_iris,Thu May 14 14:13:34 +0800 2020,江苏,小姐姐棒棒哒[赞]
不去上路脏线的中单不是好中单,Thu May 14 14:13:28 +0800 2020,安徽,回复@霖妹要去慕尼黑:柯洁的评论区我也就看着玩，具体事件我确实没有研究过。柯洁发表这样的言论我觉得确实很不好。希望他已经为此诚恳道歉吧。
六元家的九日-,Thu May 14 14:13:10 +0800 2020,河北,[good][good][good][good]
大胖米粒儿和她的小梦想,Thu May 14 14:11:52 +0800 2020,西藏,姐姐真美[心]
珺霂,Thu May 14 14:11:43 +0800 2020,其他,太棒了吧！
小灰灰是大灰狼,Thu May 14 14:11:28 +0800 2020,广东,漂亮的姑娘[good][good][good][good]
霖妹要去慕尼黑,Thu May 14 14:11:10 +0800 2020,其他,回复@不去上路脏线的中单不是好中单:整个社会有隐形厌女氛围，女性也可能仇女啊，参考Hebe…但是柯洁说女人生小孩是下蛋不假吧（吐槽大会还有人吐槽过），说女棋手赢是因为美人计不假吧？
三颗lemon,Thu May 14 14:10:46 +0800 2020,湖北,小姐姐好棒，给小姐姐点赞
Sin巴,Thu May 14 14:10:15 +0800 2020,其他,身材真好
Trobabe,Thu May 14 14:10:09 +0800 2020,其他,回复@zu海洋:太敏感了，其实大家不会想这么多，很多人的重点都是在她救了人身上，而不是她是什么身份
不去上路脏线的中单不是好中单,Thu May 14 14:09:14 +0800 2020,安徽,回复@霖妹要去慕尼黑:我知道了，谢谢你的劝告。我以后也会在线下线上为了平权而努力。
我也好想谈恋爱啊QAQ,Thu May 14 14:09:03 +0800 2020,其他,回复@菅野薄荷:晕、对对对，减少[允悲][允悲][允悲][允悲]我打错字了
薄平黎,Thu May 14 14:08:56 +0800 2020,山东,❤️❤️❤️❤️❤️
不去上路脏线的中单不是好中单,Thu May 14 14:08:46 +0800 2020,安徽,回复@霖妹要去慕尼黑:狗粉丝我也就当笑话看。从道德上看看他们确实是违背了基本公德。仇女的话不知道您是否有真正观察过评论区，我觉得他们喷的最多也就是「论文打拳姐」，也有很多女性混迹在评论区里，也没有被人仇视。我觉得您可以去看一看，消除一下对柯洁狗粉丝的误解。当然如果这些女性真的也仇视女性，那就当我没说
霖妹要去慕尼黑,Thu May 14 14:08:26 +0800 2020,其他,回复@不去上路脏线的中单不是好中单:希望能多有点你这样的男生吧，可惜多的是不理智的男拳者，但是不要在无关新闻随意带女拳出场，等到别人出动再反击不行吗？
生态梦人,Thu May 14 14:06:35 +0800 2020,山东,12日，陆军军医大学士官学校护理专业学员赵怡婷在家上网课时，听到楼下老人晕倒的消息。她蹬上拖鞋“破门”而出，到现场后一边安慰老人一边进行急救。直到救护车远去，才发现自己一直单膝跪地，右腿早已麻木。赵怡婷曾参加国庆阅兵，是女兵方阵中的一员。#网络名人同心战疫# 
霖妹要去慕尼黑,Thu May 14 14:05:41 +0800 2020,其他,回复@不去上路脏线的中单不是好中单:那些带狗粉丝和柯洁下面那些男的，每天微博团建的欢呢，不仅男拳还仇女
恋恋祝廖慧佳0415生日快乐,Thu May 14 14:04:44 +0800 2020,山东,[心][心][心]
wswzha,Thu May 14 14:04:28 +0800 2020,北京,其实学医，用学过的知识救人，虽说有时候可能就是一份工作，但是是真的伟大！尊重医护人员！
不去上路脏线的中单不是好中单,Thu May 14 14:03:40 +0800 2020,安徽,回复@霖妹要去慕尼黑:你说得对。男拳问题也是叩待解决的问题。不过在微博的话，还是女性发声的很多，对于男拳只有谩骂却没有引导。我个人在日常生活中对于身边的朋友也有一些引导，我认为男拳和女拳应该由社会教育和学校教育共同解决，互喷是没有任何结论的。
我叫玉三岁,Thu May 14 14:03:23 +0800 2020,山东,回复@揪揪奶烊的小哒哒:卧槽，竟然还有这个[笑cry]
777777xixi,Thu May 14 14:02:26 +0800 2020,河南,致敬
药学小白,Thu May 14 14:01:44 +0800 2020,其他,回复@zu海洋:看到你那么多赞，我就放心了。
揪揪奶烊的小哒哒,Thu May 14 14:01:37 +0800 2020,贵州,回复@我叫玉三岁:《好人法》因直接由政府作为主体介入，无论救人，还是因救人造成损失、自身受伤致残，见义勇为者就业等，均有具体详细的保障措施;同时在全国首创对见义勇为行为额外发放一次性100万元的高额抚恤奖金。（以上来源于现查的哈哈哈哈）
喜欢看你们一起笑,Thu May 14 14:01:27 +0800 2020,其他,为小姐姐点赞！！！
王汝红ww,Thu May 14 14:01:15 +0800 2020,海南,👍 👍 👍 👍 👍 👍 👍 👍
霖妹要去慕尼黑,Thu May 14 14:01:08 +0800 2020,其他,回复@不去上路脏线的中单不是好中单:某些男性对女性的压迫更吓人，甚至是杀人强奸溺死女婴呢，女拳呢我觉得吧目前就是打打嘴炮，等到男女真正平等了再解决不迟，还是先解决现实生活中真正可怕的男拳吧
你的绘里酱,Thu May 14 14:00:51 +0800 2020,陕西,好棒！长安的～
哥哥好酷·,Thu May 14 14:00:49 +0800 2020,其他,好棒
药学小白,Thu May 14 14:00:39 +0800 2020,其他,回复@一只海布嘎:没用的，他们只知道赞美，哪管真假[费解]
不去上路脏线的中单不是好中单,Thu May 14 14:00:11 +0800 2020,安徽,回复@低火加热s:女性需要更多的正面宣传。如果有合理要求多宣传女性正面新闻的话当然不是女拳，我还是很明事理的哈哈哈哈
不去上路脏线的中单不是好中单,Thu May 14 13:59:17 +0800 2020,安徽,回复@霖妹要去慕尼黑:冠姓权我个人认为要视情况而定。因为在开明的情况下，女性并没有失去冠姓权。在这个大环境下争取冠姓权在我看来是有些不合理的。如果是小环境下，比如家庭或者不先进的社会，去争取孩子的冠姓权，就是合理的女性权利争取。
主持人胡芳芳,Thu May 14 13:59:07 +0800 2020,北京,【#阅兵小姐姐跪地半小时救治老人#：腿麻了不算啥】12日，陆军军医大学士官学校护理专业学员赵怡婷在家上网课时，听到楼下老人晕倒的消息。她蹬上拖鞋“破门”而出，到现场后一边安慰老人一边进行急救。直到救护车远去，才发现自己一直单膝跪地，右腿早已麻木#职业体验师# #lucy hu的问答# #Lucy hu# 
我叫玉三岁,Thu May 14 13:58:59 +0800 2020,山东,回复@揪揪奶烊的小哒哒:不知道，记得以前有个老姐救人就是，用力过猛导致肋骨插肺。造成二期伤害。虽然抢救过程用造成肋骨断裂正常，但是感觉还是后怕[允悲]
_嘿_Daddy,Thu May 14 13:58:50 +0800 2020,北京,嗯，救护车原来要等这么久的吗
天下无常之阿天,Thu May 14 13:58:50 +0800 2020,上海,人美心美[赞]
低火加热s,Thu May 14 13:58:39 +0800 2020,其他,回复@不去上路脏线的中单不是好中单:你也知道宣传女性的少……所以不和你后半句矛盾了吗。偏激骂人的不对，正常表达的不能叫女拳吧？
路灯成精,Thu May 14 13:58:10 +0800 2020,其他,回复@翘屁嫩灿:我也是[允悲]一是怕本来问题不大结果让我折腾大了，再有就是怕碰瓷。所以我肯定会打120，但亲自上是真的不敢。
揪揪奶烊的小哒哒,Thu May 14 13:57:19 +0800 2020,贵州,回复@我叫玉三岁:现在不是出了一条法规了么，就是如果救人导致被救者出现问题不予负责（貌似，不是很清楚这个）
二封墨菊,Thu May 14 13:56:57 +0800 2020,四川,我觉得每个社区应该定期组织急救常识课，社区年轻和中年居民必须参加，其他居民在线完成。这样大家在社区遇见倒地的人就知道如何应对
不去上路脏线的中单不是好中单,Thu May 14 13:56:41 +0800 2020,安徽,回复@霖妹要去慕尼黑:不区分的话。现在就会混淆。早点区分开来，就早一些误解多一份尊重
日落西山小羊羔,Thu May 14 13:56:37 +0800 2020,其他,这才是中国女性
霖妹要去慕尼黑,Thu May 14 13:56:23 +0800 2020,其他,回复@不去上路脏线的中单不是好中单:那我问你女性争取冠姓权是女权还是女拳呢？
路灯成精,Thu May 14 13:56:16 +0800 2020,其他,回复@ooooooonesun:层主说的是不带身份不是不带性别，瞄准重点，别轰歪了授人以柄。
不去上路脏线的中单不是好中单,Thu May 14 13:56:04 +0800 2020,安徽,回复@霖妹要去慕尼黑:这么说男性没对女性的权利造成损害么？难道男性看到了之后会反省自己无意间造成的不平等不是一件好事么？如果只有女性努力，男性又全然不见的话，被绝对的权力和体力压制也不会叫的有成效吧。当然，我的意思这不是把女性的权利争取归功于男性的让步。两方共同努力，至少会快一些不是么。
霖妹要去慕尼黑,Thu May 14 13:55:48 +0800 2020,其他,回复@不去上路脏线的中单不是好中单:那女权还是女拳不是由男人来说的哦，这么急着区分这些，那以后女性合理的需求被打成女拳或者女尊，女性哭都没地方哭
锦鲤本鲤1220,Thu May 14 13:55:42 +0800 2020,河南,致敬
易养网络官方微博,Thu May 14 13:55:41 +0800 2020,其他,[good]
边海莲love,Thu May 14 13:55:41 +0800 2020,澳门,棒[心]
leerphen,Thu May 14 13:55:32 +0800 2020,广东,🙏🙏🙏
暖了橘子,Thu May 14 13:55:19 +0800 2020,河南,棒棒哒
果果妈妈123456,Thu May 14 13:55:16 +0800 2020,浙江,棒[good][good]
适存809,Thu May 14 13:55:10 +0800 2020,其他,女神
_他总是睡不醒,Thu May 14 13:54:57 +0800 2020,湖北,回复@zu海洋:淡瘪末味
Skila鹿雅晗_7,Thu May 14 13:54:37 +0800 2020,广东,学有所长，学有所用。[中国赞][中国赞][中国赞]
queen松松,Thu May 14 13:54:23 +0800 2020,广东,你好美。
二封墨菊,Thu May 14 13:53:37 +0800 2020,四川,回复@zu海洋:我也觉得诧异，跟阅兵有啥关系，夸人就夸人，竟扯些有的没的
小说游戏我的幻想乡,Thu May 14 13:53:20 +0800 2020,安徽,回复@zu海洋:阅兵方阵中的一员…我初中辅导老师的丈夫做过天安门前的护旗手都是他的加分项。阅兵哎[doge]那么隆重的场合，我要是其中一员，我能吹一辈子！而且现在崇拜军人已经成了大风向了吧？
霖妹要去慕尼黑,Thu May 14 13:52:58 +0800 2020,其他,回复@不去上路脏线的中单不是好中单:反对针对女性的女拳是女性的事，男人别瞎管闲事
墨青的ALaso,Thu May 14 13:52:58 +0800 2020,贵州,棒棒哒
菜似人机,Thu May 14 13:52:46 +0800 2020,湖南,回复@翘屁嫩灿:…心肺复苏，首先要观察患者反应，呼吸心跳意识脉搏都停止了才能采取，在进行心肺复苏之前，必须检查这些，包括患者头颈部是否损伤，口腔内是否有异物或者义齿，以防人工呼吸时异物堵塞呼吸道，不是所有人昏迷倒下了都要做心肺复苏！！！心肺复苏也是有前提的！！
不去上路脏线的中单不是好中单,Thu May 14 13:52:39 +0800 2020,安徽,回复@霖妹要去慕尼黑:我就是要让大部分人反对女拳，支持女权，也就是平权。女拳下去了，女权自然会上来。你不会害怕女拳被大部分人打压吧。
甜甜·千岁糖,Thu May 14 13:52:10 +0800 2020,四川,姑娘人冷静镇定，还是值得表扬的[赞]
mj晶致,Thu May 14 13:51:34 +0800 2020,其他,姑娘，好样的！
不去上路脏线的中单不是好中单,Thu May 14 13:50:41 +0800 2020,安徽,回复@喜欢自己的墨团子:噢噢，好吧。
SchneeSong,Thu May 14 13:50:17 +0800 2020,其他,棒
好人吵架,Thu May 14 13:49:59 +0800 2020,北京,回复@zu海洋:工地欢迎你
喜欢自己的墨团子,Thu May 14 13:49:37 +0800 2020,广东,回复@不去上路脏线的中单不是好中单:你都觉得我对了就别掰扯了，我夸你思路清奇，你也觉得我说的对，那就完事了。
不去上路脏线的中单不是好中单,Thu May 14 13:49:32 +0800 2020,安徽,回复@霖妹要去慕尼黑:求拳也好，不求也罢。女拳不为女性争取更多的权利，却反过来骂婚育女性，很自豪么，呵呵
__Wendy__ww,Thu May 14 13:49:28 +0800 2020,西藏,别人家的小孩
暖风袭人3017,Thu May 14 13:49:20 +0800 2020,河南,[good][good][good]
不需掩饰的梦,Thu May 14 13:49:02 +0800 2020,北京,优秀的人到哪都优秀
喜欢自己的墨团子,Thu May 14 13:48:57 +0800 2020,广东,回复@不去上路脏线的中单不是好中单:那我可建议你去翻翻评论看看时间吧自我感觉这么好。我也没怼你吧，我的回复可只是惊叹你这不管看到什么新闻都能喷到女拳上的联想能力，我夸你思路清奇呢。
霖妹要去慕尼黑,Thu May 14 13:48:01 +0800 2020,其他,回复@不去上路脏线的中单不是好中单:？？？你有必要从上个新闻的情绪嫁接到下个新闻，这里大部分人都没听说过你说的那个，你不是对空气求拳是啥？
飞天日记本_4th,Thu May 14 13:47:59 +0800 2020,北京,回复@翘屁嫩灿:女人拯救男人
hooray12345,Thu May 14 13:47:41 +0800 2020,其他,又飒又暖[赞][心]
想要成为王无忧的王焦虑嗷,Thu May 14 13:47:11 +0800 2020,其他,小姐姐腿好细啊[允悲]羡慕哭了[泪]
易路向峰1987,Thu May 14 13:46:27 +0800 2020,其他,回复@zu海洋:传递正能量的不管男女都可以提啊，怎么不能提
李尔文的儿子们,Thu May 14 13:46:05 +0800 2020,湖南,正能量传递，平凡生活中的一道光！！！！
真假时间,Thu May 14 13:45:36 +0800 2020,河南,回复@zu海洋:咋 你的钛合金键盘收货了？
吴大恶霸,Thu May 14 13:45:10 +0800 2020,广东,回复@翘屁嫩灿:我个人认为，心肺复苏，海姆立克急救法非常需要做全民普及，还有公共场合多放AED，可以挽救很多本来可以挽救的生命，例如很多心源性猝死的年轻人
不去上路脏线的中单不是好中单,Thu May 14 13:44:59 +0800 2020,安徽,回复@喜欢自己的墨团子:我评论放到现在只有你一个人来怼我，反倒说我引战，开团的事你吧。[笑哈哈]
喜欢自己的墨团子,Thu May 14 13:44:46 +0800 2020,广东,回复@不去上路脏线的中单不是好中单:承让。
不去上路脏线的中单不是好中单,Thu May 14 13:44:21 +0800 2020,安徽,回复@喜欢自己的墨团子:是的，你是对的[笑哈哈]
喜欢自己的墨团子,Thu May 14 13:43:44 +0800 2020,广东,回复@不去上路脏线的中单不是好中单:上次是哪次？跟这新闻有关？反正不管什么新闻，你就负责引战挑事就完事了
哆啦A梦的铃铛花园,Thu May 14 13:42:56 +0800 2020,其他,感觉优秀的人做什么事都优秀
Claqgzzze,Thu May 14 13:42:39 +0800 2020,湖南,回复@zu海洋:可能是想说她不仅善良还很优秀[心][心]
一只小柯西,Thu May 14 13:42:16 +0800 2020,山东,回复@阿狸央央:思想有深度，评论有价值，明天来央视上班！
不去上路脏线的中单不是好中单,Thu May 14 13:41:58 +0800 2020,安徽,回复@喜欢自己的墨团子:我说的不就是客观事实么？我有说错什么么？上次那个厨房到医院的画跳脚的不是女拳？
睿睿麻麻122,Thu May 14 13:41:11 +0800 2020,河北,给小姐姐点赞！！[赞]
菜似人机,Thu May 14 13:40:59 +0800 2020,湖南,回复@吴大恶霸:是我学得不对嘛…心肺复苏不应该是在呼吸心跳意识都没有的情况下才可以做嘛…
喜欢自己的墨团子,Thu May 14 13:40:52 +0800 2020,广东,回复@不去上路脏线的中单不是好中单:人楼主强调的是职业，你非要给带到性别上，还非要带出毫无关系的女拳，完事还觉着自己挺客观。
茜茜cycy1,Thu May 14 13:40:21 +0800 2020,其他,优秀[赞]
shididooo_,Thu May 14 13:40:10 +0800 2020,其他,好想哭
wzyyyin,Thu May 14 13:39:34 +0800 2020,四川,[中国赞][中国赞][中国赞][中国赞][中国赞][中国赞]
你说的都对我没用,Thu May 14 13:39:30 +0800 2020,安徽,好样的[赞]
逸院洞真的好闪耀啊,Thu May 14 13:39:22 +0800 2020,广东,回复@zu海洋:就硬杠[笑哈哈]
西西子北,Thu May 14 13:39:16 +0800 2020,福建,[爱你]
C-cccccolor,Thu May 14 13:39:15 +0800 2020,江苏,回复@zu海洋:你也仅仅是作为一个读者而已
谢谢Zzzz,Thu May 14 13:39:11 +0800 2020,广东,棒棒棒，你真棒👍🏻👍🏻👍🏻👍🏻👍🏻👍🏻👍🏻👍🏻👍🏻👍🏻👍🏻
沈阳网警巡查执法,Thu May 14 13:39:09 +0800 2020,辽宁,致敬，正能量
傲雪6066,Thu May 14 13:38:54 +0800 2020,其他,回复@翘屁嫩灿:我倒是挺想救人的，但是我怕急救时出了岔子，人没了就完了[跪了]
Xhj99552266,Thu May 14 13:38:50 +0800 2020,浙江,回复@zu海洋:这个叫标题，写新闻的时候常用的套路，更能引导人去看，不过专业上来讲，是不应该这么写，带主观色彩
三千世界彡,Thu May 14 13:38:08 +0800 2020,广西,救人一命胜造七级浮屠，小姐姐好棒
丨猪是看来过倒,Thu May 14 13:37:26 +0800 2020,黑龙江,回复@zu海洋:大可不必杠
千寻小小Cynthia,Thu May 14 13:36:48 +0800 2020,广东,2020年了，客户正常报道新闻吗，起这样吸引眼球的标题有意思吗
北京应急,Thu May 14 13:36:01 +0800 2020,北京,致敬！正能量[心]
优物汇go,Thu May 14 13:35:38 +0800 2020,上海,[good]太棒了
不去上路脏线的中单不是好中单,Thu May 14 13:35:31 +0800 2020,安徽,回复@喜欢自己的墨团子:你好，请问我带了什么节奏？
善良的丫丫呀,Thu May 14 13:35:17 +0800 2020,其他,对啊  即使不说阅兵小姐姐  普通人跪地半个小时救人大家也都会关注 这样说反而会招致人的反感  适得其反而已
ts五斗米,Thu May 14 13:35:17 +0800 2020,河北,军人+军医[作揖]
菅野薄荷,Thu May 14 13:34:32 +0800 2020,其他,回复@我也好想谈恋爱啊QAQ:我看了三遍……你应该是想说减少吧？
Kenshi的follow,Thu May 14 13:34:32 +0800 2020,北京,不是 你不跪地 你咋操作呀…这就和采访高铁上乘客买到票了🐴一样
jacynec,Thu May 14 13:34:21 +0800 2020,其他,小姐姐棒棒的！好勇敢！[爱你]
逅卿卿慕,Thu May 14 13:34:17 +0800 2020,其他,回复@zu海洋:有必要
沫葶LL,Thu May 14 13:34:06 +0800 2020,四川,[心][心]
__Quists,Thu May 14 13:33:24 +0800 2020,内蒙古,学有所长，学有所用，这不仅是对自己，也是对身边人，对社会的最大贡献。
南柚555,Thu May 14 13:33:19 +0800 2020,其他,致敬[good]
王夭夭如也,Thu May 14 13:32:46 +0800 2020,北京,经世致用，真棒[good][good][good]
不喜欢夏天很喜欢西瓜,Thu May 14 13:32:30 +0800 2020,四川,致敬[中国赞][中国赞][中国赞]
grape星野陈,Thu May 14 13:32:08 +0800 2020,其他,点赞。
超520家,Thu May 14 13:31:35 +0800 2020,广东,[赞][赞]
麻辣香锅无敌小火锅叶叶,Thu May 14 13:31:12 +0800 2020,四川,小姐姐好棒
swiftiey,Thu May 14 13:31:11 +0800 2020,其他,回复@zu海洋:没必要点出来 直接夸就完事[ok]
__Quists,Thu May 14 13:31:10 +0800 2020,内蒙古,军人，就是那个拿起枪是战士，脱下军装依然是战士，[赞][赞][赞]
风物200904,Thu May 14 13:31:00 +0800 2020,其他,正能量满满
我也好想谈恋爱啊QAQ,Thu May 14 13:30:50 +0800 2020,其他,回复@zu海洋:多一点这种新闻，会增加群众和军人之间的距离感，我觉得挺好的
往回之间,Thu May 14 13:29:59 +0800 2020,山东,回复@zu海洋:弱智
nvli运气不会差哦,Thu May 14 13:29:58 +0800 2020,山西,点完，大二的你真的好棒
也许是吧1205,Thu May 14 13:29:40 +0800 2020,北京,[good][good][good]
桌立_na,Thu May 14 13:29:39 +0800 2020,福建,超优秀[赞]人美心善的小姐姐[心]
Alan·嵐,Thu May 14 13:29:08 +0800 2020,北京,好棒👍👍👍
稀罕超越锦鲤,Thu May 14 13:28:38 +0800 2020,广东,[good][good][good][good][good][good][good][good][good][good][good][good][good][good][good][good][good][good][good][good][good][good][good][good][good][good][good][good][good][good][good][good][good][good][good][good][good][good][good][good][good][good][good][good][good][good]
33_Sherry,Thu May 14 13:28:28 +0800 2020,其他,随喜赞叹救生护生功德[鲜花][鲜花][鲜花]南无阿弥陀佛[心] 又是结下一个善缘[鲜花]
萌之痴吃MH,Thu May 14 13:28:24 +0800 2020,江西,[心]
zhao唧唧,Thu May 14 13:28:23 +0800 2020,其他,好飒呀
陌s尐太陽,Thu May 14 13:28:18 +0800 2020,山西,回复@zu海洋:阅兵怎么了，很自豪光荣的一件事，为啥不能提？
不喜欢夏天很喜欢西瓜,Thu May 14 13:28:10 +0800 2020,四川,[中国赞][中国赞][中国赞]
可否预期仍候,Thu May 14 13:28:01 +0800 2020,北京,棒棒的[赞]
用户LM迪,Thu May 14 13:27:59 +0800 2020,北京,卧槽nb
范范_YeziVivian,Thu May 14 13:27:39 +0800 2020,上海,小姑娘[赞][赞][赞]
我叫玉三岁,Thu May 14 13:27:11 +0800 2020,山东,回复@你说啥就是啥2019:可能本来没事，等医生来，你的救援给救死了[允悲]，这是真事。
活跃的实体店店主,Thu May 14 13:27:09 +0800 2020,广东,好人拼命在救人，坏人拼命在害人
今我来思s,Thu May 14 13:26:45 +0800 2020,西藏,回复@zu海洋:这也就是客观报道顺道一嘴，你也大可不必想那么多，怎么现在上网都这么斤斤计较的吗
篮下门徒,Thu May 14 13:26:16 +0800 2020,广东,我当兵我光荣，我救死扶伤是义务，也应该是荣光的，我给社会传递正能量我没错吧！所以，甭管扯不扯到阅兵的经历，人家都是光荣的，再说了，人家当兵阅兵就是履行新时代社会核心价值观。请问那些对报道人家有阅兵经历的人有异议的，先扪心自问一下，自己在这个社会上是怎么样的人！还是说你对军人有异议
圣诞老人不在家迷路的麋鹿,Thu May 14 13:26:11 +0800 2020,四川,回复@翘屁嫩灿:当初就是怕真正急救的时候出错，就不敢去考[允悲]
是橙子还是程子呢,Thu May 14 13:26:07 +0800 2020,其他,三军大的小姐姐[太开心][爱你]
暖男一龙,Thu May 14 13:26:05 +0800 2020,广西,小姐姐棒棒哒[good][good]
焦玄玄,Thu May 14 13:25:39 +0800 2020,其他,正能量[心][心][心][心][心]
每天上网蹲江主任,Thu May 14 13:25:29 +0800 2020,其他,回复@惡人顏:哈哈哈哈哈某人跪地救助某人半小时
树下的一只皮,Thu May 14 13:25:18 +0800 2020,其他,好帅
小郝学长_xuer,Thu May 14 13:25:10 +0800 2020,山东,身为一名护理学子为学姐点赞[中国赞]
缸脑刺身,Thu May 14 13:25:05 +0800 2020,北京,哭哭
Smart_YG,Thu May 14 13:24:48 +0800 2020,其他,回复@zu海洋:杠王？
喜欢自己的墨团子,Thu May 14 13:24:29 +0800 2020,广东,回复@不去上路脏线的中单不是好中单:这也能带上节奏？角度清奇啊
小灰灰啊O,Thu May 14 13:24:24 +0800 2020,广西,巾帼
雨葳33066,Thu May 14 13:24:10 +0800 2020,河南,人美心善，
下一页_零号,Thu May 14 13:23:44 +0800 2020,河北,太美了小姐姐
歪發財,Thu May 14 13:23:41 +0800 2020,其他,回复@zu海洋:男的急了男的急了男的急了男的急了男的急了男的急了男的急了男的急了男的急了男的急了男的急了男的急了男的急了男的急了男的急了男的急了男的急了男的急了
不喝CocaCola了,Thu May 14 13:22:39 +0800 2020,山东,优秀！！！！[给力]
八卦_浪迹天涯,Thu May 14 13:22:18 +0800 2020,其他,小姐姐人美心更美[心][心][心][赞][赞][赞]
啊啊啊抽风,Thu May 14 13:21:55 +0800 2020,其他,[米奇比心][米奇比心][米奇比心]
Zico和土豆,Thu May 14 13:21:52 +0800 2020,北京,🙏🏻❤️
用户asdfghjo,Thu May 14 13:21:44 +0800 2020,河南,[赞][赞][赞][心]
渐落星河,Thu May 14 13:21:34 +0800 2020,河北,回复@霖妹要去慕尼黑:啊这..就高潮了？  我说哪个👊🏻 了？  暗示男👊🏻 不是👊🏻？ 冷抖哭，男人们何时站起来[笑哈哈]
霖妹要去慕尼黑,Thu May 14 13:18:06 +0800 2020,其他,回复@渐落星河:谁打拳呢？看看楼里回复先是哪个男拳在求拳吧
阳光小妞ing,Thu May 14 13:17:52 +0800 2020,湖北,人美心善👍👍希望老人家平安！
大理寺段爷,Thu May 14 13:16:50 +0800 2020,江苏,站起来缓缓，活动一下
伯文,Thu May 14 13:16:49 +0800 2020,广东,人善不说，关键还长的那么漂亮。果然帅的靓的都给了国家[嘻嘻]
菅野爱理,Thu May 14 13:16:33 +0800 2020,北京,这才是应该上热搜的内容 小姐姐真棒
翘屁嫩灿,Thu May 14 13:16:07 +0800 2020,陕西,回复@蕬諆:好吧，我没有[悲伤]
茶馆酒仙,Thu May 14 13:16:06 +0800 2020,上海,[心]
小赵小赵吉星高照1,Thu May 14 13:15:33 +0800 2020,其他,终于在热搜看到了自己学校，姐姐加油呀[爱你]
蕬諆,Thu May 14 13:15:30 +0800 2020,四川,回复@翘屁嫩灿:成都哇[偷笑]  学校急救协会每年都统一报名培训考试的[允悲]
MD那又怎样呢,Thu May 14 13:15:24 +0800 2020,北京,小姐姐太优秀了
米拉咻咻咻咻咻咻咻咻咻咻223318,Thu May 14 13:15:22 +0800 2020,其他,真的是人美心善的小姐姐啊
40000qm,Thu May 14 13:14:56 +0800 2020,黑龙江,回复@ooooooonesun:层主是说阅兵这个标签不用带上 不是说男女
大P哥终结月光,Thu May 14 13:14:33 +0800 2020,其他,棒棒
李子舟的微博,Thu May 14 13:14:33 +0800 2020,湖北,好棒！
翘屁嫩灿,Thu May 14 13:14:28 +0800 2020,陕西,回复@蕬諆:你在哪里哇，我们咋没得
御姐范墨色如砚,Thu May 14 13:14:05 +0800 2020,广东,小姐姐[good][good][good]
清笙唤漓人-_,Thu May 14 13:14:04 +0800 2020,其他,棒棒哒[中国赞]
蕬諆,Thu May 14 13:13:54 +0800 2020,四川,回复@翘屁嫩灿:我们学校统一考了[允悲][允悲][允悲][允悲][允悲][允悲]
奥特曼不跳街舞,Thu May 14 13:13:51 +0800 2020,湖南,回复@zu海洋:@oo6oo1
MrShaw180rich,Thu May 14 13:13:37 +0800 2020,江苏,荣誉没愁了
一只海布嘎,Thu May 14 13:13:34 +0800 2020,山东,我去我这同学口腔专业好不好，要报道提前搞清楚好吗@人民日报
Baeaee,Thu May 14 13:13:22 +0800 2020,云南,@Stwilliam
面对生活如何淡定,Thu May 14 13:13:21 +0800 2020,辽宁,回复@翘屁嫩灿:大香蕉🍌堵在B里o
马力蓝哆,Thu May 14 13:13:05 +0800 2020,其他,怎么报道都能有人杠， 难道以后的报道都一女性，一男性？？？
热心市民橙星,Thu May 14 13:12:50 +0800 2020,广西,羡慕小姐姐[赞][赞][赞]
L木木木木木啊,Thu May 14 13:12:46 +0800 2020,北京,上次标女司机技术不行底下一堆人高潮，现在又给你标出来小姐姐做好事没人说了吗？[疑问]
阮鸢o3o,Thu May 14 13:11:37 +0800 2020,其他,各位医学生朋友们以后在路上看到这种情况别上了，肋骨按断了怎么办，老人有传染病怎么办，咱学业不精抢救不到位怎么办……[微笑]哪位医护工作者出生就是医护人员[微笑]毕业季好多同学在计划转行，以后别要医院了，大家有病找百度，操作看优酷吧[拜拜]
Momowennnn-,Thu May 14 13:11:32 +0800 2020,河南,这姑娘真棒！
呦呦saisai,Thu May 14 13:10:49 +0800 2020,河南,[中国赞][中国赞][中国赞]
翘屁嫩灿,Thu May 14 13:10:43 +0800 2020,陕西,回复@蕬諆:谁说的，我咋没有
爱宁的张译心,Thu May 14 13:10:05 +0800 2020,山西,这个姐姐很勇敢，是我我一定不敢上手，就算我会，真的这个姐姐好棒
星星酒酿造仓NVES,Thu May 14 13:08:44 +0800 2020,安徽,小姐姐好样的～
浩神202003,Thu May 14 13:08:34 +0800 2020,其他,老师也是好样的，好老师
蕬諆,Thu May 14 13:08:25 +0800 2020,四川,回复@翘屁嫩灿:医学院学生都考了急救证的。。。。是受法律保护的。。。。
路过一块小姜饼,Thu May 14 13:08:23 +0800 2020,其他,能参加阅兵女兵方队已经是十分优秀，群众有困难挺身而出更是有担当[good]是当代优秀女性的模样[good][good][good]
小某某的芮不点,Thu May 14 13:08:09 +0800 2020,天津,先狗头保命一下[doge]，难道第一时间不应该拨打120吗，判断是什么病重要吗
柯Y苡,Thu May 14 13:07:56 +0800 2020,安徽,学以致用  未来绝佳的医护者
山丹丹之恋002,Thu May 14 13:07:00 +0800 2020,其他,善良的人拥有更美好的世界！
风尘不可救丶,Thu May 14 13:06:13 +0800 2020,北京,学妹好样的
潇洒如夏花,Thu May 14 13:06:12 +0800 2020,湖北,总是有那么多感人的事情
一切都要_简单化,Thu May 14 13:05:48 +0800 2020,其他,赞，这就是新一代的年轻人，有担当有责任心[赞]
三淼只会削铅笔,Thu May 14 13:05:41 +0800 2020,江苏,致敬
我是郭枫不是郭峰,Thu May 14 13:05:41 +0800 2020,内蒙古,哇哦
阮鸢o3o,Thu May 14 13:05:34 +0800 2020,其他,回复@少喝可乐lx:你有病吧
小呆家的麦拉疯,Thu May 14 13:05:11 +0800 2020,广东,[赞]
问问DA,Thu May 14 13:04:55 +0800 2020,江苏,小姐姐正能量👍
Diamond一Zbc,Thu May 14 13:04:52 +0800 2020,其他,致敬[good][good][good]
蜀锦新成,Thu May 14 13:04:50 +0800 2020,北京,回复@zu海洋:底下的人。。。嘴上便宜就这么重要吗？你来我往的，成什么样子啊？
狮子座889041608,Thu May 14 13:04:41 +0800 2020,其他,棒棒哒[赞]
懒小七七七,Thu May 14 13:04:35 +0800 2020,福建,小姐姐真棒
霖妹要去慕尼黑,Thu May 14 13:03:55 +0800 2020,其他,回复@bluebluezyx:有些人总想抬点杠
芝心冲冲冲-,Thu May 14 13:03:05 +0800 2020,其他,回复@翘屁嫩灿:虽然但是  错过四分钟了怎么办 等救护车早没用了
蘑菇酱的小玉珠,Thu May 14 13:03:01 +0800 2020,其他,好优秀
呆桃的甜甜一笑,Thu May 14 13:02:56 +0800 2020,上海,人美心善正能量满满的小姑娘[赞]
追逐zxc的星辰,Thu May 14 13:02:55 +0800 2020,重庆,致敬❤
NIWEIZHANG,Thu May 14 13:02:45 +0800 2020,四川,辛苦了🙏🙏🙏
财经早餐,Thu May 14 13:02:03 +0800 2020,上海,#阅兵小姐姐跪地半小时救治老人#正能量！
静忆夕颜,Thu May 14 13:02:04 +0800 2020,安徽,小姐姐好棒[赞][赞][赞]
w今晚月色真美i,Thu May 14 13:01:54 +0800 2020,北京,太优秀了！！
小懒猫_贪睡开豪仲,Thu May 14 13:01:45 +0800 2020,江西,最美的小姊姊
人在天空下,Thu May 14 13:01:42 +0800 2020,其他,方方写个日记
今年找工作了,Thu May 14 13:01:41 +0800 2020,四川,老师也很重要！小姐姐加小姐姐，很给力
UraCurrymasarata,Thu May 14 13:01:40 +0800 2020,广东,转发微博
用户落雪微歖,Thu May 14 13:01:40 +0800 2020,北京,致敬[给你小心心]
花蕊夫人65342,Thu May 14 13:01:32 +0800 2020,其他,回复@霖妹要去慕尼黑:👊👊👊
樱英颖音,Thu May 14 13:01:16 +0800 2020,湖北,[赞]
毛毛Maoangel,Thu May 14 13:00:59 +0800 2020,其他,我丢，怎么这么帅气
陵飘佳QM,Thu May 14 13:00:52 +0800 2020,天津,好人一生平安
小高小高小小高VIP10,Thu May 14 13:00:32 +0800 2020,其他,你不懂！这是人日的一点小心机！
啊呜一口秋刀鱼,Thu May 14 13:00:29 +0800 2020,其他,真棒啊！点赞！[心]
没死掉就很好2011,Thu May 14 13:00:26 +0800 2020,江苏,学以致用
霖妹要去慕尼黑,Thu May 14 13:00:18 +0800 2020,其他,回复@花蕊夫人65342:有人理你吗？又在对空气求拳呢？
叮怪兽,Thu May 14 12:59:15 +0800 2020,广东,日本的服务业全是跪地的，了解一下。[喵喵]
白木舟,Thu May 14 12:59:06 +0800 2020,江西,回复@zu海洋:说了也没啥啊，也没想那么多，就是让我更佩服这个小姐姐了[喵喵]
焦糖提拉不吃糖,Thu May 14 12:59:00 +0800 2020,四川,小姐姐真棒[米奇比心][米奇比心][米奇比心]
yu小木四点儿,Thu May 14 12:58:52 +0800 2020,其他,我们老师说CPR抢救操作失误，导致最后结果出了问题会承担30％法律责任，所以你得提前想好碰见要不要去救
一疋布chen,Thu May 14 12:58:27 +0800 2020,广西,这才是正道的光，照在了大地上[good][good][good]
你是我的另一颗心,Thu May 14 12:58:21 +0800 2020,福建,好棒的小姐姐[鲜花][鲜花][鲜花]
一凡良一,Thu May 14 12:57:59 +0800 2020,湖北,[good][good][good][good][good]
喜欢千玺的陈冬梅,Thu May 14 12:57:57 +0800 2020,海南,[good][good][good]
Grit-yan,Thu May 14 12:57:51 +0800 2020,广东,[good][good]
贝贝SSong,Thu May 14 12:57:45 +0800 2020,江苏,回复@少女啊一十七:人民日报应该是想宣传军人，但是我觉得这个标题的表达方式有点怪怪的
123LXY2,Thu May 14 12:57:28 +0800 2020,北京,陆军军医大学培养了好多优秀的护士小姐姐呀，给你点赞@陆军军医大学
烊签,Thu May 14 12:56:58 +0800 2020,其他,。
HQYu---宇宇宇宇宇,Thu May 14 12:56:50 +0800 2020,湖北,人美心善
贝贝SSong,Thu May 14 12:56:29 +0800 2020,江苏,回复@zu海洋:我觉得可以提她参加过阅兵，就是觉得这个标题有点怪怪的
阿狸我爱你,Thu May 14 12:56:07 +0800 2020,重庆,多多宣传正能量。而不是让娱乐新闻占据各类版面。
shirley7_7,Thu May 14 12:55:30 +0800 2020,重庆,小姐姐优秀[赞][赞][赞]
E九七,Thu May 14 12:55:13 +0800 2020,陕西,致敬！
努力努力的书丫,Thu May 14 12:55:07 +0800 2020,重庆,回复@浙江团省委:[doge]哎哟这小头像
我要住在幸福里,Thu May 14 12:54:40 +0800 2020,其他,回复@你说啥就是啥2019:……无知者无罪。
Obligation婷,Thu May 14 12:54:35 +0800 2020,河南,重名了，我还以为自己上热搜了[允悲][允悲][允悲]
咸鱼王宓儿,Thu May 14 12:54:20 +0800 2020,山东,优秀的人，哪里都发光[心]
我是你的小太阳17108,Thu May 14 12:54:19 +0800 2020,其他,优秀！优秀！！！
星空在仰望的少年,Thu May 14 12:54:14 +0800 2020,陕西,回复@翘屁嫩灿::量力而为。做好本分
星空在仰望的少年,Thu May 14 12:53:59 +0800 2020,陕西,量力而为。做好本分
出污泥而不染LH,Thu May 14 12:53:58 +0800 2020,江苏,🙏🙏🙏
-浪漫冰枫-,Thu May 14 12:53:43 +0800 2020,广东,女性楷模
爱思乐homeclean,Thu May 14 12:53:20 +0800 2020,上海,真的人美心善了[鼓掌][鼓掌] ​点赞！
123LXY2,Thu May 14 12:53:16 +0800 2020,北京,给人民解放军点赞[心]
摇了摇头丶微笑,Thu May 14 12:53:07 +0800 2020,山东,厉害
martha-cos,Thu May 14 12:53:04 +0800 2020,江苏,@快乐的杨胖达 天哪她和我闺蜜同名  还以为我闺蜜上新闻了
昵称还暂时没,Thu May 14 12:52:51 +0800 2020,浙江,回复@小盖Jennifer:[good][good][good]
曲如水词如茶偶尔喝饮料,Thu May 14 12:52:27 +0800 2020,四川,究竟怎样的男孩才能娶她
我去找空气,Thu May 14 12:52:07 +0800 2020,其他,人美心善，向你致敬[心]
发家致富奔小康a,Thu May 14 12:52:03 +0800 2020,重庆,好人一生平安🙏
浩浩嘞,Thu May 14 12:51:35 +0800 2020,河北,漂亮，棒棒哒
抚子不是怃子,Thu May 14 12:51:03 +0800 2020,甘肃,小姐姐真的很优秀 而且终于不是不管不顾直接心肺复苏了[允悲]
一止念,Thu May 14 12:50:24 +0800 2020,上海,赞👍
双鱼座喃喃222,Thu May 14 12:49:18 +0800 2020,河南,棒棒哒
起夕罗,Thu May 14 12:49:14 +0800 2020,其他,优秀的姐姐啊，你最美
吴大恶霸,Thu May 14 12:49:10 +0800 2020,广东,回复@翘屁嫩灿:都别杠，做不做心肺复苏要看心跳呼吸有没有，如果其中一样没有了，就要做，即使不是专业人员，在不得已的情况下会的都可以做，法律保护的。如果实在不会判断那就尽力呼救吧[微笑]别杠我，杠我就是你说的都对[可爱]
zlc-emmm,Thu May 14 12:49:08 +0800 2020,陕西,这位少女真棒[good][good]
和朱一龙次火锅,Thu May 14 12:48:24 +0800 2020,北京,[赞][赞]
QB-BRYANT,Thu May 14 12:48:24 +0800 2020,山西,回复@吹肥皂泡的积极废人:寡的不行[哈欠]
小盖Jennifer,Thu May 14 12:46:51 +0800 2020,陕西,@昵称还暂时没 好优秀的妹子
伊斯坦布尔的猫cat,Thu May 14 12:46:27 +0800 2020,其他,帅
礼拜八___,Thu May 14 12:46:26 +0800 2020,北京,回复@翘屁嫩灿:我也......在接触临床之前遇到这些事我是真的不敢上手[跪了]如果是心跳骤停这种需要抢时间的我大概能上，但是其他不明情况的话也怕因为自己能力不够帮倒忙[跪了]
羅之宗娇,Thu May 14 12:46:08 +0800 2020,云南,太厉害了吧
想泳友,Thu May 14 12:46:07 +0800 2020,河北,这就是军人为什么优先的最好证明
深情的Eve,Thu May 14 12:46:04 +0800 2020,其他,太棒了
Jing19990816,Thu May 14 12:46:03 +0800 2020,广东,[good][good]
豆豆天然呆,Thu May 14 12:44:58 +0800 2020,其他,太优秀了[泪]
wjthazlx,Thu May 14 12:44:40 +0800 2020,新疆,[赞][赞][赞]
豆豆天然呆,Thu May 14 12:44:37 +0800 2020,其他,善良可爱[鲜花]
Wuli园园xi,Thu May 14 12:44:34 +0800 2020,广东,犀利[good][good][good][good]
言之喻_,Thu May 14 12:44:35 +0800 2020,其他,[good]
呼噜呼噜变-,Thu May 14 12:44:32 +0800 2020,辽宁,好棒啊[中国赞]
扎布团长,Thu May 14 12:44:26 +0800 2020,其他,回复 @阮鸢o3o:要不要杠一杠，老人年纪这么大了，肋骨很脆弱，而且就目前来说还只是医学生，并没有毕业，没有控制好轻重就可能压断，这出了事谁负责，疏散群众打120等专业的来有问题吗？
是李老师的笨学生,Thu May 14 12:43:53 +0800 2020,广东,人家好厉害哦
马可波罗玉,Thu May 14 12:43:50 +0800 2020,北京,[赞]
花蕊夫人65342,Thu May 14 12:43:31 +0800 2020,其他,回复@浙江团省委:还以为你是省委呢，就一共青团省委，呵呵[挖鼻]
铅笔划不出的你我界限,Thu May 14 12:43:31 +0800 2020,其他,正能量
花蕊夫人65342,Thu May 14 12:42:55 +0800 2020,其他,回复@zu海洋:女👊又要高潮啦[可爱]
321简单快乐happiness,Thu May 14 12:42:25 +0800 2020,广东,为小姐姐点赞
zgj娇,Thu May 14 12:42:23 +0800 2020,广东,真棒[good]
夏之木樨,Thu May 14 12:42:04 +0800 2020,四川,是优秀的小姐姐呀[心]
最可爱的葱o_O,Thu May 14 12:40:21 +0800 2020,广东,经历过阅兵的磨炼，能走过天安门的，都很优秀
苏州KLQ,Thu May 14 12:40:09 +0800 2020,江苏,[good]
Katie凯蒂刘祥博,Thu May 14 12:40:06 +0800 2020,北京,回复@zu海洋:还是说明性别吧，不然总有人张嘴就是“女司机”要不就是女人对国家毫无贡献什么的。
我最爱的这十年_YBLUEJJ戒杰,Thu May 14 12:39:29 +0800 2020,重庆,果然善良的人远比表面上更有实力
面向阳光好好生活,Thu May 14 12:39:14 +0800 2020,北京,致敬[赞]
_Threeguo,Thu May 14 12:39:11 +0800 2020,四川,[good][good][good]
终将成为柠檬,Thu May 14 12:39:07 +0800 2020,陕西,[赞][赞]棒棒哒
条婷player,Thu May 14 12:39:07 +0800 2020,河北,这个姐姐真的好优秀还很善良[心]
三亿少女的梦中情,Thu May 14 12:38:48 +0800 2020,陕西,不提干吗
Akalie_琀,Thu May 14 12:38:37 +0800 2020,河北,小姐姐太棒了！！！[中国赞][中国赞][中国赞]
亲亲网上购物优惠券,Thu May 14 12:38:34 +0800 2020,北京,好姐姐，真棒，满满正能量！[good][good][鲜花][鲜花]
水木年华Amelia,Thu May 14 12:38:31 +0800 2020,内蒙古,天使该有的模样[good][good][good]
俊颖是啵啵的小可爱,Thu May 14 12:38:08 +0800 2020,广东,回复@俊颖是啵啵的小可爱:@人民日报
俊颖是啵啵的小可爱,Thu May 14 12:37:56 +0800 2020,广东,给小姐姐点赞[中国赞][中国赞]祝老奶奶身体要好好的[爱你]早日康复
筱忆忆忆忆,Thu May 14 12:37:22 +0800 2020,其他,小姐姐好样的[good][good][可爱]
sweetieee_bear,Thu May 14 12:37:07 +0800 2020,广东,回复@少女啊一十七:我也觉得有必要说明身份。毕竟阅兵可是万里挑一的，有这重让人骄傲的身份为什么不能强调？我就很乐意看[偷笑]
酒伴清風____,Thu May 14 12:35:33 +0800 2020,其他,小姐姐棒棒的 人美心善
zlc-emmm,Thu May 14 12:35:22 +0800 2020,陕西,回复@自由自在的花路:这少女真棒[good]
翘屁嫩灿,Thu May 14 12:35:08 +0800 2020,陕西,回复@翘屁嫩灿:不要以为急救很简单，就人工呼吸那一块，本来就冒着很大风险，万一是体液传播的传染病呢，万一病人一直分泌液体呢，你觉得简单，你上，还要我考虑我老了走路上出问题会不会有人救我，真的是咸吃萝卜淡操心，我只是说了不敢上，如果家属给我录个银，签个字，我就敢上
姬软软,Thu May 14 12:35:06 +0800 2020,广东,品性善良的小姐姐!
梦依然WO,Thu May 14 12:34:57 +0800 2020,其他,真好
小阳仔的姐姐,Thu May 14 12:34:56 +0800 2020,河北,#司机以残忍的手段报复社会 谁来为冤死的人伸张正义#
R犀牛,Thu May 14 12:34:55 +0800 2020,广西,人美心善的小姐姐，不管哪个方面都好棒啊#健康# #守护全世界最人美心善的面面#  我和你的名字只差一个字耶😘
霜糖姐姐,Thu May 14 12:34:31 +0800 2020,辽宁,回复@你说啥就是啥2019:这种情况可以报警打120，可以帮忙疏散群众 都是在帮忙，不是上去一通乱按才叫见死不救好吧
王锵得不到的女人,Thu May 14 12:34:12 +0800 2020,上海,！
風86263,Thu May 14 12:34:04 +0800 2020,其他,这才是正能量的事  小姐姐很棒 希望多发一下类似这种 而不是每天都是些娱乐圈的是非 媒体正确的引导真的很重要 偶像再怎么重要 都无关你的生活 过好自己才重要❤
很轻的刘girl,Thu May 14 12:34:00 +0800 2020,其他,太棒了[good]
七块盐,Thu May 14 12:33:48 +0800 2020,上海,[good][good]
先森m-7,Thu May 14 12:33:16 +0800 2020,云南,中国需要这样的力量，需要这样的榜样。需要这样的传递
你说啥就是啥2019,Thu May 14 12:33:09 +0800 2020,云南,回复@我要住在幸福里:难道见死不救[太开心]
李九岭,Thu May 14 12:33:04 +0800 2020,湖北,转发微博
霜糖姐姐,Thu May 14 12:32:53 +0800 2020,辽宁,回复@翘屁嫩灿:是的，业余的朋友最好不要轻易上手，不是所有意外都需要心肺复苏，以及没经验不知道轻重等等都容易弄巧成拙，最好还是等专业的来
拼了命要成为pumc的伊修,Thu May 14 12:32:41 +0800 2020,北京,看了三遍，我也大二，遇到这情况我是不敢的
暘Yjy,Thu May 14 12:32:33 +0800 2020,吉林,太酷了小姐姐！
七月檐角的懒猫,Thu May 14 12:32:23 +0800 2020,广东,[赞]
AnaeI糖宝,Thu May 14 12:32:23 +0800 2020,云南,[good][good][good]
愉人姐,Thu May 14 12:32:14 +0800 2020,江苏,一定是个人美心善的好姑娘！[心]
是你的大瑶瑶啊,Thu May 14 12:32:02 +0800 2020,辽宁,为小姐姐点赞!
丸子姐姐的小熊,Thu May 14 12:31:49 +0800 2020,其他,小姐姐谢谢你呀
封跃平-京师律所创始合伙人,Thu May 14 12:31:32 +0800 2020,北京,人间处处有温暖，军人本色，医者仁心！致敬最美阅兵小姐姐[鲜花][鲜花][鲜花]#阅兵小姐姐跪地半小时救治老人# 
pamirs小宅女,Thu May 14 12:31:21 +0800 2020,北京,上德下美……
Supreme_honor,Thu May 14 12:31:15 +0800 2020,山西,@方方
魔王松鼠小坏蛋,Thu May 14 12:31:07 +0800 2020,山东,[赞][赞]
嘉伦小可爱1111,Thu May 14 12:30:50 +0800 2020,河南,[good][good][good][good]优秀
HADD911RAIN,Thu May 14 12:30:41 +0800 2020,上海,[中国赞]
我要住在幸福里,Thu May 14 12:30:37 +0800 2020,其他,回复@你说啥就是啥2019:打扰了…这个本来就有很大风险的好吗？没救回来怎么办？压断肋骨怎么办？
少喝可乐lx,Thu May 14 12:29:56 +0800 2020,江苏,回复@阮鸢o3o:就是你不会你才这么杠的[黑线]
ialulu,Thu May 14 12:29:52 +0800 2020,福建,这个女孩子好棒呀！！！！
LoHwanve_,Thu May 14 12:29:52 +0800 2020,山东,我老师的学校[doge][心]校友
何wy0610,Thu May 14 12:29:29 +0800 2020,广东,真正的人美心善！[心][鲜花][赞啊]
春天的奇迹x,Thu May 14 12:29:05 +0800 2020,北京,小姐姐超美超棒！
林廷厚i,Thu May 14 12:28:55 +0800 2020,其他,飒[good]
瓜虫o,Thu May 14 12:28:28 +0800 2020,其他,[good][good][good][good]
Aric809,Thu May 14 12:27:43 +0800 2020,山西,回复@翘屁嫩灿:我敢给你作证，你是真不敢上手
心之花语yy,Thu May 14 12:27:40 +0800 2020,其他,为你的善良点赞~祝福你~[抱抱][抱抱][心][心]
娱乐圈的靓仔,Thu May 14 12:27:36 +0800 2020,其他,都别跟我抢[doge][doge]
麻遙唔使藥麻醉,Thu May 14 12:27:06 +0800 2020,其他,谢谢你
弹牙鱼蛋-,Thu May 14 12:26:46 +0800 2020,广东,感动
禾风奶绿要半糖,Thu May 14 12:26:35 +0800 2020,其他,真棒 我们护理人就该有这样的勇气和担当 军医大也是我一直以来的向往 希望自己也能成为足够优秀的人
刘刘刘刘若北,Thu May 14 12:26:20 +0800 2020,河北,[赞]
翘屁嫩灿,Thu May 14 12:26:20 +0800 2020,陕西,回复@阮鸢o3o:？你行你上啊，出了事情谁负责，就胸外按压压断肋骨咋办，万一赶不到救护车来病人有意外了怎么办，万一按压力度不够，起不到作用咋办，你考虑过没有
小妮子剧有料,Thu May 14 12:26:04 +0800 2020,四川,人美心善的小姐姐，为你的正能量点赞！
西北一枝花的小心肝儿,Thu May 14 12:25:45 +0800 2020,其他,帅气！！！小姐姐[good]
你说啥就是啥2019,Thu May 14 12:25:38 +0800 2020,云南,回复@翘屁嫩灿:希望以后你老了跌倒社会也这样对你
叫我wyx就好,Thu May 14 12:25:37 +0800 2020,江苏,国有吾辈青年，怎不兴旺！
宿雨初停晴方好,Thu May 14 12:25:35 +0800 2020,新疆,人美心善有胆量
不出声ing,Thu May 14 12:25:25 +0800 2020,河南,人美心善
天上掉的大馅饼,Thu May 14 12:25:22 +0800 2020,山西,人民子弟兵！
我叫玉三岁,Thu May 14 12:25:19 +0800 2020,山东,回复@阮鸢o3o:要不要杠一杠
红衣配绿帽好看死了,Thu May 14 12:24:47 +0800 2020,其他,好棒啊[赞]
大奔头不奔,Thu May 14 12:24:29 +0800 2020,河南,回复@翘屁嫩灿:我也不敢，没有那个胆量
随机行走ing,Thu May 14 12:24:15 +0800 2020,香港,太好了，终于没给活人心肺复苏
crush-on-jun,Thu May 14 12:24:12 +0800 2020,重庆,[鲜花][鲜花][鲜花][鲜花][鲜花][鲜花]
nicedreams,Thu May 14 12:24:10 +0800 2020,上海,棒[good]
你是最棒的xi,Thu May 14 12:24:07 +0800 2020,湖南,大二这么牛🐮
粽子叶a,Thu May 14 12:23:59 +0800 2020,其他,[赞][赞][赞]棒
東京櫻花在巴黎綻放v,Thu May 14 12:23:58 +0800 2020,广东,[good]
Youbo73,Thu May 14 12:23:51 +0800 2020,黑龙江,这就是中国军人🇨🇳
阮鸢o3o,Thu May 14 12:23:51 +0800 2020,其他,回复@翘屁嫩灿:就是你不会你才这么说的[微笑]
罗大嫣,Thu May 14 12:23:46 +0800 2020,四川,真的优秀[羞嗒嗒]
喵岁岁啊,Thu May 14 12:23:30 +0800 2020,其他,巾帼不让须眉
喵岁岁啊,Thu May 14 12:23:24 +0800 2020,其他,好酷👍
Petite-Sophiah,Thu May 14 12:23:22 +0800 2020,广东,优秀的中国青年[赞][赞][赞]
哲学2020,Thu May 14 12:23:15 +0800 2020,其他,回复@翘屁嫩灿:当救人的那一刻！瞬间帅呆了
我就说我有小幸运,Thu May 14 12:22:58 +0800 2020,四川,棒
君君子5,Thu May 14 12:22:50 +0800 2020,广西,为这位姐姐点赞👍
哲学2020,Thu May 14 12:22:25 +0800 2020,其他,永远最美一刻.使你用真心来帮助别人！感谢救每个人的英雄
唯Love晨熙,Thu May 14 12:22:20 +0800 2020,江西,回复@浙江团省委:浙团团是不是又偷偷吃夜宵了[笑而不语]
我想养只猫二十·,Thu May 14 12:22:15 +0800 2020,河南,小姐姐超棒！[给你小心心]
椒盐菠萝冰,Thu May 14 12:22:10 +0800 2020,其他,@荡麦一夜
黑仔06611,Thu May 14 12:22:03 +0800 2020,福建,鞋都来不及换，但是口罩带的很严实，看来疫情期间真是什么都没口罩重要[允悲][允悲][允悲]
受受相遇,Thu May 14 12:22:01 +0800 2020,广西,正能量
青歌流云,Thu May 14 12:21:58 +0800 2020,北京,参加国庆阅兵的小姐姐都是什么神仙存在[憧憬]
anDionysus,Thu May 14 12:21:41 +0800 2020,湖北,善良的人就是最帅哒！！
里的呆迪,Thu May 14 12:21:24 +0800 2020,陕西,@_Alike_
胖薇一只,Thu May 14 12:21:16 +0800 2020,其他,我们学校的必须点赞
文雨文wen,Thu May 14 12:21:11 +0800 2020,重庆,致敬[心]
木吉他的我,Thu May 14 12:20:46 +0800 2020,北京,回复@zu海洋:@人民日报 楼主说的很对，善意之举平凡之人，都会做的，没必要加强特殊的身份标明！
智缺的花椒哇沙比蛋糕,Thu May 14 12:20:44 +0800 2020,北京,牛的人是全方位的，各方面都是我们的榜样[爱你][爱你][爱你]
HYH吴情,Thu May 14 12:20:42 +0800 2020,湖北,人美心善的小姐姐[中国赞][中国赞][中国赞]
住在这的人,Thu May 14 12:20:39 +0800 2020,其他,好棒！
寒夜KK,Thu May 14 12:20:33 +0800 2020,重庆,正能量
三日夜游神,Thu May 14 12:20:21 +0800 2020,北京,最美的小姑娘[米奇比心]
葵葵的恬恬酱,Thu May 14 12:19:53 +0800 2020,其他,为小姐姐点赞[赞][赞][赞]
氧气清宁萌,Thu May 14 12:19:51 +0800 2020,四川,满满的感动
bhyrzd,Thu May 14 12:19:49 +0800 2020,广东,估计立3等工了
橘子和牛奶不能一起吃,Thu May 14 12:19:25 +0800 2020,其他,学有所长，学有所用，这不仅是对自己，也是对身边人，对社会的最大贡献！
星空抚月,Thu May 14 12:19:24 +0800 2020,河北,真棒[good][good][good]
不能知道的,Thu May 14 12:19:18 +0800 2020,其他,[good]
战的路路,Thu May 14 12:19:09 +0800 2020,海南,人美心善的小姐姐[心][心]
薄雾竹茂,Thu May 14 12:19:09 +0800 2020,陕西,[武汉加油][赞啊]
琳--coisini,Thu May 14 12:19:01 +0800 2020,上海,[给你小心心][给你小心心][给你小心心]
款爷的宝贝鹿儿,Thu May 14 12:18:53 +0800 2020,四川,[心]respect
新加坡bot,Thu May 14 12:18:53 +0800 2020,其他,回复@新加坡bot:@人民日报
---冬日暖阳---,Thu May 14 12:18:37 +0800 2020,黑龙江,人美心善[心]优秀的女兵[鲜花]愿意帮助他人，不愧是参加过大阅兵战士[good]敬佩[鲜花]
哎呦不错呦qin,Thu May 14 12:18:27 +0800 2020,黑龙江,棒
你若安好便是老天瞎了眼啊,Thu May 14 12:18:17 +0800 2020,北京,小姑娘真棒！
Skyler-妈妈,Thu May 14 12:18:02 +0800 2020,其他,这样的青年是社会需要的正能量
生先四得方二,Thu May 14 12:17:40 +0800 2020,山东,[赞][赞][赞][赞]帅！
萌小西更新啦,Thu May 14 12:17:37 +0800 2020,湖北,点赞
洛阳长公主,Thu May 14 12:16:56 +0800 2020,湖北,小姐姐！你跪下来的样子真的很美！向你致敬！
霉mei式仙女13,Thu May 14 12:16:46 +0800 2020,其他,[赞][赞]
Tao_sk_ye,Thu May 14 12:16:30 +0800 2020,上海,这才是后浪
L洛-欣X,Thu May 14 12:16:21 +0800 2020,广东,小姐姐太帅了
天秤没小韵,Thu May 14 12:15:51 +0800 2020,西藏,[赞][赞][赞]
xz早日糊穿太阳系,Thu May 14 12:14:59 +0800 2020,其他,后浪
昵称被占用Sodablue,Thu May 14 12:14:34 +0800 2020,天津,？？？
别咬我我属狗,Thu May 14 12:14:23 +0800 2020,浙江,真棒！
nnnoonee,Thu May 14 12:13:31 +0800 2020,河北,好感人
何必费心,Thu May 14 12:13:30 +0800 2020,其他,最美的小姐姐！[赞]
浪里呦呦,Thu May 14 12:13:22 +0800 2020,北京,[米奇比心]
御姐范台没艳,Thu May 14 12:12:16 +0800 2020,浙江,致敬[心]
不及阁大bo士,Thu May 14 12:11:31 +0800 2020,福建,在人民的心中她已经毕业了[赞]
YEZHIAJL,Thu May 14 12:11:11 +0800 2020,广东,好人一生平安！你真棒[good][good][good]
向阳花--宋,Thu May 14 12:11:10 +0800 2020,河北,大力表彰和宣传这样的社会正能量！
北冥极星,Thu May 14 12:10:43 +0800 2020,宁夏,[赞]赞，致敬
路灯和雨,Thu May 14 12:10:06 +0800 2020,广西,神仙小姐姐[給你小心心]
正版馒头Chiiiven,Thu May 14 12:09:50 +0800 2020,吉林,致敬！
独宠王椰啵,Thu May 14 12:09:02 +0800 2020,其他,致敬[中国赞]
yestoday236,Thu May 14 12:09:00 +0800 2020,湖北,非常棒的小姐姐，所学的救人知识可以勇敢地学以致用，特别美[good]再悄悄说一句，能参加阅兵方阵是真的飒爽英姿足够自豪很久[good]
changzhen_14363,Thu May 14 12:08:33 +0800 2020,河南,人美心更美！[赞]
金风玉露-518,Thu May 14 12:08:22 +0800 2020,湖北,[赞][赞][赞]
卟卟_Sunshine,Thu May 14 12:08:20 +0800 2020,其他,好帅气！！！
邢相椿,Thu May 14 12:08:03 +0800 2020,新疆,小姐姐很棒呀[赞]
我要暴富啦啦啦,Thu May 14 12:06:52 +0800 2020,其他,@孟馨雨大号 你也可以加油
Qi哦,Thu May 14 12:06:34 +0800 2020,山西,为小姐姐点赞[赞]
栗子酱一家,Thu May 14 12:06:28 +0800 2020,浙江,正能量！小姐姐好样的[心]
漂亮好宝宝,Thu May 14 12:05:15 +0800 2020,辽宁,好样的[赞]点赞！
邴谦6659951187,Thu May 14 12:05:12 +0800 2020,青海,正能量爆棚
雄峙天东_,Thu May 14 12:04:47 +0800 2020,山东,回复@雄峙天东_:经过大阅兵磨砺的人，大都很优秀。
是道水灵灵华,Thu May 14 12:04:26 +0800 2020,四川,太棒了[good][good][good]
叮当34789,Thu May 14 12:04:26 +0800 2020,山西,致敬
夏梦重启之叛逆的自己,Thu May 14 12:04:16 +0800 2020,上海,[赞][赞]
Beautyzdx,Thu May 14 12:03:54 +0800 2020,江西,棒棒哒！给你点赞👍
快乐小宋CC,Thu May 14 12:03:40 +0800 2020,贵州,👍👍👍
暗恋小同枫,Thu May 14 12:03:28 +0800 2020,甘肃,致敬！
雄峙天东_,Thu May 14 12:03:09 +0800 2020,山东,一个行动的巨人。
Danny丹妮lw,Thu May 14 12:03:08 +0800 2020,辽宁,好棒ヾ ^_^♪
莫长愁,Thu May 14 12:02:40 +0800 2020,福建,美
德德德德201708,Thu May 14 12:02:02 +0800 2020,江苏,[赞][赞][赞]
珀米曼施,Thu May 14 12:01:40 +0800 2020,其他,很棒[赞][赞]
彤Orange,Thu May 14 12:01:07 +0800 2020,其他,[心][心]
是可爱兔子呀,Thu May 14 12:00:33 +0800 2020,其他,这个小姐姐好棒呀[太阳][太阳]
童年时光,Thu May 14 12:00:23 +0800 2020,江苏,[good][good][good]
预防生ALai,Thu May 14 12:00:08 +0800 2020,广东,饿啊别人的大二
畅畅吞金兽69431,Thu May 14 11:59:36 +0800 2020,辽宁,棒棒哒[good]
Favorite-Dan,Thu May 14 11:59:34 +0800 2020,四川,小姐姐你真棒👍
慕清雪love,Thu May 14 11:59:12 +0800 2020,安徽,为何如此优秀
怂小幂狐狸君,Thu May 14 11:59:06 +0800 2020,重庆,[good][心]
星辰大海的奇迹,Thu May 14 11:59:02 +0800 2020,甘肃,致敬这些平凡而伟大的普通人
哇香菜姐姐,Thu May 14 11:58:56 +0800 2020,其他,有你真好[心]
lily_倾城之白,Thu May 14 11:57:59 +0800 2020,广东,小姐姐美美哒，心地善良会一辈子好命的[心][心][心]
霍略_XXX·,Thu May 14 11:57:35 +0800 2020,其他,太棒啦[求关注][求关注][求关注]
收获季节0,Thu May 14 11:57:14 +0800 2020,北京,人间处处见温情！点赞！
安卡拉家的宠物,Thu May 14 11:56:54 +0800 2020,台湾,感动
南京雍正管道,Thu May 14 11:55:17 +0800 2020,江苏,点赞！
布丁奶茶几分甜,Thu May 14 11:55:04 +0800 2020,江苏,致敬
踏雪饮茶,Thu May 14 11:55:03 +0800 2020,辽宁,好棒[good]
墨菲宝贝1,Thu May 14 11:54:49 +0800 2020,浙江,[good][good][good]
暖爱的木子,Thu May 14 11:54:16 +0800 2020,重庆,中国女兵优秀[good][good][good]
棠三岁的男人,Thu May 14 11:53:41 +0800 2020,重庆,得亏小姐姐上网课没划水（因为好多人上网课都划水度过的）[doge]
来一杯芒果酸奶吧,Thu May 14 11:53:39 +0800 2020,其他,致敬[鲜花]
刚刚5326613883,Thu May 14 11:52:53 +0800 2020,天津,英姿飒爽的你还有这样的一面
棉花花bling,Thu May 14 11:52:52 +0800 2020,湖北,[给你小心心]真好啊
苏泉部落,Thu May 14 11:52:51 +0800 2020,辽宁,姑娘真棒，希望我的女儿也像你一样勇敢有责任有担当
犬篱儿59562,Thu May 14 11:52:48 +0800 2020,香港,🌱
胡丢丢-嘉,Thu May 14 11:52:32 +0800 2020,重庆,这个小姐姐好棒，加油啊！
夏天wowo,Thu May 14 11:52:07 +0800 2020,江苏,赞赞赞[给力]
许秘书为何那样-,Thu May 14 11:51:44 +0800 2020,河北,感动[心]
大掌门人,Thu May 14 11:51:11 +0800 2020,北京,正能量[赞]，致敬
小俊俊真帅,Thu May 14 11:51:07 +0800 2020,上海,好温暖，医者仁心，小姐姐真棒！[good]
巧克力饼干加糖,Thu May 14 11:51:02 +0800 2020,广东,真好[心]
Ginger_肖肖,Thu May 14 11:51:02 +0800 2020,浙江,小姐姐好优秀[赞]
小妞九尾狐k1t,Thu May 14 11:51:01 +0800 2020,北京,心慈貌美
风萧水寒不复返,Thu May 14 11:50:10 +0800 2020,其他,人美心善[中国赞]
假Celine,Thu May 14 11:49:52 +0800 2020,广东,这才是我们中国的后浪精神 
会动的星云XY,Thu May 14 11:49:49 +0800 2020,浙江,小姐姐好棒
颖荣农,Thu May 14 11:49:47 +0800 2020,其他,致敬
好孩子就要吃乖乖糖果,Thu May 14 11:49:31 +0800 2020,重庆,优秀[good]
皮皮皮虾仁,Thu May 14 11:49:16 +0800 2020,河南,感人[泪][心][心][心]
破碎小狗,Thu May 14 11:49:15 +0800 2020,北京,太正能量了！这样善意的举动真的好棒！
亲亲苞娜小嘴巴,Thu May 14 11:49:04 +0800 2020,北京,[赞][赞][赞][赞][赞]
马军士,Thu May 14 11:48:43 +0800 2020,浙江,中国加油！
PenNy诗宇,Thu May 14 11:48:23 +0800 2020,广东,[赞啊]
饰品好好看,Thu May 14 11:48:21 +0800 2020,广东,小姐姐太棒了[赞]满满正能量[心]
火山西西旺仔,Thu May 14 11:48:14 +0800 2020,重庆,点赞！！！
不努力怎么会有漂亮衣服穿,Thu May 14 11:48:13 +0800 2020,其他,好厉害呀[泪]
329ttm,Thu May 14 11:47:57 +0800 2020,广西,致敬
听颂s,Thu May 14 11:47:40 +0800 2020,吉林,[给你小心心][给你小心心]太棒啦
WeirdoYCQ,Thu May 14 11:47:32 +0800 2020,陕西,小姐姐棒棒的[赞]
pawper,Thu May 14 11:47:29 +0800 2020,湖南,致敬
我不是罗琦琦,Thu May 14 11:47:15 +0800 2020,河北,喜欢这样正能量的新闻
策马天下平,Thu May 14 11:47:13 +0800 2020,四川,正能量[作揖]
做不了你的闺蜜做你版,Thu May 14 11:47:06 +0800 2020,北京,致敬[good][good]
吕梁中院,Thu May 14 11:46:59 +0800 2020,其他,转发微博@人民日报:【#阅兵小姐姐跪地半小时救治老人#：腿麻了不算啥[中国赞]】
今天也自律了噢,Thu May 14 11:46:53 +0800 2020,广西,好棒！
陟彼南山412,Thu May 14 11:46:46 +0800 2020,北京,太帅了!
兰州普瑞眼视光医院,Thu May 14 11:46:40 +0800 2020,其他,[可怜][可怜][可怜][赞][赞][赞]
心若天涯飞翔,Thu May 14 11:46:27 +0800 2020,四川,👍🏻 👍🏻👍🏻👍🏻
徐徐图之莫相忆,Thu May 14 11:46:19 +0800 2020,广东,厉害了[good][good]
无声的宽容,Thu May 14 11:46:17 +0800 2020,北京,满满的正能量！点赞[good]
调理肉丸,Thu May 14 11:46:15 +0800 2020,上海,致敬
PRODIGYMe-3-,Thu May 14 11:46:14 +0800 2020,上海,❤️
烊似火,Thu May 14 11:46:02 +0800 2020,河南,真棒[good][good][good]
慎独AL,Thu May 14 11:45:59 +0800 2020,江苏,可以的
甜彤彤彤,Thu May 14 11:45:53 +0800 2020,广东,[赞]
董小坛,Thu May 14 11:45:52 +0800 2020,广西,什么神仙颜值
番茄胡萝卜味娃哈哈,Thu May 14 11:45:49 +0800 2020,北京,致敬[赞][赞][赞][赞][赞]
龙舌兰110168,Thu May 14 11:45:46 +0800 2020,其他,💖 ​​​💖 ​​​💖 ​​​
有一说一丿确实,Thu May 14 11:45:23 +0800 2020,其他,女兵衣服真好看[嘻嘻]感觉比女警啥的都好看
星辰f66,Thu May 14 11:45:21 +0800 2020,其他,[good]
泡仔比较重要丫,Thu May 14 11:45:11 +0800 2020,四川,小姐姐真的很棒
揪星星小肥啾,Thu May 14 11:44:36 +0800 2020,福建,致敬！[赞]
玛巴小卡卡,Thu May 14 11:44:32 +0800 2020,江苏,小姐姐太棒了！
独醉人间2011,Thu May 14 11:44:32 +0800 2020,山西,善待子弟兵[good][good][good]
歆然0o,Thu May 14 11:44:29 +0800 2020,湖北,小姐姐棒棒哒👍
只想当妈-,Thu May 14 11:44:11 +0800 2020,澳门,好棒
蒲江农业农村,Thu May 14 11:44:10 +0800 2020,四川,[中国赞]
长白望雪相思意,Thu May 14 11:44:04 +0800 2020,上海,[good][good]
荭蜻蜓,Thu May 14 11:43:56 +0800 2020,广东,是不是没参加阅兵就不值得报道了？
我是小张19,Thu May 14 11:43:55 +0800 2020,福建,小姐姐真棒👍祝 老人家平平安安的[给你小心心]
长白望雪相思意,Thu May 14 11:43:54 +0800 2020,上海,[太开心]
追剧酱zi_,Thu May 14 11:43:49 +0800 2020,其他,好棒[赞][赞][赞]
不言不语间落别离,Thu May 14 11:43:43 +0800 2020,其他,小姐姐好棒！正能量！
狍狍儿,Thu May 14 11:43:43 +0800 2020,其他,这女孩儿真不错
春袖_,Thu May 14 11:43:41 +0800 2020,山西,太厉害了小姐姐
iya是小白龙,Thu May 14 11:43:39 +0800 2020,广东,好厉害的小姐姐，加油！
私黛婷婷201612,Thu May 14 11:43:38 +0800 2020,江苏,小姐姐棒棒哒[心][心][鲜花][鲜花]
Mr嗷嗷王,Thu May 14 11:43:37 +0800 2020,其他,厉害
CloverLiu-,Thu May 14 11:43:32 +0800 2020,江苏,最美的你，祝福你越来越美，越来越顺……
人生随缘sxc,Thu May 14 11:42:56 +0800 2020,甘肃,人间处处有温暖，军人本色，医者仁心！致敬最美小姐姐[鲜花][鲜花][鲜花]
-春风限定,Thu May 14 11:42:56 +0800 2020,其他,致敬！
四叶草_唯美盛开,Thu May 14 11:42:54 +0800 2020,山东,致敬[good]
acoolboy不了情,Thu May 14 11:42:28 +0800 2020,北京,中华好儿女～这才是榜样！
秋道寻子_,Thu May 14 11:42:28 +0800 2020,其他,小姐姐，真棒👍🏻
佳欣是个大胖纸,Thu May 14 11:42:24 +0800 2020,广东,小姐姐人美心也善 青年的好榜样
黎七哒哒哒,Thu May 14 11:42:22 +0800 2020,其他,为小姐姐点赞，太棒了!
竹子酱ing,Thu May 14 11:42:03 +0800 2020,北京,致敬[good][good][good]
七年择夏瑾凉安彡,Thu May 14 11:42:03 +0800 2020,湖北,人美心善[给你小心心][给你小心心][给你小心心]
Nessence商城,Thu May 14 11:41:54 +0800 2020,其他,小姐姐棒棒哒～
zu海洋,Thu May 14 11:41:52 +0800 2020,云南,没必要特意说阅兵小姐姐，正常报道就行。这样的行为，跟身份无关，行善心善之人，都会伸于援手。
王甜甜与肖美美,Thu May 14 11:41:48 +0800 2020,其他,多传播正能量！[赞]
東東win,Thu May 14 11:41:45 +0800 2020,山东,致敬
冰山要苏醒了,Thu May 14 11:41:29 +0800 2020,其他,小姐姐真棒👍祝 老人家平平安安的[给你小心心]
LJPJ星彩石,Thu May 14 11:41:18 +0800 2020,山东,中国力量
小梦子here,Thu May 14 11:41:04 +0800 2020,福建,[中国赞]
这真是星星的损失zy,Thu May 14 11:41:04 +0800 2020,浙江,一定是个人美心善的好姑娘！[心]
倾心鈦子,Thu May 14 11:40:58 +0800 2020,广东,小姐姐好棒👍🏻
从小唱国歌,Thu May 14 11:40:50 +0800 2020,其他,人善良心地美，向您致敬[鲜花][鲜花]
peach_李,Thu May 14 11:40:51 +0800 2020,四川,感谢你，棒棒棒[good][good][good][good]
临海饮光,Thu May 14 11:40:44 +0800 2020,河北,正能量！
Unimascot-,Thu May 14 11:40:39 +0800 2020,其他,这些人就是社会里的光
快乐是因为遇到你WYB,Thu May 14 11:40:17 +0800 2020,湖北,很感动，人间处处有真情！
瑞雪映菁莪,Thu May 14 11:40:16 +0800 2020,台湾,太帥了[赞]
Kepler_福发发,Thu May 14 11:40:12 +0800 2020,其他,👍👍👍
畅游的dolphin,Thu May 14 11:40:13 +0800 2020,吉林,为正能量小姐姐点赞[good]
妈尼麻妮哄,Thu May 14 11:40:12 +0800 2020,天津,太帅了[心]
-尚近-,Thu May 14 11:40:09 +0800 2020,山东,[赞啊][鲜花]
篮球天才橘猪猪,Thu May 14 11:40:03 +0800 2020,江苏,小姐姐太棒了
油画农民,Thu May 14 11:40:03 +0800 2020,其他,致敬[给力]
九天飞流918_762,Thu May 14 11:40:02 +0800 2020,广东,优秀的人无论何时何地都能迸出耀眼的光芒！[赞][赞啊]
萧萧一瑟,Thu May 14 11:39:53 +0800 2020,北京,回复@鸭梨研究社:是参加过阅兵的小姐姐，厉害了
盼盼之俊郎,Thu May 14 11:39:43 +0800 2020,山东,橄榄绿，总是在人民为难时挺身而出[威武][威武][威武]
本本正经的金子,Thu May 14 11:39:38 +0800 2020,其他,人美心善[赞][赞]
等一杯芝士奶盖,Thu May 14 11:39:38 +0800 2020,天津,致敬
翘屁嫩灿,Thu May 14 11:39:26 +0800 2020,陕西,这个姐姐很勇敢，是我我一定不敢上手，就算我会，真的这个姐姐好棒
要陪易安走花路啊,Thu May 14 11:39:22 +0800 2020,其他,致敬
xinG砜,Thu May 14 11:39:12 +0800 2020,广东,漂亮的人做事也美
1一座城池,Thu May 14 11:39:08 +0800 2020,其他,是那个笔芯的吗[挤眼]
盐焗可可豆,Thu May 14 11:39:08 +0800 2020,北京,致敬！！！[赞][赞][赞]
MD_双鱼座彩虹虹2005,Thu May 14 11:39:05 +0800 2020,辽宁,棒棒哒[赞]
小猪皮儿_,Thu May 14 11:39:04 +0800 2020,上海,小姐姐棒棒哒[赞]
Angel-梦不落,Thu May 14 11:39:04 +0800 2020,四川,致敬
不是柒啊,Thu May 14 11:39:02 +0800 2020,其他,致敬！干的漂亮
我叫_苏晓乡,Thu May 14 11:39:00 +0800 2020,其他,值得稱讚！
小只要爱自己,Thu May 14 11:38:56 +0800 2020,北京,好样的[给力]
-Sueeligetenir-,Thu May 14 11:38:55 +0800 2020,其他,致敬
放心敷衍,Thu May 14 11:38:52 +0800 2020,陕西,感动，生活中平凡的伟大
水墨嘿嘿,Thu May 14 11:38:43 +0800 2020,其他,小姐姐最美[心][心]赞👍
柠檬味宋小姐,Thu May 14 11:38:43 +0800 2020,江苏,致敬
唔好甘低比,Thu May 14 11:38:42 +0800 2020,其他,为你鼓掌[鼓掌][鼓掌][鼓掌]
睡美人8982,Thu May 14 11:38:43 +0800 2020,贵州,优秀
新时代fw,Thu May 14 11:38:35 +0800 2020,其他,[good]
豆豆505,Thu May 14 11:38:34 +0800 2020,北京,优秀 正能量👍
最爱火锅6413543935,Thu May 14 11:38:34 +0800 2020,广东,：偶像名人刘国梁和汪涵为爱前进投资平台保驾护航，我们的几年的血汗被套在里面，两个多月平台高层玩起失踪。我是38万受害人之一，投资人正处于崩溃边缘!我们迫切需要得到一个合理的解释！ 我们没办法联系到平台高层，希望刘国梁和汪涵也要负起名人和代言人的责任，帮助几十万受害者讨一个说法！
小雪_6583,Thu May 14 11:38:31 +0800 2020,湖北,[赞][赞][赞]
今天你见R1SE了吗,Thu May 14 11:38:29 +0800 2020,重庆,[good][good][good]
南要自律,Thu May 14 11:38:29 +0800 2020,其他,太棒了！
捌與贰拾肆824,Thu May 14 11:38:22 +0800 2020,其他,优秀
彩云之南lyk,Thu May 14 11:38:21 +0800 2020,云南,人民子弟兵
酸鱼是我,Thu May 14 11:38:19 +0800 2020,其他,小姐姐太棒了[good][good]
是颗软心糖,Thu May 14 11:38:08 +0800 2020,其他,[心] 甜心小姐姐棒棒哒
建月啊,Thu May 14 11:38:01 +0800 2020,其他,[good][good][good][good][good][good][鲜花][鲜花][鲜花][鲜花][鲜花][鲜花][心][心][心][心][心][心]
厚儿爷,Thu May 14 11:37:54 +0800 2020,广东,敬礼！[赞][赞][赞][赞][赞]
是星辰啊_star,Thu May 14 11:37:51 +0800 2020,四川,[赞][赞]
城北徐公没我美2020,Thu May 14 11:37:43 +0800 2020,江苏,人美心善
枭栗子,Thu May 14 11:37:43 +0800 2020,广东,[赞][赞]
昔昔呗呗,Thu May 14 11:37:39 +0800 2020,其他,最美的人，致敬！
寻找小辣妹,Thu May 14 11:37:31 +0800 2020,广东,真是优秀的小姐姐！[赞啊][赞啊][good][good]
云熙的遮阳伞_skingxieI,Thu May 14 11:37:27 +0800 2020,北京,好人
燕望南歸,Thu May 14 11:37:23 +0800 2020,其他,值得稱讚！
Fiee_凡,Thu May 14 11:37:21 +0800 2020,陕西,致敬[心]
二分糖,Thu May 14 11:37:17 +0800 2020,其他,人美心善[心][赞]
一个两个三个口腔溃疡,Thu May 14 11:37:13 +0800 2020,其他,能不能别只会“点赞”“转发”啊，值得点赞转发的你不说人家也会做，宣传口编辑没人了吗？
枫语曦竹,Thu May 14 11:37:14 +0800 2020,广东,正能量
头头菌,Thu May 14 11:37:13 +0800 2020,北京,女神！
蒲江医保,Thu May 14 11:37:12 +0800 2020,四川,【#阅兵小姐姐跪地半小时救治老人#：腿麻了不算啥[中国赞]】
木易羽月,Thu May 14 11:37:12 +0800 2020,广东,瑞思拜[good]
圈内八卦-来了,Thu May 14 11:37:10 +0800 2020,其他,感谢！好人一生平安！[赞]
傀儡戏子,Thu May 14 11:37:05 +0800 2020,云南,希望大家给她作证，这样她才可以救人而无后顾之忧。好姑娘
鸭梨研究社,Thu May 14 11:36:55 +0800 2020,北京,姑娘太棒了！人美心善[good]
陳堯鵬,Thu May 14 11:36:52 +0800 2020,福建,人美心善
派瑞安诺,Thu May 14 11:36:47 +0800 2020,其他,天使在人间
自由自在的花路,Thu May 14 11:36:39 +0800 2020,上海,小姐姐棒棒哒[good][good][good]
迷你T大猪,Thu May 14 11:36:36 +0800 2020,其他,最美的小姑娘[米奇比心]
毛毛虫Cherry酱,Thu May 14 11:36:32 +0800 2020,浙江,[加油][加油][加油]
ddooow,Thu May 14 11:36:29 +0800 2020,其他,[good][good][good][good]
唯Love晨熙,Thu May 14 11:36:30 +0800 2020,江西,小姐姐人美心善，致敬[心]
荷尓蒙,Thu May 14 11:36:27 +0800 2020,北京,白衣天使在哪里都人美心善❤️❤️感谢🙏也希望我们可以更多普及急救常识
_某凡_,Thu May 14 11:36:23 +0800 2020,湖南,正能量[心]，真棒[good]
_想帶上你私奔y,Thu May 14 11:36:17 +0800 2020,山西,[中国赞][中国赞]正能量
王88继续努力,Thu May 14 11:36:16 +0800 2020,湖南,真正女神
Voldemort不瞌睡,Thu May 14 11:36:16 +0800 2020,四川,太感动了 中国女兵 优秀！
花落稻草人,Thu May 14 11:36:15 +0800 2020,其他,👍👍👍👍👍
山支大哥钻石粉,Thu May 14 11:36:12 +0800 2020,其他,好棒
Va_yibo,Thu May 14 11:36:12 +0800 2020,其他,[good][good]
有钱哥哥-198209,Thu May 14 11:36:06 +0800 2020,四川,助人为善  生活处处是善意 ❤️
李飞和陈春会明天就结婚,Thu May 14 11:36:05 +0800 2020,山东,致敬
酱酱桦-Sophie,Thu May 14 11:36:01 +0800 2020,上海,致敬
mmmmkyy,Thu May 14 11:35:59 +0800 2020,山西,致敬[good][good][good]
浙江团省委,Thu May 14 11:35:59 +0800 2020,浙江,为小姐姐点赞[赞]
默默大夜猫,Thu May 14 11:35:54 +0800 2020,其他,白衣天使在哪里都人美心善❤️❤️感谢🙏也希望我们可以更多普及急救常识
一笑琅然521,Thu May 14 11:35:53 +0800 2020,河南,[good][good]
白霖哥儿,Thu May 14 11:35:53 +0800 2020,广东,国庆阅兵  牛啊
橘子在深海,Thu May 14 11:35:53 +0800 2020,浙江,突然也想学这种急救，但怕没学好，把人给弄得更严重了[跪了][跪了][跪了]
你看她有我好看吗,Thu May 14 11:35:46 +0800 2020,北京,小姐姐真的人美心善[鲜花]
藏海星星,Thu May 14 11:35:43 +0800 2020,重庆,4
baby630_279,Thu May 14 11:35:44 +0800 2020,台湾,救人当第一，社会处处有温暖[米奇比心]
九點_差三分,Thu May 14 11:35:43 +0800 2020,浙江,最美小姐姐[心]
普南扑灵小辣片儿,Thu May 14 11:35:33 +0800 2020,新疆,姐姐人美心善[兔子][兔子]
小柒的星辰大海i,Thu May 14 11:35:28 +0800 2020,浙江,性本善 [赞]
最爱济南,Thu May 14 11:35:27 +0800 2020,山东,为小姐姐点赞👍
著名猫狗爱好者,Thu May 14 11:35:27 +0800 2020,其他,[赞][赞][赞][赞][赞][赞]
爱源源的崽,Thu May 14 11:35:26 +0800 2020,其他,特别棒的姐姐！！
想养一只熊仔,Thu May 14 11:35:26 +0800 2020,河北,致敬[赞][赞][赞]
静之心夜,Thu May 14 11:35:24 +0800 2020,广东,[good][good][good][good]棒棒哒
人类迷惑行为bot,Thu May 14 11:35:22 +0800 2020,上海,致敬！
爱上层楼G,Thu May 14 11:35:21 +0800 2020,北京,军训时我被老师罚蹲10分钟，都站不起来了[允悲]
与世界沉沦,Thu May 14 11:35:17 +0800 2020,其他,人美心善的小姐姐[爱你]
ayanahosoda翰,Thu May 14 11:35:15 +0800 2020,其他,心美人更美[鲜花]
二妞儿_z,Thu May 14 11:35:12 +0800 2020,安徽,为她点赞
誰家藍顏,Thu May 14 11:35:09 +0800 2020,陕西,为小姐姐点赞，今日最美女生！
一梦浮生1314,Thu May 14 11:35:07 +0800 2020,陕西,小姐姐真棒[鲜花]
霍小喵karry,Thu May 14 11:35:06 +0800 2020,山西,给小姐姐点赞[good][good]
我能吃一口你吗xx,Thu May 14 11:35:06 +0800 2020,福建,人美心善[鲜花]
黑色的奢华MD,Thu May 14 11:35:06 +0800 2020,北京,正能量[赞]
他是快快小淘气,Thu May 14 11:35:03 +0800 2020,安徽,感谢这些美丽的小姐姐们
露ping家的,Thu May 14 11:35:01 +0800 2020,其他,致敬
雲朵脸紅了_,Thu May 14 11:34:58 +0800 2020,其他,好棒的小姐姐
九灬菇凉,Thu May 14 11:34:58 +0800 2020,其他,小姐姐好棒👍🏻
爆裂风车开水烫逼,Thu May 14 11:34:53 +0800 2020,其他,人民英雄
Ang璟璟酱想要考CPA,Thu May 14 11:34:53 +0800 2020,四川,最美[心][心][心]
孟岐是我的,Thu May 14 11:34:52 +0800 2020,河南,致敬[good]
Do-vis宸,Thu May 14 11:34:52 +0800 2020,陕西,人美心善[心]
我爱咸豆花,Thu May 14 11:34:49 +0800 2020,重庆,[赞][赞][赞]
喜孤oo,Thu May 14 11:34:47 +0800 2020,江苏,真好[泪]
小元只想瘦,Thu May 14 11:34:42 +0800 2020,湖北,[赞][赞][赞][赞]
唯他命mmc,Thu May 14 11:34:38 +0800 2020,其他,最美的你们.
最爱成宝拉,Thu May 14 11:34:37 +0800 2020,四川,社会需要正能量的传递[good][good][good]
