评论者,评论时间,评论地点,评论内容
茉莉练书法,Fri May 29 10:08:35 +0800 2020,辽宁,@Fluency418 [悲伤]
秦一明月,Fri May 29 10:08:30 +0800 2020,其他,特别是拆迁户。。。下辈子我死了拼命挤进拆迁大队五中[泪][泪]
BooCathy,Fri May 29 10:08:29 +0800 2020,浙江,这时候这个数据就有我的份了
刺猬_17110,Fri May 29 10:08:29 +0800 2020,河南,我还不到1000呢，总理
江濡山,Fri May 29 10:08:29 +0800 2020,其他,总理语重心长：6亿人每月收入1000元，还怎么活？ 但中国人民还是活过来了。 只要心不乱，大饥荒都能熬过来！ 这到底是一种什么精神呢？
加麻加辣多放醋mm,Fri May 29 10:08:28 +0800 2020,其他,摊开了说挺好的 要不大家都以为只有自己拖后腿[二哈]
我是小六子喵喵,Fri May 29 10:08:28 +0800 2020,湖北,[失望][失望][失望]
开心杨儿飞,Fri May 29 10:08:27 +0800 2020,河北,我咋突然热泪盈眶了，戳到心窝窝了
_Kulloway,Fri May 29 10:08:27 +0800 2020,广东,希望以后的新闻不要人均收入多少 而是年收入不到三万的 只剩下大概多少 每次看完人均收入都觉得贫富差距真不是一般的大 富人都把穷人的“收入”给提升了那么多
chen阿令,Fri May 29 10:08:26 +0800 2020,其他,农民还有地种，我孩子问我考不上大学能不能回家种地?我说你想得美，咋家哪来的地。有力气出卖劳力，没力气了就拾破烂吧
蓝色的温柔潮汐,Fri May 29 10:08:22 +0800 2020,其他,疫情过后  民生为要[泪] 感谢总理
子枫3296270523,Fri May 29 10:08:21 +0800 2020,北京,那为啥 现在结婚的时候 都要房子 车子呢 彩礼 动不动 就几十万 什么社会风气[喵喵]
浮尘微语,Fri May 29 10:08:21 +0800 2020,广西,讲的真好[赞][求关注]
Tn_Joey,Fri May 29 10:08:20 +0800 2020,四川,贫富差距真的很大，平均工资，毕竟只是平均工资
安觉啦yue,Fri May 29 10:08:20 +0800 2020,浙江,真的 工作三年 基本工资才涨一百块 哎
林汤圆u,Fri May 29 10:08:19 +0800 2020,上海,当代大学生现状
奕之迅谦,Fri May 29 10:08:17 +0800 2020,江西,看过官方说人均收入9千，可见贫富差距多大
波浪_vw_,Fri May 29 10:08:17 +0800 2020,河南,说的是我了
一只去撒野的驴,Fri May 29 10:08:17 +0800 2020,山西,不是勤劳 是不动弹就得饿死 谁愿意勤劳呐 到头来还的是靠自己
如果我长大变得傻傻,Fri May 29 10:08:17 +0800 2020,四川,还在读书的也算里面了吗？
zzz雅萍05,Fri May 29 10:08:15 +0800 2020,贵州,真的实事求是了
兴风作浪的妖人,Fri May 29 10:08:13 +0800 2020,其他,大地主，大财主，拉出来斗一斗
不和脑残说废话,Fri May 29 10:08:13 +0800 2020,四川,去一些地方看看，你会发现几百块对他们来说都是生活下去的希望
我要改啥名呢,Fri May 29 10:08:13 +0800 2020,其他,这条新闻好实在
xh-原味,Fri May 29 10:08:13 +0800 2020,安徽,真的好难啊🤯
筱雨丢丢,Fri May 29 10:08:13 +0800 2020,河北,领导人终于看到普通百姓的实际情况了！[泪]
邋遢的二九青年,Fri May 29 10:08:12 +0800 2020,广东,不会吧。。。10000都不够生存
你好小庵主,Fri May 29 10:08:12 +0800 2020,安徽,一语中的，别总是看平均工资，高的怀疑人生[二哈]
海浪豪,Fri May 29 10:08:10 +0800 2020,其他,贫富差距逐渐拉大
兮兮曦晨,Fri May 29 10:08:08 +0800 2020,广东,今年还没有拿到过工资
名字带达的海利亚人,Fri May 29 10:08:06 +0800 2020,上海,@不是熊猫宝宝
一只阿喵·,Fri May 29 10:08:05 +0800 2020,浙江,旅游从业者太难了
肉肉在减肥o,Fri May 29 10:08:04 +0800 2020,其他,@Selfishyyy
枕头上的珍珠,Fri May 29 10:08:04 +0800 2020,其他,终于说实话了，我勤勤恳恳上班也是一直拖数据的腿
暴躁的杨阿姨丶,Fri May 29 10:08:03 +0800 2020,其他,我月收入零不说。还得月月还花呗
女帝万安,Fri May 29 10:08:00 +0800 2020,北京,我的天哪，我就是其中一个[泪][泪][泪][泪]
是阿阿阿伟呀,Fri May 29 10:07:59 +0800 2020,四川,好👏
人力二班陈同学,Fri May 29 10:07:59 +0800 2020,江西,终于发现了
可乐是只胖猫,Fri May 29 10:07:58 +0800 2020,河南,终于敢说实话了
一屋不扫何来天下,Fri May 29 10:07:58 +0800 2020,其他,真实的数据就是这么残酷啊。。。
哈哈is最漂亮的小仙女,Fri May 29 10:07:56 +0800 2020,陕西,还有零收入的呢……
ChrisM24,Fri May 29 10:07:55 +0800 2020,贵州,实事求是，不搞虚的
种花家的小茉茉,Fri May 29 10:07:55 +0800 2020,福建,这个六亿也包括老人小孩吧，肯打拼做个微商摆地摊朋友圈卖货或者去做卫生工环卫工人服务员都可以达到一千…
破晓_ing,Fri May 29 10:07:54 +0800 2020,其他,实事求是[good][good]
余音绕寂,Fri May 29 10:07:54 +0800 2020,上海,这贫富差距比我想象的还要大[骷髅][骷髅][骷髅]
卷睫盼z,Fri May 29 10:07:53 +0800 2020,广东,我零
吴与伦比two,Fri May 29 10:07:54 +0800 2020,江苏,拉底贫富差距，富人多收税
乐观开朗小小王,Fri May 29 10:07:53 +0800 2020,浙江,我还是负资产呢
碳妹妹,Fri May 29 10:07:51 +0800 2020,江苏,解放思想，实事求是
小翅膀uu,Fri May 29 10:07:51 +0800 2020,山东,那么多比我还穷的[泪]
CC80622,Fri May 29 10:07:49 +0800 2020,广东,终于看到这种揭开了的真实数据，而不是那种人均过万的“光荣”数据[泪]
健明君-,Fri May 29 10:07:48 +0800 2020,广东,太艰难了。
春天里的小葵花,Fri May 29 10:07:44 +0800 2020,吉林,听说高速恢复之后涨价一倍，疫情之后很多垄断性企业猛涨价。
LifeestBella,Fri May 29 10:07:43 +0800 2020,湖北,中国好总理，切实关心民生问题
暴躁的杨阿姨丶,Fri May 29 10:07:42 +0800 2020,其他,我月收入负数怎么办[允悲]
喜欢小五的向老四,Fri May 29 10:07:41 +0800 2020,湖南,我就是[泪][泪][泪][泪]
飞鱼猫喵喵,Fri May 29 10:07:42 +0800 2020,吉林,说实话，给力！
korea薇薇小地陪,Fri May 29 10:07:42 +0800 2020,其他,中国是有钱，但是钱不在百姓的手上。中国是强大了，但是强大的不是老百姓。
爱啦爱咯爱吧,Fri May 29 10:07:41 +0800 2020,江苏,给某乎的户均300万那群脑子发炎的人好好浇点冰水！
葉落1012,Fri May 29 10:07:40 +0800 2020,广东,穷是真的穷
钢铁侠的小女友,Fri May 29 10:07:38 +0800 2020,陕西,所以目前一百二百万多房子怎么买得起
三足大鸟,Fri May 29 10:07:36 +0800 2020,广东,不是还有一堆没工作的么
suren1900,Fri May 29 10:07:34 +0800 2020,江苏,然而你企业去开个月薪低于3000的，看能不能招到人？！
人生努力必有回响,Fri May 29 10:07:33 +0800 2020,山西,6亿分之1
一秒五喷99,Fri May 29 10:07:32 +0800 2020,北京,关键是评论还过的去[允悲]
Daiiyann,Fri May 29 10:07:31 +0800 2020,贵州,活着好累
武年艺班ing,Fri May 29 10:07:31 +0800 2020,辽宁,说的不就是我吗一个月一千块钱[泪]
太陽ss,Fri May 29 10:07:29 +0800 2020,其他,单押*1
十一点之前必须睡觉啊,Fri May 29 10:07:29 +0800 2020,山东,太真实了
Dgem丶,Fri May 29 10:07:29 +0800 2020,山东,总理实干家[good]
倾听者安静的,Fri May 29 10:07:27 +0800 2020,云南,太真实了[泪]
王小狼君,Fri May 29 10:07:27 +0800 2020,福建,这才是国情
PunNoxx,Fri May 29 10:07:21 +0800 2020,湖南,终于说了句实话 太难了
Nejdjdbd,Fri May 29 10:07:22 +0800 2020,其他,人民的好总理。
我是个爱省钱的妞儿,Fri May 29 10:07:22 +0800 2020,江苏,我都是到年结算工资，平常呵呵一分钱也没有还要帮我妈还赌债还要孩子的开销哎
赛音特,Fri May 29 10:07:19 +0800 2020,黑龙江,这就是政府应该有的样子  实事求是! 中国只会更好
别枝与茶,Fri May 29 10:07:19 +0800 2020,四川,突然觉得要珍惜工作啊！虽然一个月才5K 左右～
搬运工在路上,Fri May 29 10:07:17 +0800 2020,江苏,我月入4.k
唯啥哈,Fri May 29 10:07:16 +0800 2020,其他,主要是农村老人实在是没什么收入
_空山心雨,Fri May 29 10:07:16 +0800 2020,北京,@self-EsteemDiscipline
白痴太多,Fri May 29 10:07:15 +0800 2020,其他,任重而道远
bluesoft039,Fri May 29 10:07:12 +0800 2020,上海,总理说的特别好，劳动创造幸福。
走路很颠簸,Fri May 29 10:07:10 +0800 2020,北京,真的能脱贫吗
能能哥的小能能,Fri May 29 10:07:07 +0800 2020,其他,总理您知道吗，在郑州，一些城管开着大皮卡在恶劣的强行驱赶来自周边农村卖瓜果的农民，那个场面我真的用多恶劣的词语形容都不为过。
我叫小太阳晒屁股,Fri May 29 10:07:08 +0800 2020,其他,1100来报道[微笑]
兰秋Le-crepuscule,Fri May 29 10:07:07 +0800 2020,其他,终于见到实话了
朝阳就好啦,Fri May 29 10:07:05 +0800 2020,四川,真的很实在
是阿饼饼,Fri May 29 10:07:05 +0800 2020,其他,我医生一个月2000真是没拖后腿
余笙or余薏笙,Fri May 29 10:07:03 +0800 2020,广东,这是大实话
单刀打偏帝,Fri May 29 10:07:02 +0800 2020,四川,真实真实，希望越来越好吧
苔米竹,Fri May 29 10:07:00 +0800 2020,其他,许多人辛辛苦苦一辈子，却没有一扇灯为TA而留，为TA而待。同一个夜晚，不同的梦。
云先生旅居新疆,Fri May 29 10:07:00 +0800 2020,辽宁,勇气可嘉 披露真实很重要
其实我叫陈二狗a,Fri May 29 10:06:55 +0800 2020,黑龙江,个人建议把环卫工人工资提一提吧！
孙艺铭sunny,Fri May 29 10:06:55 +0800 2020,辽宁,太真实了，我现在工资1300还每天在扣钱
阿豪的枯燥生活,Fri May 29 10:06:54 +0800 2020,河北,我一个普通大学生 假期用空闲去做助教都拿了2k.. 疫情前..
夕琉有事儿,Fri May 29 10:06:55 +0800 2020,其他,贫富差距越来越大。
T一根废柴T,Fri May 29 10:06:55 +0800 2020,其他,说实话了，这才是现状
爱爽儿呀,Fri May 29 10:06:54 +0800 2020,广西,我就其中之一！[泪][泪][泪][泪]
山月茶馆老板,Fri May 29 10:06:53 +0800 2020,其他,终于有一个靠谱点的热搜了👏👏
第四维是精神,Fri May 29 10:06:53 +0800 2020,其他,发现问题是第一步，公布问题是第二步，下一步就是要解决问题了。
今天改名好不好,Fri May 29 10:06:52 +0800 2020,其他,这次终于不是平均数据了… 去看看山区…看看社会最底层 …最可怜的还是农民和城市的底层 先富带来的或许不是后富…而是资本剥削的力量… 直视这个问题 才会痛定思痛吧 说了这么多…这个新闻能出来我还是震惊的… ​​​
PalmDesert,Fri May 29 10:06:52 +0800 2020,上海,影视行业的收入还是高到不合理[微笑]
傻嗲酱,Fri May 29 10:06:51 +0800 2020,福建,我都是负收入
邵惠君123,Fri May 29 10:06:51 +0800 2020,山东,是的，我觉得我爸爸妈妈一年也赚不了6万[悲傷]
jiaCherie,Fri May 29 10:06:49 +0800 2020,山东,我的收入大概是负的[允悲][允悲][允悲]
华_不是花,Fri May 29 10:06:49 +0800 2020,其他,#中国6亿人月收入仅1000元#  就业是最大的民生。没有就业那就是9亿张吃饭的口，有了就业就是9亿双可以创造巨大财富的手。
或许你喜欢Jay的晴天吗,Fri May 29 10:06:49 +0800 2020,其他,抱歉，月收入0
柯南NX,Fri May 29 10:06:46 +0800 2020,上海,唉[跪了]
Kikolo2,Fri May 29 10:06:47 +0800 2020,云南,希望祖国越来越好。我感觉这两年进步很多，很多电视电影以前见不到的，各种改革。[心]
梅西给我传过球哦,Fri May 29 10:06:43 +0800 2020,海南,总理，这就是我呀[允悲]
李小龙vv,Fri May 29 10:06:41 +0800 2020,山东,有我一份
houge123456789,Fri May 29 10:06:41 +0800 2020,黑龙江,说点解决办法
