评论者,评论时间,评论地点,评论内容
维生素b族族,Wed Jun 03 13:44:58 +0800 2020,其他,少年强则国强[赞]
华薇的月亮湾,Wed Jun 03 13:03:07 +0800 2020,山东,❤️
cattle和cat,Wed Jun 03 11:13:20 +0800 2020,其他,少年强则国强
古菱精怪jun,Tue Jun 02 23:19:35 +0800 2020,安徽,加油
奶盐的小可爱Y,Tue Jun 02 17:10:25 +0800 2020,内蒙古,不负青春
痴迷于奶盐的小盐粒儿,Tue Jun 02 16:58:22 +0800 2020,广东,不负青春！
耜于,Tue Jun 02 15:53:12 +0800 2020,广西,不负少年
多多妈妈29503,Tue Jun 02 15:22:58 +0800 2020,江苏,少年强则国强！
Kirarin喜欢你,Tue Jun 02 13:16:46 +0800 2020,其他,不负少年 不负青春！
nadya_fei,Tue Jun 02 12:52:51 +0800 2020,陕西,酷
喵了个咪大白菜,Tue Jun 02 11:05:38 +0800 2020,其他,少年强则国强
心灵手巧严小赖,Tue Jun 02 10:04:04 +0800 2020,北京,[中国赞][中国赞][中国赞]
守护林哈哈的满天星,Tue Jun 02 09:58:40 +0800 2020,广西,不负年少，不负青春！这也太震撼人心了！
X-Queen_JJJ,Tue Jun 02 09:55:09 +0800 2020,北京,少年强则国强
伦家一号小工,Tue Jun 02 09:51:11 +0800 2020,广东,不负年少不负青春
伦家二号小工,Tue Jun 02 09:50:23 +0800 2020,广东,不负少年不负青春
伦家三号小工,Tue Jun 02 09:48:38 +0800 2020,北京,不负少年不负青春！
是第三声的伦哟,Tue Jun 02 09:45:57 +0800 2020,其他,不负年少不负青春
是第一声的芯叭,Tue Jun 02 09:44:06 +0800 2020,广东,不负年少不负青春[心]
爱晒太阳的猫猫喵,Tue Jun 02 09:40:12 +0800 2020,其他,少年强则国强[good]
努力健身的大脸怪,Tue Jun 02 09:38:24 +0800 2020,广东,少年强则国强
桃子味的大脸怪_,Tue Jun 02 09:26:50 +0800 2020,广东,少年强则国强！
阿念是阿日的女朋友,Tue Jun 02 08:54:57 +0800 2020,广东,少年强则中国强
南国杂谈,Tue Jun 02 08:48:28 +0800 2020,河南,不负少年，不负青春！
蓁蓁子摘星星,Tue Jun 02 08:33:28 +0800 2020,广东,中华武术博大精深
蓝蓝海洋2012,Tue Jun 02 08:18:28 +0800 2020,上海,#少年中国说# [中国赞][中国赞][给力][给力][加油][加油]
tang呛or,Tue Jun 02 08:15:46 +0800 2020,北京,少年强则国强[赞][赞][赞]
不是那个知了,Tue Jun 02 07:58:31 +0800 2020,北京,好酷好帅[拳头]少年强则国强[拳头]加油吧少年们[拳头]
勇敢的心szl,Tue Jun 02 07:14:53 +0800 2020,黑龙江,少年强则国强
风起慕白,Tue Jun 02 06:22:26 +0800 2020,重庆,[心][心][心]
哈哈哈哈哈哈哈哈哈0618,Tue Jun 02 05:44:11 +0800 2020,吉林,不负年少 不负青春
甜甜甜蜜果er,Tue Jun 02 05:28:58 +0800 2020,辽宁,回复@维绣:哎呀，好想出门啊……
hahhh0618,Tue Jun 02 05:19:49 +0800 2020,吉林,不负青春
南极空影视传媒,Tue Jun 02 01:35:50 +0800 2020,北京,孩子们加油
季末x更寂寞_846,Tue Jun 02 01:24:24 +0800 2020,其他,中华少年当自强，少年强则国强[爱你][爱你][爱你]
HaveSomeInsights_plz,Tue Jun 02 00:37:04 +0800 2020,广东,不负青春
·5號宝貝·,Tue Jun 02 00:25:09 +0800 2020,江苏,不负少年，不负青春
沙晌卷沙焰,Tue Jun 02 00:00:33 +0800 2020,重庆,少年强则国强[赞]
翙翙鹤羽,Mon Jun 01 23:41:25 +0800 2020,安徽,看得我热泪盈眶～
对仙人掌疯狂表白的男人,Mon Jun 01 23:34:49 +0800 2020,其他,不负青春
骇客Mr,Mon Jun 01 23:28:17 +0800 2020,广东,不负青春
Mr__xYZ欢,Mon Jun 01 23:22:33 +0800 2020,江苏,中华武学博大精深
0806号列车o,Mon Jun 01 23:18:38 +0800 2020,江西,不负年少不负青春
倾葵之心,Mon Jun 01 23:10:51 +0800 2020,其他,矫健少年 不负青春
若初见Tanny,Mon Jun 01 23:04:56 +0800 2020,广东,不负年少 不负青春👏
南山之梅,Mon Jun 01 23:04:16 +0800 2020,甘肃,不负年少，不负青春。
张宋红缸,Mon Jun 01 22:57:32 +0800 2020,广东,[加油][加油][加油]
熊本Kkkumamon,Mon Jun 01 22:51:34 +0800 2020,其他,很棒 少年们一起加油[赞][赞][赞]
于暮冬十八日,Mon Jun 01 22:41:10 +0800 2020,上海,不负年少，不负青春
aka_无羕,Mon Jun 01 22:30:30 +0800 2020,福建,棒
-小蓝狮,Mon Jun 01 22:06:28 +0800 2020,江西,不负青春
ky-971028,Mon Jun 01 22:04:51 +0800 2020,山东,不负青春
糖果片_89346,Mon Jun 01 21:51:02 +0800 2020,广东,把武术，游泳纳入必修课程
SHSLSSRY,Mon Jun 01 21:49:17 +0800 2020,其他,少年强则国强[加油]
试管优等生,Mon Jun 01 21:39:41 +0800 2020,四川,中华武术 博大精深 中华少年 意气昂扬[摊手]
唯Love晨熙,Mon Jun 01 21:35:37 +0800 2020,江西,少年强则国强！
·月亮·邮寄所·,Mon Jun 01 21:32:09 +0800 2020,其他,不负青春[good][good][微风]
泡面不加调味料,Mon Jun 01 21:31:25 +0800 2020,福建,不负年少，不负青春！
棒棒糖再甜也没我甜,Mon Jun 01 21:30:43 +0800 2020,江苏,不负少年
左航的AD钙,Mon Jun 01 21:23:45 +0800 2020,其他,不负少年！
南湘梓6688,Mon Jun 01 21:22:34 +0800 2020,北京,？
星际班车·,Mon Jun 01 21:16:26 +0800 2020,其他,不负青春！！
慕容瑾宸0104,Mon Jun 01 21:16:23 +0800 2020,福建,[good][good][good]
玉雪精灵,Mon Jun 01 21:15:30 +0800 2020,其他,[给你小心心]
青竹碧墨落瑶歌,Mon Jun 01 21:07:39 +0800 2020,澳门,不负少年，不负青春！
幸之乐之,Mon Jun 01 21:01:58 +0800 2020,其他,不负年少[拳头]
马路剪刀手,Mon Jun 01 20:52:23 +0800 2020,海南,都把我看哭了，龙的传人
THEO_shan,Mon Jun 01 20:41:11 +0800 2020,北京,美哉我中国少年与天不老[good][good]
君正九儿树,Mon Jun 01 20:33:29 +0800 2020,四川,青春洋溢的孩子们，加油，你们就是中国的未来
陈陈是茜茜的,Mon Jun 01 20:33:28 +0800 2020,重庆,华夏少年，少年中国正青春
小小兵20190809,Mon Jun 01 20:28:17 +0800 2020,其他,舞术？
小汀快跑呀,Mon Jun 01 20:24:53 +0800 2020,江苏,少年强则国强
超甜的焦糖玛奇朵,Mon Jun 01 20:24:48 +0800 2020,其他,有幸报国 不负少年
土拨鼠掷早獭,Mon Jun 01 20:21:50 +0800 2020,其他,晚上好
遇见你的名字yu,Mon Jun 01 20:21:02 +0800 2020,河南,嵩山少林
是谁的晞呀,Mon Jun 01 20:20:45 +0800 2020,江苏,少年强则国强
维绣,Mon Jun 01 20:18:54 +0800 2020,河北,@甜甜甜蜜果er 熟悉么？
FFFFFine,Mon Jun 01 20:06:38 +0800 2020,湖南,少年强则国强💪🏻💪🏻💪🏻
小柳赏演4q,Mon Jun 01 20:05:33 +0800 2020,安徽,不负青春
橙鲜c,Mon Jun 01 20:01:52 +0800 2020,山东,不负少年 不负青春
嘴角有颗痣ing,Mon Jun 01 20:01:50 +0800 2020,上海,不负少年！不负青春！
想去游乐园_,Mon Jun 01 20:01:30 +0800 2020,重庆,不负少年 不负青春！
李星灿NGU,Mon Jun 01 19:59:58 +0800 2020,福建,帅
天天天蓝ptt,Mon Jun 01 19:57:22 +0800 2020,其他,差点唱出来了[笑cry]
清风7423340867,Mon Jun 01 19:54:52 +0800 2020,辽宁,这些花架子又来忽悠少年了
陶大青年,Mon Jun 01 19:54:33 +0800 2020,江西,不负少年！不负青春
就是看看1972,Mon Jun 01 19:52:09 +0800 2020,广东,笛子好听！
森不矮,Mon Jun 01 19:52:08 +0800 2020,其他,我们是共产主义接班人，不负年少，不负青春。
大不点槑槑,Mon Jun 01 19:52:03 +0800 2020,江苏,少年强则国强！不负年少，不负青春
年纪轻轻又善良yu,Mon Jun 01 19:51:59 +0800 2020,辽宁,不负少年，不负青春
嘉期如梦5503322467,Mon Jun 01 19:51:36 +0800 2020,贵州,不负少年！不负青春！
白熊蜜糖_,Mon Jun 01 19:50:59 +0800 2020,青海,不负年少不负青春
米豆和石头,Mon Jun 01 19:48:36 +0800 2020,海南,塔沟武校
哆啦A梦丶昕玺,Mon Jun 01 19:48:32 +0800 2020,福建,少年强则国家强
月色虽美不及你,Mon Jun 01 19:47:54 +0800 2020,浙江,不负青春
阿疯仔子,Mon Jun 01 19:45:34 +0800 2020,山东,孩子们真棒👍
奶味儿小橙,Mon Jun 01 19:42:41 +0800 2020,湖北,不负少年，不负青春[给你小心心]
記憶中搵妳,Mon Jun 01 19:41:37 +0800 2020,广西,我真不希望武术拿来表演
二十四桥明月夜-image,Mon Jun 01 19:38:45 +0800 2020,其他,帅气哒！[good]
楚柒-桃花十里,Mon Jun 01 19:33:43 +0800 2020,其他,不负少年，不负青春！中华武术，少年意气！[心]
惠杰宇丽梦,Mon Jun 01 19:31:16 +0800 2020,贵州,少年强则国强
康康我女儿,Mon Jun 01 19:31:01 +0800 2020,浙江,不负青春
书剑琴侠生灵轩,Mon Jun 01 19:29:56 +0800 2020,其他,小时候最喜欢这些了，我们国家文化底蕴深厚，常常感动我。
小农的暴躁甜豆·,Mon Jun 01 19:29:32 +0800 2020,其他,不负青春
诗雪峰,Mon Jun 01 19:28:45 +0800 2020,吉林,保家卫国有你们
蒋15165,Mon Jun 01 19:28:43 +0800 2020,其他,少年强，则国强~~[赞][赞][赞]
802喜欢吃水果,Mon Jun 01 19:27:10 +0800 2020,浙江,[加油]
喜欢祎,Mon Jun 01 19:26:53 +0800 2020,福建,不负少年 不发青春
抓到一只史努比,Mon Jun 01 19:26:06 +0800 2020,湖南,不负年少！不负青春！
月白紫堇,Mon Jun 01 19:24:24 +0800 2020,辽宁,不负青春💜💜💜
_艾小乐,Mon Jun 01 19:23:50 +0800 2020,台湾,不负少年
一蓝一白,Mon Jun 01 19:23:07 +0800 2020,湖北,@Hello_Vini: 许可馨已经回国，改名叫许立娜。许可馨父亲苏州行政办公中心主任许振华，母亲苏州卫生职业技术学院副院长吴丽荣，大伯食药品副局长许振龙，三叔烟草局副局长许振飞。许家族最近在打压关于许可馨事件的热度，希望多复制粘贴，把热度提上来
南北杂货铺呀,Mon Jun 01 19:22:33 +0800 2020,其他,不负年少[赞]
哈哈哈哈哈哈哈哈哈0618,Mon Jun 01 19:22:11 +0800 2020,吉林,不负青春
Lydia758,Mon Jun 01 19:21:44 +0800 2020,北京,赞👍转发微博
二爷家的妖,Mon Jun 01 19:21:29 +0800 2020,四川,少年强则国强！
余晨余晨晨,Mon Jun 01 19:21:16 +0800 2020,其他,少年强则国强，少年有志则国振兴
叶罗丽冰公主超话官博,Mon Jun 01 19:21:12 +0800 2020,其他,不负青春[心]
落叶难觅归根,Mon Jun 01 19:21:09 +0800 2020,山东,李连杰曾说过：真正的武术是用来杀人的，现代将武术重新定义成了表演。希望这些学子们将来能成为泱泱中华的“国之利刃”！守卫这来之不易的疆土。
风影流痕,Mon Jun 01 19:19:24 +0800 2020,河南,赞赞赞，给自己家乡点个赞！
恋恋祝廖慧佳0415生日快乐,Mon Jun 01 19:19:10 +0800 2020,山东,不负青春
MCY火丘,Mon Jun 01 19:18:36 +0800 2020,广东,少年强则国强
一杯白桃味可乐,Mon Jun 01 19:17:41 +0800 2020,广东,不负年少！不负青春！
如霜晨月长空雁,Mon Jun 01 19:17:09 +0800 2020,黑龙江,神秘东方的舞蹈
庐阳逍遥客,Mon Jun 01 19:16:34 +0800 2020,安徽,少年强，则国强。
-芩兮,Mon Jun 01 19:15:15 +0800 2020,河南,不负少年，不负青春
粉色康乃馨V,Mon Jun 01 19:14:54 +0800 2020,河南,少年强则中国强[加油][加油][加油]
每天听八百遍,Mon Jun 01 19:14:30 +0800 2020,其他,不负青春
谋谋的某某丶,Mon Jun 01 19:14:11 +0800 2020,其他,我是湖北人，口口声声说不歧视湖北人，请问，我一直在上海，都没出过上海，要去北京办事，为什么不能买车票？
她入他城丿黄泉,Mon Jun 01 19:12:27 +0800 2020,河南,少年强则国强
过敏肉肉小姐姐,Mon Jun 01 19:11:16 +0800 2020,广东,舞术
赤心木200201,Mon Jun 01 19:10:51 +0800 2020,湖南,不负年少，不负青春。
老崔死忠粉,Mon Jun 01 19:10:24 +0800 2020,上海,实干兴邦！空谈误国！
爱上扶风,Mon Jun 01 19:10:01 +0800 2020,陕西,啥时候把中国武术可以练起来，不要再让我们的孩子们学跆拳道了，讨厌这个
SZ无痕补衣,Mon Jun 01 19:09:23 +0800 2020,广东,#少年中国说# 少年强则国强！[赞][赞][赞]
给岁月以文明呵,Mon Jun 01 19:09:16 +0800 2020,其他,恕我直言，在这里拍片子真的有点“班门弄斧”，人家会当你们是跳操[允悲]，建议还是换个其他风景好点的地方，没必要用少林寺的牌坊来给自己增加排场[二哈]
眼睛有星星,Mon Jun 01 19:09:15 +0800 2020,台湾,不负青春！
老崔死忠粉,Mon Jun 01 19:09:11 +0800 2020,上海,对孩子来说先把教育平等、高考平等、公务员录取平等再说
鹊桥仙杂货铺,Mon Jun 01 19:08:12 +0800 2020,其他,少年强则国强！
走遍大江南北的红砖头,Mon Jun 01 19:07:10 +0800 2020,浙江,美哉我少年中国，与天不老！壮哉我中国少年，与国无疆！
陈爚之,Mon Jun 01 19:06:59 +0800 2020,广东,文明其精神 野蛮其体魄[good][good][good]
2020爱你爱你ya,Mon Jun 01 19:06:49 +0800 2020,广东,太棒了[鼓掌][鼓掌]
柚念-离鸢,Mon Jun 01 19:06:42 +0800 2020,广西,不负年少，不负青春！！中国少年加油！！！
简木木咩,Mon Jun 01 19:06:30 +0800 2020,山东,少年强则国强[赞]
丽丽吉祥1019,Mon Jun 01 19:06:18 +0800 2020,北京,少年强 则国强 ！
小邓同学啦啦啦,Mon Jun 01 19:05:35 +0800 2020,天津,少年强，则国强[good]
小狐狸_2000,Mon Jun 01 19:05:15 +0800 2020,广西,优秀
森IIOO,Mon Jun 01 19:05:02 +0800 2020,广东,这个应该练蛮久的[作揖]
橙汁超甜12,Mon Jun 01 19:04:29 +0800 2020,福建,是少年呀[作揖][给力]
柠源er,Mon Jun 01 19:04:13 +0800 2020,重庆,共产主义接班人加油，不负年少，华夏少年最棒;不负青春 ，中国青年意气扬[加油]
吻文热恋期,Mon Jun 01 19:04:07 +0800 2020,湖北,不负青春!!
翟氏家族的小可爱,Mon Jun 01 19:04:04 +0800 2020,四川,不负年少，不负青春！
是鲸鱼本鲸呀,Mon Jun 01 19:03:34 +0800 2020,广东,不负青春[心][心][心]
东尼老西走万里路,Mon Jun 01 19:03:32 +0800 2020,香港,少年強，則國強！太帥了我的天
捉迷藏的可达鸭,Mon Jun 01 19:03:32 +0800 2020,湖北,不负少年！不负青春！
晶宝的小乐乐,Mon Jun 01 19:03:09 +0800 2020,四川,少年强则国强[拳头]
ha_1023,Mon Jun 01 19:03:06 +0800 2020,河南,不负年少，不负青春！
南潇爱小维,Mon Jun 01 19:03:02 +0800 2020,天津,不负少年！不负青春！
kura的橘子世最甜,Mon Jun 01 19:03:02 +0800 2020,其他,不负青春[兔子]
雁南世兰,Mon Jun 01 19:03:01 +0800 2020,广西,[赞]
香草味的阔落,Mon Jun 01 19:02:54 +0800 2020,北京,博大精深[喵喵]
画伞幽蓝,Mon Jun 01 19:02:49 +0800 2020,海南,少年意气风发，棒！
呵你真是个鬼才,Mon Jun 01 19:02:47 +0800 2020,江苏,壮哉，美哉！
淡淡草季觅茶,Mon Jun 01 19:02:44 +0800 2020,云南,不负青春[心]
-莓可果夭-,Mon Jun 01 19:02:37 +0800 2020,甘肃,不负韶华~不负青春!冲冲冲~我们是共产主义接班人~
可嬉,Mon Jun 01 19:02:26 +0800 2020,北京,不负少年！不负青春！
Sugarmisty,Mon Jun 01 19:02:01 +0800 2020,云南,不负少年，不负青春
