评论者,评论时间,评论地点,评论内容
魚生煮唔熟,Tue May 26 00:17:29 +0800 2020,广西,永远会记得您🙏🙏🙏
还是爱走天桥的猫咋样,Thu May 21 17:22:47 +0800 2020,山东,[泪]
Caa789,Thu May 21 13:56:38 +0800 2020,山东,我们会永远记得！
板澡澡,Tue May 12 18:35:24 +0800 2020,四川,人民英雄永垂不朽
鑫雅zq,Tue May 12 15:54:14 +0800 2020,山西,一心为了这片土地的科学家们，向您们致敬
绽放吧曼珠沙华,Tue May 12 15:31:59 +0800 2020,浙江,永远记得[鲜花]…荣誉属于您…
Baker臧,Tue May 12 12:49:22 +0800 2020,河北,永远记得
thx23lebron,Tue May 12 12:10:56 +0800 2020,黑龙江,会一辈子记住的 当时电视剧 邓稼先给我看哭了[泪]
吃掉熊,Tue May 12 11:42:58 +0800 2020,其他,会记得，
haozhuzhu2010,Tue May 12 11:42:23 +0800 2020,上海,哭的稀碎
Z家小倩,Tue May 12 11:11:28 +0800 2020,云南,谢谢伟大无私的邓老[心]
mayzhangting,Tue May 12 11:06:32 +0800 2020,安徽,中国人民会永远记得您[心][心][心]
Summer-夏天同学,Tue May 12 10:48:33 +0800 2020,其他,永远记得[心]
心情跑马灯,Tue May 12 10:45:26 +0800 2020,其他,不只是三十年，只要世界末日没有到来，您永存我们心中
我只是过客998,Tue May 12 10:45:16 +0800 2020,其他,我会一直记得您的[心][作揖]
要带萌宝去旅行,Tue May 12 10:42:06 +0800 2020,宁夏,缅怀先烈，千年不忘！初心方得始终
茶几几--,Tue May 12 10:41:12 +0800 2020,河北,记得
男神金木--女神经,Tue May 12 10:06:08 +0800 2020,河南,太帅了
fiona糖糖619,Fri May 08 14:10:42 +0800 2020,重庆,共和国英雄
村姑蹬三轮,Thu May 07 14:26:00 +0800 2020,北京,天下谁人不识君[good]
Junojunoooo,Tue May 05 09:53:08 +0800 2020,江苏,永远记得
林柔晚,Tue May 05 09:31:02 +0800 2020,其他,[给你小心心][给你小心心]
於千万分之一,Mon May 04 22:01:44 +0800 2020,广西,永远铭记[心]
ozzzzc,Mon May 04 21:50:24 +0800 2020,江苏,我们永远记得您，邓稼先先生
粘豆包mi,Mon May 04 17:22:30 +0800 2020,北京,永远记得
益丁妲己,Mon May 04 09:19:11 +0800 2020,西藏,你们是中国人重新站立起来的元勋，永远记在中国人民心中。 祖国将永远记得那些忠于祖国的人
恐鬃吖,Mon May 04 00:40:35 +0800 2020,北京,永远记得
天微微亮0905,Sun May 03 22:16:34 +0800 2020,其他,永远记得
刘老板的大宝贝,Sun May 03 20:10:53 +0800 2020,广西,记得！
我的小德善啊,Sun May 03 15:55:39 +0800 2020,天津,人民不会忘记
乐一欧西恩,Sun May 03 08:15:51 +0800 2020,西藏,直到现在，一提到原子弹，我就想到邓稼先三个字，和历史书上那个面容清瘦，两鬓微白的人[悲伤]
GJohnson,Sat May 02 20:54:39 +0800 2020,北京,我们将永远铭记！
贝亦深蓝,Sat May 02 18:58:13 +0800 2020,江苏,会！我们都会记得！祖国更会记得！[心]
芊彧6666,Fri May 01 20:45:42 +0800 2020,湖南,永远记得您。
杨先生巴,Fri May 01 20:02:18 +0800 2020,宁夏,不能忘
傻傻追梦,Fri May 01 18:39:27 +0800 2020,河北,历史会永远铭记[泪]
寥廓潇湘珠江源,Fri May 01 16:46:02 +0800 2020,云南,会，你们会像星辰一样，永远闪耀在共和国的历史星河！
我的生命已不属于我,Fri May 01 16:26:41 +0800 2020,河南,天下谁人不识君
喜欢RNG一生不后悔,Fri May 01 00:03:22 +0800 2020,福建,永远会的，感谢您的付出。
漂流魔都的徐老师,Thu Apr 30 23:55:21 +0800 2020,上海,你们从未离开，只是化为天空中明亮的星辰，守望着共和国的土地和人民，你们永远被祖国，人民，历史铭记。
今天停下,Thu Apr 30 21:02:09 +0800 2020,广西,英雄
秋霜不冷,Thu Apr 30 19:08:39 +0800 2020,湖南,铭记在心
九酒wink,Thu Apr 30 16:29:46 +0800 2020,其他,foever
那一片蒹葭,Thu Apr 30 15:17:13 +0800 2020,重庆,永远铭记在心！
Bruce_Huang,Thu Apr 30 10:49:17 +0800 2020,广东,阅
菓baby86,Thu Apr 30 10:26:04 +0800 2020,其他,伟大的科学家，向你致敬
三国志粉丝团,Thu Apr 30 08:17:03 +0800 2020,山西,民族英雄
salamaligon,Thu Apr 30 03:14:35 +0800 2020,其他,中国人民会永远记住你的，子子孙孙
yl-yhj,Thu Apr 30 01:52:12 +0800 2020,其他,！！
lixiao晓婷,Thu Apr 30 00:57:34 +0800 2020,山东,永远记得
孤光萤火05,Wed Apr 29 23:36:09 +0800 2020,其他,有中国人民共和国和中国人民解放军，国人就不会忘记“两弹一星”和新中国的国防科技功勋！
我是你的勾陈一,Wed Apr 29 23:15:36 +0800 2020,北京,致敬
爱上扶风,Wed Apr 29 22:43:38 +0800 2020,陕西,人走茶
我想偷宝贝,Wed Apr 29 22:32:10 +0800 2020,其他,这个名字会永远刻在每个人脑海里
我想偷宝贝,Wed Apr 29 22:31:44 +0800 2020,其他,永远不忘前辈邓稼先
我想偷宝贝,Wed Apr 29 22:31:29 +0800 2020,其他,祖国和人民永远不会忘记你
尘世丶那么丶美006,Wed Apr 29 21:35:27 +0800 2020,广东,永远记得
这个小牛忙,Wed Apr 29 20:07:09 +0800 2020,福建,永记于心
粉色蔷薇16,Wed Apr 29 19:59:36 +0800 2020,其他,值得尊敬
普朗克的小迷妹,Wed Apr 29 18:40:08 +0800 2020,福建,永远记得[心]
任嘉伦伦陷与你,Wed Apr 29 18:28:45 +0800 2020,辽宁,会，现在的孩子课文里还有您。
梯布拉,Wed Apr 29 18:09:05 +0800 2020,其他,永远记得
小熊快睡觉嘛,Wed Apr 29 17:17:00 +0800 2020,其他,永远铭记在心！
木叶香菜芋泥,Wed Apr 29 16:54:26 +0800 2020,山东,永远记得
迟早让你死心塌地,Wed Apr 29 15:14:21 +0800 2020,江苏,我们永远不会忘记的[泪][泪][泪]
wany1117,Wed Apr 29 14:12:42 +0800 2020,河北,敬礼！
李昱君0l,Wed Apr 29 13:47:43 +0800 2020,四川,上一辈的人都很艰辛
张不停v一v,Wed Apr 29 12:44:25 +0800 2020,福建,会的，永远都会[给你小心心]
B4u_,Wed Apr 29 12:40:19 +0800 2020,江苏,感动！
楠辞7,Wed Apr 29 11:40:08 +0800 2020,其他,，
duanrlbjhy,Wed Apr 29 11:28:44 +0800 2020,北京,永远记得，永远怀念[心]
RoamingJenny,Wed Apr 29 11:06:30 +0800 2020,北京,永远记得.
实话实说79,Wed Apr 29 10:59:54 +0800 2020,浙江,永远怀念
蓯茈封心1992,Wed Apr 29 08:26:32 +0800 2020,广东,转发微博
蓯茈封心1992,Wed Apr 29 08:26:01 +0800 2020,广东,记得
小鸽子Pig,Wed Apr 29 06:50:45 +0800 2020,江苏,永远铭记
NET凯里,Wed Apr 29 06:40:46 +0800 2020,其他,j
一只大慕头,Wed Apr 29 05:57:35 +0800 2020,其他,致敬
爱读书爱旅行的小张,Wed Apr 29 04:28:40 +0800 2020,其他,永远都记得！
上杉明非_UesugiMehi,Wed Apr 29 01:00:09 +0800 2020,陕西,怎敢忘记
王小五believe,Wed Apr 29 00:51:35 +0800 2020,北京,会！
军事迷妹,Wed Apr 29 00:23:11 +0800 2020,其他,一直记得
姜大发__要大发要大发,Wed Apr 29 00:09:02 +0800 2020,广东,记得
2020等源,Tue Apr 28 23:55:50 +0800 2020,其他,中国🇨🇳强👍
三叶幸运星,Tue Apr 28 23:53:52 +0800 2020,江苏,记得[微风][心]
璞墨1990,Tue Apr 28 23:29:56 +0800 2020,北京,永远记得
薛之谦的专属小话筒,Tue Apr 28 23:21:00 +0800 2020,江苏,两弹元勋邓稼先
禾乃芬芬,Tue Apr 28 23:11:59 +0800 2020,其他,永远记得，永载史册
上了法大也不改名,Tue Apr 28 23:09:49 +0800 2020,广东,一定会！您和其他英雄们永垂不朽！万古长青！
江夏云飞,Tue Apr 28 22:45:03 +0800 2020,其他,英雄不朽!永远铭记！//@bio-q: 民族英雄，永垂不朽！//@crastinus99:马兰花开，始终记得[心]
胖米800,Tue Apr 28 22:06:23 +0800 2020,广东,会，永远记得您[赞][赞][赞][微风][微风][微风]
钮钴禄蛋仔,Tue Apr 28 21:57:16 +0800 2020,其他,永远记得，人民的英雄
漫·夭201811,Tue Apr 28 21:48:09 +0800 2020,辽宁,当然会
熟儿仔,Tue Apr 28 21:46:04 +0800 2020,广东,会
卡拉巴拉的海,Tue Apr 28 21:33:22 +0800 2020,其他,民族脊梁
成果成果成狗hhh,Tue Apr 28 19:30:51 +0800 2020,其他,永远不会忘记
black依依2016,Tue Apr 28 19:26:53 +0800 2020,山东,永远记得！
嘟嘟ra,Tue Apr 28 18:54:37 +0800 2020,香港,您是英雄，我们永远记得您
梅殇016,Tue Apr 28 18:41:44 +0800 2020,湖北,您永远活在我们的心里🙏
Ookknaisi,Tue Apr 28 18:31:35 +0800 2020,其他,会记得 永远记得
喵喵小主之小仓尤子,Tue Apr 28 17:13:55 +0800 2020,广东,一直不曾忘记，邓老，我心中永远的英雄[心][心]
Jieranyi_z,Tue Apr 28 16:32:10 +0800 2020,其他,永远记得！！！！
喜欢就笑吧,Tue Apr 28 16:24:39 +0800 2020,其他,会，永远记得！
种花家的TJ兔,Tue Apr 28 15:16:38 +0800 2020,天津,永远铭记[心]
天边之雀,Tue Apr 28 14:58:18 +0800 2020,重庆,永远
华夏中华汉魂,Tue Apr 28 14:04:29 +0800 2020,广东,@全国人大@思想火炬@共青团中央@中国政府网@香港特首办@香港警察@屈穎妍002@陳淨心_香港@何君堯JuniusHo@梁美芬博士香港@葛珮帆Elizabeth_Quat@孤烟暮蝉   不止30年，而是永远记住！纂刻在历史的丰碑上永远铭记！
微笑的走着z,Tue Apr 28 14:03:40 +0800 2020,河南,永远铭记在心
左键相见_离别键右,Tue Apr 28 13:59:55 +0800 2020,北京,会的，会永远记得。永远。
Adam_songx,Tue Apr 28 13:57:51 +0800 2020,山东,中国现在缺少的就是这种捐躯赴国难，视死忽如归的栋梁志士。舍小家，顾大家。愿自己以后，有一份光，发一份热，如萤火一般。苟以国家生死矣，岂因祸福避趋之！
荣昌国际洗衣,Tue Apr 28 13:50:54 +0800 2020,其他,国之栋梁，此生难忘
二次甜点U,Tue Apr 28 13:26:45 +0800 2020,湖北,你永远被人们记得[爱你]
尕ZyL9950,Tue Apr 28 12:04:08 +0800 2020,辽宁,好
暴走的Wade,Tue Apr 28 11:24:46 +0800 2020,其他,邓老千古 后辈永世不忘！
Hum6ug,Tue Apr 28 11:20:47 +0800 2020,安徽,怀宁人不会忘记，祖国也不会忘记
微微的时光不老,Tue Apr 28 11:19:22 +0800 2020,其他,我们记得，我的孩子也会！
Smile每一天呀,Tue Apr 28 11:03:59 +0800 2020,其他,英雄永世长存
阎耀杰_Lebsack,Tue Apr 28 11:02:39 +0800 2020,其他,回复@小芒呀果果:致敬！[并不简单][并不简单]
甘达洋38079,Tue Apr 28 10:55:58 +0800 2020,其他,记得
我一定能考上滁州学院,Tue Apr 28 10:31:32 +0800 2020,安徽,致敬！国士无双！！
芦苇雷蕾,Tue Apr 28 10:31:15 +0800 2020,江西,永远都会记得
New-Fantasy,Tue Apr 28 10:15:49 +0800 2020,其他,英雄
热和心与持续冷却,Tue Apr 28 10:14:04 +0800 2020,其他,所不朽者，垂万世名；孰谓公死，凛凛犹生！——辛弃疾
听心blz,Tue Apr 28 09:06:10 +0800 2020,广西,人民永远都不会忘记你们的，
依翱尧,Tue Apr 28 08:32:42 +0800 2020,江苏,人民英雄永垂不朽
藺天寶,Tue Apr 28 08:28:13 +0800 2020,广东,民族英雄邓稼先
可乐的2019,Tue Apr 28 08:20:19 +0800 2020,北京,别说30年，300年、3000年都会被记住了。英雄必须享受的待遇！！
風一樣的孩紙c,Tue Apr 28 08:07:49 +0800 2020,浙江,[鲜花][鲜花][鲜花][心][心][心][心]
冉冉冉蛾子,Tue Apr 28 08:01:51 +0800 2020,重庆,永记于心[心]
逝牧,Tue Apr 28 07:23:32 +0800 2020,江苏,祖国永远不会忘记
cq皓月长天,Tue Apr 28 07:21:03 +0800 2020,重庆,不可忘却//@港台250:永远都记得，感恩有您
si小念念白,Tue Apr 28 03:12:37 +0800 2020,河北,感恩
哈喽_卫后生,Tue Apr 28 02:06:14 +0800 2020,其他,永远记得
伴你一路前行888,Tue Apr 28 01:34:37 +0800 2020,广东,永远记得，致敬所有的科学家[good][good]
我的幸福总是不期而至,Tue Apr 28 00:46:06 +0800 2020,重庆,永远怀念！
是柚子味的糖,Tue Apr 28 00:39:45 +0800 2020,浙江,[悲傷][悲傷]
林深时见鹿诶,Tue Apr 28 00:39:15 +0800 2020,其他,会的
祝浪渣早日倒闭,Tue Apr 28 00:10:42 +0800 2020,其他,永远不会忘记🙏🙏🙏🙏
飞不过沧海的人but永远不回头,Tue Apr 28 00:09:33 +0800 2020,河北,他们是奠基者
万事千钟222,Tue Apr 28 00:05:53 +0800 2020,其他,当然
Airfirld,Mon Apr 27 23:48:02 +0800 2020,山东,会的，我们都记得您，您是民族的脊梁
上岸考研人er,Mon Apr 27 23:40:33 +0800 2020,内蒙古,永远记得！
京溪合西,Mon Apr 27 23:22:24 +0800 2020,宁夏,永远不会忘记您，
喲西花姑娘的有,Mon Apr 27 22:59:34 +0800 2020,福建,永远记得[泪][泪]
楚君君呀呀,Mon Apr 27 22:50:57 +0800 2020,新疆,永远记得
张县6434246142,Mon Apr 27 22:43:01 +0800 2020,广东,[haha][haha][haha][haha][haha]
榜猪的专用彩虹屁,Mon Apr 27 22:40:09 +0800 2020,其他,又帅，又甜，又有才，太好哭了
能德能德,Mon Apr 27 22:38:28 +0800 2020,北京,民族脊梁！万古流芳！
Pallas202004,Mon Apr 27 22:26:52 +0800 2020,其他,永生难忘
可可-2008005,Mon Apr 27 22:20:33 +0800 2020,其他,永远不会忘记
一片树叶1989,Mon Apr 27 22:20:06 +0800 2020,四川,永远记得
O_O-long,Mon Apr 27 21:59:41 +0800 2020,广东,我会记得，我的后辈们也都会记得//@零五五要天天向上: //@仓鼠乙巴://@发条张_电影最TOP:祖国和人民会永远记得。
一点都不夸张2008,Mon Apr 27 21:57:18 +0800 2020,其他,记得
_2993,Mon Apr 27 21:44:38 +0800 2020,福建,[嘻嘻][嘻嘻][嘻嘻][嘻嘻][嘻嘻]
热带水果o刘子墨Simo,Mon Apr 27 21:21:55 +0800 2020,安徽,永远记得，世世代代的中国人都会记得[心]
宁维桢AleX,Mon Apr 27 21:18:18 +0800 2020,湖南,永志不忘！
老汉平安12117,Mon Apr 27 21:18:07 +0800 2020,其他,我们永远记住这样的科学家一邓稼先！向你致敬！
MYe2020,Mon Apr 27 21:08:40 +0800 2020,其他,[爱你]
a15802498580,Mon Apr 27 20:54:11 +0800 2020,山东,永远记得
limeZX,Mon Apr 27 20:42:00 +0800 2020,新疆,记得
仁者不忧_500,Mon Apr 27 20:37:13 +0800 2020,其他,我们应该记住
愛笑嘅冇肉唔歡,Mon Apr 27 20:24:04 +0800 2020,云南,记得！
merry_619,Mon Apr 27 20:03:28 +0800 2020,其他,应该载入中国史册
时光隧道shi,Mon Apr 27 20:03:03 +0800 2020,其他,永远不会忘
Rp苦口良药,Mon Apr 27 19:59:02 +0800 2020,广东,国家脊梁
wangyan彦姐,Mon Apr 27 19:57:59 +0800 2020,其他,致敬！共和国的脊梁，人民不会忘记您们的[泪][泪][泪]
denzeldaniellr,Mon Apr 27 19:55:19 +0800 2020,其他,多少个三十年我们也不能把你忘记
绚烂substance,Mon Apr 27 19:49:06 +0800 2020,江西,飞象网项立刚，师伟微博，平民王小石，地瓜熊老六，明德先生，司马3忌，无为李爷都是一类的。大家觉得呢？看看他们共同点
鼠年好多钱,Mon Apr 27 19:44:07 +0800 2020,河南,人民不会忘记，人民英雄！功勋不朽。
本·阿弗莱克,Mon Apr 27 19:41:28 +0800 2020,广东,三百年后也会铭记你们的伟大事迹[心]
L-Crzzy,Mon Apr 27 19:38:56 +0800 2020,广东,永远记得
中签真难,Mon Apr 27 19:35:46 +0800 2020,其他,人民英雄  永垂不朽
本·阿弗莱克,Mon Apr 27 19:41:28 +0800 2020,广东,三百年后也会铭记你们的伟大事迹[心]
L-Crzzy,Mon Apr 27 19:38:56 +0800 2020,广东,永远记得
中签真难,Mon Apr 27 19:35:46 +0800 2020,其他,人民英雄  永垂不朽
王志城33,Mon Apr 27 19:34:29 +0800 2020,内蒙古,我记得您[悲伤]
郭顺玉,Mon Apr 27 19:19:32 +0800 2020,其他,永世不忘
若初见Tanny,Mon Apr 27 19:18:15 +0800 2020,广东,永远的记住[心]
Riiiiiiick,Mon Apr 27 19:16:20 +0800 2020,浙江,永远记得
Waterchrist,Mon Apr 27 19:14:11 +0800 2020,广东,[蜡烛][心]
峰香晚花静,Mon Apr 27 19:07:59 +0800 2020,黑龙江,[泪][泪][泪]永远记得
Amelia_qq2036526246,Mon Apr 27 18:57:56 +0800 2020,其他,30年后中国人依然记得他们对我国国防事业的贡献[good][作揖]，60年后甚至更长的时间也不会忘[心]
割皮包失败,Mon Apr 27 18:57:09 +0800 2020,辽宁,英雄永垂不朽
念念草木深,Mon Apr 27 18:27:23 +0800 2020,其他,永远记得
Shirley_婷,Mon Apr 27 18:26:37 +0800 2020,广东,永远记得邓老[心]
不骄不躁北北白,Mon Apr 27 18:11:31 +0800 2020,其他,英雄会永远活在人民心中!
嘻嘻找不到我啊,Mon Apr 27 17:50:41 +0800 2020,陕西,🕯️🕯️
数数的弟弟明赫,Mon Apr 27 17:50:22 +0800 2020,安徽,会有，祖国我们都会记得
在家最开心喽JJJ,Mon Apr 27 17:42:01 +0800 2020,河北,永远记得
无敌翻滚石榴她爸,Mon Apr 27 17:40:19 +0800 2020,其他,记着呢，还教育小崽子们继续记着
一个齁甜的用户,Mon Apr 27 17:33:56 +0800 2020,其他,这都是千古伟人！
桔子味的丫丫,Mon Apr 27 17:31:17 +0800 2020,辽宁,记得的，永远记得，以后的人们也都会记得，你们是不朽的丰碑[泪][泪][泪]
你好卓尔不凡,Mon Apr 27 17:20:00 +0800 2020,北京,祖国和人民不会忘记！
md起个名字都费劲_552,Mon Apr 27 17:12:43 +0800 2020,河北,国士无双
咋呀喂,Mon Apr 27 17:11:20 +0800 2020,浙江,不会忘记[心] 永远记得[心]
ObscuredST,Mon Apr 27 17:08:20 +0800 2020,其他,会的，人民永远会记得您。
莪罘乖,Mon Apr 27 17:08:00 +0800 2020,其他,永远记得❤️
在路上看沿途的风光,Mon Apr 27 17:07:22 +0800 2020,四川,祖国和人民永远不会忘记你们。
dear-editor,Mon Apr 27 17:06:30 +0800 2020,其他,永远记得！
哈hhh快乐呦,Mon Apr 27 17:02:06 +0800 2020,广东,记得的啊
星云199405,Mon Apr 27 17:01:46 +0800 2020,广东,。
月天将白,Mon Apr 27 17:01:30 +0800 2020,浙江,只要还有国人在，三百年也会记得您。
咖啡店里的小可爱,Mon Apr 27 17:01:01 +0800 2020,山西,永远记得
若风随雨21,Mon Apr 27 17:00:25 +0800 2020,其他,记得
dangfuyidabai,Mon Apr 27 16:57:53 +0800 2020,河北,当然记得
胧曦-正在装酷,Mon Apr 27 16:54:23 +0800 2020,北京,要是有些人成功了，就真的被忘了
蓝6633,Mon Apr 27 16:40:49 +0800 2020,河北,永远记得！
金融头条APP,Mon Apr 27 16:40:01 +0800 2020,广东,千秋万代[鲜花]
取三千弱水一,Mon Apr 27 16:33:03 +0800 2020,山东,记得，永远记得！
新街旧巷XJJX,Mon Apr 27 16:21:27 +0800 2020,山东,三百年，三千年都有人记得。
转眼又入冬,Mon Apr 27 16:11:48 +0800 2020,其他,共和国英雄永垂不朽！
罗淋文46155,Mon Apr 27 16:10:28 +0800 2020,其他,中国和中国人民永生不忘！
饭小饭heidi,Mon Apr 27 16:08:38 +0800 2020,上海,永远记得
霖霖罗罗,Mon Apr 27 16:07:39 +0800 2020,广东,当然会记得！我们会一直一直记得您的！
花岗岩sinking,Mon Apr 27 16:07:16 +0800 2020,浙江,人民英雄永垂不朽
忆苦不思甜呀,Mon Apr 27 16:03:09 +0800 2020,其他,永不忘记
缤纷生活11881,Mon Apr 27 15:56:39 +0800 2020,其他,不会忘，不敢忘，不能忘[鲜花]
wustelite,Mon Apr 27 15:52:30 +0800 2020,北京,当然 除了日记能手阿其那及其幕后推手（彭艳萍 戴建业  李玫瑾 吕效平 《收获》 财新网之流） 这片土地的人谁都不会忘记国家和民族的英雄
问道听禅,Mon Apr 27 15:49:19 +0800 2020,广东,不需要多少人记住你，就算只是为了你爱的人你也会去做
-小蓝狮,Mon Apr 27 15:49:00 +0800 2020,江西,永远铭记[心]
闲人的小心情,Mon Apr 27 15:46:51 +0800 2020,广东,祖国跟人民永远记得
唐天磊_Larkin,Mon Apr 27 15:40:17 +0800 2020,其他,回复@龙虾吃沙:转发微博[笑而不语][憧憬]
苏立轩_McDermott,Mon Apr 27 15:39:52 +0800 2020,其他,[good][加油][心][心][太开心][好爱哦]
跟随并合拍,Mon Apr 27 15:37:59 +0800 2020,其他,他和他的同事们！在那个艰苦卓绝的年代！用生命和血汗撑起了，从此以后整个中华民族的生存和崛起！向民族脊梁致敬！
我爱莲花檀香,Mon Apr 27 15:37:45 +0800 2020,上海,共和国的人民不会忘记[心]
丧其马爰mqT705,Mon Apr 27 15:37:40 +0800 2020,其他,回复@夏修杰_Bogan:有人发这句话被你们拉黑，我来试一下：中国人民解放军的缔造者毛主席万岁！[鼓掌][太开心]
Lee张力,Mon Apr 27 15:34:05 +0800 2020,山东,永远不会忘记！
尹凯瑞_Hyatt,Mon Apr 27 15:31:16 +0800 2020,其他,【“30年后，人会记们住们我吗？”[思考][酷]
bigbrotherliu,Mon Apr 27 15:30:53 +0800 2020,上海,还有李雪健//@八大山债人: //@角楼吹风: 横空出世这部电影看了N多遍，李幼斌老师除了亮剑这部也很经典。钱学森不应该让陈坤来。任何小鲜肉都不配，骨子里不一样。//@仲夏爷之梦 :“哪有什么岁月静好”……//@之翼__ :这么多年来，每次看到和他相关的记录，总是热泪盈眶，从无例外//
尹凯瑞_Hyatt,Mon Apr 27 15:30:44 +0800 2020,其他,斗地主配乐[允悲][思考][鼓掌]
莫思_Price,Mon Apr 27 15:30:06 +0800 2020,其他,回复@夏修杰_Bogan:中巴友谊万岁！加油加油加油[加油][加油][加油][憧憬][嘻嘻]
风哥13_472,Mon Apr 27 15:29:54 +0800 2020,安徽,祖国和人民永远记得。
幼懵少女y,Mon Apr 27 15:26:50 +0800 2020,江西,我哭了[泪][泪]，永远不忘！！
奶甜不加糖,Mon Apr 27 15:25:03 +0800 2020,其他,不会忘记
Aragorn202002,Mon Apr 27 15:23:31 +0800 2020,其他,我们都记得，生活在这片土地上的子子孙孙都会记得！
种花家小后生,Mon Apr 27 15:20:09 +0800 2020,海南,记得！老前辈！
我想去武汉看樱花,Mon Apr 27 15:18:09 +0800 2020,河北,无论过多久，我们都会记得您
清晨的香anni,Mon Apr 27 15:13:53 +0800 2020,海南,被那一代人无私奉献的精神感动[心]
-甜橙味少女DTX_,Mon Apr 27 15:13:33 +0800 2020,其他,永远记得您[心]
憨憨佩琪小猪,Mon Apr 27 15:08:58 +0800 2020,山东,永远不会忘，我的老师让我记住了您，我也会教给我的学生，让他们都知道您，就得您。
温柔的我的我,Mon Apr 27 15:04:10 +0800 2020,贵州,永远铭记
我在六月的月光里,Mon Apr 27 15:03:41 +0800 2020,新疆,永远记得英雄[心]
流浪鑫神,Mon Apr 27 14:59:36 +0800 2020,四川,永远铭记！
布织熊,Mon Apr 27 14:57:14 +0800 2020,江苏,绝对会的
再见山之阴,Mon Apr 27 14:56:54 +0800 2020,江苏,永远不会忘记
丁力_宏观对冲,Mon Apr 27 14:56:05 +0800 2020,北京,转发微博
甜瓜米歇尔,Mon Apr 27 14:53:21 +0800 2020,其他,永远都会记得您！
梅箐啊,Mon Apr 27 14:52:51 +0800 2020,四川,祖国和人民不会忘记
纷叶,Mon Apr 27 14:51:58 +0800 2020,浙江,永远不会忘
毛文博_Breitenberg,Mon Apr 27 14:50:20 +0800 2020,其他,[good][good][good][可怜][笑而不语]
霏霏烟雨II,Mon Apr 27 14:50:06 +0800 2020,甘肃,会的，一直都记得。
南风乘我意,Mon Apr 27 14:48:32 +0800 2020,江苏,这就是伟人，国家的栋梁。
摆渡者201712,Mon Apr 27 14:43:38 +0800 2020,北京,我们永远不会忘记。
渡船而來,Mon Apr 27 14:40:51 +0800 2020,其他,共和国伟大的奠基者们[心]
puppy小小嘎,Mon Apr 27 14:39:00 +0800 2020,内蒙古,祖国和人民不会忘记
gh1113,Mon Apr 27 14:38:55 +0800 2020,湖南,永远铭记
阳彩光小虹白嘀马嘀,Mon Apr 27 14:36:03 +0800 2020,其他,谢谢你们不惧风雨，坚守一线岗位[心][鼓掌][思考]
媚美妹4668,Mon Apr 27 14:32:37 +0800 2020,其他,永远铭记[心]
三花猫七七,Mon Apr 27 14:32:34 +0800 2020,安徽,会！
噫地鸡毛,Mon Apr 27 14:31:20 +0800 2020,北京,会记得的[泪][泪][泪][泪][泪]
微云端分享,Mon Apr 27 14:30:43 +0800 2020,江苏,[心]
夏修杰_Bogan,Mon Apr 27 14:30:37 +0800 2020,其他,[good][加油][心][心][思考][嘻嘻]
Columbiasnow,Mon Apr 27 14:30:16 +0800 2020,四川,民族的脊梁
蘑菇王国的笨比,Mon Apr 27 14:29:30 +0800 2020,江苏,永不忘怀民族英雄
悦聆_,Mon Apr 27 14:20:52 +0800 2020,其他,永世不忘，不能忘，不敢忘！[泪][泪][泪]
眉豪的蔚黎,Mon Apr 27 14:17:49 +0800 2020,其他,会
鱼仲菲,Mon Apr 27 14:17:27 +0800 2020,北京,所有中国人都记得
北极蓝4897,Mon Apr 27 14:16:31 +0800 2020,江西,这就是明星
暮春遗话,Mon Apr 27 14:14:20 +0800 2020,其他,会
小云20150502,Mon Apr 27 14:13:16 +0800 2020,广东,致敬！永远怀念[心]
重剑在匣,Mon Apr 27 14:13:16 +0800 2020,黑龙江,谈到新中国，必有邓稼先
L0小拾捌子,Mon Apr 27 14:12:50 +0800 2020,河南,民族英雄，永垂不朽！
游侠双子星,Mon Apr 27 14:10:12 +0800 2020,陕西,您已经融入山川成为国家脊梁！融入河流化成祖国血脉！致敬！！！
啊呜一口秋刀鱼,Mon Apr 27 14:10:02 +0800 2020,其他,历史不会忘记，人民不会忘记[悲伤]邓稼先院士
迷人的梵高先生,Mon Apr 27 14:09:31 +0800 2020,其他,会，民族英雄永垂不朽 ！！
疯狂迷惘i,Mon Apr 27 14:08:36 +0800 2020,广东,致敬
陈小鸣00109286,Mon Apr 27 14:06:51 +0800 2020,其他,伟人
布噜啊布噜,Mon Apr 27 14:05:01 +0800 2020,北京,永远的偶像！
嘿黑baby,Mon Apr 27 14:03:39 +0800 2020,河南,永远记得你们
陈术华916,Mon Apr 27 14:00:42 +0800 2020,其他,[good][good][good]
再见_echo,Mon Apr 27 13:58:06 +0800 2020,其他,永远记得
大叶子_hcm,Mon Apr 27 13:57:11 +0800 2020,广东,永远记得
我说我爱吃草莓,Mon Apr 27 13:53:15 +0800 2020,其他,[泪][泪][泪]
一身孤勇的好好青年,Mon Apr 27 13:53:07 +0800 2020,其他,永远记得
樂禪若水,Mon Apr 27 13:48:38 +0800 2020,黑龙江,[鲜花][鲜花][鲜花]
爱看你笑的隔壁老王,Mon Apr 27 13:45:58 +0800 2020,其他,30年可能会忘记某一个人，但绝不会忘记我们这些人
无限微笑的雄霸天下,Mon Apr 27 13:43:43 +0800 2020,云南,会记住
jhju_oo,Mon Apr 27 13:40:21 +0800 2020,四川,回复@最喜欢Alice老师:[心]
M良妻如孟L,Mon Apr 27 13:39:23 +0800 2020,重庆,国之脊梁，我们记得，祖国也会记得[悲伤][悲伤]
微雨燕双飞0108,Mon Apr 27 13:33:45 +0800 2020,浙江,会！国家脊梁，民族骄傲，祖国和人民永远记得您！[心]
许愿念诺,Mon Apr 27 13:31:31 +0800 2020,四川,永远都记得
间若二月似春晓,Mon Apr 27 13:30:53 +0800 2020,广西,永远记得
J梧桐一叶天下知秋,Mon Apr 27 13:30:26 +0800 2020,广东,泪流满面[泪]
W-Biscuit,Mon Apr 27 13:28:30 +0800 2020,湖北,永远记得
采采一个卷耳,Mon Apr 27 13:27:07 +0800 2020,北京,人民英雄永垂不朽
山海经007,Mon Apr 27 13:25:36 +0800 2020,山东,三十年后人们会记住你吗？ 肯定会的，因为你会被载入史册 看后，有很多触动，却不知道从何说起。 
超厉害的柴西,Mon Apr 27 13:25:12 +0800 2020,其他,永远记得
寂寞曾挥发余香,Mon Apr 27 13:24:49 +0800 2020,上海,祖国和人民都会记得[悲伤]
阳光淳影-,Mon Apr 27 13:23:08 +0800 2020,辽宁,//@宫锁珠帘十七爷杜淳---惠惠阳: 转发微博
shenuifxilianjie,Mon Apr 27 13:21:24 +0800 2020,江西,祖国和人民会永远记得的！
p-xj,Mon Apr 27 13:21:02 +0800 2020,其他,致敬
小葵_007,Mon Apr 27 13:18:55 +0800 2020,其他,永远记得您
卓别林教授,Mon Apr 27 13:18:40 +0800 2020,北京,会的
谁家的柚子,Mon Apr 27 13:17:46 +0800 2020,天津,永远不会忘记
Acrida_zm,Mon Apr 27 13:16:57 +0800 2020,北京,[赞]
小葵_007,Mon Apr 27 13:16:38 +0800 2020,其他,永远记得[泪]永远
suitcase77777,Mon Apr 27 13:16:03 +0800 2020,广东,祖国和人民永远记得！！！
陈大胆儿呀,Mon Apr 27 13:14:55 +0800 2020,天津,我们记得！！！！ 绝对不能否定民族主义！否定民族主义就是否定先驱们的贡献！！！
现场的观众朋友,Mon Apr 27 13:14:55 +0800 2020,其他,祖国和人民永远会记得
yybddyy,Mon Apr 27 13:14:41 +0800 2020,其他,[泪][泪][泪][泪][泪][泪][泪][泪][泪]
任北林,Mon Apr 27 13:07:45 +0800 2020,陕西,会
送玉玺,Mon Apr 27 13:06:32 +0800 2020,山东,🙏
后知后觉-199605,Mon Apr 27 13:03:57 +0800 2020,四川,永远记得
武曌枍,Mon Apr 27 13:03:16 +0800 2020,江西,太年轻了，为什么伟人都先逝[悲伤]
安静的黄花菜6353,Mon Apr 27 13:02:13 +0800 2020,天津,我们永远会记得你们！
南方俏佳人hrt,Mon Apr 27 13:00:13 +0800 2020,其他,中国还在他们的名字就永远被中国人记住
odd米六,Mon Apr 27 13:00:13 +0800 2020,重庆,不会忘记，安息。
唯爱·寜的方儿,Mon Apr 27 12:57:45 +0800 2020,江西,永远记得
记得依恋,Mon Apr 27 12:56:14 +0800 2020,湖南,伟大的人永远记载在历史的丰碑之上
与磬,Mon Apr 27 12:53:40 +0800 2020,黑龙江,会记住的！
康康我女儿,Mon Apr 27 12:52:26 +0800 2020,浙江,永远记得
1997001嘛,Mon Apr 27 12:52:09 +0800 2020,广东,我们永远记得您
南京艺星医疗美容整形医院,Mon Apr 27 12:51:45 +0800 2020,江苏,祖国和人民永远不会忘记你们。
我以此心对明月,Mon Apr 27 12:50:10 +0800 2020,重庆,两弹元勋
gervin,Mon Apr 27 12:48:29 +0800 2020,山东,英雄
哈哈哈哈哈哈哈哈哈0618,Mon Apr 27 12:47:39 +0800 2020,吉林,永远记得
付HAO,Mon Apr 27 12:47:07 +0800 2020,湖北,致敬邓老中国脊梁，永远铭记
Adinis,Mon Apr 27 12:46:35 +0800 2020,其他,自当初识，永记于心
橘子199112,Mon Apr 27 12:44:23 +0800 2020,其他,[嘻嘻][嘻嘻][嘻嘻]
蓝曦臣是我哒,Mon Apr 27 12:42:51 +0800 2020,浙江,永远记得
哈哈楠木516,Mon Apr 27 12:42:05 +0800 2020,福建,会的，永远记得，铭记于心。[泪][泪][泪]
月墨星泉,Mon Apr 27 12:41:23 +0800 2020,浙江,会永远永远记得[泪]
冬韵166,Mon Apr 27 12:37:24 +0800 2020,江苏,真正的中国脊梁，祖国的人民永远记得你！
木子平清风,Mon Apr 27 12:37:05 +0800 2020,其他,永远记得您，我们的民族英雄！
Carey-C炎龙,Mon Apr 27 12:36:57 +0800 2020,山东,中华儿女永远记得您
蝎子15-11-15,Mon Apr 27 12:36:49 +0800 2020,四川,永远记得
Carey-C炎龙,Mon Apr 27 12:35:31 +0800 2020,山东,中华儿女永远记得你
沐清沂,Mon Apr 27 12:34:35 +0800 2020,其他,天下谁人不识君[心][心][心][心]
深邃宇宙6,Mon Apr 27 12:34:08 +0800 2020,其他,希望国家照顾好他的家人[good]
杨延昭7,Mon Apr 27 12:33:13 +0800 2020,香港,原子弹、氢弹的总设计师—邓稼先（娃娃博士）我们会铭记你对国家核武器试验做出的巨大贡献！
臭鳄梨Jamie,Mon Apr 27 12:32:14 +0800 2020,北京,会！
W海东青W,Mon Apr 27 12:31:46 +0800 2020,山东,最敬佩的科学家，没有之一
布丁珍宝猪,Mon Apr 27 12:31:03 +0800 2020,其他,邓稼先[爱你]怎么可能会忘记您呢？不止30年后，300年后，3000年后依然会记住
是大叔呀c,Mon Apr 27 12:28:43 +0800 2020,黑龙江,现在还谁的过去，以后还真不好说，都会记得娱乐明星和网红
Shirley_at_1990,Mon Apr 27 12:27:33 +0800 2020,北京,永垂不朽
不吃潘星宇,Mon Apr 27 12:26:37 +0800 2020,吉林,永远记得！我会告诉我的孩子，我的孩子会告诉孩子的孩子，子子孙孙都会记得！[泪]
常旅客0909,Mon Apr 27 12:25:58 +0800 2020,重庆,记得！[心]
你说我可怎么办,Mon Apr 27 12:24:34 +0800 2020,其他,记得[心][心][心]
每天听八百遍,Mon Apr 27 12:23:34 +0800 2020,其他,永远记得
醉初如梦小窝,Mon Apr 27 12:21:44 +0800 2020,广西,祖国和人民永远记得你们
Sweetcakejkh,Mon Apr 27 12:19:30 +0800 2020,其他,永不忘
全人类魉心,Mon Apr 27 12:19:19 +0800 2020,北京,一定会一辈一辈传下去的，至少我的孩子必须记住这些为我们争取安全生活的共和国前辈们，他们是民族的灵魂。
Sean1975,Mon Apr 27 12:18:41 +0800 2020,其他,必须记住啊，不然怎么会有今天的安稳。对，就是说今天，当下，这一刻
正直的小星星9,Mon Apr 27 12:17:33 +0800 2020,四川,人民永远不会忘记你们。
Jack·jack,Mon Apr 27 12:16:46 +0800 2020,湖南,同样姓邓，有些人却是🌾
彼得詹,Mon Apr 27 12:16:09 +0800 2020,北京,不会忘的。一直记得
当初一两米线一两面,Mon Apr 27 12:15:18 +0800 2020,吉林,记得
良辰42172,Mon Apr 27 12:14:07 +0800 2020,其他,人民英雄永垂不朽，我们永远不会忘记你们！
阿宜洗铁路,Mon Apr 27 12:13:19 +0800 2020,其他,会记住的
苦工土土,Mon Apr 27 12:07:55 +0800 2020,北京,永远铭记，没有您，哪有现在的国际地位
朱星丽,Mon Apr 27 12:06:53 +0800 2020,其他,子孙后代不会忘
我胖了你胖了吗,Mon Apr 27 12:06:52 +0800 2020,吉林,不会忘记
Hellenwolf,Mon Apr 27 12:06:34 +0800 2020,其他,行大道者，没身不殆
vv87,Mon Apr 27 12:05:44 +0800 2020,江苏,会的
山民防川,Mon Apr 27 12:00:02 +0800 2020,江西,应该大多数人会忘记了，所以一定要建立一个中华民族的忠义祠堂，把这些伟人离开后能放进去受人供奉
一叶知秋菊2012,Mon Apr 27 11:58:55 +0800 2020,江苏,永远记得！
盘丝洞39号,Mon Apr 27 11:57:07 +0800 2020,其他,转发微博
福建一木良品工程监理,Mon Apr 27 11:53:18 +0800 2020,福建,永远铭记
就想改个名字而已,Mon Apr 27 11:51:46 +0800 2020,其他,会的
意有所至66,Mon Apr 27 11:47:09 +0800 2020,其他,🙏
_细菌部队_,Mon Apr 27 11:46:11 +0800 2020,四川,你为了中国人不挨打，付出了生命。中国强大了，中国人民永远不会忘记你！
枯萎与清扬,Mon Apr 27 11:41:31 +0800 2020,江苏,会啊，我们还记着呢
雪落无声因为爱,Mon Apr 27 11:40:49 +0800 2020,山东,永远记得您[泪][泪][泪]🙏🙏🙏
红枣味儿的碳酸饮料,Mon Apr 27 11:37:38 +0800 2020,山西,会的
癫癫那个颠,Mon Apr 27 11:34:00 +0800 2020,浙江,永远记得
心中的阳光3,Mon Apr 27 11:33:23 +0800 2020,广东,对祖国有突出贡献的科学家，人民永远不会忘记。🙏🙏🙏
冰123bing,Mon Apr 27 11:32:44 +0800 2020,四川,永远都记得您！！！致敬英雄！！！[good][good][good]
北京艳阳天,Mon Apr 27 11:24:31 +0800 2020,其他,你是我们永远的星！[蜡烛][蜡烛]
Y_雪冰冰冰冰,Mon Apr 27 11:22:33 +0800 2020,河北,刷到有点泪目
皇上臣妾心好痛,Mon Apr 27 11:22:26 +0800 2020,四川,不会忘记
喵喵不飘,Mon Apr 27 11:22:20 +0800 2020,其他,我们公司隔壁楼搬来了一家人，应该有一个月了，而我们听到他们家孩子哭已经连续三个星期了 孩子每每撕心裂肺的喊着叫着，我和同事们听着真的很不是滋味，因为孩子在喊着“不要打我不要打我，我听话”一类的话，这让我们很难想象是什么个情况，有录几条孩子被打时哭的录音，我们该怎么办
viven笑笑,Mon Apr 27 11:21:49 +0800 2020,其他,永远记得[心]
HLin1314,Mon Apr 27 11:21:40 +0800 2020,福建,永远记得
珂珂yy,Mon Apr 27 11:21:30 +0800 2020,四川,邓老我们永远铭记您[鲜花][鲜花][鲜花]🙏🙏🙏
紫幂晴川,Mon Apr 27 11:15:55 +0800 2020,山西,我们都记得你们
zhizu595692583,Mon Apr 27 11:15:16 +0800 2020,北京,也许有吧
阿浩闯闯闯,Mon Apr 27 11:14:58 +0800 2020,北京,丰碑永筑！
乐隅,Mon Apr 27 11:11:45 +0800 2020,四川,永远记得
蛰伏的小青年,Mon Apr 27 11:09:27 +0800 2020,四川,永远！永远！你永远存在于每一个热爱祖国的人心中！[爱你][爱你]
马耳06820,Mon Apr 27 11:08:01 +0800 2020,河南,给你打电话号码多少
stefanie8601,Mon Apr 27 11:07:20 +0800 2020,河北,永远记得，我也会告诉我的孩子们永远记得，会永远永远传递下去
十一月的鱼尾巴,Mon Apr 27 11:04:53 +0800 2020,重庆,记得 谢谢您[悲伤][悲伤][悲伤]
Yangsuer,Mon Apr 27 10:59:23 +0800 2020,其他,永远记得
狮子座1056,Mon Apr 27 10:57:34 +0800 2020,其他,[赞]//@白门_USTC:想起了知乎上曹县对邓先生的评价：一个能祭出邓稼先的文明，无论其潦倒到如何底部，随时都可能爆炸式的发展。在这样的文明面前，再远的路程不过是时间问题。
小李子哇哈哈,Mon Apr 27 10:57:28 +0800 2020,重庆,永垂不朽
冰原狼遇上北极熊,Mon Apr 27 10:55:44 +0800 2020,北京,永远记得！
亮SEI,Mon Apr 27 10:54:55 +0800 2020,广西,永远都不会忘！
NiniZ-Restart,Mon Apr 27 10:54:18 +0800 2020,其他,永远记得。
易峰路拾,Mon Apr 27 10:54:10 +0800 2020,广西,永垂不朽！
啦啦98669,Mon Apr 27 10:53:38 +0800 2020,其他,永远记得
小超影视纪录,Mon Apr 27 10:50:06 +0800 2020,北京,我们会永远记住邓稼先这位英雄的名字[中国赞][中国赞][中国赞]
微风-毛毛雨,Mon Apr 27 10:49:00 +0800 2020,广东,长存于历史长河
陌上方知有,Mon Apr 27 10:47:09 +0800 2020,上海,永垂不朽。看过《邓稼先》这部电影，老一辈那种忠诚、坚毅、自强不息、无私奉献，让人震撼与感动！[泪]
SoberEveOverdose,Mon Apr 27 10:43:46 +0800 2020,其他,永远不会忘记您的
活力阳光的花花,Mon Apr 27 10:43:16 +0800 2020,山东,永远不会忘记
Yeung_sum,Mon Apr 27 10:40:46 +0800 2020,广东,[鲜花][鲜花]
薰kikyou_贼能吃www,Mon Apr 27 10:39:35 +0800 2020,其他,记得[泪]永远记得，谢谢[泪][泪]
太后来了168,Mon Apr 27 10:39:22 +0800 2020,北京,永远记得你！！！你是中国的骄傲！！！
木讷的先生201602,Mon Apr 27 10:39:01 +0800 2020,湖北,中国人民将永远记住你的名字一一邓稼先。
再买一支口红866,Mon Apr 27 10:34:22 +0800 2020,其他,泪目… 无数这样的前辈为我们做出这样无私贡献[泪][泪][泪] 默默付出自己的人生甚至是生命 我们民族国家人民都不会忘记你们的！[泪][泪][泪]
萃语陶颜,Mon Apr 27 10:33:00 +0800 2020,黑龙江,会永远记得的
慕艳慧售凹凸曼,Mon Apr 27 10:32:28 +0800 2020,山东,除了家人恐怕没人记得
哈尔滨气象,Mon Apr 27 10:32:26 +0800 2020,黑龙江,祖国的英雄！人民永远不会忘记你们！
十月初十w,Mon Apr 27 10:30:39 +0800 2020,北京,为了国家建设人民永远不会忘记[心]
白敏2019,Mon Apr 27 10:26:13 +0800 2020,其他,谢谢他的付出，科学是有国界的，感恩。
沈溪909,Mon Apr 27 10:25:17 +0800 2020,山东,所有中国人永远怀念您！！！
兔子涵小姐,Mon Apr 27 10:23:56 +0800 2020,辽宁,永远记得，并且会教会我们的孩子也一定要记得民族的脊梁！
六六姨姥姥199103,Mon Apr 27 10:23:52 +0800 2020,天津,您为祖国做的一切后人会永远记住的。
发现生活的小确幸,Mon Apr 27 10:23:47 +0800 2020,北京,会
六六姨姥姥199103,Mon Apr 27 10:23:08 +0800 2020,天津,永远的铭记
23EEA,Mon Apr 27 10:20:22 +0800 2020,四川,会，历史铭记
红小豌豆,Mon Apr 27 10:18:59 +0800 2020,北京,永垂不朽！
Ysenh1022,Mon Apr 27 10:18:20 +0800 2020,北京,幸福并感激着[泪]
叶天下,Mon Apr 27 10:15:10 +0800 2020,河南,不会忘记！
是萌蒙檬啊_,Mon Apr 27 10:11:27 +0800 2020,河北,永远记得
渺万里层云-云中歌,Mon Apr 27 10:06:49 +0800 2020,北京,人民一直记着您们！
清晨小镇-,Mon Apr 27 09:57:12 +0800 2020,山东,永远记得！
蛋卷1127,Mon Apr 27 09:56:01 +0800 2020,江苏,我们会永远记住！！！
渔阳鼙鼓2014,Mon Apr 27 09:55:46 +0800 2020,天津,要让为国为民族而奋斗牺牲的科学家永垂青史！
十日卜17415,Mon Apr 27 09:53:51 +0800 2020,其他,记得！不只是现在还有未来
Miley965,Mon Apr 27 09:53:03 +0800 2020,其他,中国人总是被中国最勇敢的一批人保护着
红旗水泥厂日报--,Mon Apr 27 09:52:55 +0800 2020,其他,尊讳已上凌霄阁！！！
林六9,Mon Apr 27 09:52:28 +0800 2020,广东,世世代代都记得
清晨小镇-,Mon Apr 27 09:49:28 +0800 2020,山东,所不朽者，垂万世名，孰谓公死？凛凛犹生！
新时代-9527,Mon Apr 27 09:47:59 +0800 2020,辽宁,中华儿女会永远记得您！喝水不忘打井人
玲珑骰子安红豆GUI,Mon Apr 27 09:46:13 +0800 2020,其他,会！
家和云杰,Mon Apr 27 09:44:18 +0800 2020,河南,每一个真正的中国人都会记住你和你们那一批为祖国做出无私奉献的科学家
昙雾,Mon Apr 27 09:43:56 +0800 2020,吉林,不会忘记[给你小心心]
星辰晓孤月,Mon Apr 27 09:43:08 +0800 2020,其他,我们会记得！
Asurada555,Mon Apr 27 09:42:13 +0800 2020,云南,Forever
长安有富,Mon Apr 27 09:39:54 +0800 2020,山东,邓老
星星可心,Mon Apr 27 09:39:26 +0800 2020,山东,祖国和人民永远不会忘记你！
小鹿爱糖果,Mon Apr 27 09:35:30 +0800 2020,北京,永远记得，英雄们！
Sunny安于欢喜,Mon Apr 27 09:35:20 +0800 2020,山东,永远铭记于心[心]
把只B鸡捆绑给高安的什么心99087,Mon Apr 27 09:34:09 +0800 2020,广东,忘记自己的名字也不能忘记邓老
翡冷翠0610,Mon Apr 27 09:33:34 +0800 2020,其他,会！写入历史的英雄！
爱吃小馒头的小窝头,Mon Apr 27 09:33:33 +0800 2020,辽宁,回复@sweetieee_bear:记得啊小学语文课文第一次认识也永远记住
宁维桢AleX,Mon Apr 27 09:33:25 +0800 2020,湖南,一定会记住！永志不忘！感谢您。
红色一直飘,Mon Apr 27 09:33:16 +0800 2020,江苏,共和国伟人
lovely小薇儿,Mon Apr 27 09:30:29 +0800 2020,湖北,记得
怪怪兔子跳,Mon Apr 27 09:29:50 +0800 2020,河南,永远会记得[心][心][心]
蒋兄你不该停下追梦的脚步,Mon Apr 27 09:25:41 +0800 2020,山东,祖国不会忘记
新站区中铁二十四局王运亮,Mon Apr 27 09:25:31 +0800 2020,安徽,想想不容易
新站区中铁二十四局王运亮,Mon Apr 27 09:25:08 +0800 2020,安徽,致敬
栀子花一朵YL,Mon Apr 27 09:24:35 +0800 2020,浙江,会的，永远是英雄
终于决定减肥的小白菜,Mon Apr 27 09:22:05 +0800 2020,黑龙江,人民英雄永垂不朽
翱翔蓝天之鹰,Mon Apr 27 09:20:01 +0800 2020,河南,转发微博
大写的_炸,Mon Apr 27 09:19:41 +0800 2020,北京,不能忘，不会忘！
爱自黑的文小胖,Mon Apr 27 09:17:44 +0800 2020,湖南,永远记得
Bamboo30118,Mon Apr 27 09:16:01 +0800 2020,其他,一直会记得[赞][赞][赞]
鱼儿er儿儿儿,Mon Apr 27 09:15:04 +0800 2020,其他,[太开心]
Imyminemyself,Mon Apr 27 09:14:54 +0800 2020,四川,[心]
飞扬-曦然,Mon Apr 27 09:14:08 +0800 2020,其他,永远记得
丫丫丫婷now,Mon Apr 27 09:12:54 +0800 2020,福建,永远记得你们
唔該我要冻雪碧加柠檬,Mon Apr 27 09:12:44 +0800 2020,广东,永远铭记
山有木兮het,Mon Apr 27 09:12:27 +0800 2020,广东,我们都记得[悲伤]
宋家希666,Mon Apr 27 09:11:32 +0800 2020,甘肃,永远记得
观弈道人ben,Mon Apr 27 09:10:22 +0800 2020,河南,记得
湖山江河湘之神,Mon Apr 27 09:08:31 +0800 2020,湖南,永远，永远记得您！祖国和人民永远铭记您的付出，永远感谢您！国之重器是您那一代人留给我们的伟大骄傲！
星期二下午没有台,Mon Apr 27 09:05:55 +0800 2020,山西,30年，300年，3000年……海枯石烂，沧海桑田，直到永远！
星期二下午没有台,Mon Apr 27 09:04:53 +0800 2020,山西,会的，永远不能忘[泪]
太阳179,Mon Apr 27 09:03:16 +0800 2020,其他,如何能忘！
hollomumu,Mon Apr 27 09:00:47 +0800 2020,四川,记得
圆滚滚小汤圆滴娘,Mon Apr 27 09:00:38 +0800 2020,江苏,记得！//@李子的围脖: 记得！//@清音云中来:绝不会忘！邓稼先学生和他的同行者们的功绩，永远铭记在史册里，镌刻在我们的传承里！
做你的琴儿吖,Mon Apr 27 08:56:22 +0800 2020,青海,民族脊梁，永远铭记。[心]
gaoerche,Mon Apr 27 08:54:49 +0800 2020,北京,致敬！民族的脊梁！[good][赞啊][泪]永远怀念，活在心里[心]
皮猴也不皮吖,Mon Apr 27 08:53:47 +0800 2020,北京,永远记得[心]
Andy12138,Mon Apr 27 08:52:24 +0800 2020,河南,看哭了，我们记得您，伟大的前辈[心]
一米阳光的温暖678,Mon Apr 27 08:52:22 +0800 2020,江苏,会
云馨儿1052857020,Mon Apr 27 08:52:19 +0800 2020,陕西,永远记得
火锅奶茶我的最爱,Mon Apr 27 08:51:58 +0800 2020,广西,永远不会忘记！！
青松小岛21796,Mon Apr 27 08:48:52 +0800 2020,湖北,记得！
月下竹柏影丶,Mon Apr 27 08:47:28 +0800 2020,其他,人民英雄，永世长存
老楊NJ,Mon Apr 27 08:46:02 +0800 2020,其他,历史会记住。
天牛行空6601_150,Mon Apr 27 08:45:00 +0800 2020,北京,人民功臣
她就叫白婕睿,Mon Apr 27 08:44:08 +0800 2020,北京,会记得，永远致敬英雄[心]
自在天地客,Mon Apr 27 08:43:40 +0800 2020,北京,永远铭记[心]
不可说丶丶丶,Mon Apr 27 08:43:40 +0800 2020,上海,我们都记得
初__一,Mon Apr 27 08:41:50 +0800 2020,其他,载入史册、流芳千古
可爱萌you,Mon Apr 27 08:40:38 +0800 2020,天津,永远记得
Mr湖北游客,Mon Apr 27 08:40:34 +0800 2020,湖北,祖国和人民永远记得你们！
thinvestor,Mon Apr 27 08:38:48 +0800 2020,上海,两弹一星和抗美援朝的所有英雄永垂不朽！
琴顾黎,Mon Apr 27 08:38:11 +0800 2020,四川,会的，一直都会的
Gx_yan,Mon Apr 27 08:36:42 +0800 2020,其他,永远记得[悲伤]
AYAY53880,Mon Apr 27 08:35:43 +0800 2020,其他,像邓稼先这样的爱国英雄的事迹全部都要编入教材里面，让英雄名留青史。
念雪儿1982,Mon Apr 27 08:33:27 +0800 2020,河北,永远记得！
驿妖,Mon Apr 27 08:33:14 +0800 2020,其他,永远的高度！[good][good][good]
王部长叫我多读书,Mon Apr 27 08:33:01 +0800 2020,浙江,我记得初中语文书中就有邓稼先的“两弹一星”事迹，里面有个成语至今我还记得，叫做“马革裹尸”。
次元云客,Mon Apr 27 08:32:45 +0800 2020,山西,会记住的
吉祥如意-202011,Mon Apr 27 08:28:12 +0800 2020,山东,民族的脊梁人民永远不会忘记！
岳愚司,Mon Apr 27 08:26:14 +0800 2020,上海,永不会忘记！[good]
船长captain0927,Mon Apr 27 08:26:00 +0800 2020,上海,记得您，邓先生
凌志的微博,Mon Apr 27 08:24:38 +0800 2020,其他,记得记得
二把刀的世界,Mon Apr 27 08:24:00 +0800 2020,山东,祖国和人民永远不会忘记[泪]
陌生70810,Mon Apr 27 08:21:35 +0800 2020,其他,永远不会忘记你
小乌龟呀95,Mon Apr 27 08:20:15 +0800 2020,其他,我会一直记得的[泪]当时看书看到邓稼先的事迹就哭了[泪]
浅度回忆,Mon Apr 27 08:18:52 +0800 2020,安徽,深深铭记
sosok强,Mon Apr 27 08:17:25 +0800 2020,其他,我永远记得，但真的有人不记得的，之前看过一个街头采访视频，什么小鲜肉知道的一清二楚，像这些伟人却忘记了
卡面十大一,Mon Apr 27 08:11:33 +0800 2020,其他,永远记得
亲爱的JiaJia_要加油,Mon Apr 27 08:11:30 +0800 2020,四川,邓公一生为公！人民之光！
lived文,Mon Apr 27 08:07:34 +0800 2020,四川,永远记得@平安江阳 
蜗牛凶猛呀,Mon Apr 27 08:06:37 +0800 2020,广东,@菠萝的地得海 @小小马儿不吃草啊
大木头格子看不进红烧肉,Mon Apr 27 08:05:10 +0800 2020,其他,永远记得
无bug的黑客,Mon Apr 27 08:03:59 +0800 2020,北京,永远记得您为这个国家 为人民的付出 永远怀念您
黑白动与静57,Mon Apr 27 08:03:49 +0800 2020,广东,记入历史，永不忘记。
地球推进器,Mon Apr 27 08:03:12 +0800 2020,山东,[蜡烛]🙏30年后中国人都记得你们
飞云彩路,Mon Apr 27 08:02:38 +0800 2020,北京,感恩，永远铭记。
黄小白朋朋,Mon Apr 27 07:59:04 +0800 2020,其他,记住的！永远！
弱水三千26439,Mon Apr 27 07:58:09 +0800 2020,其他,我有国士，举世无双
wang爱颖,Mon Apr 27 07:58:05 +0800 2020,河北,至今不忘
mo酱呦,Mon Apr 27 07:57:59 +0800 2020,其他,记得
小新是妮妮的最爱耶,Mon Apr 27 07:57:56 +0800 2020,山西,载入史册的人们。。。中国人都不会忘记
hz菏泽,Mon Apr 27 07:57:39 +0800 2020,其他,永远怀念您-邓稼先
营养科普汤哥,Mon Apr 27 07:54:35 +0800 2020,江苏,感谢邓稼先，铭记邓稼先
曾是山民的村民,Mon Apr 27 07:53:05 +0800 2020,上海,永远记得，永远怀念
柴立俐Leila,Mon Apr 27 07:52:53 +0800 2020,上海,人民的英雄，我们怎敢忘记！
池早早-,Mon Apr 27 07:51:26 +0800 2020,其他,永远记得
狂人也2012,Mon Apr 27 07:50:19 +0800 2020,江苏,牢记先辈们的事迹，发扬中华民族传统美德，建设祖国的未来
墨迹之行2,Mon Apr 27 07:48:56 +0800 2020,湖南,只要中华民族还能屹立于世界民族之列，只要汉字不灭，钱学森邓稼先们与日月同辉！
什么时候能当欧皇,Mon Apr 27 07:48:16 +0800 2020,其他,永远都会记得你们的
Moon--soon,Mon Apr 27 07:47:50 +0800 2020,其他,记得！
小小小小小安_,Mon Apr 27 07:45:49 +0800 2020,湖南,我记得[心]
阳光明媚f126,Mon Apr 27 07:45:25 +0800 2020,福建,永垂不朽！
夏季之余秋季,Mon Apr 27 07:44:09 +0800 2020,湖北,致敬！
熊猫晶晶爱生活,Mon Apr 27 07:41:51 +0800 2020,广东,记得记得
Amnesiabutterfly_,Mon Apr 27 07:41:39 +0800 2020,广东,为了捍卫民族自由幸福以及解放全人类而牺牲奉献的人民英雄，必将在人类历史里永垂不朽，随着时间的流逝越发显得光辉伟大
我叫大凡dateout,Mon Apr 27 07:41:36 +0800 2020,湖北,永远记得
凭阑听雨的微博,Mon Apr 27 07:41:30 +0800 2020,内蒙古,记得，永远记得人民英雄🙏
坚强的小猪900,Mon Apr 27 07:40:51 +0800 2020,甘肃,致敬
留着力气对自己好点儿,Mon Apr 27 07:40:51 +0800 2020,河北,记得啊 到现在也记得[泪]
灯火妖娆2018-56积土为山,Mon Apr 27 07:38:43 +0800 2020,贵州,路过
晨光dnmy,Mon Apr 27 07:37:16 +0800 2020,江西,我们不能忘记！
拥抱太阳白勺月亮,Mon Apr 27 07:36:13 +0800 2020,其他,回复@拥抱太阳白勺月亮:你们是民族的脊梁
拥抱太阳白勺月亮,Mon Apr 27 07:35:23 +0800 2020,其他,祖国和人民永远不会忘记
完丹三百三,Mon Apr 27 07:32:59 +0800 2020,四川,人民英雄纪念碑就是为永远记得为国捐躯的英雄们。
颤抖的粉丝,Mon Apr 27 07:32:55 +0800 2020,天津,感谢您，感谢所有为祖国奉献的人[泪][心][心][心]
流沙719,Mon Apr 27 07:32:26 +0800 2020,其他,永远记得
夏天来了1919,Mon Apr 27 07:30:14 +0800 2020,吉林,人的生命太短暂
佳人难寻0812,Mon Apr 27 07:30:13 +0800 2020,河南,永远记得
麻辣烫是怎样炼成的,Mon Apr 27 07:29:27 +0800 2020,北京,传世永记
Ultraman24364926,Mon Apr 27 07:27:55 +0800 2020,重庆,高中学校的标语是学稼先精神，走稼先道路，做稼先传人[心][心][心]
杨艾朵,Mon Apr 27 07:26:33 +0800 2020,河北,记得的
钰民1969,Mon Apr 27 07:22:19 +0800 2020,吉林,致敬！
古德里安2007,Mon Apr 27 07:21:19 +0800 2020,湖南,Always!
白小黑2020,Mon Apr 27 07:20:11 +0800 2020,其他,永远铭记于心
乱飞1976,Mon Apr 27 07:19:15 +0800 2020,河北,人民永远不会忘记你
爱家人悦生活,Mon Apr 27 07:19:10 +0800 2020,河南,中国人民将永远铭记于心
半部春秋日尧光,Mon Apr 27 07:18:58 +0800 2020,上海,记得[鲜花][鲜花][鲜花]
春天的小野,Mon Apr 27 07:12:30 +0800 2020,江苏,永远会
电商阿丑,Mon Apr 27 07:11:45 +0800 2020,广东,我们不会忘记的。至少我不会忘记您
鬼谷裕香,Mon Apr 27 07:09:58 +0800 2020,其他,永远怀念您🙏
萌哥哥萌萌哒,Mon Apr 27 07:08:06 +0800 2020,山东,转发
祖国凡事顺心,Mon Apr 27 07:06:38 +0800 2020,其他,记得，在祖国的历史里，永远永远！
倪成歌_71221,Mon Apr 27 07:04:55 +0800 2020,内蒙古,记得！
邹公子201701,Mon Apr 27 07:04:06 +0800 2020,浙江,永远记得
遨游天际201006,Mon Apr 27 07:01:48 +0800 2020,上海,祖国不会忘记，华夏儿女不会wang j
南山a剑,Mon Apr 27 07:01:00 +0800 2020,河南,订
狗爷爷无所畏惧,Mon Apr 27 06:59:57 +0800 2020,上海,先生千古
路献忠,Mon Apr 27 06:59:22 +0800 2020,内蒙古,山河铭记，人民铭记
浅然陌笑6097062099,Mon Apr 27 06:55:55 +0800 2020,江苏,睹物思人，中国🇨🇳的国宝级人物！
yuki酱官方指定老公,Mon Apr 27 06:53:19 +0800 2020,河南,记得！
FirstTS,Mon Apr 27 06:52:21 +0800 2020,其他,。。。
乐观人315,Mon Apr 27 06:50:56 +0800 2020,辽宁,永远记得
幸福我有,Mon Apr 27 06:44:30 +0800 2020,北京,英雄
一对毛眼眼,Mon Apr 27 06:39:49 +0800 2020,山西,永不言败
家和万事兴gg_012,Mon Apr 27 06:37:00 +0800 2020,甘肃,[赞]🙏
Yu在水一方,Mon Apr 27 06:35:38 +0800 2020,海南,永远是中国人要追的星
向阳wdxc,Mon Apr 27 06:34:28 +0800 2020,其他,祖国人民不会忘
开心乐观的周周,Mon Apr 27 06:25:45 +0800 2020,四川,永远记得，国家功臣
一兵99242,Mon Apr 27 06:22:51 +0800 2020,其他,与山河同在，与日月同辉！
easyloversn,Mon Apr 27 06:16:41 +0800 2020,湖南,国之栋梁！永远铭记！永远怀念！[心]
Lee紫陌,Mon Apr 27 06:11:12 +0800 2020,其他,民族英雄，永垂不朽
L17脖子长,Mon Apr 27 06:03:16 +0800 2020,浙江,永远记得，您们的丰功伟绩，载入史册，写入课本，代代相传[good][good][good]
123不懂ABC,Mon Apr 27 06:02:38 +0800 2020,其他,三年以来，在人民解放战争和人民革命中牺牲的人民英雄们永垂不朽！ 三十年以来，在人民解放战争和人民革命中牺牲的人民英雄们永垂不朽！ 由此上溯到一千八百四十年，从那时起，为了反对内外敌人，争取民族独立和人民自由幸福，在历次斗争中牺牲的人民英雄们永垂不朽
水墨太白,Mon Apr 27 05:59:01 +0800 2020,陕西,人民永远不会忘记，这些民族脊梁。
天涯若比邻45551,Mon Apr 27 05:57:41 +0800 2020,四川,永远都会记住您老人家
姜羡Maggie,Mon Apr 27 05:43:17 +0800 2020,重庆,别说三十年，三百年都有人记得
白羊座伊漾缤纷,Mon Apr 27 05:43:06 +0800 2020,山东,🙏
Sail_Wang,Mon Apr 27 05:41:55 +0800 2020,海南,会
有梦想没行动,Mon Apr 27 05:35:11 +0800 2020,其他,能！
心如止水6593450054,Mon Apr 27 05:34:19 +0800 2020,河南,祖国不会忘记你
会看到的幸福,Mon Apr 27 05:30:08 +0800 2020,吉林,永远不会忘记
似清风过,Mon Apr 27 05:27:50 +0800 2020,辽宁,记得！！！！
医生NB162,Mon Apr 27 05:27:08 +0800 2020,其他,不会忘记。
往古知今,Mon Apr 27 05:26:27 +0800 2020,江苏,英雄值得铭记
桃奴,Mon Apr 27 05:24:17 +0800 2020,浙江,真的要感谢教育系统从小给我们的正确指导，让我们一直记着你们
美丽人生78788,Mon Apr 27 05:18:27 +0800 2020,辽宁,永远不会忘记   致敬
唐人李白,Mon Apr 27 05:16:25 +0800 2020,浙江,牺牲忘我质朴纯良的科学大家是中华民族绵绵不绝的重要根基，他们的名字永远镌刻史册
郭小彬82013,Mon Apr 27 04:54:09 +0800 2020,其他,永远
ttak7877,Mon Apr 27 04:02:10 +0800 2020,浙江,[泪]国之栋梁
爱白云惜不可以偷,Mon Apr 27 03:44:46 +0800 2020,北京,永远都不会忘的人物。
不言不语的007,Mon Apr 27 03:42:08 +0800 2020,其他,国家栋梁！！！！！！！
维维biangbiangbiang,Mon Apr 27 03:26:21 +0800 2020,山东,会，永远
德国乡下,Mon Apr 27 02:57:30 +0800 2020,其他,永远记得
KOUMEN的宋爷,Mon Apr 27 02:53:35 +0800 2020,天津,会。永远记得。两弹员勋
两个小甜心LP,Mon Apr 27 02:50:34 +0800 2020,其他,永远不会忘[心]
万佳埕,Mon Apr 27 02:49:40 +0800 2020,北京,英雄永垂不朽
三十六年的财富,Mon Apr 27 02:44:22 +0800 2020,广东,永远记得您，邓老！
jonny-2019,Mon Apr 27 02:35:07 +0800 2020,福建,英雄
荡子回不了头,Mon Apr 27 02:31:16 +0800 2020,广东,会永远记得你们的！[泪]
黑鬼乌拉拉,Mon Apr 27 02:26:52 +0800 2020,四川,感动，伟大的人
gznyrc,Mon Apr 27 02:26:28 +0800 2020,北京,从小就知道你，一直都记在心里
活着便是修行,Mon Apr 27 02:26:17 +0800 2020,福建,不敢忘记，永远记得！
嘉沐歆樾,Mon Apr 27 02:23:21 +0800 2020,山东,先生您是我们永远记得的人呀。
终于恢复了,Mon Apr 27 02:16:41 +0800 2020,黑龙江,会
sweetieee_bear,Mon Apr 27 02:14:53 +0800 2020,广东,呜呜呜@爱吃小馒头的小窝头
黑鬼乌拉拉,Mon Apr 27 02:06:24 +0800 2020,四川,当然会记得，永载史册，流芳百世
三月卿轻丶,Mon Apr 27 01:53:53 +0800 2020,江苏,会的，永远把你的故事传给我的下一代又一代，千秋万代。
吃了这个小甜豆,Mon Apr 27 01:51:37 +0800 2020,广东,永远记得！
令狐小炫,Mon Apr 27 01:49:10 +0800 2020,浙江,感恩，我会永远记住的。
Mmmmmmmsixx,Mon Apr 27 01:48:27 +0800 2020,其他,国士无双，老先生千古。🙏
飞雪-联袂,Mon Apr 27 01:45:52 +0800 2020,北京,绝对不止三十年，会永远永远记着的
傲娇的胖子子,Mon Apr 27 01:40:32 +0800 2020,上海,中国的伟人 国家未来的子子孙孙都不会忘记你
nying2012,Mon Apr 27 01:36:53 +0800 2020,江苏,永远铭记，永远怀念！
immsib7kkb,Mon Apr 27 01:35:51 +0800 2020,香港,以後子女一定要把中國的歷史好好的教導到她他們的人生里
想要变成阿哲的提词器啊啊啊,Mon Apr 27 01:32:03 +0800 2020,其他,我们永远永远都会记得您！
四块比巴卜,Mon Apr 27 01:31:58 +0800 2020,浙江,永远记得 还有钱学森 他们是我一辈子的偶像！还有钱三强 因为他们都是我们浙江人的骄傲！
霸道总裁陈小帅-,Mon Apr 27 01:26:46 +0800 2020,河南,永志不忘
蕪苛取帒126,Mon Apr 27 01:25:12 +0800 2020,江西,永远记得
戴胜戴胜尖嘴巴,Mon Apr 27 01:22:05 +0800 2020,广东,永远铭记！
__那样的过去,Mon Apr 27 01:21:42 +0800 2020,其他,记得
小闹心Yvonne,Mon Apr 27 01:21:38 +0800 2020,其他,[泪][泪]祖国的安宁是您们换来的
妮姐儿也是姐儿,Mon Apr 27 01:18:09 +0800 2020,其他,不可能忘！！！脊梁！栋梁！永世铭记！
洞明ing,Mon Apr 27 01:16:00 +0800 2020,福建,我们永远记住国家栋梁！
Danielle的DDU,Mon Apr 27 01:15:47 +0800 2020,北京,我们记得🙏
baby木槿,Mon Apr 27 01:05:31 +0800 2020,香港,永远铭记！
隐山居士6177906013,Mon Apr 27 01:05:24 +0800 2020,河南,邓稼先，钱学森。。。这些大国巨匠永远是中华民族的骄傲
一画200105,Mon Apr 27 01:05:04 +0800 2020,其他,英雄[爱你]
要省着花啊啊啊,Mon Apr 27 01:03:47 +0800 2020,江苏,记得
-------小Q-------,Mon Apr 27 00:51:40 +0800 2020,北京,永远记得
-处河-,Mon Apr 27 00:45:25 +0800 2020,其他,[心]
顾之己,Mon Apr 27 00:39:59 +0800 2020,其他,永远记得
今视听,Mon Apr 27 00:39:13 +0800 2020,其他,永远不会忘记
CunZiShiJieHePing,Mon Apr 27 00:39:05 +0800 2020,其他,说个实话，现在是明星网红的天下。谁还记得这些人？都是装模作样跟着发个文章纪念一下而已。随便问两句就答不上来了。  真正崇拜的是为国家做出贡献的人。不是所谓的小鲜肉，网红。要不然迟早误国误民。
喇叭叭aa,Mon Apr 27 00:38:31 +0800 2020,广东,永远记住革命先辈的付出
晕哼秦陵,Mon Apr 27 00:37:41 +0800 2020,安徽,永世不忘！！
路吃小二2,Mon Apr 27 00:37:21 +0800 2020,上海,//@龙虾吃沙:祖国和人民永远不会忘记你们。
Sophie_鱼羊,Mon Apr 27 00:36:57 +0800 2020,广东,@鱼羊木土
浅吟低唱素衣相,Mon Apr 27 00:35:00 +0800 2020,其他,共和国永远记得你
爱糍炸薯条,Mon Apr 27 00:33:20 +0800 2020,北京,永远记得！
零的BEST,Mon Apr 27 00:32:44 +0800 2020,湖北,永远铭记
朱东律师,Mon Apr 27 00:31:33 +0800 2020,江苏,万古流芳
卓异板凳,Mon Apr 27 00:31:27 +0800 2020,广东,永远不会忘记你
悦果果果果,Mon Apr 27 00:30:48 +0800 2020,广东,不会忘！永远不会忘记你们的奉献！谢谢[泪]
benny梓柔,Mon Apr 27 00:26:57 +0800 2020,北京,永远都记得
是盐不咸呐,Mon Apr 27 00:25:19 +0800 2020,福建,国士无双，永垂不朽
步羚步羚,Mon Apr 27 00:24:24 +0800 2020,其他,铭记邓老，以及致敬为祖国之崛起无私奉献的一个个科学家
种花家的小女子,Mon Apr 27 00:24:05 +0800 2020,浙江,永远记得[给你小心心]
爱数学的3857788299,Mon Apr 27 00:20:45 +0800 2020,其他,国士无双！
金散还复来,Mon Apr 27 00:19:31 +0800 2020,上海,三百年后，人民都会记住邓稼先！//@阿里_32680: 回复@二十五划生曙光 的表态:[心][good][握手]//@阿里_32680:中国人民永远记住你！忘不了！忘不了！
QQ反馈,Mon Apr 27 00:18:13 +0800 2020,其他,致敬伟人
孫大千哈哈哈,Mon Apr 27 00:16:40 +0800 2020,山东,永远记得 永远也不会忘记 致敬
竹林听疯-阮阮,Mon Apr 27 00:15:42 +0800 2020,辽宁,会是永远
赌输赢_733,Mon Apr 27 00:15:32 +0800 2020,北京,您是不朽的
sunny6895345004,Mon Apr 27 00:15:17 +0800 2020,福建,在教科书里，忘不了啊。
花仙子欸不是我,Mon Apr 27 00:13:48 +0800 2020,甘肃,民族不亡，永世不忘
六六的宝藏,Mon Apr 27 00:13:26 +0800 2020,浙江,转发微博
大可可可可可,Mon Apr 27 00:11:47 +0800 2020,其他,民族英雄🙏🙏
白门_USTC,Mon Apr 27 00:11:45 +0800 2020,广东,想起了知乎上曹县对邓先生的评价：一个能祭出邓稼先的文明，无论其潦倒到如何底部，随时都可能爆炸式的发展。在这样的文明面前，再远的路程不过是时间问题。
白毛与老司机的故事,Mon Apr 27 00:11:30 +0800 2020,广西,三百年后都会记得
湘如故2010,Mon Apr 27 00:08:25 +0800 2020,江苏,留取丹心照汗青
-叶想容,Mon Apr 27 00:07:29 +0800 2020,其他,不要用请求两个字
橘小果,Mon Apr 27 00:06:55 +0800 2020,广东,不忘前辈邓稼先
修仙达人孙宇宙,Mon Apr 27 00:06:30 +0800 2020,其他,永远记得🕯
甩手掌柜的梦想,Mon Apr 27 00:04:52 +0800 2020,上海,永远怀念
仙人掌仙人球花开,Mon Apr 27 00:01:39 +0800 2020,其他,永远活在中国人的心中
请给我一个派大星,Sun Apr 26 23:59:14 +0800 2020,广西,[心]永远活在我们心理
王生生的甡,Sun Apr 26 23:56:14 +0800 2020,河南,会
永远的少年smile,Sun Apr 26 23:55:44 +0800 2020,北京,这些人值得所有中国人反复去回忆//@二逼瓦西里: 当然会记得，永远不会忘记。
小号的小草莓,Sun Apr 26 23:55:34 +0800 2020,其他,祖国和人民永远记得您，感谢您[心]
昵称难取1988,Sun Apr 26 23:54:47 +0800 2020,其他,永远怀念，国士无双！
蒋哲斌,Sun Apr 26 23:54:37 +0800 2020,浙江,会！
tjhhnyqdrzm,Sun Apr 26 23:54:14 +0800 2020,其他,永远记得！
段谁清梦,Sun Apr 26 23:51:20 +0800 2020,云南,永远记得
klxjlhcc,Sun Apr 26 23:47:47 +0800 2020,广东,会永远记得！！！
看微博之胜友如云,Sun Apr 26 23:46:58 +0800 2020,其他,不敢忘记！必须记得！
空空道师,Sun Apr 26 23:45:39 +0800 2020,北京,千古留名，永垂青史！
睡不醒R_UnzZ,Sun Apr 26 23:44:59 +0800 2020,上海,我生日就是中国第一颗原子弹爆发成功的那天 两弹元勋永远铭记啊[心][心][心]
渺渺欢喜,Sun Apr 26 23:44:24 +0800 2020,其他,一直記得，從沒忘記。[心][蜡烛][蜡烛][蜡烛]
_現在一起ing,Sun Apr 26 23:43:33 +0800 2020,贵州,当然记得[泪][泪][泪]
空中一棵安静的树iKim,Sun Apr 26 23:43:05 +0800 2020,江苏,不会忘记。怎可忘记？
本人微博公知与狗勿扰,Sun Apr 26 23:39:38 +0800 2020,四川,会记住的，你的名字将融入历史，融入华夏文明，他将永垂不朽。
双子阳,Sun Apr 26 23:39:03 +0800 2020,北京,会的，人民永远铭记于心！两弹一星邓稼先！
潘达爸爸mo,Sun Apr 26 23:38:49 +0800 2020,北京,中华民族的子孙永远记得您们[作揖]
嬉皮23,Sun Apr 26 23:38:25 +0800 2020,广东,会，永垂不巧
林吖耐,Sun Apr 26 23:38:22 +0800 2020,广东,铭记于心，感恩
春光乍暖,Sun Apr 26 23:38:06 +0800 2020,山西,[心][心][心]
pinee23,Sun Apr 26 23:36:44 +0800 2020,江苏,记得，永远记得！
张纤也有重名啊,Sun Apr 26 23:35:18 +0800 2020,上海,//@飞翔的小肥佬: //@the_special_blackcat: //@弗雷德里克小王纸:[悲伤][悲伤][悲伤]//@龙虾吃沙:祖国和人民永远不会忘记你们。
_皮皮皮皮卡丘_,Sun Apr 26 23:31:51 +0800 2020,其他,记得
王文婷Share,Sun Apr 26 23:31:39 +0800 2020,其他,我们记得您，和那些默默无闻，隐姓埋名，勇于奉献的知识分子，挺起了坚强的民族脊梁！
Jill__wong,Sun Apr 26 23:29:04 +0800 2020,广东,永远怀念
jone_wu,Sun Apr 26 23:28:25 +0800 2020,北京,🙏🙏🙏
Awesomebin,Sun Apr 26 23:27:41 +0800 2020,其他,永远会记住英雄
暗影先驱XPP,Sun Apr 26 23:27:22 +0800 2020,北京,人民不会忘记  祖国不会忘记[泪]
weichuan188,Sun Apr 26 23:25:44 +0800 2020,其他,永远记得，永远怀念
TalkActor,Sun Apr 26 23:25:28 +0800 2020,山东,永远记得！
北美飘零人,Sun Apr 26 23:25:19 +0800 2020,其他,[蜡烛][蜡烛][蜡烛]
是米白白啊,Sun Apr 26 23:24:37 +0800 2020,其他,怎么会忘，怎么能忘
湖畔2010,Sun Apr 26 23:24:12 +0800 2020,广东,中国的脊梁啊，人民怎么会忘！
海边小木头,Sun Apr 26 23:22:36 +0800 2020,四川,永垂不朽！
xxxxhahapang,Sun Apr 26 23:22:15 +0800 2020,其他,啊啊啊生生世世都记得
sos伯爵光,Sun Apr 26 23:22:10 +0800 2020,安徽,别说30年了，300年都一点问题没有[赞][心]
0921先森,Sun Apr 26 23:20:11 +0800 2020,北京,永远不会忘，也永远不敢忘[泪]
魔法部粉丝,Sun Apr 26 23:19:40 +0800 2020,广东,铭记
千點星紅蜀海棠,Sun Apr 26 23:19:36 +0800 2020,四川,祖国和人民永远不会忘记你！
山小哥哥_,Sun Apr 26 23:19:23 +0800 2020,四川,您的名字将永远被铭刻在史册和我们的心里
三万英尺等U,Sun Apr 26 23:19:04 +0800 2020,山东,祖国不会忘记 人民不会忘记！
JoJoLeung28,Sun Apr 26 23:18:23 +0800 2020,香港,泪目。。。。[淚]，我們永遠不會忘記你。
jzx_zz,Sun Apr 26 23:18:07 +0800 2020,浙江,永远记得
君歌家的崽崽吖zw,Sun Apr 26 23:17:54 +0800 2020,河南,永远记得
今日暂停营业了,Sun Apr 26 23:16:57 +0800 2020,其他,记得永远记得
金豆宝儿Dad,Sun Apr 26 23:16:42 +0800 2020,江苏,人民永远记得您！您的丰功伟绩万古流长！
秦时明月汉时关1900,Sun Apr 26 23:16:38 +0800 2020,北京,//@二逼瓦西里: 当然会记得，永远不会忘记。
越夏蝉音,Sun Apr 26 23:15:53 +0800 2020,山东,记得[鲜花]
王小子不是机器人,Sun Apr 26 23:15:41 +0800 2020,广东,记得[爱你][爱你]
黑猫警长在我家,Sun Apr 26 23:15:35 +0800 2020,其他,国士无双[泪]
幸运着2,Sun Apr 26 23:13:15 +0800 2020,其他,记得
西伯利亚狼China,Sun Apr 26 23:12:12 +0800 2020,广西,永远不会忘记的
dogheart,Sun Apr 26 23:12:06 +0800 2020,陕西,永远记得！
天_地人和,Sun Apr 26 23:12:01 +0800 2020,其他,起来不愿做奴隶的人们……
汉卿豆,Sun Apr 26 23:11:20 +0800 2020,浙江,永志不忘
幼稚的九姑娘,Sun Apr 26 23:11:02 +0800 2020,广东,永远不会忘!
鸡期西小淘气见了鱼眼就挖去,Sun Apr 26 23:09:57 +0800 2020,江苏,永远记得
鲜衣怒马斩胡祸,Sun Apr 26 23:09:14 +0800 2020,江苏,真正一心想让中国更好的英雄们心里都有同一个信仰:让中国更美好一点，让中国更强大一点，让中国更安全一点，他们都希望后辈们记住他们，希望后辈们能前赴后继像他们那样，为了祖国的繁荣昌盛献出自己的一份力量，信仰的力量是无穷大的，我虽死，但吾道不孤，虽鞠躬尽瘁，但民族魂永护吾华夏。
不是本人404,Sun Apr 26 23:08:48 +0800 2020,北京,@黐咗线
kelly772,Sun Apr 26 23:08:43 +0800 2020,北京,永远铭记
教书的康妈,Sun Apr 26 23:07:56 +0800 2020,辽宁,永远不忘，代代永流传
逆水行舟71046,Sun Apr 26 23:07:35 +0800 2020,广东,绝不忘记！邓稼先、还有王淦昌、赵九章、郭永怀、钱学森、钱三强、王大珩、彭桓武、任新民、陈芳允、黄纬禄、屠守锷、吴自良、钱骥、程开甲、杨嘉墀、王希季、姚桐斌、陈能宽、朱光亚、于敏、孙家栋、周光召两弹一星元勋们的的伟大功绩，在今年使得国家避免再次被西方列强凌辱，他们是中国民族大功臣！
玛雅钩沉,Sun Apr 26 23:07:00 +0800 2020,陕西,人民永远记得你和所有为了中华民族奋斗、牺牲的人[心]
果果的秘密2009,Sun Apr 26 23:05:16 +0800 2020,上海,回复@小芒呀果果:要相信我们的人民[爱你]
怀特希尔,Sun Apr 26 23:05:16 +0800 2020,北京,纪念碑会镌刻你们的丰功伟绩！
姆沙沙兮姆撒撒,Sun Apr 26 23:05:12 +0800 2020,其他,永远铭记于心
ZMM411326,Sun Apr 26 23:03:54 +0800 2020,河南,中华民族脊梁~
虞山凹凸曼,Sun Apr 26 23:02:59 +0800 2020,江苏,前辈们为了中华民族挺起脊梁无私的奉献了自己，现在的我们怎么做才能对得起他们？请大家扪心自问！
老杨是小羊,Sun Apr 26 23:02:53 +0800 2020,其他,永志不忘。
曾经的周张,Sun Apr 26 23:02:14 +0800 2020,山东,永远怀念
萝茜Dolphin,Sun Apr 26 23:01:21 +0800 2020,其他,永远记得您的付出，感谢您
chloeblankoo怀念四季,Sun Apr 26 23:01:04 +0800 2020,山西,记得。国士无双。
啊唷吶嘿喲,Sun Apr 26 23:00:16 +0800 2020,浙江,回复@小芒呀果果:“鞠躬尽瘁，死而后已” 。我们永远感恩🙏
读书少年强,Sun Apr 26 22:59:07 +0800 2020,北京,以身报国壮山河，不忘前辈邓稼先。载入史册，永远铭记[泪]
番茄味的土豆丝,Sun Apr 26 22:58:50 +0800 2020,江西,自从在书本认识您，就没曾忘记过！
小溪浅浅f,Sun Apr 26 22:58:33 +0800 2020,浙江,伟大的灵魂！人民永远不会忘记！
0932313kc96,Sun Apr 26 22:58:15 +0800 2020,北京,人民永远不会忘记。
88发大财行大运,Sun Apr 26 22:57:13 +0800 2020,福建,永远记得
我的烬又不空大,Sun Apr 26 22:57:11 +0800 2020,河北,民族的脊梁！
读书少年强,Sun Apr 26 22:57:05 +0800 2020,北京,载入史册，永远铭记[泪]
lilijuan520,Sun Apr 26 22:57:03 +0800 2020,贵州,永远记得
草原放马的汉子,Sun Apr 26 22:56:12 +0800 2020,内蒙古,永远不会忘记
钢铁硬汉多喝开水,Sun Apr 26 22:55:51 +0800 2020,其他,融于血肉，深入骨髓！
bug0501,Sun Apr 26 22:55:23 +0800 2020,上海,英雄
光风霁月不道道人,Sun Apr 26 22:55:09 +0800 2020,辽宁,当然会！
鲨手宇,Sun Apr 26 22:54:49 +0800 2020,四川,永远
涂涂是TUTU呀,Sun Apr 26 22:54:16 +0800 2020,其他,永远都不会忘记[爱你][爱你]
鹿角先生Antler,Sun Apr 26 22:54:15 +0800 2020,重庆,永远，永远都记得[悲伤][悲伤]
清风和轻风,Sun Apr 26 22:53:33 +0800 2020,江西,记得
Eleveneser,Sun Apr 26 22:53:07 +0800 2020,其他,Forever and never
ad随风飘扬,Sun Apr 26 22:52:33 +0800 2020,其他,永不铭记
海盗_92259,Sun Apr 26 22:51:13 +0800 2020,广东,永不敢忘
蓝海小白鲸,Sun Apr 26 22:50:21 +0800 2020,上海,山会记得你，江河会记得你[白蜡烛][白蜡烛][白蜡烛]
江右阿卡林,Sun Apr 26 22:49:55 +0800 2020,江西,邓稼先  钱学森
22222222曼,Sun Apr 26 22:49:44 +0800 2020,湖南,我们不会忘记[心][心]
走小xx爱生活,Sun Apr 26 22:49:37 +0800 2020,黑龙江,记得您
粘牙芒果vs倔强大葱,Sun Apr 26 22:48:22 +0800 2020,上海,巨匠脊梁，国士无双[蜡烛][蜡烛]，国家不会忘记，人民不会忘记
请叫我股神yeah,Sun Apr 26 22:48:10 +0800 2020,山东,祖国和人民永远记得您，永远！！！
ye叶小妞,Sun Apr 26 22:47:01 +0800 2020,其他,永远铭记
长耳朵浅浅的,Sun Apr 26 22:46:42 +0800 2020,浙江,永远记得你啊[悲伤]
brantliang,Sun Apr 26 22:45:00 +0800 2020,广东,希望以后每年的7月29日能为您做点什么[心]
勃勃生机的嫩芽,Sun Apr 26 22:44:52 +0800 2020,广东,建议建立一个国家忠烈祠，里面供奉邓稼先等同样为国献身的英烈们。
若梦小师妹,Sun Apr 26 22:44:27 +0800 2020,江西,记得
黑焦的牛排,Sun Apr 26 22:43:48 +0800 2020,四川,只要国家在民族在就永远都会记得
cat0727_sg5,Sun Apr 26 22:43:25 +0800 2020,北京,永远都会[作揖]记得那片我的父辈们奋斗过的土地和一起工作的人群[拳头]
麦粹尔烘焙罗志安,Sun Apr 26 22:42:31 +0800 2020,其他,祖国和人民永远记得
飞天小屁猪靓靓,Sun Apr 26 22:42:18 +0800 2020,北京,人民英雄永垂不朽
那谁家那小谁哇,Sun Apr 26 22:41:32 +0800 2020,湖北,当然会记的！也必须记得！
慕思以萱,Sun Apr 26 22:41:29 +0800 2020,海南,致敬英雄，永远铭记，不敢忘记。
评论已删,Sun Apr 26 22:40:21 +0800 2020,台湾,千古人物
静距离ALL,Sun Apr 26 22:40:13 +0800 2020,其他,感动，我们现在的和平来之不易。
我是淳,Sun Apr 26 22:39:58 +0800 2020,广东,我会叫我的小孩永远记得！
十年初心_静·佛,Sun Apr 26 22:39:32 +0800 2020,其他,祖国和人民永远不会忘记你们
Miracle清欢,Sun Apr 26 22:38:54 +0800 2020,辽宁,会的会的，历史会记得。如果历史不记得了，至少我会记得，我会教育我的下一代，教育以后的孩子们……
yinhaitao83133,Sun Apr 26 22:38:36 +0800 2020,湖北,这是我们民族永远值得记住的！[鲜花]
蒋淑婷是个理想主义者呀,Sun Apr 26 22:38:31 +0800 2020,广西,永远记得的[泪]
躺在摇摇椅上晒太阳,Sun Apr 26 22:37:56 +0800 2020,其他,民族之魂，永垂不朽[鲜花]
荆襄子楠,Sun Apr 26 22:37:38 +0800 2020,湖北,国之脊梁[作揖]#我为社会主义核心价值观代言#
风使劲往我脸上拍呀,Sun Apr 26 22:36:46 +0800 2020,湖北,您永垂不朽[心]
青青草2340508621,Sun Apr 26 22:36:41 +0800 2020,北京,永远记得[鲜花][鲜花][鲜花]
回不去的旧时光1209,Sun Apr 26 22:36:25 +0800 2020,河南,永远铭记
东篱采菊1982,Sun Apr 26 22:36:18 +0800 2020,天津,永远铭记于心，您是共和国的英雄
星空里的一点微光,Sun Apr 26 22:35:47 +0800 2020,山东,国家和人民永远铭记[心] 今日的中国，国泰民安，强盛富足，请您放心
loveandpeacer,Sun Apr 26 22:34:57 +0800 2020,甘肃,绝不会忘[泪]
虎经叫兔更儿更儿更儿,Sun Apr 26 22:34:49 +0800 2020,北京,记得，永远记得！我会让我的女儿一直记得。
小强已被占用,Sun Apr 26 22:34:00 +0800 2020,四川,300年都会的。
M机械师,Sun Apr 26 22:33:40 +0800 2020,甘肃,@M机械师: 电影《横空出世》中的经典台词： 搞出原子弹，挺直腰杆子！ 为毛主席争光，为人民立功！
见贤思齐3749,Sun Apr 26 22:33:23 +0800 2020,天津,祖国和人民永远不会忘记您们
别把别人当sb,Sun Apr 26 22:32:15 +0800 2020,其他,名垂青史，怎会忘怀[心]
凡士林FantasyLin,Sun Apr 26 22:32:11 +0800 2020,上海,转发微博
乱云飞度我自从容,Sun Apr 26 22:32:01 +0800 2020,山东,将军坟前无人问，戏子烂事天下知，莫名的难过，哎！~眼泪止不住，致敬邓老。
封翊梨,Sun Apr 26 22:31:41 +0800 2020,其他,会
窝米兔,Sun Apr 26 22:31:19 +0800 2020,其他,这个国家和民族永远都不会忘记！谢谢你，民族脊梁！
望川秋水00907,Sun Apr 26 22:30:34 +0800 2020,上海,我记得您[泪][泪]
万语默,Sun Apr 26 22:30:28 +0800 2020,甘肃,永远记得，永远怀念。
中石油海洋哥,Sun Apr 26 22:29:41 +0800 2020,其他,会的 永远不会忘记
涛声依旧YLD,Sun Apr 26 22:28:57 +0800 2020,山西,你永远活在亿万人民的心中！
羯陵伽罗,Sun Apr 26 22:28:18 +0800 2020,其他,转发微博
明月照大江123456,Sun Apr 26 22:28:03 +0800 2020,其他,留取丹心照汗青！
月江的松脆饼,Sun Apr 26 22:27:52 +0800 2020,海南,永远记得
深深的搓澡巾,Sun Apr 26 22:26:42 +0800 2020,黑龙江,《横空出世》
努力0轻松,Sun Apr 26 22:26:15 +0800 2020,河南,这个党存在，就会有你的名字。
freedom08664,Sun Apr 26 22:26:05 +0800 2020,其他,记得[蜡烛]
窝稀饭窝,Sun Apr 26 22:25:42 +0800 2020,其他,记得，谢谢您们[心]
jiaxuan999,Sun Apr 26 22:25:40 +0800 2020,北京,[心][心][心][心][心]永远记得。在中国🇨🇳人民的心里。
乡丽心语,Sun Apr 26 22:25:36 +0800 2020,北京,永远记得，而且记忆越来越深刻[心][心][心]
一枚海棠酥,Sun Apr 26 22:25:32 +0800 2020,其他,永远不会忘记
要当开心的萌小奇,Sun Apr 26 22:24:20 +0800 2020,山东,永远记得
老创的围脖,Sun Apr 26 22:24:09 +0800 2020,福建,记得
xj901,Sun Apr 26 22:23:15 +0800 2020,其他,永远永远永远永远永远永远记得您！
乾坤大挪移之凌波微步,Sun Apr 26 22:22:41 +0800 2020,河南,人民不应忘记，人民也一定不会忘记！
滚泥坑的仙贝君,Sun Apr 26 22:22:22 +0800 2020,江苏,回复@正月初六日:祖国，人民，历史书都不会忘记[心]
阿里_32680,Sun Apr 26 22:21:43 +0800 2020,北京,中国人民永远记住你！忘不了！忘不了！
大圣也做个俗人,Sun Apr 26 22:19:45 +0800 2020,北京,记得，忘不了
马里努阿史宾格,Sun Apr 26 22:19:14 +0800 2020,北京,祖国不会忘记 人民不会忘记
Vanessaitalia,Sun Apr 26 22:19:04 +0800 2020,其他,永远怀念您！[蜡烛][蜡烛][蜡烛]
ineveryday,Sun Apr 26 22:18:37 +0800 2020,北京,记得啊，怎么会忘？不管今天多少有名有利有成就有地位的人，我对孩子排名最值得敬佩牢记的人就是您和钱学森先生等那些在国家最困难时撑起中华民族脊梁的人，记得，永志难忘
漠南望,Sun Apr 26 22:18:06 +0800 2020,其他,当然会记住了！如果没有原子弹，这次新冠早被欧美国家揍了。
Z5Z_niuniu0110,Sun Apr 26 22:17:54 +0800 2020,北京,英雄国士[熊猫]
谷子高粱玉米,Sun Apr 26 22:17:26 +0800 2020,其他,永远记得
独孤__风小影,Sun Apr 26 22:17:06 +0800 2020,北京,人们永远不会忘记 总会有人记得 记忆随生命一起传承 英雄的故事经久不衰∠(｀ω´*)
媛儿哥哥,Sun Apr 26 22:16:44 +0800 2020,北京,记得，要永远记得
平常心一直在_03,Sun Apr 26 22:16:04 +0800 2020,河南,永远记得！
ineveryday,Sun Apr 26 22:12:10 +0800 2020,北京,记得，超越所有更替，记得您
cdhln888,Sun Apr 26 22:12:01 +0800 2020,北京,[心]
MS0214,Sun Apr 26 22:11:48 +0800 2020,北京,永远记得
I漫游者,Sun Apr 26 22:11:05 +0800 2020,其他,永不忘先辈
Rick西瓜,Sun Apr 26 22:10:51 +0800 2020,北京,永远记得
臭屁火大熊,Sun Apr 26 22:10:40 +0800 2020,其他,我们永远记得住您！
Indicanner,Sun Apr 26 22:10:20 +0800 2020,四川,记得[泪][泪][泪][蜡烛][蜡烛][蜡烛]
肥喵喵爱啃鱼,Sun Apr 26 22:09:26 +0800 2020,江苏,会的，将来我孩子也会记得
不闲云非野鹤,Sun Apr 26 22:09:18 +0800 2020,江苏,记得[拳头]
i困的小小蔡,Sun Apr 26 22:07:06 +0800 2020,广东,看哭了[泪]，我现在回答你，会，肯定会，而且还永远铭记于心[心]
crastinus99,Sun Apr 26 22:06:39 +0800 2020,其他,马兰花开，始终记得[心]
luck_东方2,Sun Apr 26 22:06:01 +0800 2020,其他,祖国不会忘记，人民不会忘记
北海白鸥,Sun Apr 26 22:05:52 +0800 2020,浙江,铭记永远！[蜡烛][good][good][good]
霸王龙小飞,Sun Apr 26 22:05:31 +0800 2020,江苏,名垂青史，光耀九州。
刘佳卓1993,Sun Apr 26 22:05:28 +0800 2020,河南,当然记得 一个让我们挺直腰杆子 的 不让我们受欺负的 英雄[赞][赞]
风从来就没有停过,Sun Apr 26 22:04:51 +0800 2020,河南,永远不会忘记[泪]
请叫我小鲤,Sun Apr 26 22:04:34 +0800 2020,重庆,永远记得
眠藕,Sun Apr 26 22:03:47 +0800 2020,江西,会啊！！永远记得
不吃青椒的林先森,Sun Apr 26 22:03:17 +0800 2020,广东,国家脊梁，人民不会忘记你！
铭记理解,Sun Apr 26 22:03:10 +0800 2020,江苏,每一个中国人都记得你[心]
贤的henecia,Sun Apr 26 22:02:07 +0800 2020,山西,永远记得
Liao小懒,Sun Apr 26 22:00:11 +0800 2020,新疆,记得，记得，记得！
o0细雨微烟0o,Sun Apr 26 21:59:00 +0800 2020,福建,永远记得！不能忘记！！
大丫口小钻风,Sun Apr 26 21:57:06 +0800 2020,广东,只要这个民族屹立于世界，就没有人会忘了
菲菲tiger,Sun Apr 26 21:55:41 +0800 2020,广东,不曾忘记，不敢忘记，不能忘记
送你冲,Sun Apr 26 21:53:53 +0800 2020,广东,记得！[鲜花]
一席话几年书,Sun Apr 26 21:53:44 +0800 2020,广东,祖国不会忘记，人民不会忘记，不会，永远不会的！
清风明月醉酒眠,Sun Apr 26 21:51:07 +0800 2020,其他,[爱你][爱你][爱你]永远记得你。你就是共和国星河里最亮的星星⭐️呀[心][心][心]感谢有你，庆幸有你，才有了今天。
天上地下绝世无敌可爱小嗲精,Sun Apr 26 21:50:45 +0800 2020,江苏,不仅30年，会永远记得[爱你]
最喜欢Alice老师,Sun Apr 26 21:50:23 +0800 2020,四川,@jhju_oo [泪]
MicherCheu,Sun Apr 26 21:50:12 +0800 2020,其他,邓老是真正的民族英雄，我们后辈永不忘！
花正颜,Sun Apr 26 21:49:58 +0800 2020,天津,感谢有这样的人们，我们今天才能活得如此平静
四肢不勤五谷不分吗,Sun Apr 26 21:49:14 +0800 2020,其他,永远不会忘记！！！
水之遁甲,Sun Apr 26 21:49:00 +0800 2020,北京,永远记得！
绝世玉树555,Sun Apr 26 21:48:07 +0800 2020,上海,[太阳][月亮]🎄⚡[格鲁特]
VictoriaJustice酷猪国际后援会,Sun Apr 26 21:47:47 +0800 2020,上海,永远不会忘却
简单平淡是福,Sun Apr 26 21:47:25 +0800 2020,广西,世世代代铭记！
巴丁猫,Sun Apr 26 21:46:24 +0800 2020,广东,您是共和国的功臣，我们都记在心里
小李探花226,Sun Apr 26 21:45:20 +0800 2020,山东,还有多少人记得英雄，记得老前辈，哎！
M3成,Sun Apr 26 21:44:54 +0800 2020,海南,祖国和人民永远记得为国奉献的人。
不近女色贝老板,Sun Apr 26 21:44:45 +0800 2020,广东,永远记得[悲伤]
旭日阳刚aaa,Sun Apr 26 21:44:34 +0800 2020,四川,永远记得[蜡烛][蜡烛][蜡烛]共和国的功臣
记忆时空jysk,Sun Apr 26 21:44:33 +0800 2020,广东,会的 永远记得
卿远方,Sun Apr 26 21:44:30 +0800 2020,安徽,记得[作揖]  您一直是我们的英雄，国家和人民都感谢您[泪][泪][泪]
酥脆大虾,Sun Apr 26 21:44:26 +0800 2020,其他,我们记得你们
北京中机盛科软件有限公司,Sun Apr 26 21:43:58 +0800 2020,北京,永记先辈！
自律践行向前走,Sun Apr 26 21:43:11 +0800 2020,北京,记得，永远不忘
樱桃粉黛小楠子,Sun Apr 26 21:42:54 +0800 2020,山东,记得住，永远记得您，太扎心了！泪目[泪][泪][泪]
jy5757,Sun Apr 26 21:41:57 +0800 2020,上海,永远
木木_ailin,Sun Apr 26 21:41:28 +0800 2020,北京,[蜡烛]
广西的阿凡,Sun Apr 26 21:41:15 +0800 2020,广西,这才是我们及后辈要记得的明星！
香江狼,Sun Apr 26 21:41:02 +0800 2020,北京,感谢有您！在普渡大学时您的名字几乎每天我都能想到[微笑]
Aaron_Lee824,Sun Apr 26 21:40:23 +0800 2020,山西,不能忘掉啊
亲爱的忒,Sun Apr 26 21:40:01 +0800 2020,山西,永远记得！
琵琶三觉,Sun Apr 26 21:39:51 +0800 2020,其他,记得❤️
水池198201,Sun Apr 26 21:39:44 +0800 2020,广东,我们永远都记住
深蓝的深蓝的蓝,Sun Apr 26 21:38:14 +0800 2020,其他,永远铭记  彪炳史册
wingszht,Sun Apr 26 21:38:03 +0800 2020,重庆,记得，永远记得[泪][泪][泪]
北纬四十一度的焰火,Sun Apr 26 21:37:59 +0800 2020,广西,是你们，让中国人民站起来，不受压迫，我们之所以有现在的和平生活，都是源自你们的付出，向你们致敬！
蝶舞霓裳72,Sun Apr 26 21:37:18 +0800 2020,广东,你们是中国人重新站立起来的元勋，永远记在中国人民心中。
涉水寻汀,Sun Apr 26 21:36:35 +0800 2020,四川,现在的我们，似乎仍然无法培养自己的科研人才[悲伤]
到底要变成熊猫还是考拉,Sun Apr 26 21:36:35 +0800 2020,广东,[鲜花]
好美一条鱼,Sun Apr 26 21:36:15 +0800 2020,上海,记得的。//@齐天大圣全被占有了: //@Iai流星狐: 当然记得//@京城吃货日记 :怎么可能不记得呢，没有两弹一星元勋，今年我国可能就被西方列强再度联合入侵了。//@在下黄昏鸟 : //@刘枪枪的猪头三生活 : 邓稼先邓老永在我心。[蜡烛][蜡烛][蜡烛]
hao1817,Sun Apr 26 21:35:37 +0800 2020,上海,家国天下！
最棒的王炎森,Sun Apr 26 21:35:32 +0800 2020,黑龙江,邓佬我们永远会铭记您的
苏幕遮苏苏,Sun Apr 26 21:34:35 +0800 2020,湖北,永远记得，守护国家和人民的英雄
唯月安,Sun Apr 26 21:34:25 +0800 2020,湖北,永远铭记
爱晒太阳的猫猫喵,Sun Apr 26 21:33:42 +0800 2020,其他,永远记得你们[给你小心心]
童蛮子·,Sun Apr 26 21:33:32 +0800 2020,四川,三百年都会记得。
玖歌久安,Sun Apr 26 21:33:26 +0800 2020,山东,绝不会忘
进销存软件-云ERP,Sun Apr 26 21:33:21 +0800 2020,北京,//@刘枪枪的猪头三生活: 邓稼先邓老永在我心。[蜡烛][蜡烛][蜡烛]
风Zhi幻想,Sun Apr 26 21:33:14 +0800 2020,湖南,永远记得，一个80后
谁有乾坤圈,Sun Apr 26 21:32:55 +0800 2020,其他,不敢忘记。
兰妮儿张,Sun Apr 26 21:32:42 +0800 2020,北京,永远会记得！[鲜花][鲜花][鲜花][鲜花][鲜花]
PureStarlight521,Sun Apr 26 21:31:54 +0800 2020,北京,不废江河万古流!
石库门的花,Sun Apr 26 21:31:51 +0800 2020,江苏,国之重器，邓公稼先[蜡烛]
卡子哥恰个汉堡8_,Sun Apr 26 21:31:06 +0800 2020,其他,[赞][赞][赞]
SGao嵩,Sun Apr 26 21:31:04 +0800 2020,北京,永远怀念你。
YYJoseC,Sun Apr 26 21:31:01 +0800 2020,江苏,太伟大了，永远铭记
奕叶子勇敢,Sun Apr 26 21:30:17 +0800 2020,广东,祖国和人民永远记得你们怀念你们
风中漂泊的云n,Sun Apr 26 21:29:47 +0800 2020,山东,永远记得[心]
谢魏nick,Sun Apr 26 21:29:06 +0800 2020,四川,[泪][泪][泪]
一叶轻舟_FM925,Sun Apr 26 21:28:52 +0800 2020,江苏,[微笑][心]
hello二姑娘,Sun Apr 26 21:28:22 +0800 2020,天津,记得
价值投资人Roy,Sun Apr 26 21:27:50 +0800 2020,浙江,我记得，女儿我也要让她记得。
春粒秋籽,Sun Apr 26 21:27:42 +0800 2020,湖北,记得，不会忘记的。
你饿不饿我叫个外卖给你吃,Sun Apr 26 21:27:22 +0800 2020,上海,[泪][泪][泪][泪]
爱吃喜欢的猫头鹰,Sun Apr 26 21:27:15 +0800 2020,其他,永远会记得[泪][泪]
前方一英里,Sun Apr 26 21:26:45 +0800 2020,其他,转发微博
嗑糖cp专用号,Sun Apr 26 21:26:28 +0800 2020,其他,永远铭记
仙人掌果实1,Sun Apr 26 21:26:26 +0800 2020,陕西,不能忘，不敢忘。
峨嵋峰_,Sun Apr 26 21:26:10 +0800 2020,浙江,没有邓先生，帝国主义的炮弹早就打过来了，民族英雄
Adrian____,Sun Apr 26 21:26:09 +0800 2020,浙江,“希希，这个比你的命还重要。”“我懂。”
wood_duan,Sun Apr 26 21:25:39 +0800 2020,江苏,永不忘记[心][心]
路灯组预备组长,Sun Apr 26 21:25:35 +0800 2020,广西,会一直记住你们[心]
风中的无脚鸟a,Sun Apr 26 21:25:30 +0800 2020,广东,转发微博
阿喔牛,Sun Apr 26 21:24:58 +0800 2020,浙江,共和国脊梁！
K橘子momoqq卷,Sun Apr 26 21:24:56 +0800 2020,浙江,记得，我们都会记得
道德的化身吃货的代表,Sun Apr 26 21:24:40 +0800 2020,其他,永远记得你[心]
杰西卡卡的Jasmine,Sun Apr 26 21:23:54 +0800 2020,上海,记得[悲伤]
刚才有事,Sun Apr 26 21:23:14 +0800 2020,河南,中国人民真正站起来，是拥有核武器和导弹之后。
堂吉诃德2019,Sun Apr 26 21:22:57 +0800 2020,吉林,[跪了]
小红指甲盖,Sun Apr 26 21:22:26 +0800 2020,其他,不会忘记[心]
桃xx道道,Sun Apr 26 21:22:25 +0800 2020,辽宁,我的眼泪阿
人闲鹤野,Sun Apr 26 21:21:56 +0800 2020,北京,名垂千古
三十而立20181227,Sun Apr 26 21:21:44 +0800 2020,江苏,永世难忘！
悦悦悦2333_,Sun Apr 26 21:21:20 +0800 2020,河北,一直记得您啊[心]
蝉鸣的夏季我想遇见你_,Sun Apr 26 21:21:01 +0800 2020,其他,"为什么我的眼里常含泪水,因为我对这片土地爱得深沉——艾青"
一片冰心在玉壶_天津,Sun Apr 26 21:20:15 +0800 2020,天津,看了这么多评论和留言，我觉得有这些人在，我们的民族永远不会沉沦，一定会一次次的崛起，百折不挠，永远向上！
萱婧宝贝,Sun Apr 26 21:20:03 +0800 2020,浙江,永远记得
减肥不了熊猫,Sun Apr 26 21:19:51 +0800 2020,北京,国之栋梁
别把奶虎不当虎,Sun Apr 26 21:19:26 +0800 2020,其他,[给你小心心]记得
铝土矿里的吕黎梓,Sun Apr 26 21:19:03 +0800 2020,辽宁,一定会的，永远会的[泪][泪][泪]
明_日_月,Sun Apr 26 21:18:46 +0800 2020,山东,不仅记得还深入人心[心]
一片冰心在玉壶_天津,Sun Apr 26 21:18:23 +0800 2020,天津,我们永远记得您，邓稼先前辈！
清音云中来,Sun Apr 26 21:17:28 +0800 2020,其他,绝不会忘！邓稼先学生和他的同行者们的功绩，永远铭记在史册里，镌刻在我们的传承里！
格瓦拉在洗碗,Sun Apr 26 21:17:03 +0800 2020,上海,感谢千千万万邓稼先这样的先辈，[蜡烛]
喂开心不开心开不开心,Sun Apr 26 21:16:38 +0800 2020,河北,目前就一百多点评论转发四百多赞
山海无言,Sun Apr 26 21:16:35 +0800 2020,河南,永远缅怀
12345zq,Sun Apr 26 21:15:56 +0800 2020,湖北,[泪][心][心][心]
efjkt,Sun Apr 26 21:15:12 +0800 2020,其他,[作揖]
cjsnl,Sun Apr 26 21:14:52 +0800 2020,辽宁,会永远记得！
mke2000,Sun Apr 26 21:14:48 +0800 2020,上海,会的
南瓜团_uv9,Sun Apr 26 21:14:13 +0800 2020,浙江,国之脊梁，岁月永存！[good]
普渡嘟嘟,Sun Apr 26 21:13:14 +0800 2020,北京,祖国和人民永远记得你
Simple4560,Sun Apr 26 21:13:13 +0800 2020,广东,你是新中国的脊梁骨，我们永远记得。
LWSHU,Sun Apr 26 21:12:29 +0800 2020,广东,祖国永远不会忘记你！
流云涛影的空间,Sun Apr 26 21:12:03 +0800 2020,广东,没忘，也忘不了[泪]
爱奥尼亚的欧洲之盾-1565,Sun Apr 26 21:11:52 +0800 2020,广西,[蜡烛][蜡烛][蜡烛]
瓦胖不喝奶茶,Sun Apr 26 21:11:24 +0800 2020,贵州,永远记得啊
蓝色之夏19C,Sun Apr 26 21:10:52 +0800 2020,安徽,不会忘，人民会永远记住那些为人民拼过命的人
斗战胜佛夏夕空,Sun Apr 26 21:10:04 +0800 2020,其他,永远记得！[悲伤][悲伤][悲伤]
苟富贵13656,Sun Apr 26 21:09:39 +0800 2020,其他,300年后都记得
闲隐东窗读西厢,Sun Apr 26 21:09:34 +0800 2020,其他,想起了班长史今
一串U啊,Sun Apr 26 21:09:10 +0800 2020,浙江,永远记得[心]
雨守尘年,Sun Apr 26 21:09:06 +0800 2020,其他,祖国和人民绝对会记住你们[泪][心]
森焱yuanS,Sun Apr 26 21:08:58 +0800 2020,北京,不会忘
圓又圓额汤圓,Sun Apr 26 21:08:44 +0800 2020,上海,🙏会
还要再读8年书,Sun Apr 26 21:08:32 +0800 2020,其他,山知道我，江河知道我。祖国不会忘记，不会忘记我。[心]
焦煤小队张,Sun Apr 26 21:07:10 +0800 2020,其他,永远记住
张张泽娜,Sun Apr 26 21:04:10 +0800 2020,广东,[悲伤][悲伤][悲伤][悲伤]感谢有你们。
天马行空的那谁,Sun Apr 26 21:03:49 +0800 2020,其他,记着呢
清黎鹭,Sun Apr 26 21:03:37 +0800 2020,其他,[good][good]
周县长我们去抓水母吧,Sun Apr 26 21:02:46 +0800 2020,广东,[蜡烛][蜡烛]
事出反常即为妖,Sun Apr 26 21:02:17 +0800 2020,辽宁,永远不会忘记，铭记于心！[心][心][心]
好好珍惜大海一角,Sun Apr 26 20:58:21 +0800 2020,黑龙江,永远记得
平淡無奇的燈籠,Sun Apr 26 20:57:44 +0800 2020,贵州,[失望][感冒][悲伤]
睡神4号,Sun Apr 26 20:57:37 +0800 2020,浙江,记得
不梗不梗,Sun Apr 26 20:57:23 +0800 2020,广东,史册永不褪色！
May6161,Sun Apr 26 20:55:43 +0800 2020,广西,我们永远怀念你
愚人节改了个昵称,Sun Apr 26 20:54:31 +0800 2020,广东,永远记得[心]
庄周门下客,Sun Apr 26 20:54:27 +0800 2020,其他,祖国和人民永远不会忘记！
哥哥笑容由我守护,Sun Apr 26 20:52:42 +0800 2020,其他,永远[泪][泪][泪]
南非拖拉机驾驶学员,Sun Apr 26 20:52:34 +0800 2020,其他,祖国将永远记得那些忠于祖国的人
琅琊妈妈27419,Sun Apr 26 20:51:54 +0800 2020,其他,世世代代铭记！[泪]
bio-q,Sun Apr 26 20:50:24 +0800 2020,浙江,民族英雄，永垂不朽！
袖子拌豆腐i,Sun Apr 26 20:50:02 +0800 2020,浙江,害，一百年后也应当记得。不然现在早就被打击了，
未曾读书,Sun Apr 26 20:48:24 +0800 2020,北京,缅怀邓老，您永远活在我们心中，致敬
那年天正蓝,Sun Apr 26 20:48:08 +0800 2020,江苏,一直记得[心]
高慧之音,Sun Apr 26 20:47:58 +0800 2020,其他,永远铭记
等秋来candy,Sun Apr 26 20:44:35 +0800 2020,河南,会的[给你小心心][给你小心心]
苍又嘉错,Sun Apr 26 20:42:49 +0800 2020,广西,永远铭记于心[心][心][心]
笑·商,Sun Apr 26 20:42:06 +0800 2020,其他,永不忘记。
青丘来客,Sun Apr 26 20:41:58 +0800 2020,上海,记得🙏一直记得[鲜花]
一根筋Lin,Sun Apr 26 20:41:55 +0800 2020,湖南,记得的都记得[拳头][拳头][拳头]
幸福满足35347,Sun Apr 26 20:41:40 +0800 2020,其他,邓老，中国人民永远也不会忘记您！
歼20轰20直20运20二零家族,Sun Apr 26 20:41:24 +0800 2020,其他,永不会忘，不管是百年还是千年！
嘛米嘛米轰隆隆,Sun Apr 26 20:41:16 +0800 2020,江苏,谢谢您，因为您和其他无数个为了国家付出一生的人，才让我们国家在又一个庚子年，再也不怕其他国家对我们提出的“庚子赔款”，我们永远不会忘记您。
wonderful浪花,Sun Apr 26 20:41:13 +0800 2020,其他,记得永远记得，英雄
蓝莓草幽香,Sun Apr 26 20:40:28 +0800 2020,其他,当然记得[悲伤][悲伤][悲伤]
零吾贰弟,Sun Apr 26 20:39:35 +0800 2020,湖北,永远铭记！
我是我的我呀呀,Sun Apr 26 20:39:06 +0800 2020,山东,我们记得您[心]世世代代都会记得您
动物园里没大象,Sun Apr 26 20:38:33 +0800 2020,云南,共和国的脊梁[拳头]
用户愿善良永存,Sun Apr 26 20:37:40 +0800 2020,其他,记得！国之栋梁啊！两弹一星太争气了！[泪][中国赞][中国赞][中国赞]
老猫老琪,Sun Apr 26 20:36:21 +0800 2020,其他,记得[鲜花]
墨迹之行2,Sun Apr 26 20:36:04 +0800 2020,湖南,永志不忘！伟大的民族英雄，伟大的人民科学家，有了你们，才有我们的和平安宁！[泪][泪][泪][泪]
凌耐,Sun Apr 26 20:34:48 +0800 2020,广东,谢谢你们。
繁花落百世,Sun Apr 26 20:34:45 +0800 2020,广东,名垂青史！
亙古辛未,Sun Apr 26 20:33:48 +0800 2020,四川,民族功臣，[中国赞][心]
咖啡煮甜橙,Sun Apr 26 20:33:39 +0800 2020,河北,耗尽心血、义无反顾，老科学家的精神着实令人震憾
淇水畔人,Sun Apr 26 20:33:39 +0800 2020,河南,[心]记得
见证历史-川四熔,Sun Apr 26 20:33:29 +0800 2020,广东,永远记得！
Sungazing,Sun Apr 26 20:33:16 +0800 2020,上海,引用唐诗：“天下谁人不识君。”[鲜花][鲜花]
爱高达的小狐狸,Sun Apr 26 20:33:11 +0800 2020,其他,记得，人民英雄永垂不朽
zhuhong1201,Sun Apr 26 20:32:14 +0800 2020,其他,永远记得您
杨是洋我,Sun Apr 26 20:31:52 +0800 2020,江西,永远会记得啊
市场没有新鲜事,Sun Apr 26 20:31:38 +0800 2020,上海,没有当初的他们，就没有现在的我们
戎馬書生201901,Sun Apr 26 20:31:04 +0800 2020,北京,永远都记得
港台250,Sun Apr 26 20:31:03 +0800 2020,广东,永远都记得，感恩有您
儿子要考高中了,Sun Apr 26 20:30:46 +0800 2020,山东,当然
正月初六日,Sun Apr 26 20:30:31 +0800 2020,其他,为人民做出贡献的仁人志士、民族脊梁，人民永远怀念，不会忘记！ 致敬！
平淡无奇却是真,Sun Apr 26 20:30:21 +0800 2020,四川,祖国不会忘记
卫崽mama,Sun Apr 26 20:30:15 +0800 2020,其他,永远铭记！
迪力盐巴,Sun Apr 26 20:30:09 +0800 2020,台湾,民族脊梁！
wspp001AA,Sun Apr 26 20:29:48 +0800 2020,河南,中华民族永远不会忘记你，邓老[蜡烛][蜡烛][蜡烛]
翩跹于飞,Sun Apr 26 20:29:46 +0800 2020,河北,记得
红尘炼影,Sun Apr 26 20:29:19 +0800 2020,其他,中华民族的英雄
HLDN2011,Sun Apr 26 20:28:49 +0800 2020,香港,记得！永远记得！怎能忘却？！🙏🙏🙏
ichinawolf,Sun Apr 26 20:28:49 +0800 2020,上海,假如逝去的邓老及其他为共和国做出过杰出贡献的老人们看到当今的祖国，应可以欣慰！……
喝可乐恰鸡翅,Sun Apr 26 20:28:36 +0800 2020,北京,祖国不会忘记，不会忘记我
奔跑的云啊,Sun Apr 26 20:28:32 +0800 2020,广西,记得
三十一楼藤藤菜,Sun Apr 26 20:28:30 +0800 2020,其他,记得[给你小心心]
绝知此事要躬行i,Sun Apr 26 20:28:29 +0800 2020,黑龙江,我有国士，天下无双！
是谓玄牝,Sun Apr 26 20:28:22 +0800 2020,其他,我们永远不会忘记！您们的两弹一星精神会永远传递下去！
迪杜寒烟,Sun Apr 26 20:28:16 +0800 2020,其他,记得，还要代代相传，永远怀念。
实在是2019,Sun Apr 26 20:28:08 +0800 2020,其他,载入史册[good]
南岗猕猴桃,Sun Apr 26 20:28:07 +0800 2020,黑龙江,[泪][泪]记得！
亙古辛未,Sun Apr 26 20:28:02 +0800 2020,四川,永远记得，
幼稚园里的加油站,Sun Apr 26 20:27:54 +0800 2020,广东,永远记得！
joaddy章,Sun Apr 26 20:27:53 +0800 2020,北京,永远记得，永远怀念[心]
张对对对对,Sun Apr 26 20:27:52 +0800 2020,其他,记得
红梅小铺,Sun Apr 26 20:27:47 +0800 2020,江苏,不会忘记！
-WEIBEN,Sun Apr 26 20:27:45 +0800 2020,福建,我们不能忘记老一辈为我们奋斗出的现在
雨中飞雁zn,Sun Apr 26 20:27:24 +0800 2020,云南,永不忘记。
雅修爵89420,Sun Apr 26 20:27:09 +0800 2020,其他,记得
神奇动物管理控制司,Sun Apr 26 20:27:01 +0800 2020,其他,我记得[蜡烛]
IWill-Captain,Sun Apr 26 20:27:02 +0800 2020,河北,300年后人们也仍旧记得你们[赞]
虎喵O,Sun Apr 26 20:26:33 +0800 2020,其他,中华儿女将世代铭记老一辈的功劳和精神！不敢忘！不能忘！
小芒呀果果,Sun Apr 26 20:26:24 +0800 2020,山东,永远记得
简爱love1,Sun Apr 26 20:26:22 +0800 2020,广东,永远怀念邓老！
蓝灰色末端,Sun Apr 26 20:26:13 +0800 2020,其他,我们永远铭记邓老！
龙虾吃沙,Sun Apr 26 20:26:01 +0800 2020,湖北,祖国和人民永远不会忘记你们。
咿呀咿呀的丫丫,Sun Apr 26 20:25:29 +0800 2020,其他,记得[为爱发光]
