评论者,评论时间,评论地点,评论内容
苍柩泠,Thu Jun 04 20:30:07 +0800 2020,湖北,女儿都被亲妈打了诶，这当然要举报了
大明湖畔的5千金媽媽,Thu Jun 04 20:29:21 +0800 2020,上海,这女儿干得好！[贊][贊][贊]
全网最不想上班的人,Thu Jun 04 20:14:46 +0800 2020,其他,常年出轨都生孩子了还不离婚？
青岛老爹2013,Thu Jun 04 20:14:17 +0800 2020,山东,这男的，是不是自己儿子不知道？还要女儿举报？
氵擎海潮,Thu Jun 04 20:13:57 +0800 2020,其他,反腐力度真大，孩子都参与了，真是头顶一片绿
执筆話情,Thu Jun 04 20:13:12 +0800 2020,其他,无语了
Coisini白鹭47,Thu Jun 04 20:12:29 +0800 2020,山东,这女人也配为人母？说没必要举报的什么鬼
一刹星河,Thu Jun 04 20:11:45 +0800 2020,天津,真的是啥事都有
SCHuNS,Thu Jun 04 20:11:42 +0800 2020,浙江,😂大义灭亲
卢小阿,Thu Jun 04 20:10:38 +0800 2020,湖北,虽然但是，没必要举报吧
HYH吴情,Thu Jun 04 20:09:53 +0800 2020,湖北,大义灭亲
安不伊,Thu Jun 04 20:09:19 +0800 2020,北京,影响到了家庭地位了[笑cry]
