评论者,评论时间,评论地点,评论内容
给您一个大土豆,Wed Jun 10 16:24:11 +0800 2020,广东,广东不是早有了吗
已经狂化为berserker,Wed Jun 10 16:23:30 +0800 2020,其他,广州可以快点加入吗
wow李小先生,Wed Jun 10 16:22:27 +0800 2020,山东,菏泽？？四线城市加入准一线城市垃圾分类标准？
夜黑92346,Wed Jun 10 16:21:58 +0800 2020,其他,过度包装，资源不回用，是产生城市垃圾的根本原因。
永福fx,Wed Jun 10 16:20:46 +0800 2020,广西,【垃圾分类“朋友圈”再添6地，#年内武汉等10城加入垃圾分类#】桂林的垃圾分类在路上了，你准备好了吗？[话筒]
Zoey不是我我是zoe,Wed Jun 10 16:20:12 +0800 2020,江苏,心累～定点时间扔垃圾，很多邻居都把垃圾就这么放在楼道一夜
别叫我渣女好吗,Wed Jun 10 16:19:17 +0800 2020,其他,以后我的百度记录全是各种垃圾怎么丢[允悲]
尼姑拉死大爷,Wed Jun 10 16:19:14 +0800 2020,江苏,基础设施还没到，配套又不完善，制度好处也未宣传到位，做事请不要急
画稿规界,Wed Jun 10 16:17:07 +0800 2020,江西,江西也想加入，就是带不动。。。
myrules202004,Wed Jun 10 16:17:02 +0800 2020,北京,北京现在都没推广起来，其他地方不看好
沙雕网友洪小仙,Wed Jun 10 16:13:47 +0800 2020,上海,那些说一起拉走的？怕是眼睛有点问题
翻过山峰看到玺欢的李,Wed Jun 10 16:13:10 +0800 2020,湖北,完蛋，我怕我到时候连东西都不想吃了[允悲]
无敌小镇镇无敌,Wed Jun 10 16:10:51 +0800 2020,北京,北京还没有完全开始好不
周淑怡没有胸201902,Wed Jun 10 16:10:46 +0800 2020,其他,转发微博
幸运的luckier,Wed Jun 10 16:10:14 +0800 2020,其他,菏泽是疯了吗[允悲]
一碗米饭耶,Wed Jun 10 16:08:59 +0800 2020,广西,求大南宁退出队伍[悲伤]，我不会呀
G_guoguo追月,Wed Jun 10 16:08:37 +0800 2020,广东,江门垃圾分类了？
正则_,Wed Jun 10 16:08:36 +0800 2020,北京,我说 先把垃圾丢到垃圾桶里 做第一步吧
都是大韭菜,Wed Jun 10 16:08:18 +0800 2020,北京,夏天到了，小区门口厨余垃圾桶臭的要死。
悠雪羽翼senery,Wed Jun 10 16:08:06 +0800 2020,四川,我们小区前几天拉来的分类垃圾箱又没了，太原的，喊的声音挺高
_向阳_花,Wed Jun 10 16:04:36 +0800 2020,广东,@Kita_Liang @Yam_mao
土豆白马公主,Wed Jun 10 16:04:24 +0800 2020,其他,乌鲁木齐就别了
yellowfour7,Wed Jun 10 16:01:27 +0800 2020,辽宁,19年的时候说泰安要垃圾分类，我放寒假走的时候还没分类呢[doge]
灵川fx,Wed Jun 10 16:00:23 +0800 2020,广西,【垃圾分类“朋友圈”再添6地，#年内武汉等10城加入垃圾分类#】桂林的垃圾分类在路上了，你准备好了吗？[话筒]
胖达小么,Wed Jun 10 15:59:03 +0800 2020,山东,宣传教育还没开始呢，各类垃圾桶也没有。。。。
月亮5657968013,Wed Jun 10 15:58:26 +0800 2020,湖北,我希望每个社区都有一个装医疗的垃圾箱。痰吐在纸上用袋子包住和口罩一起丢在一个专用垃圾箱里。垃圾箱带锁，只有处理医疗垃圾的人才可以打开。
合肥房天下,Wed Jun 10 15:56:36 +0800 2020,安徽,【垃圾分类“朋友圈”再添6地，#年内武汉等10城加入垃圾分类#】据住建部规划，到2020年底，先行先试的46个重点城市基本建成垃圾分类处理系统，其他地级城市实现公共机构生活垃圾分类全覆盖
体重两位数的胖仙女姐姐,Wed Jun 10 15:54:39 +0800 2020,其他,@锦鲤收纳盒 恭喜恭喜
阿嚏嚏嚏嚏嚏嚏嚏嚏嚏嚏嚏,Wed Jun 10 15:54:29 +0800 2020,陕西,陕西垃圾分类政策出来后也没人管，
奔跑果果,Wed Jun 10 15:54:25 +0800 2020,福建,这个就跟说说一阵风一样。。。那个垃圾车过来都是统一收了。。哪还有分类。分类的目的是为了处理的时候也分类处理，最后处理垃圾还是统一处理，前期居民的分类工作都是白做
啊改什么呢,Wed Jun 10 15:53:43 +0800 2020,其他,苏州这里好像并没有什么作为..只是宣传
早起的人叫Kingsley,Wed Jun 10 15:50:41 +0800 2020,广东,深深感觉也没有呀   小区还是一个垃圾桶
兜兜装着糖,Wed Jun 10 15:47:16 +0800 2020,山东,还没学会走，就想学会跑？
李瑞娜-,Wed Jun 10 15:45:35 +0800 2020,山东,菏泽？真的假的
沁lzhym君颜,Wed Jun 10 15:44:15 +0800 2020,山东,我的妈耶，菏泽上榜？[笑而不语]不能吧。。。。
張睿Gem,Wed Jun 10 15:43:23 +0800 2020,四川,感觉垃圾分类在成都很难实施。。
Hey你要跳舞吗,Wed Jun 10 15:43:04 +0800 2020,广东,地标广州天河，分类垃圾，分了那么久，结果只是不能在后楼道扔垃圾了而已[摊手]
短腿的Lisa·J,Wed Jun 10 15:40:29 +0800 2020,其他,德州？？？我咋不知道
莱美大药房,Wed Jun 10 15:40:13 +0800 2020,其他,#年内武汉等10城加入垃圾分类# [doge]这个操作很有意义啊
我只想做个小锦鲤,Wed Jun 10 15:39:14 +0800 2020,黑龙江,我大哈尔滨终于来了
几犀利啊,Wed Jun 10 15:35:50 +0800 2020,其他,武汉？到处是一次性餐具[允悲]
是言笑吖,Wed Jun 10 15:35:15 +0800 2020,其他,山西只有微博上分类了...
茱萸郎,Wed Jun 10 15:33:40 +0800 2020,江苏,不要把收垃圾的赶走就好，让他们能进来收废品比这好
锅包肉天才丶,Wed Jun 10 15:33:19 +0800 2020,江苏,捐赠的市长要开始发挥作用了[小黄人得意][小黄人得意]
亦水93,Wed Jun 10 15:30:37 +0800 2020,山东,要分全国一起干，抠抠搜搜的就这几个省[二哈]
国讯环球-国企管理,Wed Jun 10 15:30:15 +0800 2020,北京,转发微博
Makayla128,Wed Jun 10 15:29:44 +0800 2020,上海,上海感觉挺好的，刚开始管控，后面都是自觉行为，提高自身素质，为环保做贡献
豆子是素食者,Wed Jun 10 15:25:33 +0800 2020,山西,山西只是口头说了说
Honey是废柴皮小姐,Wed Jun 10 15:23:10 +0800 2020,其他,[doge]西安都一年了，我的分类垃圾桶从来没排上过用场
西树么么哒,Wed Jun 10 15:20:56 +0800 2020,山西,山西表示从来没见过
woo长青树,Wed Jun 10 15:18:54 +0800 2020,山东,菏泽？我笑了
就叫小熊ba,Wed Jun 10 15:15:32 +0800 2020,湖北,等再回武汉上学 就得垃圾分类了吗[允悲]
SheenaTan,Wed Jun 10 15:14:46 +0800 2020,福建,最近天气变化无常，冰川消融，我们应该尽快保护我们的环境，从垃圾分类做起！！
学啊学啊天天向上,Wed Jun 10 15:14:09 +0800 2020,其他,海口？？？
阿狸大姐姐,Wed Jun 10 15:13:06 +0800 2020,上海,我一个月前离开北京的时候，并没有看到垃圾分类这个政策执行，但去年上海是真的强制执行。
土懵土懵傻大姐,Wed Jun 10 15:11:36 +0800 2020,四川,这个内江是我家的内江市的内江吗？
比妍妹瘦的木子,Wed Jun 10 15:11:23 +0800 2020,江苏,@想要叫不气的老李 没有你们啊
中年少女小巫,Wed Jun 10 15:10:30 +0800 2020,湖南,关键是居民分类了，垃圾车来一车拉走了[笑cry][喵喵]
倩-似此星辰,Wed Jun 10 15:09:55 +0800 2020,山东,？？？菏泽
阳仔就是黄大仙-,Wed Jun 10 15:09:31 +0800 2020,湖北,要是都和日本学，环境就好了
国讯环球-国企管理,Wed Jun 10 15:08:43 +0800 2020,北京,转发微博
nSSIWI丶,Wed Jun 10 15:08:29 +0800 2020,北京,这边只是减少了投放点集中在一个地方扔，以前下楼就能扔垃圾，现在要绕一段路。。也就方便了工作人员。。。地点广州城中村
爱丽与爱非HHH,Wed Jun 10 15:07:41 +0800 2020,湖北,所以开学我就要垃圾分类吗(武汉)
名字bu要太长像wo这样就好,Wed Jun 10 15:06:27 +0800 2020,陕西,先把垃圾分类链条末端完善后再搞垃圾分类吧。
候鸟的彼岸,Wed Jun 10 15:06:09 +0800 2020,其他,济南这又是害怕被青岛抢了头?
还是叫happy吧,Wed Jun 10 15:05:47 +0800 2020,其他,@你好啊Berry 济南武汉手拉手[爱你][爱你]
笑脸人,Wed Jun 10 15:04:52 +0800 2020,其他,不会吧不会吧[允悲]
在家种花的东南叉,Wed Jun 10 15:04:31 +0800 2020,其他,也许一开始会很难，甚至要十几年，几十年才会有成效，但我们也要坚持做下去，因为做了总比不做好。做了才有改善的可能，不做就永远不会改善
伦伦小公举,Wed Jun 10 15:03:00 +0800 2020,北京,对，我们小区确实要求垃圾分类，五六个垃圾桶，然后一辆垃圾车拉走了
烤黑的草菇,Wed Jun 10 15:02:46 +0800 2020,湖南,麻烦快点 上幼儿园的孩子已经等不及要做垃圾分类了
一杯芝芝莓莓-,Wed Jun 10 15:02:08 +0800 2020,黑龙江,哈尔滨！
danni62013,Wed Jun 10 15:01:23 +0800 2020,湖北,应该进行宣传教育，大家都没有普遍意识，我都不知道垃圾怎么分类。还要加大力度宣传不随地吐痰，扔垃圾，比如罚款，让大家有意识，提高全民卫生意识
亦琛湫,Wed Jun 10 15:01:16 +0800 2020,其他,广州不是挺先进的么？怎么落伍了？
亦琛湫,Wed Jun 10 15:00:11 +0800 2020,其他,省会怎么都不积极了？
听风飘渺,Wed Jun 10 15:00:09 +0800 2020,河南,想要真正控制垃圾，还要从源头到终止每一环节的配合。
CNB48-万梓君,Wed Jun 10 14:59:34 +0800 2020,陕西,执行啊，倒是
小红花吃西瓜,Wed Jun 10 14:59:08 +0800 2020,其他,山西有动静了吗？
听风飘渺,Wed Jun 10 14:59:04 +0800 2020,河南,小区的垃圾桶怪新怪全，也照样没人管理，只要混着放的多了，其他人的分类也没意义了，倒进垃圾车还是一视同仁。
啊哈哈唯一,Wed Jun 10 14:58:56 +0800 2020,其他,@町枝啊 [衰]
米希亚inFrance,Wed Jun 10 14:58:40 +0800 2020,其他,能不能不限制丢垃圾时间， 可以有摄像头监控监督。  规定几个小时时间上班族真的赶不上，家里垃圾堆好多天。
大侠的大虾呀,Wed Jun 10 14:58:37 +0800 2020,其他,在宁波，我倒个垃圾像做贼[跪了][跪了]
jue112,Wed Jun 10 14:58:25 +0800 2020,其他,我们这里垃圾分类终端都没建设好，就已经在处罚未分类垃圾的行为了，那老百姓分好了，最后回收回去还不是和稀泥？这种政绩做来何用！
谁的谁的可爱呐,Wed Jun 10 14:58:25 +0800 2020,山东,菏泽吗？？？哈哈哈哈哈
小安每天都在吃瓜,Wed Jun 10 14:57:01 +0800 2020,辽宁,菏泽？？真的吗？[二哈][二哈][二哈]
西服手空,Wed Jun 10 14:55:40 +0800 2020,天津,没有天津？！
Itooktoyouu,Wed Jun 10 14:55:24 +0800 2020,山东,突然看到菏泽…没想到我们小城市害挺赶潮流的[doge]@G初阳GYZ
永无岛-penny,Wed Jun 10 14:54:08 +0800 2020,其他,雷声大雨点小...希望真的能加强力度落实到位吧
offitself,Wed Jun 10 14:53:53 +0800 2020,江苏,@东云研究所小饭饭 [坏笑]
世外桃源bobi,Wed Jun 10 14:53:03 +0800 2020,天津,能全国统一标准吗？难道以后以后旅游还得攻略当地怎么垃圾分类？@人民日报 @侠客岛 @凤凰网视频
三硝基苯酚1,Wed Jun 10 14:52:09 +0800 2020,山东,德……德州？
甜糯柿饼,Wed Jun 10 14:50:35 +0800 2020,其他,@坤丽呦
小疯子holala,Wed Jun 10 14:50:14 +0800 2020,北京,希望全国统一标准，别光说不练假把式。要做就认真做好，别到时候我们分类了，您最后给混合了
夫子其塔,Wed Jun 10 14:48:53 +0800 2020,其他,山西？山西个屁，山西现在分类的响都没听见，社区还是路上都没有人和宣传，颁布的规定，你大可不必看，因为没有任何用处，毕竟没人分类。（也没人知道分类）
AMo-Lea,Wed Jun 10 14:48:03 +0800 2020,广东,江门垃圾分类，认真的吗  我咋不知道呢
黑也俏--,Wed Jun 10 14:47:58 +0800 2020,安徽,安徽嘞
甜心儿儿ii,Wed Jun 10 14:47:09 +0800 2020,河北,简简单单分分就行了 把有害的 和可回收的分出来 别弄那么精细 头大
啊啊啊啊呀蕾蕾,Wed Jun 10 14:47:01 +0800 2020,安徽,安徽还没有
东风转西,Wed Jun 10 14:46:09 +0800 2020,北京,国民综合素质还未达到
西小望,Wed Jun 10 14:45:44 +0800 2020,其他,@五步抓住彩虹 哈尔滨也要开始垃圾分类啦
Reine_Neige,Wed Jun 10 14:45:36 +0800 2020,陕西,西安已经阵亡 家里现在摆四个垃圾桶[允悲][允悲][允悲]
时光之右手倒影,Wed Jun 10 14:43:59 +0800 2020,其他,我在家里垃圾分类，教孩子垃圾分类，奈何扔垃圾时小区楼下只有湿垃圾桶和其他垃圾桶，看到收垃圾的全部又混倒在一起拉走了，才发现我们分类也无用
Maomao兜里没有糖,Wed Jun 10 14:33:03 +0800 2020,陕西,西安垃圾分类快一年了，但是有什么变化？配套设施没弄好就瞎开始
德立信智能垃圾分类,Wed Jun 10 13:55:27 +0800 2020,广东,转发微博
田野一朵花6,Wed Jun 10 12:39:41 +0800 2020,香港,菏泽？？？认真的吗[允悲]
吃一个糖,Wed Jun 10 12:33:40 +0800 2020,重庆,早上出门看见垃圾箱都装满了，晚上回来还是满的。只喊分类，服务跟不上。
过眼翁-,Wed Jun 10 12:27:42 +0800 2020,其他,西安这半年没啥变化
爱打球的何西,Wed Jun 10 12:17:00 +0800 2020,陕西,哈哈哈西安去年9月实行的，完全没感觉到，大家还是我行我素！
不要相信她031,Wed Jun 10 12:06:26 +0800 2020,重庆,反正我到现在都分不清啥是啥垃圾[笑cry]
柏拉图式正义,Wed Jun 10 11:50:28 +0800 2020,河北,垃圾分类是系统性的工程，居民只是第一环，后边的储存、运输、处理才是更重要的。后边的都没能力做好，只要求老百姓分类，就是形象工程、形式主义。
怪侠一枝没有了,Wed Jun 10 11:47:12 +0800 2020,北京,分个线线，偌大小区就放了8个垃圾桶，早上7-9点扔垃圾，放都放不下，天一热，臭气熏天
小萌鼠80S,Wed Jun 10 11:43:11 +0800 2020,河北,垃圾分类人人有责！
TonyLi0927,Wed Jun 10 11:37:52 +0800 2020,北京,各地不同的分类标准，真让人头大。
不要太纠结,Wed Jun 10 11:37:50 +0800 2020,其他,[赞]
蒺藜谷,Wed Jun 10 11:36:54 +0800 2020,其他,利好垃圾箱[doge][doge]
娱条锦鲤,Wed Jun 10 11:36:50 +0800 2020,广东,文明城市需要你我他
独行的我从没有朋友,Wed Jun 10 11:36:14 +0800 2020,江西,为啥其他地方都是城市，只有山西是全省
