评论者,评论时间,评论地点,评论内容
日落LasVegas,Sun Jun 07 13:19:04 +0800 2020,安徽,"图1,2的id一看就是詹黑，因吹斯汀"
圣维南St-Venant,Sun Jun 07 13:18:29 +0800 2020,山东,不要只提库里好嘛，字母哥克莱格林等都有出门参与活动  我们不愿与詹家人对线[摊手]
阿皓真的强,Sun Jun 07 13:17:09 +0800 2020,山东,你的丧葬费我出
我口丕a,Sun Jun 07 13:17:04 +0800 2020,其他,你可别舔着脸给主子贴金了[黑线][黑线][黑线]我也是篮球迷，真不关心你家主子到底如何
coukkk,Sun Jun 07 13:15:43 +0800 2020,其他,美国网友心理已经不正常了吧
绎潍爸,Sun Jun 07 13:14:28 +0800 2020,吉林,谁强加谁了？ 按你这逻辑 你也在给我强加你的想法啊😱
么勿慕,Sun Jun 07 13:12:41 +0800 2020,其他,果然哪里都有杠杠
刘为是,Sun Jun 07 13:10:02 +0800 2020,江苏,小兄弟，这话说的太夸张了吧。
meKnowNothing,Sun Jun 07 13:08:13 +0800 2020,其他,微博上有很多詹姆斯的云孝子，呼叫云孝子集合了，快去给爸爸撑腰
Q-perfect-,Sun Jun 07 13:07:12 +0800 2020,其他,公开认爹了吗兄弟？？？通上网了好好看看世界[doge]
超级硬汉66886,Sun Jun 07 13:04:30 +0800 2020,其他,除了库里，其他超级巨星超级球星包括退役现役的，和詹姆斯一样级别的球星，都没走出去抗议啊，光说詹姆斯[允悲][允悲]
张平仄平仄,Sun Jun 07 13:04:27 +0800 2020,辽宁,就是詹姆斯黑粉，名字就能看出来了
bibibi可可乐乐,Sun Jun 07 13:04:00 +0800 2020,其他,你能不能别玷污库里的粉丝，专挑詹姆斯的不好来趁机骂他[二哈]
彼得赫德王妃_苏小妮儿,Sun Jun 07 13:01:53 +0800 2020,黑龙江,夏季赛也马上开始。继续加油哦！！！还是在【y b 5⃣️2⃣️1⃣️ . F u n】等你！这里[鲜花]旗簰。电镜。真怕百嘉铄。躰堉。电子小游戏。菜漂。[太开心]
谢绝神经病,Sun Jun 07 12:59:35 +0800 2020,江苏,我可不主动骂人，好端端的微博下面各种猩猩，作秀，那就骂回去呗
E炎T,Sun Jun 07 12:58:14 +0800 2020,其他,如果詹姆斯回复并站出来相信你们又会学跟风谁谁谁这样子，做人只要做好自己不需要理会那些想你衰的人怎么说，詹姆斯在意这些就不是詹姆斯了
Mr_宁先生m,Sun Jun 07 12:55:52 +0800 2020,其他,某密说詹密没素质  某密也不过如此  还不是一样[汗][汗]
小华荣的老国王,Sun Jun 07 12:55:10 +0800 2020,上海,打砸抢烧杀，你们最拿手
LostInChane1,Sun Jun 07 12:53:31 +0800 2020,其他,挺好的，不像你，做别人的狗，丧失理智的狗
开口就知老江湖,Sun Jun 07 12:53:28 +0800 2020,北京,我一般点开詹姆斯新闻就往下拉找你这种弟弟
孤独的独孤某,Sun Jun 07 12:53:26 +0800 2020,重庆,没必要道德绑架别人，每个人都有自己的判断与抉择[吃瓜][吃瓜]怎么做事是个人自由
HHHHH健,Sun Jun 07 12:52:58 +0800 2020,陕西,这不说实话呢么
乌鸦怪和胡萝卜,Sun Jun 07 12:52:29 +0800 2020,其他,你也只有在网上骂骂人这点能耐了[允悲][允悲]
车事嘅,Sun Jun 07 12:52:13 +0800 2020,广东,现在关键是疫情当中阶段，更是要避免集中游行，在家发声很合理啊，况且有些真的只是游行么，游着游着就打砸抢吧，那和场合球星也要保护自己安全啊
发言人Dog,Sun Jun 07 12:51:31 +0800 2020,广东,很多球星都上街抗议了！只有如詹姆斯这种，只会在社交上喊一喊，躲家里看戏的伪巨星！!
ACGTU,Sun Jun 07 12:51:25 +0800 2020,其他,看ID就知道了，都是老詹黑了，「勒布朗害怕杜兰特」
BrokenDreamsss,Sun Jun 07 12:50:16 +0800 2020,其他,这话有点过分了，
刺桐木,Sun Jun 07 12:48:58 +0800 2020,山东,毕竟高情商 [doge]
ChMi-G,Sun Jun 07 12:48:42 +0800 2020,海南,真以为全世界就除了猩密就是猩黑了
萌什么呢,Sun Jun 07 12:48:30 +0800 2020,其他,抗议者需要一个领袖出来，美国政府害怕这个人真的出现
谢绝神经病,Sun Jun 07 12:48:24 +0800 2020,江苏,请坠机狗复活[笑哈哈]
超级硬汉66886,Sun Jun 07 12:47:50 +0800 2020,其他,莫雷事件为国内发声的是谁，？？詹姆斯！！其他球星那
谢绝神经病,Sun Jun 07 12:47:37 +0800 2020,江苏,坠机狗球迷啊？
张锡川zxc,Sun Jun 07 12:46:59 +0800 2020,湖北,没有这个年纪见证不了詹皇伟大的生涯呀，我只20岁我也知道高喊詹皇牛逼，兄弟篮球best篮球
龙-rwl,Sun Jun 07 12:46:41 +0800 2020,广东,小鸭🦆画枫叶🍁，小鸡🐥画竹叶，小马🐴画月牙🌙
LostInChane1,Sun Jun 07 12:46:16 +0800 2020,其他,没问题呀，这新闻是乔丹也一样。
2020黑化时代,Sun Jun 07 12:46:08 +0800 2020,香港,詹姆斯：说说而已 你们竟然这么较真[泪]
永远是最大的笑话,Sun Jun 07 12:45:18 +0800 2020,其他,年纪也一大把了，怎么还和十几二十岁的小孩一样看待问题[二哈]
Blandy_,Sun Jun 07 12:44:55 +0800 2020,其他,看昵称就知道是老詹黑了，没有参考价值
Hipop-勒布朗,Sun Jun 07 12:44:48 +0800 2020,天津,说他同时，那让乔丹也出来游行，这个世界上只有两种球迷，詹黑，詹密，
小小陈董,Sun Jun 07 12:44:31 +0800 2020,浙江,物以类聚，人以群分，看来键盘侠不分国界，都是一个尿性。。。[弱][弱][弱]
南极冬泳队队长,Sun Jun 07 12:44:31 +0800 2020,上海,果然黑子们是双标[doge][doge]
陌人陌言陌路hyz,Sun Jun 07 12:44:19 +0800 2020,广东,烧焦狗
泰隔耳,Sun Jun 07 12:44:13 +0800 2020,安徽,此时老詹正致力于确保拜登成功当选下一任总统，让特朗普下野
南极冬泳队队长,Sun Jun 07 12:43:49 +0800 2020,上海,哈哈，美国也有网络黑子啊[笑而不语][笑而不语]
萨里不滚不改名,Sun Jun 07 12:43:30 +0800 2020,陕西,说句难听的，你们所有人智商加起来都不如詹姆斯
谁说哈哈哈哈,Sun Jun 07 12:43:22 +0800 2020,香港,猩仔正在赶来
刘罕16,Sun Jun 07 12:43:08 +0800 2020,湖北,？？？
像花儿那样飞,Sun Jun 07 12:42:58 +0800 2020,北京,你都叫他猩猩了，种族歧视都到骨子里了，还出来抗议啥？[笑而不语]
刘罕16,Sun Jun 07 12:42:37 +0800 2020,湖北,每个人都有自己表达观点的方式，何必用自己的标准强加于人？
不正經主席,Sun Jun 07 12:42:17 +0800 2020,北京,Lebron fears KD？ó 那where is KD？
张锡川zxc,Sun Jun 07 12:42:08 +0800 2020,湖北,别闹，詹皇伟大的一生不能有这种污点，这停赛期还要想各种交易，很忙的
僧射月下门,Sun Jun 07 12:40:39 +0800 2020,浙江,这事情还能强迫的？
得之切,Sun Jun 07 12:40:39 +0800 2020,其他,说得好
托托托托托托雷斯洛洛洛洛洛瑞,Sun Jun 07 12:40:09 +0800 2020,重庆,图4室洛瑞吗
王小煦_,Sun Jun 07 12:39:38 +0800 2020,北京,哈哈哈哈 道德绑架？？
绎潍爸,Sun Jun 07 12:39:36 +0800 2020,吉林,我觉得说的没问题
山区篮球场,Sun Jun 07 12:39:19 +0800 2020,江苏,你是在侮辱詹姆斯，我们所有球迷都会烦你。你不应该拉仇恨，侮辱任何人
绎潍爸,Sun Jun 07 12:38:37 +0800 2020,吉林,对啊 不能说实话的
龙-rwl,Sun Jun 07 12:38:32 +0800 2020,广东,人家丹丹捐一亿，小学生也出来游行，猩猩躲在洞里睡着了。
Amancio_Y,Sun Jun 07 12:38:32 +0800 2020,江苏,[吃瓜]
多巴胺--老邮差,Sun Jun 07 12:38:23 +0800 2020,河北,不至于吧，我一勇密都觉着詹姆斯做的挺好啊，为种族平等发声
只是迷途了,Sun Jun 07 12:38:13 +0800 2020,河北,挺住。
龙-rwl,Sun Jun 07 12:36:44 +0800 2020,广东,🎶🎶🎶猩猩🦍还是那个星星⭐月亮🌙还是那个月亮🌙
我车你回家,Sun Jun 07 12:36:30 +0800 2020,其他,为中国发声的人也是你这种fw能嘲讽的嘛？你觉得应该要怎么做，别人就要学你？听你？你算什么？
-IchBinKevin,Sun Jun 07 12:36:26 +0800 2020,安徽,我猩的出场费你们付的起？
宽粉条炖又,Sun Jun 07 12:36:08 +0800 2020,北京,东坡何罪？唯有名太高
尼采旁的龙猫,Sun Jun 07 12:35:35 +0800 2020,山东,山川各异 杠精同键
心里没点数嘛,Sun Jun 07 12:34:40 +0800 2020,吉林,一刀切在国外不好使
LostInChane1,Sun Jun 07 12:34:31 +0800 2020,其他,就这件事来说，他确实没有用行动支持自己的言论，确实不如其他球员。
Nerlenszck,Sun Jun 07 12:33:50 +0800 2020,北京,想黑莫须有也会黑 没必要 真的没必要 我詹就是nb
咩咩哦-,Sun Jun 07 12:33:28 +0800 2020,山东,每个人都有自己处理事情的方式，别人不用你的方式处理这个问题，你就认为别人做的不对？
azure晨,Sun Jun 07 12:33:25 +0800 2020,北京,全世界的网友都差不多啊[笑cry]
蜡比小科,Sun Jun 07 12:33:25 +0800 2020,广东,人家本来就是一向机智的啊[doge]
龙城狂歌,Sun Jun 07 12:33:00 +0800 2020,广东,请詹姆斯认清形式，全心全意的投入到街头抗议的事业上来。
邢哲瑞,Sun Jun 07 12:32:54 +0800 2020,其他,来了来了来了 主人还没打招呼  它就开始叫了
红茶魔术猫,Sun Jun 07 12:32:40 +0800 2020,上海,詹姆斯：“共和党也要买球鞋，这是乔丹说的！”
0o叶展宁,Sun Jun 07 12:32:39 +0800 2020,广东,这就奇怪了，去年香港暴乱的时候，怎么黄💩 不道德绑架一下那些泛民出来呢
天秤座的火柴人,Sun Jun 07 12:32:23 +0800 2020,江西,确实[笑哈哈][笑哈哈][笑哈哈]
李英硕elite,Sun Jun 07 12:32:16 +0800 2020,山东,名如其人
KIM929,Sun Jun 07 12:32:15 +0800 2020,上海,这种新闻没啥意义，一看就是职业黑子
在别处·在路上,Sun Jun 07 12:32:02 +0800 2020,其他,毕竟高情商 [doge]
91-老赖,Sun Jun 07 12:31:17 +0800 2020,上海,猩猩是这群演员能比的吗
果子瓜Anthony,Sun Jun 07 12:30:58 +0800 2020,其他,沙发
