评论者,评论时间,评论地点,评论内容
y丶丿,Wed Jun 10 04:35:50 +0800 2020,广东,铁粉才能留言，可一堆在九分，是铁粉？还是墙头草？可悲
俞愉愈,Tue Jun 09 09:27:21 +0800 2020,云南,牛逼害得你大爷
Talon清欢渡,Mon Jun 08 21:36:59 +0800 2020,其他,一个人长这么大不容易吧？全家福就你一个很难受吧？我干的[悲伤]
典韦爱娇,Mon Jun 08 16:47:34 +0800 2020,上海,强强强强强
Talon清欢渡,Mon Jun 08 05:49:35 +0800 2020,其他,热度和🐴 之间你选择了前者
Talon清欢渡,Mon Jun 08 05:48:59 +0800 2020,其他,素质感人[悲伤][悲伤][悲伤][悲伤]
JOJO_ZHOU,Sun Jun 07 15:03:29 +0800 2020,广东,哈哈哈😄
Talon清欢渡,Sun Jun 07 04:51:06 +0800 2020,其他,土狗，别侮辱科比
花花我的爱66,Sun Jun 07 02:13:16 +0800 2020,其他,詹粉就别找存在感了 你家突破跟韦德就不是一个档次的好吧 靠撞和八步上篮？
花花我的爱66,Sun Jun 07 02:09:34 +0800 2020,其他,兄弟你在做梦么 韦德好几年效率都是联盟前三 名中49左右 答案命中和效率在四大分卫里都不算高的
小斯星运一条龙,Sat Jun 06 23:19:46 +0800 2020,其他,真的骚，真的骚，骚出天际
38力挽狂澜,Sat Jun 06 20:07:27 +0800 2020,宁夏,我心中的篮球之神
Serenity_Tang,Sat Jun 06 10:29:12 +0800 2020,广东,额
即将拥有马甲线的Mr_Liao,Sat Jun 06 00:16:35 +0800 2020,其他,韦德常年命中率百分之48左右，AI只有百分之40左右
StoneeeeJump,Fri Jun 05 20:46:45 +0800 2020,广东,科比是技术强到让人觉得天赋很一般 韦德是速度快到让人觉得没技术[笑cry] 05年开始粉的闪电侠，极佳的优质偶像
润润不一样的孩子,Fri Jun 05 20:02:59 +0800 2020,广东,一个
小昆678,Fri Jun 05 19:54:36 +0800 2020,福建,厲害
唐薪6420293983,Fri Jun 05 19:20:33 +0800 2020,浙江,签到
Amadeus5376,Fri Jun 05 19:16:29 +0800 2020,其他,集暴力，技巧与球商于一体的超巨。不接受任何反驳
曽曾曽曾,Fri Jun 05 19:00:16 +0800 2020,福建,WD转身，我的梦～
小可爱的无视,Fri Jun 05 18:33:52 +0800 2020,广东,..
姜楼一中老常,Fri Jun 05 18:03:40 +0800 2020,其他,厉害
波浪2019,Fri Jun 05 17:54:51 +0800 2020,湖北,[可爱]
有点辣够味6471097036,Fri Jun 05 17:50:39 +0800 2020,其他,一辈子
鬼飞机,Fri Jun 05 17:34:51 +0800 2020,广东,看看
这只黑猫莫名其喵,Fri Jun 05 17:32:12 +0800 2020,上海,喔流批
军旗2015,Fri Jun 05 17:28:31 +0800 2020,河北,👍
霖Venus,Fri Jun 05 17:28:13 +0800 2020,其他,加油
三人禾车,Fri Jun 05 17:26:27 +0800 2020,安徽,这个三号也不简单
就这样iya,Fri Jun 05 17:24:39 +0800 2020,其他,好
凯捷52,Fri Jun 05 17:23:30 +0800 2020,其他,[耶]
小桐树1993,Fri Jun 05 17:11:40 +0800 2020,其他,厉害
好名字不多也太少,Fri Jun 05 17:11:19 +0800 2020,其他,看看
梨树之风,Fri Jun 05 17:02:56 +0800 2020,湖北,奇才
狂顶薄58562,Fri Jun 05 16:55:08 +0800 2020,其他,韦德之道
倾听者0818,Fri Jun 05 16:45:01 +0800 2020,湖南,[馋嘴]
贪怂李,Fri Jun 05 16:43:35 +0800 2020,其他,你给高了吧
Tupacci,Fri Jun 05 16:35:52 +0800 2020,甘肃,生涯三十九的命中率有什么效率呀朋友 身高这个东西没办法的
演员周洪德,Fri Jun 05 16:32:36 +0800 2020,北京,不论什么时候看都是热血沸腾
望海ly,Fri Jun 05 16:29:37 +0800 2020,山东,真厉害
epzero,Fri Jun 05 16:25:21 +0800 2020,四川,你大爷还是你大爷
织区n不体头_i,Fri Jun 05 16:24:01 +0800 2020,湖南,凡雁
昔日淡忘2017,Fri Jun 05 16:17:06 +0800 2020,安徽,签到
JOJO_ZHOU,Fri Jun 05 16:16:19 +0800 2020,广东,这样吗？数据倒没有去对比过，感觉是Ai好一些
名字取的好不好不重要,Fri Jun 05 16:15:20 +0800 2020,其他,让了联盟一块半月板的男人[泪]
DuanJ17,Fri Jun 05 15:57:58 +0800 2020,其他,你大爷还得是你大爷
-虫虫leon,Fri Jun 05 15:56:22 +0800 2020,山东,这可是让联盟半月板的男人啊，我的神
后知后觉TTZ,Fri Jun 05 15:49:31 +0800 2020,福建,[鼓掌]
为苦也为甜,Fri Jun 05 15:45:41 +0800 2020,宁夏,仿佛看到了球场上的你
即将拥有马甲线的Mr_Liao,Fri Jun 05 15:41:43 +0800 2020,其他,艾弗森效率是不如韦德的
看海53719,Fri Jun 05 15:32:29 +0800 2020,湖南,呃
仰望星空的树58646,Fri Jun 05 15:32:05 +0800 2020,湖北,[赞]
我心飞翔0918,Fri Jun 05 15:31:50 +0800 2020,浙江,h
你有牛奶我有红茶,Fri Jun 05 15:29:36 +0800 2020,其他,。
Mr_小小施先生,Fri Jun 05 15:25:49 +0800 2020,江苏,[心]
贰爷32,Fri Jun 05 15:10:57 +0800 2020,福建,这个必须转
linyu200308,Fri Jun 05 15:10:30 +0800 2020,安徽,他们说我的好！
XiaoTAnG一,Fri Jun 05 15:06:33 +0800 2020,其他,@DwyaneWade [傻眼]
王宇丨,Fri Jun 05 14:59:46 +0800 2020,宁夏,@为苦也为甜
尼古丁丶抽不尽的酸楚,Fri Jun 05 14:58:55 +0800 2020,贵州,！
图夫大人,Fri Jun 05 14:53:46 +0800 2020,山东,巅峰韦德和巅峰奥尼尔和詹姆斯，不可想象！
2020人生的路要寄几走,Fri Jun 05 14:51:20 +0800 2020,江西,[心]
zzMMxz,Fri Jun 05 14:49:25 +0800 2020,上海,哈哈哈哈哈逗比
lost-area,Fri Jun 05 14:48:06 +0800 2020,其他,！
活宝贝66,Fri Jun 05 14:46:37 +0800 2020,浙江,加油
健太极,Fri Jun 05 14:42:29 +0800 2020,河南,恶战
蜂窝窝,Fri Jun 05 14:38:01 +0800 2020,山东,啊啊
蜂窝窝,Fri Jun 05 14:37:54 +0800 2020,山东,啊
乐闻见ru6019,Fri Jun 05 14:36:47 +0800 2020,其他,一到想头盔哥戏耍我他想就笑[思考][可怜]
牧尘William,Fri Jun 05 14:36:34 +0800 2020,其他,，
牧尘William,Fri Jun 05 14:36:29 +0800 2020,其他,。
Nathanielbeeeeeeee,Fri Jun 05 14:29:08 +0800 2020,上海,@这只黑猫莫名其喵
你说的那些7788,Fri Jun 05 14:22:22 +0800 2020,湖北,你说皮蓬吗
財少200902,Fri Jun 05 14:20:48 +0800 2020,广东,闪电侠
定六j确行别_,Fri Jun 05 14:06:42 +0800 2020,湖南,谷梦
小猪佩奇0052,Fri Jun 05 14:04:35 +0800 2020,安徽,☺
追你跑丢鞋王子188,Fri Jun 05 14:02:23 +0800 2020,吉林,名额
锦绣三千zZ,Fri Jun 05 13:58:58 +0800 2020,其他,第一冠那年，季后赛的韦德，最适合的四个字就是天神下凡，只看那个巅峰季后赛的话，这个系列赛表现的话，比肩乔丹。
飞天梦想78523,Fri Jun 05 13:58:31 +0800 2020,其他,[good]
点燃半支烟2000,Fri Jun 05 13:57:43 +0800 2020,甘肃,看看
锦绣三千zZ,Fri Jun 05 13:57:28 +0800 2020,其他,韦德，罗斯，艾佛森，我觉得过人最强看着最燃的三个后卫
CheN-TiAnCI,Fri Jun 05 13:53:51 +0800 2020,辽宁,@SKn94
旧情逝梦V,Fri Jun 05 13:52:03 +0800 2020,湖北,[赞]
脆弱的小狐狸666,Fri Jun 05 13:50:32 +0800 2020,其他,嗯
龙头198808,Fri Jun 05 13:49:15 +0800 2020,辽宁,点
博弈临清,Fri Jun 05 13:47:13 +0800 2020,陕西,可以
x83681,Fri Jun 05 13:42:34 +0800 2020,其他,骚韦，真的骚
红梅00000,Fri Jun 05 13:40:26 +0800 2020,其他,[微笑]
王玲77966,Fri Jun 05 13:38:21 +0800 2020,其他,0
微笑博语,Fri Jun 05 13:34:22 +0800 2020,江苏,好
查修雨妈妈89504,Fri Jun 05 13:31:44 +0800 2020,其他,....
HhaiLIN琳琳,Fri Jun 05 13:26:03 +0800 2020,广西,……
-_THUNDER_-,Fri Jun 05 13:24:45 +0800 2020,其他,在他扣篮以前我已经打好9分了
企鹅聂企鹅,Fri Jun 05 13:21:44 +0800 2020,内蒙古,骚韦
719567284PTWTt,Fri Jun 05 13:12:46 +0800 2020,其他,太牛了
草帽团船长,Fri Jun 05 13:09:33 +0800 2020,广东,皮蓬
小臭狐狸123,Fri Jun 05 13:06:13 +0800 2020,其他,是
小臭狐狸123,Fri Jun 05 13:06:10 +0800 2020,其他,好像
Square信玄,Fri Jun 05 13:04:55 +0800 2020,上海,身体变态
导热材料黄生,Fri Jun 05 13:04:49 +0800 2020,广东,我看NBA的第一个偶像
魔方200107,Fri Jun 05 13:02:34 +0800 2020,黑龙江,666
文初201805,Fri Jun 05 12:52:01 +0800 2020,其他,[微笑]
快乐的小东西2018,Fri Jun 05 12:48:56 +0800 2020,其他,2
乔晨阳2015,Fri Jun 05 12:41:39 +0800 2020,其他,骚韦
黄牛888888,Fri Jun 05 12:35:40 +0800 2020,广西,哦
长路漫漫唯剑作伴亚索68258,Fri Jun 05 12:32:29 +0800 2020,其他,6
微风吹过我心头,Fri Jun 05 12:31:39 +0800 2020,其他,[黑线]
就看足篮台,Fri Jun 05 12:25:43 +0800 2020,北京,韦大爷的节奏太厉害了
RomanLou,Fri Jun 05 12:22:18 +0800 2020,河北,。
功夫31334,Fri Jun 05 12:20:15 +0800 2020,其他,好在吗
薇薇73083,Fri Jun 05 12:19:33 +0800 2020,其他,牛
纸鸢柏笙,Fri Jun 05 12:17:54 +0800 2020,其他,[good][good][good]
时间的记忆俱乐部,Fri Jun 05 12:16:32 +0800 2020,其他,[微笑]
之浅醉d,Fri Jun 05 12:16:13 +0800 2020,江西,寻巧
Eric_prince,Fri Jun 05 12:15:57 +0800 2020,浙江,当代乔丹
默默等待199006,Fri Jun 05 12:09:35 +0800 2020,其他,图腾
其实我还好9657,Fri Jun 05 12:09:24 +0800 2020,其他,韦德太强了[good]
羽飞空灵,Fri Jun 05 12:06:29 +0800 2020,安徽,[酷]
波波5201314_11529,Fri Jun 05 12:05:21 +0800 2020,上海,000
出况q研住切_cC,Fri Jun 05 12:01:02 +0800 2020,湖南,从蓉
水之灵08,Fri Jun 05 11:56:51 +0800 2020,其他,[憧憬]
Gold胖铁侠,Fri Jun 05 11:55:24 +0800 2020,山东,百度：nba普通球员
米蘭因扎吉520,Fri Jun 05 11:50:43 +0800 2020,广东,👍
汲ma_capital,Fri Jun 05 11:46:22 +0800 2020,广东,[/斜眼]
李一桐官方指定救心丸,Fri Jun 05 11:45:33 +0800 2020,河南,还有人吹维斯布鲁克第一暴力后卫，韦德一个赛季152次扣篮的记录谁能破？
吕健平L,Fri Jun 05 11:40:24 +0800 2020,内蒙古,[可爱]
小丫头_27969,Fri Jun 05 11:37:58 +0800 2020,河北,我他妈给八分
海贼_Ice,Fri Jun 05 11:36:02 +0800 2020,广东,韦德投篮和三分球只有决杀的时候才准。但是过人，艾佛森之后最强。
泽丰欣瑀,Fri Jun 05 11:35:36 +0800 2020,其他,美如画
Parhoia1022_,Fri Jun 05 11:34:07 +0800 2020,天津,@北京东城男孩 @俞愉愈 @别整当代杀马特那一套 太帅了
龙哥_微博,Fri Jun 05 11:32:49 +0800 2020,黑龙江,[赞]
光司映天,Fri Jun 05 11:32:01 +0800 2020,安徽,挫比你这长相也九分
光司映天,Fri Jun 05 11:31:32 +0800 2020,安徽,九分狗来了😁
linlinlin___霖,Fri Jun 05 11:25:27 +0800 2020,北京,。
AJ爱好者0000,Fri Jun 05 11:22:38 +0800 2020,辽宁,好
一只不想出门的青蛙,Fri Jun 05 11:22:36 +0800 2020,浙江,年轻的时候确实牛逼
单亲家庭独生子女,Fri Jun 05 11:20:15 +0800 2020,贵州,穿人缝、迷踪步、转身、背后运球、头顶风车、胯下急停、变向，这7种技巧是他最擅长的过人招式，真是过人高手
没在江湖漂难免不挨刀,Fri Jun 05 11:19:14 +0800 2020,其他,厉害呵呵
贝巴尔爵爷,Fri Jun 05 11:15:08 +0800 2020,其他,。
my不是大叔哦,Fri Jun 05 11:10:26 +0800 2020,湖北,宝宝
阎然奶奶,Fri Jun 05 11:05:35 +0800 2020,其他,好
风雨过后便是晴天010,Fri Jun 05 11:02:00 +0800 2020,辽宁,牛
广仔83670,Fri Jun 05 11:01:32 +0800 2020,其他,[good]
zhi挚ni,Fri Jun 05 11:01:24 +0800 2020,天津,似我
沉寂-梦殇,Fri Jun 05 10:55:14 +0800 2020,安徽,你大爷还是你大爷
林凱濤同學,Fri Jun 05 10:53:52 +0800 2020,广东,梅西过人如行街
Wo一直在ii,Fri Jun 05 10:52:29 +0800 2020,浙江,66666
cjh0509,Fri Jun 05 10:50:28 +0800 2020,其他,太强大
kimhhoo,Fri Jun 05 10:49:40 +0800 2020,黑龙江,他的爆发不比韦斯特布鲁克低
新城已无旧少年丶,Fri Jun 05 10:49:33 +0800 2020,江苏,秀
布济道,Fri Jun 05 10:49:07 +0800 2020,福建,[微笑][微笑][微笑]
cjh0509,Fri Jun 05 10:46:45 +0800 2020,其他,厉害了
三1某人,Fri Jun 05 10:39:41 +0800 2020,黑龙江,厉害
多米尼克蒂姆,Fri Jun 05 10:35:47 +0800 2020,福建,不错
多米尼克蒂姆,Fri Jun 05 10:35:11 +0800 2020,福建,厉害
心有睫,Fri Jun 05 10:33:25 +0800 2020,辽宁,666
VinoZhang,Fri Jun 05 10:28:40 +0800 2020,其他,我给9分
欢喜暗黑,Fri Jun 05 10:26:31 +0800 2020,广西,太快了
边缘人53813,Fri Jun 05 10:23:42 +0800 2020,广东,[good]
老虞的自画像,Fri Jun 05 10:22:28 +0800 2020,其他,[笑cry][笑cry][笑cry]
滦河岸边的帆,Fri Jun 05 10:21:42 +0800 2020,山东,美脚贴效果好棒[抓狂][左哼哼][可怜]
不过是路人囧,Fri Jun 05 10:17:27 +0800 2020,福建,哇哦
AA吴松涛,Fri Jun 05 10:14:14 +0800 2020,其他,1
lshzh要奋斗,Fri Jun 05 10:12:19 +0800 2020,广东,1
Christel_Chen,Fri Jun 05 10:08:27 +0800 2020,上海,[微笑]
周世杰周大帅,Fri Jun 05 10:08:26 +0800 2020,其他,我给9分呢
成都阿诺,Fri Jun 05 10:07:35 +0800 2020,四川,，。
成都阿诺,Fri Jun 05 10:07:33 +0800 2020,四川,，
书上的背影,Fri Jun 05 10:05:47 +0800 2020,北京,嗯
梦里落花忆江南_8328,Fri Jun 05 10:04:36 +0800 2020,山东,膝盖的伤也不是无缘无故来的
黄发辉0837,Fri Jun 05 09:56:14 +0800 2020,其他,好好
一南201404,Fri Jun 05 09:54:30 +0800 2020,上海,，54155
黎明即起到来,Fri Jun 05 09:48:26 +0800 2020,陕西,厉害
往亊婼然落幕_,Fri Jun 05 09:40:16 +0800 2020,河南,[good]
JOJO_ZHOU,Fri Jun 05 09:32:03 +0800 2020,广东,后卫效率里面Ai第一，Wade第二
毒药很抱歉,Fri Jun 05 09:31:35 +0800 2020,四川,牛逼事牛逼，就是被坑哭了
李同學chris-,Fri Jun 05 09:28:44 +0800 2020,浙江,为什么我看到了艾弗森
祝他玉树临风,Fri Jun 05 09:27:53 +0800 2020,其他,1
晴666空,Fri Jun 05 09:27:40 +0800 2020,河南,6
过期佩恩,Fri Jun 05 09:25:09 +0800 2020,其他,我还特么蜘蛛侠呢
古巴先生,Fri Jun 05 09:22:46 +0800 2020,山东,恩
XL吴方好,Fri Jun 05 09:22:33 +0800 2020,广东,都不错，给个九分
猫儿不吃巧克力糖,Fri Jun 05 09:21:10 +0800 2020,浙江,当年五佳球的霸者，可惜 膝盖伤太严重了，巅峰短了。哎
随遇而安336699,Fri Jun 05 09:19:17 +0800 2020,河北,✔
塘沽塘沽韩,Fri Jun 05 09:19:12 +0800 2020,天津,厉害
陈义1215,Fri Jun 05 09:18:11 +0800 2020,湖北,闪电侠就是快啊
晏菲路Anfield,Fri Jun 05 09:12:22 +0800 2020,广东,[鼓掌][鼓掌][鼓掌]
本六指红,Fri Jun 05 09:12:16 +0800 2020,重庆,瘦死的骆驼比马大
sdfdsatgsdfAF43267,Fri Jun 05 09:05:47 +0800 2020,其他,卡卡
sdfdsatgsdfAF43267,Fri Jun 05 09:05:43 +0800 2020,其他,卡
凌风照雪o,Fri Jun 05 09:03:52 +0800 2020,其他,。。。
JacksomLu,Fri Jun 05 09:01:23 +0800 2020,江苏,66
陈佳伟201601,Fri Jun 05 09:00:48 +0800 2020,吉林,可惜巅峰期不长啊！
君归愁,Fri Jun 05 08:57:51 +0800 2020,辽宁,就是这样后期韦德职业生涯后期身体下滑闪电侠状态也不复当年夺冠之勇
永久堕落,Fri Jun 05 08:51:16 +0800 2020,江西,😃
ert22252,Fri Jun 05 08:48:47 +0800 2020,广西,一
教练我想打篮球和骑摩托,Fri Jun 05 08:44:16 +0800 2020,其他,Hightlights[馋嘴]
你跟我好可爱,Fri Jun 05 08:43:39 +0800 2020,其他,九分
审美马甲,Fri Jun 05 08:42:44 +0800 2020,辽宁,好棒棒耶耶耶耶
小怪兽坎坷的人生1994,Fri Jun 05 08:40:37 +0800 2020,其他,老了
风里来的树叶,Fri Jun 05 08:39:53 +0800 2020,山西,再看看乔丹的进攻，
我的青春怎样了,Fri Jun 05 08:39:40 +0800 2020,山东,6
飞翔的舍瓦,Fri Jun 05 08:35:26 +0800 2020,辽宁,好
毒蝎82967,Fri Jun 05 08:31:08 +0800 2020,其他,这场比赛有看头
我是你小小磊哥,Fri Jun 05 08:29:32 +0800 2020,内蒙古,不是妖刀吗？
慢慢的91270,Fri Jun 05 08:27:45 +0800 2020,其他,。。
吴大大Chelsea,Fri Jun 05 08:26:43 +0800 2020,北京,技术不错
冯一逢,Fri Jun 05 08:20:21 +0800 2020,辽宁,牛逼
终__青春不在灬,Fri Jun 05 08:16:32 +0800 2020,其他,[可爱][可爱]
NanaSeino11,Fri Jun 05 08:16:09 +0800 2020,四川,[兔子][兔子][兔子]
用户j3k4vzc0g5,Fri Jun 05 08:15:04 +0800 2020,其他,行吧
我叕生气了,Fri Jun 05 08:14:36 +0800 2020,其他,牛逼
稳健的阿一,Fri Jun 05 08:14:02 +0800 2020,其他,球风确实帅的[贊][贊][贊]
诸葛木头86110,Fri Jun 05 08:13:03 +0800 2020,其他,xfx
刘正芬30541,Fri Jun 05 08:12:38 +0800 2020,其他,帅
Vv花儿对我笑,Fri Jun 05 08:11:35 +0800 2020,湖南,唉，
小平子_勤奋的,Fri Jun 05 08:09:39 +0800 2020,广东,恩
肥肥欣的张老师,Fri Jun 05 08:09:34 +0800 2020,浙江,好技术 nba
夏日ice咖啡,Fri Jun 05 08:07:18 +0800 2020,福建,[good]
老王08682,Fri Jun 05 08:04:46 +0800 2020,其他,。
02陈水清,Fri Jun 05 08:04:05 +0800 2020,福建,赞
CGW贯,Fri Jun 05 07:57:56 +0800 2020,广东,[傻眼]
锦绣江南186,Fri Jun 05 07:57:24 +0800 2020,湖北,[嘻嘻]
chiyupei,Fri Jun 05 07:56:38 +0800 2020,山东,qian d
谢明锐Zeke,Fri Jun 05 07:54:39 +0800 2020,其他,就写生涯50大不行？为什么写生涯至今？你小学生阅读理解？
韭菜炒鸡蛋gwg,Fri Jun 05 07:52:21 +0800 2020,吉林,99999999999999999999999999999999999
sweet123456789198511,Fri Jun 05 07:52:08 +0800 2020,浙江,厉害
兽医专治各种不服,Fri Jun 05 07:51:32 +0800 2020,江苏,韦大爷
有召必回35,Fri Jun 05 07:48:11 +0800 2020,其他,就
慕蓉斌仔,Fri Jun 05 07:47:53 +0800 2020,河南,图片评论 http://t.cn/A62lc4Pv
画了ge圈儿,Fri Jun 05 07:46:50 +0800 2020,吉林,[微笑]
柳叶配绿水201804,Fri Jun 05 07:44:34 +0800 2020,其他,666
人世间6472933711,Fri Jun 05 07:42:47 +0800 2020,山东,看
绯羽灬绮罗生,Fri Jun 05 07:42:16 +0800 2020,福建,吉诺比利
1234msSkJ_407,Fri Jun 05 07:41:58 +0800 2020,其他,@思想不纯洁心地很善良: 韦德的突破学不来啊，首先他爆发力太强了各种全力冲刺或者大幅度转身到篮底下还能强起暴扣～还有他身板太厚实了，好多球都是在空中把内线球员撞开上篮，或是靠着身体厚度把人隔开强上……
万事皆有路径,Fri Jun 05 07:38:44 +0800 2020,江苏,[good]
火线恩惠,Fri Jun 05 07:35:46 +0800 2020,辽宁,牛人
屈旨,Fri Jun 05 07:35:11 +0800 2020,湖北,9分
艰苦奋斗从头再来,Fri Jun 05 07:30:43 +0800 2020,辽宁,[微笑][微笑][微笑]
As_小四姑凉的好相公,Fri Jun 05 07:30:22 +0800 2020,广东,漂亮
大春不吹牛,Fri Jun 05 07:28:46 +0800 2020,其他,詹皇没有好队友，这小人物就别出来现了
alec_z,Fri Jun 05 07:27:57 +0800 2020,浙江,厉害了
用户ubjpmjsm3s,Fri Jun 05 07:26:28 +0800 2020,广东,哈
hihihi123幸福,Fri Jun 05 07:25:04 +0800 2020,山西,来看！
阿风_wx,Fri Jun 05 07:24:59 +0800 2020,江苏,可以
Lccyyy-,Fri Jun 05 07:24:49 +0800 2020,河南,是真的强！⚡
阿风_wx,Fri Jun 05 07:24:43 +0800 2020,江苏,看看
100级大佬,Fri Jun 05 07:24:43 +0800 2020,天津,脑补一下韦德和彩子ppp[允悲]
阿东0633,Fri Jun 05 07:24:18 +0800 2020,山东,好
100级大佬,Fri Jun 05 07:22:23 +0800 2020,天津,韦城良德
崔永茂20863,Fri Jun 05 07:20:34 +0800 2020,其他,[微笑]
不问东西123,Fri Jun 05 07:18:16 +0800 2020,其他,[微笑]
今年是我的幸运之年,Fri Jun 05 07:16:00 +0800 2020,其他,可以有
隔壁小伙咋,Fri Jun 05 07:11:46 +0800 2020,河北,巴蒂尔吗？
时来运转751,Fri Jun 05 07:11:44 +0800 2020,黑龙江,印象最深：迷踪步隔扣瓦莱乔！技巧、实力、气势完美结合
foreverwade2014,Fri Jun 05 07:11:35 +0800 2020,北京,厉害厉害
隔壁小伙咋,Fri Jun 05 07:09:53 +0800 2020,河北,终结能力真强。
1105zmj,Fri Jun 05 07:02:56 +0800 2020,上海,好的
冯丽娜18,Fri Jun 05 06:59:48 +0800 2020,其他,不错
冯丽娜18,Fri Jun 05 06:59:40 +0800 2020,其他,好
歆味,Fri Jun 05 06:53:03 +0800 2020,北京,可以
多年以后mv,Fri Jun 05 06:52:01 +0800 2020,河南,v
跃o海o飞o天,Fri Jun 05 06:48:12 +0800 2020,河南,[微笑]
风过不留痕居士,Fri Jun 05 06:46:53 +0800 2020,其他,看看
田永庆V,Fri Jun 05 06:45:29 +0800 2020,江苏,-
讨致富2018,Fri Jun 05 06:43:21 +0800 2020,江苏,哦
沂河岸边人,Fri Jun 05 06:26:49 +0800 2020,山东,精彩
fy_1982,Fri Jun 05 06:20:45 +0800 2020,辽宁,啊
S良人o,Fri Jun 05 06:19:36 +0800 2020,山西,。
mark013_799,Fri Jun 05 06:19:10 +0800 2020,天津,看看这个集锦里面被他过掉的人，还有人问为什么韦德牛吗
陈晨6146061405,Fri Jun 05 06:18:00 +0800 2020,福建,[good]
就是不一样cnm,Fri Jun 05 06:14:47 +0800 2020,其他,[微笑][微笑][微笑][微笑]
低调的taotao,Fri Jun 05 06:09:02 +0800 2020,江苏,。
钻石198610,Fri Jun 05 06:06:36 +0800 2020,其他,帅！
潘望珍,Fri Jun 05 06:00:42 +0800 2020,其他,@思想不纯洁心地很善良: 韦德的突破学不来啊，首先他爆发力太强了各种全力冲刺或者大幅度转身到篮底下还能强起暴扣～还有他身板太厚实了，好多球都是在空中把内线球员撞开上篮，或是靠着身体厚度把人隔开强上……
米高他爸,Fri Jun 05 05:55:58 +0800 2020,江苏,已阅
yiyi23cdy,Fri Jun 05 05:55:03 +0800 2020,福建,厉害
老彭很耿直,Fri Jun 05 05:37:48 +0800 2020,黑龙江,牛
吉少旭,Fri Jun 05 05:34:01 +0800 2020,河北,r
jz08416,Fri Jun 05 05:25:39 +0800 2020,辽宁,不错
老毛的小邹,Fri Jun 05 05:08:33 +0800 2020,湖南,加油
被爱的战无不胜66,Fri Jun 05 04:53:25 +0800 2020,黑龙江,棒极了
萌妹纸知足常乐99,Fri Jun 05 04:50:17 +0800 2020,其他,太漂亮了。
tl625849,Fri Jun 05 04:37:58 +0800 2020,山东,好
居里Vincent,Fri Jun 05 04:29:52 +0800 2020,北京,客户功夫茶
大美妞小春,Fri Jun 05 04:24:48 +0800 2020,其他,NBA厉害
danielsjy,Fri Jun 05 04:13:34 +0800 2020,山东,好
有文化的流氓007,Fri Jun 05 04:12:13 +0800 2020,福建,9分，不能再多了
小白龙517,Fri Jun 05 03:14:05 +0800 2020,江西,韦德！篮球界的神！[good][good][good][good][鲜花][鲜花][鲜花][鲜花]
猎人hunts,Fri Jun 05 02:54:27 +0800 2020,山东,[可爱][可爱]
Vitcont,Fri Jun 05 02:47:00 +0800 2020,湖北,🔚🔞❌㊙🔴—热—巴🔴UHFHN健康
小斯星运一条龙,Fri Jun 05 02:29:45 +0800 2020,其他,无解
轉身後默默流淚_kzx,Fri Jun 05 02:27:12 +0800 2020,重庆,┴今天不开心
阿霄大人,Fri Jun 05 02:22:56 +0800 2020,北京,我还绿巨人呢 人那叫闪电侠
末日中的光明,Fri Jun 05 02:21:38 +0800 2020,浙江,闪电侠
心愿17z,Fri Jun 05 02:17:13 +0800 2020,陕西,九分狗或许会迟到，但绝不会缺席
天意SkyChiu,Fri Jun 05 02:03:42 +0800 2020,上海,[微笑][微笑][微笑][微笑]
怀旧的扫地僧,Fri Jun 05 01:51:52 +0800 2020,四川,s
皮气超大的小李同学,Fri Jun 05 01:49:48 +0800 2020,重庆,他不是只有天赋，假动作、脚步啥的都炉火纯青
TheProcess12848,Fri Jun 05 01:37:39 +0800 2020,其他,9分
你娘个勺子,Fri Jun 05 01:32:02 +0800 2020,河北,转身，欧洲步都是随便扣。太强了！！！
龙泉小铁匠,Fri Jun 05 01:12:36 +0800 2020,浙江,闪电侠 老了[跪了][跪了] http://t.cn/A62HKY33
陈泽欣先生,Fri Jun 05 01:03:06 +0800 2020,广东,@DW小李广
七号不小孩,Fri Jun 05 00:49:14 +0800 2020,浙江,腮帮：让你个半月板怎么样？
qq空间破解查看相册密码-l,Fri Jun 05 00:42:15 +0800 2020,内蒙古,对脚踝哥，第一自拍呀托马斯，第二蒂姆哈达威，第三哈达威二世
qq空间破解查看相册密码-l,Fri Jun 05 00:39:08 +0800 2020,内蒙古,梯米 德威 韦德 哈达威
二岁的他,Fri Jun 05 00:38:04 +0800 2020,河南,只有当闪电侠速度慢下来才知道技术有多细腻
Pierre-PL,Fri Jun 05 00:37:26 +0800 2020,贵州,而且咬着就不放[二哈]
Shine卟,Fri Jun 05 00:25:01 +0800 2020,其他,说韦德不如哈登，艾佛森，科比的，好好看看。如果只比巅峰期，我觉得很多地方韦德比科比强！ 韦德就是巅峰期时间短，有伤。记得04年到08年最喜欢看的就是韦德，科比，詹姆斯的比赛，三位球员都是攻防一体的球员，比赛极具观赏性
万物若自化,Fri Jun 05 00:21:12 +0800 2020,广东,[good]👏
Zzhao辉_,Fri Jun 05 00:13:52 +0800 2020,其他,9分调侃 10分伟大
玉石85032,Fri Jun 05 00:13:33 +0800 2020,其他,一酷帅
lossriver,Fri Jun 05 00:10:36 +0800 2020,其他,并且他的很多终结动作是要靠扣篮完成的，不扣篮也至少要求你挤开人后跳得足够高。不然那出手身位正常放篮很难的。
尬里給給,Fri Jun 05 00:02:08 +0800 2020,湖南,蝙蝠侠是谁[挖鼻]
万里求鹅毛,Thu Jun 04 23:49:44 +0800 2020,河南,哈哈
诡异时间,Thu Jun 04 23:49:00 +0800 2020,福建,🔚🔚 刺激💐一下  🈵 意就好thank you 🌹🌹🌹
焕乐心,Thu Jun 04 23:48:37 +0800 2020,北京,无与伦比的生涯！[加油][good]
高歌暴走梨花歇,Thu Jun 04 23:46:39 +0800 2020,其他,臂展也很惊人，合球那一下只要伸直双臂，稳稳的难以被切
4号电线杆,Thu Jun 04 23:43:43 +0800 2020,广东,出现了出现了，大家快来看，9分狗如无意外地出现了
斜纹织出冷面,Thu Jun 04 23:43:31 +0800 2020,其他,致敬
斯坦福桥小星星,Thu Jun 04 23:41:51 +0800 2020,江西,？
眨眼就十年,Thu Jun 04 23:40:24 +0800 2020,河北,🔚🔞❌㊙🔴哆人🔴运动🈚️玛
鸡蛋蛋小姐姐,Thu Jun 04 23:40:18 +0800 2020,广东,🔚🔞❌㊙🔴哆人🔴运动🈚️玛
天尊聪哥,Thu Jun 04 23:33:55 +0800 2020,广东,[good]
去哪呀go,Thu Jun 04 23:27:49 +0800 2020,其他,蝙蝠侠老了
hi56253,Thu Jun 04 23:17:38 +0800 2020,其他,历史前三的分卫
坐在高铁上喝咖啡,Thu Jun 04 23:15:12 +0800 2020,四川,看到某一个球，突然觉得男人就应该这么强，你说我绷面子也好，必须强
憨居_先生,Thu Jun 04 23:05:17 +0800 2020,广东,学不会，下一个[doge]
Vv花儿对我笑,Thu Jun 04 22:59:55 +0800 2020,湖南,？？？？？你要韦德复出？
JiaJia-85,Thu Jun 04 22:44:54 +0800 2020,广东,闪电德
思想不纯洁心地很善良,Thu Jun 04 22:39:03 +0800 2020,江苏,[给力]
大脸猫亮子,Thu Jun 04 22:26:49 +0800 2020,江苏,学不来，还是吉诺比利的上篮好学好用[吃瓜]
没有翅膀却想飞上天空73277,Thu Jun 04 22:26:39 +0800 2020,其他,太帅了，简直了。。。
关心成了叨扰,Thu Jun 04 22:23:14 +0800 2020,浙江,给艾弗森招黑？脑子不太好？
还是你虎弟,Thu Jun 04 22:19:23 +0800 2020,河北,9分？
张天元822,Thu Jun 04 22:10:04 +0800 2020,湖南,确实 韦德的突破技巧对身体要求太高了 出色的爆发力和弹跳 拳击运动员一般的上肢力量 杂耍般的挑篮和上篮
丶LLLLLZY,Thu Jun 04 22:09:53 +0800 2020,其他,强是真强，9是真9
用户三二一零,Thu Jun 04 22:09:12 +0800 2020,北京,脑残
自己便是救赎,Thu Jun 04 21:57:08 +0800 2020,其他,太强了[允悲][允悲]
dunkonme,Thu Jun 04 21:55:48 +0800 2020,其他,一想到头盔哥戏耍他我就想笑
I苏小乐I,Thu Jun 04 21:55:42 +0800 2020,江苏,一定有加内特
拉赫蒂兔,Thu Jun 04 21:55:34 +0800 2020,河北,1
思想不纯洁心地很善良,Thu Jun 04 21:42:47 +0800 2020,江苏,韦德的突破学不来啊，首先他爆发力太强了各种全力冲刺或者大幅度转身到篮底下还能强起暴扣～还有他身板太厚实了，好多球都是在空中把内线球员撞开上篮，或是靠着身体厚度把人隔开强上……
搬砖就完事了98854,Thu Jun 04 20:19:01 +0800 2020,其他,扣篮数量真无敌了
Abing311917,Thu Jun 04 20:04:41 +0800 2020,其他,韦德太强了[good]
