评论者,评论时间,评论地点,评论内容
健心之家,Sun May 31 15:23:28 +0800 2020,山东,一朵美丽的道德之花绽放了
ruuuuuu0000,Sat May 30 22:58:22 +0800 2020,河北,@Preciousssss
光子的一些事一些情,Fri May 29 22:53:33 +0800 2020,广东,回复@iivaiai:[衰]
粗腿欧尼,Fri May 29 21:12:21 +0800 2020,北京,愿这样的美好多一些
北京西城健康教育,Fri May 29 10:46:13 +0800 2020,北京,互相信任！
一缕斜阳的半寸时光,Fri May 29 09:33:59 +0800 2020,江苏,忍不住流泪。只要有一个人能为我们挺身而出，心里就又充满斗志！
文明通许监察,Fri May 29 08:59:45 +0800 2020,河南,转发微博
MinusOne777,Fri May 29 08:48:35 +0800 2020,浙江,[心]
涛声依旧那,Fri May 29 08:06:22 +0800 2020,广西,下意识的善良是最宝贵的，很多人都有。
麻辣火锅土豆泥,Fri May 29 02:02:28 +0800 2020,广东,相信正义的力量
周星的卡丁车,Fri May 29 01:27:34 +0800 2020,其他,希望这样的事情再也不要发生了，互相体谅，依法追究
天边之云1982,Thu May 28 23:59:09 +0800 2020,天津,不要学医，辛辛苦苦最后非死即伤[伤心]
暐子呀,Thu May 28 23:47:13 +0800 2020,湖南,好人有好报[爱你]
因为我是ZTY,Thu May 28 23:23:13 +0800 2020,河南,太温柔的一个人了！
丹茜i深深,Thu May 28 22:43:44 +0800 2020,广东,希望有法可依，有法必依，好人一生平安！
羚翘20100505_o42,Thu May 28 22:30:30 +0800 2020,四川,好人一生平安！
可爱初八,Thu May 28 22:24:39 +0800 2020,其他,好人一生平安
不映枫桥,Thu May 28 21:36:17 +0800 2020,甘肃,[悲伤][悲伤]一定要平安
Echo-Shaw-0915,Thu May 28 21:25:57 +0800 2020,上海,感谢你的挺身而出~[赞][赞][赞]
岁月静好011231,Thu May 28 20:59:51 +0800 2020,山东,为善良的母女点赞[good][good][good]医者仁心，赢得善待！
别整那些个有的没的,Thu May 28 20:52:39 +0800 2020,重庆,严惩施暴者
雨润风雨,Thu May 28 20:00:52 +0800 2020,山东,好人一生平安
悟空98479,Thu May 28 19:37:56 +0800 2020,其他,这也是好医生坚持下去的原因
iivaiai,Thu May 28 19:22:13 +0800 2020,广东,@光子的一些事一些情 人间自有真情在
一个厌烦粉圈被迫入圈的追星小号,Thu May 28 19:10:26 +0800 2020,其他,致敬！好人一生平安！[心][心][心]
叶晓摩3,Thu May 28 18:41:41 +0800 2020,其他,好人一生平安！
GAGAGA阿-,Thu May 28 18:34:05 +0800 2020,黑龙江,学会感恩[心]
轻风skr,Thu May 28 18:26:45 +0800 2020,内蒙古,挡刀的太勇敢了[good]
布丁奶茶不加糖AA,Thu May 28 18:21:43 +0800 2020,四川,善良的人一定会幸运的[心]
梅譜儿只貓,Thu May 28 18:17:07 +0800 2020,北京,伤害他们的人真该判死刑！
天生MT脸,Thu May 28 18:13:07 +0800 2020,其他,我想知道那个伤医的凶手怎么处理了，陶医生这么个前途无量的医生被这样对待为啥都没处置行凶者的消息出来[疑问]
一叶紫薇星,Thu May 28 18:12:56 +0800 2020,重庆,好人有好报
做会我自己,Thu May 28 17:55:08 +0800 2020,山东,医生给患者希望，全社会给医生安全，努力打击伤医行为，各医院增加安检能力，切实保护医护人员的安全
野也也栗,Thu May 28 17:51:59 +0800 2020,江西,[心]
隐世录手游,Thu May 28 17:46:44 +0800 2020,其他,[泪][泪][泪][泪]
如月28393,Thu May 28 17:39:27 +0800 2020,北京,致敬[心]好人有好运
丛林狼2878,Thu May 28 17:32:24 +0800 2020,辽宁,我治好了你，你却拿刀要杀了我！唉！
chanlene03,Thu May 28 17:29:12 +0800 2020,广东,好人一生平安[心]
桃子果茶_ALi,Thu May 28 17:20:48 +0800 2020,湖北,心疼陶医生
大佬的樱花,Thu May 28 17:13:31 +0800 2020,广西,感动[可怜]希望好人一生平安
糯米团子艾小米,Thu May 28 17:11:21 +0800 2020,上海,[心][心][心]
云浮消防,Thu May 28 17:09:43 +0800 2020,广东,好人一生平安[心][心][心]，谢谢你
D璐帆C,Thu May 28 16:57:45 +0800 2020,山东,好人一生平安[作揖]
大声钻头,Thu May 28 16:30:04 +0800 2020,北京,看到网友们都这么阳光积极也挺欣慰的，希望以后不要再有这种恶性事件了。[白眼]虽然我觉得这事别就这样结束，家属黑名单还是要做的。没家风哪儿来的人疯
美味小鱼儿512,Thu May 28 16:27:05 +0800 2020,其他,陶医生啊
抱怨有毒系列咩,Thu May 28 16:17:31 +0800 2020,其他,[抱抱][抱抱][心][心]
那样也好啊,Thu May 28 16:06:47 +0800 2020,上海,希望好人一身平安
想改名字的小张张,Thu May 28 15:50:05 +0800 2020,山西,谢谢你！
陌离觞_Molly,Thu May 28 15:39:30 +0800 2020,湖南,伤人者最后怎么判了
刚刚好-90后,Thu May 28 15:32:22 +0800 2020,河北,都是善良有良心的人  赞赞👍
靖文629,Thu May 28 15:30:38 +0800 2020,辽宁,祝陶医生好人一生平安！感恩为陶医生挡刀的患者和医生！感恩大家救了一位好医生！祝大家幸福平安！吉祥健康！祝陶医生永远平安健康！感恩为患者付出的所有医护人员！祝大家好人一生平安健康！[心][心][心]🙏🙏🙏
心6006,Thu May 28 15:21:15 +0800 2020,其他,[心]
Micreslin,Thu May 28 15:12:47 +0800 2020,其他,医生这个职业真的特别伟大，他们值得我们尊敬和关爱！你可以不关注他们，但请不要伤害他们！做人要有良心！
一个角,Thu May 28 15:10:40 +0800 2020,广东,[心]
超级无敌双黄蛋,Thu May 28 15:09:36 +0800 2020,其他,好样的～
永恒星之回忆,Thu May 28 15:05:19 +0800 2020,广东,[心]
yoyo王悠然,Thu May 28 15:02:41 +0800 2020,辽宁,严惩坏人才对得起好人！
懒羊羊的小淘气,Thu May 28 14:58:45 +0800 2020,其他,好人一生平安
我去找空气,Thu May 28 14:57:03 +0800 2020,其他,都是善良的人，都值得敬佩的人[good][心]
凉语微眸,Thu May 28 14:55:48 +0800 2020,河北,好人有好报
王耶啵的漂亮小摩托,Thu May 28 14:53:17 +0800 2020,上海,真的感动，愿你们都好！
陈大小姐doria,Thu May 28 14:45:53 +0800 2020,江苏,[心][心][心]
Orangerey,Thu May 28 14:38:11 +0800 2020,其他,武汉加油，中国加油，2020加油
张张张Caroline,Thu May 28 14:35:46 +0800 2020,河北,真勇敢啊[泪]
美式全冰多加糖,Thu May 28 14:32:38 +0800 2020,北京,好人有好报
李小妹啊咋,Thu May 28 14:32:35 +0800 2020,新疆,[心]
今天也是想暴富的小蒋c,Thu May 28 14:32:08 +0800 2020,湖南,愿世间所有好人都平安
李奇贤医生,Thu May 28 14:29:26 +0800 2020,广东,医患双方本应相敬如宾
suezefu,Thu May 28 14:27:47 +0800 2020,陕西,不知陶医生现在情况怎样了！
盘丝洞的小神仙,Thu May 28 14:25:21 +0800 2020,广东,好人一生平安
给萝卜一个坑,Thu May 28 14:22:49 +0800 2020,山东,我竟然第一次知道还有人为他挡刀！太好哭了
一只不想动的野生君,Thu May 28 14:20:49 +0800 2020,安徽,家属好样的[中国赞]
0爱吃胡萝卜0,Thu May 28 14:20:45 +0800 2020,其他,致敬
临渭检察,Thu May 28 14:18:22 +0800 2020,陕西,[话筒]
浑南职工之友,Thu May 28 14:15:02 +0800 2020,辽宁,见义勇为了！
唐biubiu,Thu May 28 14:08:37 +0800 2020,其他,感动！谢谢挺身而出！
不敢吃辣,Thu May 28 14:08:11 +0800 2020,重庆,难受啊……
suda93311,Thu May 28 14:06:24 +0800 2020,江西,陶医生有些憔悴，没有当初的意气风发了[泪]
小疋Crystal,Thu May 28 14:04:35 +0800 2020,河南,这样的医患关系是真的很感人[心]
陌上梅朵,Thu May 28 14:03:41 +0800 2020,广东,[微笑][点亮平安灯]
极地丿燃烧,Thu May 28 14:02:47 +0800 2020,湖南,暴力伤医的人就该爬
心似烟火啊,Thu May 28 14:00:34 +0800 2020,辽宁,大爱无疆
WaiLtR,Thu May 28 13:57:26 +0800 2020,其他,@鄙人渣又暖 呜呜呜
风干的麦穗1986,Thu May 28 13:52:47 +0800 2020,其他,世界有恶也有善
2020lzr,Thu May 28 13:50:38 +0800 2020,山东,替陶医生谢谢你，美丽的小姐姐[心][心]
自然卷人哦,Thu May 28 13:49:39 +0800 2020,北京,好人一生平安
如故zoe,Thu May 28 13:47:01 +0800 2020,其他,谢谢[心]
开封市邮政分公司,Thu May 28 13:43:09 +0800 2020,河南,【#陶勇医生握住为他挡刀患者家属的手#】
阔浪鲸歌,Thu May 28 13:41:10 +0800 2020,上海,陶医生已经能出门诊了吗？
六11,Thu May 28 13:40:21 +0800 2020,安徽,最棒的你们❤️
文雨文wen,Thu May 28 13:39:08 +0800 2020,重庆,谢谢你们的善良[可爱]
尤克里ZZ,Thu May 28 13:35:45 +0800 2020,天津,正道的光
哪里都是突突兔,Thu May 28 13:34:59 +0800 2020,山西,医院门口做安检，莫让刀具进院房。
长出翅膀翱翔于天际,Thu May 28 13:32:44 +0800 2020,河北,暖
三日夜游神,Thu May 28 13:26:42 +0800 2020,北京,愿好人一生平安喜乐！[鲜花]
Y_lehe,Thu May 28 13:24:55 +0800 2020,浙江,[鲜花][心]
七粟晚邮,Thu May 28 13:24:24 +0800 2020,上海,[悲伤]
睢睢睢晓娜,Thu May 28 13:20:55 +0800 2020,河南,世上的好人多
今天也是想暴富的蔷薇,Thu May 28 13:20:24 +0800 2020,江西,不知道怎么说
天堂路口17,Thu May 28 13:18:42 +0800 2020,其他,愿好人一生平安!
小妮啵啵虎,Thu May 28 13:17:57 +0800 2020,海南,好人一生平安
2020进微博,Thu May 28 13:17:35 +0800 2020,其他,致敬勇敢的家属！
七彩贝贝2005,Thu May 28 13:17:05 +0800 2020,其他,[微笑]
xuzhi2002,Thu May 28 13:14:25 +0800 2020,其他,如何让好人一生平安落到实处才是最重要的…
可爱多多嘿,Thu May 28 13:14:17 +0800 2020,云南,[悲伤][悲伤][悲伤]善良的人可以多一点点好运吗
小杮子阿苏勒,Thu May 28 13:13:07 +0800 2020,广东,都是善良的人
家有小菜2,Thu May 28 13:07:20 +0800 2020,其他,谢谢她救了陶勇医生，给了从医的人坚持下去的勇气和信心。
白鹤与鹌鹑CP粉,Thu May 28 13:06:34 +0800 2020,四川,[心][心][心]
阿威__,Thu May 28 13:03:36 +0800 2020,福建,好人
准备好了吗孩子们是的船长,Thu May 28 13:02:40 +0800 2020,四川,行凶的人怎么惩处[怒]
我最可爱没人反对吧,Thu May 28 13:02:18 +0800 2020,其他,美国人真够坏的 在医院干出这种事 这就是自由的美利坚，自由的香气
淼渺氵氵,Thu May 28 13:01:39 +0800 2020,其他,善良的人还是多
我的秃头呢,Thu May 28 12:59:49 +0800 2020,湖南,@太好嗑辽 沃日 我流泪
ZERO努力做个好芭比,Thu May 28 12:55:36 +0800 2020,北京,这才是真正的医患关系[鲜花][鲜花][赞][赞]
朵乖啊,Thu May 28 12:55:27 +0800 2020,其他,转发微博
pdajhebs,Thu May 28 12:54:37 +0800 2020,上海,用真心换真心
穗乃果汁1,Thu May 28 12:51:36 +0800 2020,陕西,加油
越越大人加油,Thu May 28 12:51:07 +0800 2020,河南,善良的人再多，也抵挡不住垃圾人的伤害啊，你看陶医生，明显苍老了很多，这么大的手术恢复都得好长好长时间
蓝紫色喵星鱼,Thu May 28 12:50:05 +0800 2020,其他,善良的人们
E芝麻,Thu May 28 12:49:55 +0800 2020,上海,善良的人一定会有福报！愿陶医生和这两位女士诸事顺意万事如意天天开心越来越好(✪▽✪)！
sweet-flowers77,Thu May 28 12:46:46 +0800 2020,广东,永远有人让你看到世界最美好的一面。
晃晃尾巴,Thu May 28 12:44:41 +0800 2020,其他,酸酸的又暖暖的，谢谢你[心]
流厘窘错,Thu May 28 12:44:18 +0800 2020,广东,好人一生平安
远之友人,Thu May 28 12:43:06 +0800 2020,上海,丧事喜办，真是中国特色
2019命运无常,Thu May 28 12:43:06 +0800 2020,山东,人也有三六九等，有骄傲自满的实际上不咋地的，有谦卑的，有老实巴交的不惹事的，有各种各样的人
史莱克保卫处,Thu May 28 12:40:22 +0800 2020,广东,[中国赞]真情和大爱
无作非为,Thu May 28 12:36:32 +0800 2020,福建,[心][心][心]
鲸鱼星上没有鱼,Thu May 28 12:36:19 +0800 2020,其他,[泪][泪]还好有你和你
幕懿默了,Thu May 28 12:35:30 +0800 2020,河北,太勇敢了，好人一生平安。
不吃Z兔纸,Thu May 28 12:35:13 +0800 2020,四川,[心][心][心][心][心][心]
寄望未来,Thu May 28 12:34:51 +0800 2020,广东,转发微博
珊珊小魔女,Thu May 28 12:34:41 +0800 2020,北京,好人一生平安！
轩辕无柳,Thu May 28 12:33:02 +0800 2020,贵州,你们医生老说现在的患者如何如何不是，你在握着这个患者家属的手时，有没有想过收回扣时，有多可耻？
舒静年,Thu May 28 12:31:19 +0800 2020,湖北,[心][心][心]
兰月初酒,Thu May 28 12:30:07 +0800 2020,湖北,好感动[泪]
wangyujue2017,Thu May 28 12:29:27 +0800 2020,其他,谢谢这位勇敢的女士，你为大家保护了陶医生！
端碗艺术家_小二,Thu May 28 12:27:46 +0800 2020,天津,善良的人还是多数的[给你小心心][给你小心心]
见你·应如是,Thu May 28 12:27:05 +0800 2020,其他,平平安安的过好这一生吧[心]
那天的阳光真好,Thu May 28 12:26:33 +0800 2020,其他,总感到心酸心疼，然后又很可惜很遗憾
南方小花一朵,Thu May 28 12:25:55 +0800 2020,海南,[good][good][good]
少年赤诚一往无前,Thu May 28 12:24:31 +0800 2020,湖北,谢谢你们，都是好人[泪]🙏🙏🙏
Isvesia,Thu May 28 12:23:18 +0800 2020,浙江,好人一生平安
洁的Forevercompany,Thu May 28 12:23:01 +0800 2020,江苏,好人一生平安，致敬[心]
横渡柒海的风,Thu May 28 12:21:00 +0800 2020,甘肃,讨论医患关系是歪楼了，永远讨论不出什么，刑事犯罪就是刑事犯罪，管他是学生家长还是患者家属！
水平线上的小鱼,Thu May 28 12:20:28 +0800 2020,浙江,[二哈]
66mgh,Thu May 28 12:20:25 +0800 2020,陕西,正义感是每个善良的人的底线！
祖国花朵小君君,Thu May 28 12:19:57 +0800 2020,山东,谢谢你们为陶医生拼过命
透雨露看蔷薇,Thu May 28 12:18:49 +0800 2020,山东,人间有正义！
EliauK田,Thu May 28 12:18:00 +0800 2020,四川,🙏
淼焱李,Thu May 28 12:17:01 +0800 2020,吉林,谢谢你，谢谢你们！
欣-PeRFect,Thu May 28 12:15:30 +0800 2020,广东,暴力伤医的都应该得到严惩
四季阳光的小猪,Thu May 28 12:14:59 +0800 2020,其他,[心]
做一个精致的利己主义者,Thu May 28 12:14:00 +0800 2020,广东,好人一生平安[心]
貓貓Cat星人,Thu May 28 12:13:57 +0800 2020,广东,相信好人有好報[赞]
凯MrsL,Thu May 28 12:13:43 +0800 2020,其他,没仔细看标题，看到标题吓我一跳，我以为陶医生又出事了[汗][汗][汗]
有没有谁可以安排一下啊,Thu May 28 12:13:38 +0800 2020,其他,安！检！安！保！！！
正版花猫,Thu May 28 12:12:49 +0800 2020,湖北,好人一生平安！
硪為你心跳,Thu May 28 12:12:30 +0800 2020,浙江,一生平安
默默芹菜,Thu May 28 12:12:28 +0800 2020,天津,真的哭了，希望好人一生平安，感谢你们尊重白衣天使
CAU咔咻哒哒,Thu May 28 12:12:27 +0800 2020,其他,好人一生平安🙏🙏🙏
邓雅婷300,Thu May 28 12:11:03 +0800 2020,其他,[good][good][good][good]
阿黄请吃肉,Thu May 28 12:07:29 +0800 2020,浙江,谢谢你[赞]
Allen-本嘉,Thu May 28 12:06:57 +0800 2020,河南,好人一生平安
香克斯的太阳花,Thu May 28 12:04:51 +0800 2020,其他,看的令人难过！愿好人一生平安
爱吃薯片v,Thu May 28 12:03:30 +0800 2020,山东,[good]
春上末稍,Thu May 28 12:02:45 +0800 2020,其他,英雄！勇气可嘉
麻瓜事务司,Thu May 28 12:01:09 +0800 2020,其他,所以施暴者后续是什么，有人知道吗
老三壶儿,Thu May 28 12:01:08 +0800 2020,广东,好人有好报的
SC宠物服务,Thu May 28 11:59:42 +0800 2020,上海,温柔的人给予彼此力量[给你小心心]
MD木子姐,Thu May 28 11:59:10 +0800 2020,广东,好人一生平安[心]
乘风归去886,Thu May 28 11:56:57 +0800 2020,其他,谢谢你们，医生和这个勇敢的人
等风来luu,Thu May 28 11:56:48 +0800 2020,其他,好人有好报🙏
饺子皮_ZS,Thu May 28 11:54:55 +0800 2020,天津,致敬！
香橙味moi,Thu May 28 11:54:04 +0800 2020,四川,一直都是好人更多的
刷刷刷小土豆,Thu May 28 11:52:18 +0800 2020,四川,好人一生平安
匆匆那年96372,Thu May 28 11:52:09 +0800 2020,其他,好人一生平安
希希咪sehun喵,Thu May 28 11:51:59 +0800 2020,湖南,两位好人一生平安
雷雷雷ev,Thu May 28 11:51:38 +0800 2020,陕西,这是一个有爱的世界啊
心之花语yy,Thu May 28 11:50:01 +0800 2020,其他,好人一生平安~[抱抱][抱抱][心][心]
人生路上一歌者-路歌,Thu May 28 11:49:43 +0800 2020,河北,一声叹息，夫复何言？两行清泪，心向善良！
丫头小子的故事84891,Thu May 28 11:48:17 +0800 2020,其他,严厉打击医闹，校闹，不是谁闹谁就有理，不要让付出的人寒心
IamCelia,Thu May 28 11:48:08 +0800 2020,北京,好人一生平安[心]
夫兰当为王者香,Thu May 28 11:47:22 +0800 2020,河南,好人一生平安[泪]
这杯是去冰,Thu May 28 11:45:32 +0800 2020,上海,好人一生平安🙏
悠米佳佳,Thu May 28 11:44:27 +0800 2020,其他,致敬白衣天使[心]
鱼鱼儿jane,Thu May 28 11:44:02 +0800 2020,北京,好人一生平安
雪西西,Thu May 28 11:43:48 +0800 2020,北京,好人一生平安！！！
一百两白,Thu May 28 11:43:33 +0800 2020,河南,这个看到的人都赞
絲絨寶石,Thu May 28 11:40:54 +0800 2020,其他,回复@恰疚:好人总是难
GOOOTCHA,Thu May 28 11:40:47 +0800 2020,其他,回复@冲浪特派專員:？
绿豆红豆赤小豆,Thu May 28 11:40:22 +0800 2020,其他,好人一生平安
唯爱小白妹妹,Thu May 28 11:39:29 +0800 2020,其他,回复@柳家树叶123:医生太难了啊！
坚持不是偏执,Thu May 28 11:38:52 +0800 2020,福建,希望都能平安喜乐
猕博物馆的温莎,Thu May 28 11:38:29 +0800 2020,其他,好人一生平安
·桃沢春日,Thu May 28 11:37:42 +0800 2020,重庆,❤❤❤❤❤❤❤❤❤❤❤
宇纲家的小太阳,Thu May 28 11:34:42 +0800 2020,重庆,还是有好人
我要吃晚餐,Thu May 28 11:34:19 +0800 2020,广东,致敬！勇敢！
S姗姗-闪闪-33,Thu May 28 11:34:04 +0800 2020,安徽,眼睛湿了
胡桃饼干脆,Thu May 28 11:33:49 +0800 2020,湖北,好人一生平安[心][心]
鲜澜201905,Thu May 28 11:33:03 +0800 2020,河北,致敬，谢谢你的挺身而出[心]辛苦了[心]
嘉伦的新新嘉人,Thu May 28 11:33:01 +0800 2020,广西,好人一生平安
民间实话实说望远镜,Thu May 28 11:32:38 +0800 2020,其他,此时此刻，想马加爵的事情最多，一个穷人的孩子，考上大学真的很不容易。被一群势利眼结束了他的生命，而不是他结束了别人的生命，可是法律就是定了他杀了人，这是事实，
小妲己的蜜桃乌龙,Thu May 28 11:32:37 +0800 2020,广东,值得敬佩的人[心][心][心]
GUIgui不服输,Thu May 28 11:32:12 +0800 2020,广西,祝福[心][心][心]
Bonniegoill,Thu May 28 11:32:09 +0800 2020,内蒙古,好人一生平安
安琪娜6257092021,Thu May 28 11:31:20 +0800 2020,四川,都是好人。好人有好报
M-三毛哥哥,Thu May 28 11:30:32 +0800 2020,广西,太难受了
書女微博,Thu May 28 11:30:30 +0800 2020,陕西,谢谢你为我拼过命
Bogummyslovelyfan,Thu May 28 11:30:03 +0800 2020,其他,好人一生平安[心][心][心]
Palema-我还是个孩子,Thu May 28 11:29:14 +0800 2020,河南,小姐姐和陶医生都是很好的人啊
紫艺carey,Thu May 28 11:27:49 +0800 2020,海南,都是好人
锦绣时见你,Thu May 28 11:27:21 +0800 2020,其他,好人一生平安
Vicky-结婚钻戒设计,Thu May 28 11:27:17 +0800 2020,江苏,致敬！
用户星兜师太,Thu May 28 11:26:58 +0800 2020,四川,温馨的画面好感动人[good][good][good] 愿社会形成尊医的好风尚！
Clovers_Planet,Thu May 28 11:26:50 +0800 2020,重庆,都是善良的人[心][心][心]
江山怎抵你,Thu May 28 11:26:48 +0800 2020,云南,都是好人 好人一生平安[给你小心心]
BirdwhoSing,Thu May 28 11:25:50 +0800 2020,广东,❤❤🙏🙏🙏
Luluyangjuan,Thu May 28 11:25:51 +0800 2020,江苏,是勇气[鲜花][鲜花]
骆凌一,Thu May 28 11:25:21 +0800 2020,福建,[心][心][心]
T薄荷D,Thu May 28 11:25:00 +0800 2020,天津,[心][心][心]
蜡笔小馨俩,Thu May 28 11:24:49 +0800 2020,广西,陶医生还能行医真是太好了
一抹茉莉芽,Thu May 28 11:24:30 +0800 2020,其他,这世上好人还是多的
兰欣小朋友,Thu May 28 11:23:36 +0800 2020,福建,好人一生平安[心][心][心]
住手小王快别吃了,Thu May 28 11:23:19 +0800 2020,江苏,好人一生平安
sky满心欢喜,Thu May 28 11:22:55 +0800 2020,山东,好人一生平安
呦呦saisai,Thu May 28 11:22:07 +0800 2020,河南,[微风][微风][微风]
Youfellasleep,Thu May 28 11:21:57 +0800 2020,重庆,好人一生平安！
嘎颠,Thu May 28 11:20:21 +0800 2020,浙江,一个天使，一个英雄
堃969,Thu May 28 11:17:23 +0800 2020,其他,致敬，好人一生平安，要切实保护医务人员的安全
千金难买W乐意,Thu May 28 11:16:51 +0800 2020,广东,泪目！好人一生平安[心][心]
抹香鲸的小娘子20102010,Thu May 28 11:16:37 +0800 2020,湖北,[泪][泪][泪]严惩医闹！！！！！
11家的瓶子,Thu May 28 11:16:35 +0800 2020,上海,都是棒棒的
大齐鲁青未了,Thu May 28 11:16:25 +0800 2020,其他,感动😭
笑谈-李铫,Thu May 28 11:15:49 +0800 2020,北京,感谢
趴趴莵0712,Thu May 28 11:15:36 +0800 2020,广东,祝福
樊秋冬,Thu May 28 11:14:44 +0800 2020,其他,回复@限量奶盖:在一起，在一起
Wish912,Thu May 28 11:14:30 +0800 2020,上海,媒体是要开始写连续剧了吗，让医生重新回归正常生活不好吗
情迷紫气,Thu May 28 11:14:14 +0800 2020,浙江,严惩伤医罪行
Sail爱臭美,Thu May 28 11:13:52 +0800 2020,其他,[心][心][心]
加葱走芫荽,Thu May 28 11:13:33 +0800 2020,其他,好人一生平安
花椒娃娃是勇敢的小妖怪,Thu May 28 11:13:27 +0800 2020,江苏,田女士太勇敢了！谢谢你
绿宁96944,Thu May 28 11:13:07 +0800 2020,广东,哪有什么岁月静好，只不过有人冲在前面，愿所有人可以平平安安[心]
水桐宝宝,Thu May 28 11:12:41 +0800 2020,湖北,都会好好的
山川风物四时美景,Thu May 28 11:11:55 +0800 2020,上海,善意值得被宣传，好人一生平安！
依欧带着小锦鲤,Thu May 28 11:11:45 +0800 2020,北京,都是善良的人[心]
CY阳光那么好,Thu May 28 11:11:24 +0800 2020,其他,好人一生平安
一生独一2333,Thu May 28 11:11:22 +0800 2020,其他,真的很感动，为所有从事医疗工作的人感到庆幸，人间尚有温暖在。
kale2007,Thu May 28 11:11:17 +0800 2020,北京,感人，佩服田女士，敬重陶医生，祝福他（她）们。
等az待宿命的烟雨,Thu May 28 11:10:30 +0800 2020,广东,好人会有好报
是你的三千姑娘鸭,Thu May 28 11:10:21 +0800 2020,其他,大家都是好人，好人一生平安[心]
佳玟儿在这,Thu May 28 11:10:19 +0800 2020,辽宁,好人
Grace_k,Thu May 28 11:10:20 +0800 2020,广东,好人一生平安[心]
许翛然Kleinblue,Thu May 28 11:09:43 +0800 2020,其他,总有温暖的人
惟愿兔包平安喜乐,Thu May 28 11:09:34 +0800 2020,浙江,正义在人间
星夜荧火渲染墨绿色的夜,Thu May 28 11:07:55 +0800 2020,河北,莆田系医院该整治一下了
冷漠只是皮皮虚伪的外壳,Thu May 28 11:07:47 +0800 2020,上海,有时善良会让你变得勇敢而不自知
山的那边有大海吗,Thu May 28 11:07:43 +0800 2020,山东,陶勇医生改变了我的世界观！[心]
舆我無関-,Thu May 28 11:07:20 +0800 2020,北京,回复@舆我無関-:正常的拼命，应该是医患共同面对疾病的，而不是面对那些暴力的！
秌亱梧桐雨,Thu May 28 11:06:56 +0800 2020,江苏,都是故事
我是元宝多,Thu May 28 11:06:46 +0800 2020,北京,[泪][泪][泪]
青铜时代的鱼,Thu May 28 11:06:31 +0800 2020,其他,愿天使守护你们～[爱你]
吃一颗奶糖11,Thu May 28 11:06:23 +0800 2020,其他,愿好人一生平安
期待十二月,Thu May 28 11:06:24 +0800 2020,江苏,勇敢的心
争当吃货,Thu May 28 11:06:06 +0800 2020,浙江,后来砍人的人怎么样了？
超鹅Fighting,Thu May 28 11:06:01 +0800 2020,四川,好人一生平安啊
小小小小小雯-,Thu May 28 11:05:24 +0800 2020,湖北,[泪][给你小心心][给你小心心][给你小心心]
Zannen初七,Thu May 28 11:05:16 +0800 2020,上海,[悲伤]陶医生太善良了。
滾滾奶黃包,Thu May 28 11:05:08 +0800 2020,其他,暖，但希望不要再有這種事情了
寿司_紫彤,Thu May 28 11:05:02 +0800 2020,江苏,[心][心][心]
危z_jenny,Thu May 28 11:04:54 +0800 2020,广东,[心][心]感恩
咕叽咕叽余,Thu May 28 11:04:46 +0800 2020,其他,好人一生平安
Marine冰弦歌,Thu May 28 11:04:18 +0800 2020,广东,[泪]
馨芯昕辛,Thu May 28 11:04:14 +0800 2020,辽宁,做好医院安检和保卫工作，做好医学科普工作，让老百姓知道医学不是万能的，医务人员不是“服务员“，加大对伤人者惩治力度@人民日报
灵玉公子he非雨晓鹤,Thu May 28 11:03:58 +0800 2020,河北,谢谢你为我拼过命……”“谢谢你为我拼过命……”致敬这样互相信任携手同行的医患关系！
丸圆的小青柠Roy,Thu May 28 11:03:32 +0800 2020,重庆,[心]
elevendreams13,Thu May 28 11:03:15 +0800 2020,福建,真的好可怜 [悲伤]希望你的未来一切安好
黎山老母鹅,Thu May 28 11:03:02 +0800 2020,广东,[淚][淚][淚][淚][心]
Cutie龙猫组,Thu May 28 11:02:35 +0800 2020,江苏,不是医患矛盾  是违法犯罪！
不知该起什么名字咯,Thu May 28 11:01:46 +0800 2020,天津,[为爱发光][为爱发光]
woshuolesuan_,Thu May 28 11:01:26 +0800 2020,重庆,[心][心]
浮f夸也是一种调调,Thu May 28 11:01:06 +0800 2020,湖北,好人一生平安
林嘉宣宣,Thu May 28 11:00:36 +0800 2020,其他,致敬[爱你]
Re·Yoke,Thu May 28 11:00:07 +0800 2020,其他,你们都会有福报的！
瑛子娃娃WJY,Thu May 28 11:00:00 +0800 2020,其他,好人一生平安
Crazy-蘭,Thu May 28 10:59:23 +0800 2020,内蒙古,现在医生和病患冲突比比皆是！医院自身也注意一下，每个看病的心情都好不到哪里去连带着家属也跟着焦躁不安，我们都去过医院光挂号到出检查结果这一系列出来能跑断腿，家属想多问医生几句爱答不理，敷衍了事，包括着前台，挂号处没一个服务态度好的，如果病人自己会看病什么都知道还去医院干嘛！
肉小胖萌宝,Thu May 28 10:59:13 +0800 2020,北京,[心]
井鹤呀,Thu May 28 10:58:52 +0800 2020,北京,好人一生平安
側耳71傾聽,Thu May 28 10:58:40 +0800 2020,湖南,好人一生平安
战的路路,Thu May 28 10:58:39 +0800 2020,海南,爱是相互的[心][心]
理理发财,Thu May 28 10:58:01 +0800 2020,河北,路过
可口可乐可口乐啦,Thu May 28 10:57:43 +0800 2020,江苏,#陶勇复诊再遇为他挡刀患者家属#   你这一辈子 有没有为谁拼过命[心]
奶茶不是谁都爱,Thu May 28 10:57:31 +0800 2020,其他,陶勇医生和家属都是好人，一生平安
叶默声,Thu May 28 10:57:10 +0800 2020,浙江,温馨
honey白纸tlkq,Thu May 28 10:57:05 +0800 2020,北京,[心][心][心][心]
幽谷百合90斤仙女,Thu May 28 10:56:08 +0800 2020,湖北,谢谢您为陶老师挡刀，祝福您和陶老师今后常安好[心]
茜茜deTAO,Thu May 28 10:56:07 +0800 2020,上海,好人一生平安！
所思所忆所为,Thu May 28 10:55:31 +0800 2020,湖南,医生应是我们最好的朋友
寒螿夜泣,Thu May 28 10:55:29 +0800 2020,浙江,回复@噗噗20865:我说的是请层主不要说“互相”伤害，因为医闹是伤医者单方面的伤害。你的话像是我站在我自己的对立面，请睁大眼睛看看我的原句好么？
追剧天堂,Thu May 28 10:55:15 +0800 2020,湖北,感谢你曾经为我拼过命
哥们是文明人,Thu May 28 10:54:56 +0800 2020,其他,看到这一幕，更觉得那个歹徒该死。什么时候医院才能安检呢？
Will-兴,Thu May 28 10:54:46 +0800 2020,北京,后怕，真的不敢看那个画面。
往事随风dir,Thu May 28 10:54:35 +0800 2020,四川,好人一生平安
高姜_yii,Thu May 28 10:54:30 +0800 2020,广东,[心]好人一生平安
天水城事,Thu May 28 10:54:25 +0800 2020,甘肃,【#陶勇医生握住为他挡刀患者家属的手#】27日，北京朝阳医院眼科诊室，正在出诊的陶勇医生遇到了在伤医事件当天为他挡过刀的患者家属田女士带女儿复诊，#两只伤痕累累的手握在了一起#。
天秤未然wjge,Thu May 28 10:53:35 +0800 2020,北京,[心][心][心]
丝瓜是我,Thu May 28 10:53:17 +0800 2020,北京,[赞][给你小心心]
静观水天成一色笑看沧海变桑田,Thu May 28 10:53:13 +0800 2020,其他,逼羊为狼的社会！
名字瞎取得不会,Thu May 28 10:53:05 +0800 2020,四川,好善良啊
愿以数载热爱书于光阴,Thu May 28 10:52:58 +0800 2020,广东,好人一生平安
liliding76,Thu May 28 10:52:50 +0800 2020,江西,谢谢您，您是真正的天使❤️
九秋风露起,Thu May 28 10:52:15 +0800 2020,内蒙古,好人一生平安！愿有相关措施加紧实行保护医护人员安全！
噗噗20865,Thu May 28 10:52:11 +0800 2020,其他,回复@寒螿夜泣:陶医生哪里错了？那个患者在其他人那里做手术做得不好，陶医生对他复诊，重新做，他的视力已经恢复一些，可是达不到他想要的结果，他那天要砍的也不是陶医生，是之前给他治的另外一个医生，只是那位医生当天没出门诊，他就把怒火发泄在陶医生那里
两木木是一嘉人,Thu May 28 10:52:00 +0800 2020,福建,好人一生平安
只是过客R5,Thu May 28 10:52:00 +0800 2020,上海,如果，我只是说如果再有发生伤医事件，希望在场的男性同胞们都可以挺身而出，制止伤医事件的发生或者恶化。
如此刺眼的温柔,Thu May 28 10:51:22 +0800 2020,湖北,心疼医生们 希望更好的保护
卑微肥虾在线追星啊,Thu May 28 10:51:03 +0800 2020,广东,好人一生平安[心]
大武口建设街,Thu May 28 10:51:03 +0800 2020,宁夏,我是宁夏石嘴山市大武口区的市民，我们62户居民在建设街的房子，在2014被政府拆迁，没有房租，没有拆迁款，回迁房成了烂尾楼。来来回回找政府找了好几年了，被来来回回踢皮球踢了好几年。有的老人没有等到新房去世了，有的年青人准备用拆迁房做新房，结果二孩都会走了，还和父母挤在出租屋里。求关注
kbear007,Thu May 28 10:50:34 +0800 2020,山东,泪目[泪]好人一生平安🙏致敬！
倔强的监狱lclq,Thu May 28 10:50:13 +0800 2020,北京,[心][心][心]
吴大萌天下第一ww,Thu May 28 10:49:16 +0800 2020,江苏,话说后来凶手怎么样了，枪毙了吗
寒螿夜泣,Thu May 28 10:48:57 +0800 2020,浙江,回复@冲浪特派專員:不要说“互相”喔，看起来像是医生也错了
紫竹枫铃,Thu May 28 10:48:56 +0800 2020,广东,致敬[赞]谢谢你的挺身而出
莉莉5995610544,Thu May 28 10:48:28 +0800 2020,湖南,好人一生平安
饼饼yt,Thu May 28 10:48:27 +0800 2020,吉林,像你们致敬
小嘻嘻祝朱一龙0416生日快乐,Thu May 28 10:48:26 +0800 2020,其他,[心]
云舞LYN,Thu May 28 10:48:23 +0800 2020,甘肃,好人一生平安
春日晒棉被,Thu May 28 10:48:22 +0800 2020,四川,医院也需要加强安保，为好心人有正义感的患者致敬
一饮半盏清茶,Thu May 28 10:48:19 +0800 2020,其他,好样的👍🏻
L-茉,Thu May 28 10:47:58 +0800 2020,江苏,致敬最善良的白衣天使[心]
愤怒的皮卡丘1987,Thu May 28 10:47:19 +0800 2020,辽宁,希望刀能握在好人的手里
缘凡心,Thu May 28 10:47:07 +0800 2020,广东,都是善良的人啊[心]
淋骡愁断,Thu May 28 10:46:08 +0800 2020,江西,好人一生平安🙏
我是外星人77,Thu May 28 10:46:07 +0800 2020,北京,回复@黄蓓依:感谢他的大爱ヽ(*´з｀*)ﾉ[心]
水瓶座的起跑3,Thu May 28 10:46:01 +0800 2020,浙江,[心][心][心]
心塞的大胖胖,Thu May 28 10:45:45 +0800 2020,甘肃,[心][心][心]
炫酷小盆宇,Thu May 28 10:44:49 +0800 2020,湖北,希望好人一生平安！[心][心]
粼粼月色,Thu May 28 10:44:32 +0800 2020,其他,这是平民英雄呀[心]
嘉伦我的小太阳,Thu May 28 10:44:31 +0800 2020,广东,好人一生平安
绿阳烟外晓寒清,Thu May 28 10:44:31 +0800 2020,香港,谢谢
仙Lu不爱洗头,Thu May 28 10:44:26 +0800 2020,其他,好人一生平安
蔣穎888888,Thu May 28 10:44:08 +0800 2020,贵州,[中国赞]
是你的小可爱v,Thu May 28 10:43:41 +0800 2020,山东,善良的人还是多的[心]
独爱紫竹铃,Thu May 28 10:43:34 +0800 2020,广东,致敬！谢谢你的挺身而出。患者家属太勇敢了 谢谢你 好人一生平安[赞][赞][赞]
仙人掌上一颗瓜,Thu May 28 10:43:29 +0800 2020,其他,希望少点医闹多点理解
这井是正德年间的,Thu May 28 10:43:19 +0800 2020,广东,不知道到现在为止有没有任何改变？
笑起来真好看娜na,Thu May 28 10:42:53 +0800 2020,其他,致敬
静水照大千_,Thu May 28 10:42:51 +0800 2020,福建,[心][心][心]
崂山小米爸,Thu May 28 10:42:49 +0800 2020,山东,陶勇医生，仁者佛心啊
黄蓓依,Thu May 28 10:42:28 +0800 2020,浙江,陶医生医者仁心[心]
柳家树叶123,Thu May 28 10:42:23 +0800 2020,江苏,回复@唯爱小白妹妹:治好了也不会当神供着的，他会说哪个哪个人5毛钱的药就治好了，还怀疑你让他多花钱了
CHANWOO13,Thu May 28 10:41:46 +0800 2020,江苏,总有好的人，让那些心寒的医生可以暖起来继续努力。希望法律和医院能医务工作者安全
PETOPIA丨爱宠乌托邦,Thu May 28 10:41:27 +0800 2020,辽宁,哎，希望善良的人都能结善果
语不禅,Thu May 28 10:41:11 +0800 2020,其他,袭警、袭医，应该同罪。
情感戏剧,Thu May 28 10:40:48 +0800 2020,上海,看到两个伤痕累累的手握在一起的时候，心里说不出的酸楚和感动，希望相关部门保护好医生的人身安全，未来会越来越好的[泪]
玉林反邪,Thu May 28 10:40:46 +0800 2020,广西,【#陶勇医生握住为他挡刀患者家属的手#】
Tuleva_Y,Thu May 28 10:40:14 +0800 2020,北京,[心][心][心]
周深的合法妻子,Thu May 28 10:39:41 +0800 2020,其他,我们还是有理由相信善良的存在！
心悦水晶物语,Thu May 28 10:39:38 +0800 2020,其他,彼此扶持 彼此感恩 这才是最美的医患关系❤️
徜徉千里,Thu May 28 10:39:21 +0800 2020,北京,好你一生平安！
行月思回_,Thu May 28 10:39:13 +0800 2020,河北,好人一生平安[心]
BURIBURI·ZAEMON_,Thu May 28 10:39:11 +0800 2020,其他,[泪][心]这才是正常的医患关系
等待的滋味一点都不好,Thu May 28 10:39:08 +0800 2020,其他,眼眶湿润了，都是好人
晚晚追ab日记,Thu May 28 10:39:03 +0800 2020,其他,好人一生平安
牛油果芝士养乐多,Thu May 28 10:38:51 +0800 2020,其他,回复@舆我無関-:就是呀，医院应该要设立起安检岗，危险物品刀具等一律不得带入
拥抱幸福的小鸟,Thu May 28 10:38:47 +0800 2020,黑龙江,好人一生平安
电风扇在不停的吹,Thu May 28 10:38:46 +0800 2020,江苏,[心]
老小璇,Thu May 28 10:38:29 +0800 2020,广东,好人一生平安
西江月月,Thu May 28 10:38:27 +0800 2020,河南,好人一生平安
荷锄菜农,Thu May 28 10:38:19 +0800 2020,其他,不要只宣传感动，要呼吁有关部门切实有作为，保护好人，惩戒恶者。
深火山,Thu May 28 10:38:12 +0800 2020,内蒙古,良好的关系需要大家一起维护[可爱]
做一軰子女孩,Thu May 28 10:38:11 +0800 2020,河北,谢谢！世界上有你们才会充满光明！[心][心][心]
Y阿欢H,Thu May 28 10:38:05 +0800 2020,安徽,好人一生平安[心]
丢了密码的潇小孩儿她娘,Thu May 28 10:38:03 +0800 2020,其他,让人有勇气坚持下去的不是鸡汤文不是表彰
十铨科技_TeamGroupInc,Thu May 28 10:38:00 +0800 2020,台湾,内心真的超级强大！
诗说天下W,Thu May 28 10:37:48 +0800 2020,北京,社会最大的悲哀，是作奸犯科者得不到应有的处罚
紫陌迢迢任阡尘,Thu May 28 10:37:47 +0800 2020,其他,好人有好报
_戴大本事,Thu May 28 10:37:35 +0800 2020,北京,没申请见义勇为奖励吗
请问有事吗嘻嘻,Thu May 28 10:37:18 +0800 2020,其他,啊太温柔了
可乐滑步,Thu May 28 10:37:07 +0800 2020,广东,好人一生平安[心]
啊_小熊熊,Thu May 28 10:36:53 +0800 2020,广东,愿这世界多一些真实，少一些虚假，这可能很难了。
幸福如影随形2020,Thu May 28 10:36:45 +0800 2020,黑龙江,[心]
深火山,Thu May 28 10:36:43 +0800 2020,内蒙古,谢谢你们的善良
开心小主233,Thu May 28 10:36:33 +0800 2020,其他,都是善良的人[good][good][good]
Hei洋葱2020,Thu May 28 10:36:29 +0800 2020,天津,致敬[给你小心心]
一切静好苏苏,Thu May 28 10:36:23 +0800 2020,福建,好人平安
无为真人_80388,Thu May 28 10:35:57 +0800 2020,山东,不客气的说，当今医患关系紧张，制度是主因。都说毛时代穷，可那时为什么没有伤医事件发生？
柳暗花明6878,Thu May 28 10:35:53 +0800 2020,广东,愿都平安喜乐
小T我是,Thu May 28 10:35:09 +0800 2020,浙江,温暖的力量！真好！
现现小丸子,Thu May 28 10:35:09 +0800 2020,其他,看哭了[悲伤]   为什么砍人的那个人要这样[悲伤]
李葱你在吗,Thu May 28 10:35:06 +0800 2020,广西,泪目[泪]好人一生平安[心]
Aimee瀚随金生,Thu May 28 10:35:04 +0800 2020,江苏,好人一生平安[心]
逸枫最皮,Thu May 28 10:35:04 +0800 2020,其他,网上评论炸翻天，他也熟视无睹，我们各种谣言四起，人心惶惶，我们真的不知道该怎么办了，他们的电话打不通，没人接，就算有人接，态度也极其恶劣，出口伤人，还对我们的成绩进行侮辱，网上有录音，你们可以自行搜索，我们现在真的在崩溃的边缘！！！帮帮我们吧！求求你们了
岳源说,Thu May 28 10:34:07 +0800 2020,北京,原来当时还有这件事，正能量[米奇比心]
退休教师范睦群,Thu May 28 10:33:41 +0800 2020,湖北,//@退休教师范睦群：感动、转发、点赞！
平衡与乐观,Thu May 28 10:33:39 +0800 2020,上海,祝福好人一生平安健康快乐！[心]🙏
韬观天下事,Thu May 28 10:33:11 +0800 2020,其他,#六盘水日报[超话]##韬观天下事# 【#陶勇医生握住为他挡刀患者家属的手#】27日，北京朝阳医院眼科诊室，正在出诊的陶勇医生遇到了在伤医事件当天为他挡过刀的患者家属田女士带女儿复诊，#两只伤痕累累的手握在了一起#。田女士：当时真的没有想太多
许凉笙Vengo,Thu May 28 10:33:07 +0800 2020,吉林,看医生不要砍医生🙏
吴seihou,Thu May 28 10:33:05 +0800 2020,福建,好人一生平安
逸枫最皮,Thu May 28 10:32:54 +0800 2020,其他,我们河南准备单招的考生现在心情十分复杂，可是教育厅迟迟没有消息
四月铃兰LIN,Thu May 28 10:32:51 +0800 2020,上海,[泪][泪][鲜花]
是家朗呀,Thu May 28 10:32:40 +0800 2020,广东,感动！希望陶医生好好的。
颖农yc,Thu May 28 10:32:29 +0800 2020,广东,致敬
Qi-婷葶,Thu May 28 10:32:26 +0800 2020,山东,[心]
卖螺蛳粉包养你,Thu May 28 10:32:23 +0800 2020,广西,能把我弟换成哥哥吗
逸枫最皮,Thu May 28 10:32:18 +0800 2020,其他,我想知道河南教育厅为什么迟迟不发布单招通知，好多同学年前就在准备单招，从而放弃了物理化学和生物，现在基本都在家里呆着，半年多没去学校，可是过了这么久，别的省份都大部分都已经单招完毕，可是河南却迟迟没有消息，现在好多考生割腕发微博，形势十分严峻，让我们这几十万的考生怎么办@河南教育
是远道呐,Thu May 28 10:32:13 +0800 2020,其他,[悲伤][悲伤]一生平安！[心]
是大靓靓呀,Thu May 28 10:32:10 +0800 2020,其他,后来我终于知道，她并不是我的花🌸，我只是途径了她的绽放。 ​​​
逸枫最皮,Thu May 28 10:32:07 +0800 2020,其他,冒昧占用下资源，谢谢
瀚瀚的玥儿,Thu May 28 10:31:45 +0800 2020,重庆,致敬！好人一生平安！
银佳莟,Thu May 28 10:31:26 +0800 2020,山东,好人一生平安~
藕花深处沉醉不知归路,Thu May 28 10:31:14 +0800 2020,其他,看到陶医生的手真的很难过😔，也很佩服田女士的勇气，希望善良的人平安[心]
钱虫子1,Thu May 28 10:31:07 +0800 2020,湖南,[good]
花沉尘,Thu May 28 10:30:29 +0800 2020,四川,世间用有温情在。世间总有真情在。
翻斗花园1号楼,Thu May 28 10:30:11 +0800 2020,北京,致敬
galaxy的月球君,Thu May 28 10:29:55 +0800 2020,湖南,[心][心]
小凡丶医生,Thu May 28 10:29:43 +0800 2020,山西,这样的患者也太让人温暖了
一水清圆立风荷,Thu May 28 10:29:33 +0800 2020,其他,我又要哭了
仙女金燕儿,Thu May 28 10:29:31 +0800 2020,其他,好人一生平安[给你小心心]
Allen小飞飞2020,Thu May 28 10:29:15 +0800 2020,北京,善良的人[心]
gogoErike,Thu May 28 10:29:10 +0800 2020,北京,立法严惩医闹行为，绝不姑息，医疗透明。
凡伊墨,Thu May 28 10:28:54 +0800 2020,上海,我给看哭了！真的好人一生平安。
砂子丢,Thu May 28 10:28:53 +0800 2020,浙江,好人一生平安[心] 但我也希望不要再把陶医生塑造成“圣人”了。会怕、会痛、会生气也会谅解，陶医生是“凡人”，所有的医生都是凡人。 不要再让有“天使心”的“凡人”们受伤了[失望][失望]
凡间天使85,Thu May 28 10:28:48 +0800 2020,其他,好人一生平安
小猪每天都可爱,Thu May 28 10:28:41 +0800 2020,河南,[作揖][good]
做猪就要开心点,Thu May 28 10:28:31 +0800 2020,其他,都是善良的人啊
淮南师范学院学生会,Thu May 28 10:28:16 +0800 2020,安徽,【Repost】“谢谢你为我拼过命”，患者家属为医生挡刀，不仅让医生感到温暖，也因自己的挺身而出收获大众敬意，愿以后所有的医患关系都能这样充满爱[心]
犇妈6242128000,Thu May 28 10:28:08 +0800 2020,云南,真感动！真的，在那种情况下人的本能反应是躲开，这位女士真的很勇敢[good][good]
luckillybest,Thu May 28 10:27:50 +0800 2020,江西,一个爆哭
空调房里裹棉被,Thu May 28 10:27:42 +0800 2020,北京,好人一生平安！愿有相关措施加紧实行保护医护人员安全
cfy芝幻,Thu May 28 10:27:40 +0800 2020,广东,好人一生平安！🙏
Duling的浅时光,Thu May 28 10:27:39 +0800 2020,河南,好人一生平安
自由自在的追by太善良,Thu May 28 10:27:26 +0800 2020,广东,都是好人！！谢谢你们！
顾川是我的,Thu May 28 10:27:19 +0800 2020,上海,好人一生平安🙏
松源隐士,Thu May 28 10:27:13 +0800 2020,浙江,浙江电视台1818黄金眼报道:男子胡师傅到浙江省建德第一人民医院治疗腰椎间盘突出，发现医院重复收费外，还竟然收取女性绝经前后的检查费用。现在的建德一院真是生财有道[赞][赞][赞]恳求建德一院持守职业道德底线，莫再坑害患者，因为百姓生活不易，尤其是新冠疫情期间，拜托了[作揖][作揖][作揖]
别劲儿劲儿的_,Thu May 28 10:27:11 +0800 2020,吉林,[心]
w阿文w,Thu May 28 10:27:11 +0800 2020,其他,严惩伤医者，加强医院安保，院方要保护医生别总想着和稀泥
LAMLBeethoven,Thu May 28 10:27:07 +0800 2020,其他,人间尚有真情在
不能再来一碗吗,Thu May 28 10:27:06 +0800 2020,山东,陶勇医生加油！！！！！！
·归属辞爷·,Thu May 28 10:26:55 +0800 2020,福建,一生平安[给你小心心]
壹壹壹_壹壹恣,Thu May 28 10:26:29 +0800 2020,上海,好人一生平安[心][心][心]
诗狮小疆君,Thu May 28 10:26:18 +0800 2020,新疆,好人一生平安
winn-ie-poofpei,Thu May 28 10:26:17 +0800 2020,广东,借楼，你好博主有一个叫Huxley的中国孩子被一对美国夫妇领养但是现在他们却把他抛弃了而且也不清楚他们把他送到哪里去了，很多人担心他，博主能不能报道一下这个事情，在油管上他们有他们的自媒体频道叫“the Stauffer life”和“Myka Stauffer”.如果可以的话谢谢了[心]希望更多人关注寻找一下Huxley
莫雪灵湘,Thu May 28 10:26:07 +0800 2020,广东,好人一生平安
白白吻你,Thu May 28 10:26:07 +0800 2020,北京,致敬
布丫头的猫窝,Thu May 28 10:26:01 +0800 2020,重庆,好对医闹严惩[怒]
要很努力很努力93,Thu May 28 10:25:47 +0800 2020,山东,微博里都在抵制山东合村并居什么情况
小雨云舒,Thu May 28 10:25:37 +0800 2020,江西,[泪][泪]
最爱番茄锅w,Thu May 28 10:25:29 +0800 2020,其他,[泪][泪][泪]
Camillemin僖,Thu May 28 10:25:24 +0800 2020,海南,[心]
许生启维强以,Thu May 28 10:25:21 +0800 2020,浙江,感谢陶勇医生，好人一生平安！
雅雅乖乖520,Thu May 28 10:25:17 +0800 2020,云南,都是好人，好人有好报
卡哇伊的小馨馨,Thu May 28 10:25:15 +0800 2020,北京,正义和温暖永在[good][good][good]
茶茶爱嘉嘉,Thu May 28 10:25:06 +0800 2020,湖北,好人一生平安
宋宋yai,Thu May 28 10:25:04 +0800 2020,湖南,值得敬佩🙈
只有一个妹,Thu May 28 10:25:01 +0800 2020,北京,[心]一生平安
谐音梗是要扣钱的,Thu May 28 10:24:52 +0800 2020,黑龙江,泪目，人间还有真情在
不散场的起点,Thu May 28 10:24:45 +0800 2020,其他,[心]
唯爱此任,Thu May 28 10:24:33 +0800 2020,安徽,致敬
冷月落花情,Thu May 28 10:24:28 +0800 2020,黑龙江,陶医生还能恢复自己的工作么？
陪令琪走花路吧,Thu May 28 10:24:22 +0800 2020,上海,心存感恩之心，身行积德之善； 从善者吾近之，从恶者吾远之； 百年养善不足，一日毁之有余； 行善不必人知，积德无需他晓 ​。传播正能量是一份积极的心态，使自己的内心充满自信、豁达、愉悦、进取；使别人感到暖和、温馨、亲切、友善。 ​
·怪力少女·,Thu May 28 10:24:20 +0800 2020,北京,真的为陶勇医生致敬[赞]同时致敬中国千千万万医护工作者，谢谢陶老师，谢谢你们为我们拼过命！致敬相互信任携手共进的医患关系[拳头][赞]
勇敢无敌九三学社bfut,Thu May 28 10:24:15 +0800 2020,湖北,好人一生平安感谢！
洛灵-li,Thu May 28 10:24:10 +0800 2020,北京,#陶勇医生握住为他挡刀患者家属的手# 好人一生平安！
夏天kuai来,Thu May 28 10:24:09 +0800 2020,其他,都很勇敢啊，[good][good]
马可不吃菠萝人,Thu May 28 10:24:08 +0800 2020,其他,凶手呢？
薇薇瘦身坊,Thu May 28 10:24:07 +0800 2020,山东,为好人点赞[good]
勍1971,Thu May 28 10:23:52 +0800 2020,青海,真好[心]
栀子濛濛,Thu May 28 10:23:50 +0800 2020,其他,【Repost】“谢谢你为我拼过命”，患者家属为医生挡刀，不仅让医生感到温暖，也因自己的挺身而出收获大众敬意，愿以后所有的医患关系都能这样充满爱[心]
黧眉,Thu May 28 10:23:35 +0800 2020,其他,田女士应该算见义勇为了吧？
子竹的猫熊,Thu May 28 10:23:29 +0800 2020,浙江,感动😹
·雨天为你撑伞·,Thu May 28 10:23:30 +0800 2020,福建,好人一定有好报的！[心]
Chengcheng不重名,Thu May 28 10:23:30 +0800 2020,山东,好人一生平安，坏人绝对不能姑息。
睿糖糖糖obsession,Thu May 28 10:23:27 +0800 2020,广东,好人一生平安且有钱！！！！
6珍珠奶绿,Thu May 28 10:23:15 +0800 2020,湖南,致敬
秋语菡,Thu May 28 10:23:12 +0800 2020,吉林,枪毙不了，全国全医疗系统拉黑一个医闹的打个样，让他们自己治病去吧
123321123变,Thu May 28 10:23:05 +0800 2020,其他,[心]两只伤痕累累的手紧握一起… 不希望再有这些恶性伤害了
哎呦喂木星,Thu May 28 10:22:49 +0800 2020,其他,这样的医患关系才是和谐持久的。谢谢你，治疗我的眼睛。谢谢你，为我拼过命。
星辰f66,Thu May 28 10:22:35 +0800 2020,其他,[good]
一点清风----,Thu May 28 10:22:25 +0800 2020,安徽,转发微博
佛係靑姩,Thu May 28 10:22:17 +0800 2020,河南,好人一生平安[心][心]
绝世丑游侠,Thu May 28 10:22:13 +0800 2020,山东,大部分人都是好人
青青海边青青稞,Thu May 28 10:22:01 +0800 2020,青海,医疗体制改革
关二爷V,Thu May 28 10:21:47 +0800 2020,北京,天使的防护墙厚实
我是一只小马甲G,Thu May 28 10:21:41 +0800 2020,其他,暖
在檐下躲雨-,Thu May 28 10:21:26 +0800 2020,陕西,[心]
翻斗花园1号楼,Thu May 28 10:21:18 +0800 2020,北京,致敬，
舆我無関-,Thu May 28 10:21:15 +0800 2020,北京,回复@舆我無関-:还是希望加强医院安保等具体实施措施尽快落地！
花妖_L,Thu May 28 10:21:09 +0800 2020,其他,好人一生平安
清泉至尊,Thu May 28 10:21:06 +0800 2020,江西,为田女士点赞！传播正能量。昌付
但愿既白,Thu May 28 10:21:05 +0800 2020,其他,希望他们早日康复，往后岁月，一切皆安[心][心][心]
列怼怼,Thu May 28 10:20:59 +0800 2020,广东,好人一生平安！❤️❤️
让我独享经验qwq,Thu May 28 10:20:58 +0800 2020,其他,上海10岁男童事件怎么处理？
噢呦502,Thu May 28 10:20:55 +0800 2020,甘肃,人间冷漠？不，只是有些人。
小啾啾honey,Thu May 28 10:20:52 +0800 2020,安徽,都会好好的[赞]
帝王落榻沾妙女,Thu May 28 10:20:51 +0800 2020,湖北,都看哭了
主持人胡芳芳,Thu May 28 10:20:49 +0800 2020,北京,【#陶勇医生握住为他挡刀患者家属的手#】27日，北京朝阳医院眼科诊室，正在出诊的陶勇医生遇到了在伤医事件当天为他挡过刀的患者家属田女士带女儿复诊，两只伤痕累累的手握在了一起。田女士：当时真的没有想太多。陶医生就像自己的亲人、朋友一样#职业体验师# #lucy hu的问答# #lucy hu# 
shirley_倩倩,Thu May 28 10:20:46 +0800 2020,山东,好人一生平安
梅了葱,Thu May 28 10:20:43 +0800 2020,广东,减少医闹是缓解医患关系紧张的一种方式
MEU-chen,Thu May 28 10:20:42 +0800 2020,江苏,看哭了[泪][泪][泪]！严惩那些医闹的变态
听雨1971,Thu May 28 10:20:40 +0800 2020,其他,好人[good]
名丰日记,Thu May 28 10:20:36 +0800 2020,江西,的确有很多的无良医生在摧毁医生在人们心中的形象，进医院的费用太高让病患身心俱疲，
风玲LL,Thu May 28 10:20:27 +0800 2020,上海,好人一生平安！[心][心][心]
依云恋薰,Thu May 28 10:20:21 +0800 2020,湖北,想哭[泪][泪][泪]你们都是好人，要一生平安[给你小心心][给你小心心][给你小心心]
叫我挂柯南,Thu May 28 10:20:17 +0800 2020,其他,谢谢！
daisysussi桃,Thu May 28 10:19:54 +0800 2020,上海,再次谢谢挺身而出的你们，好人一生平安！[心][心][心]#陶勇医生六一为盲童进行公益直播#
加丝娜冰,Thu May 28 10:19:51 +0800 2020,香港,加油
柳州政法,Thu May 28 10:19:48 +0800 2020,广西,平凡善举，致敬[心]
雅泽Max,Thu May 28 10:19:45 +0800 2020,其他,好人一生平安[心][心][心]
顾知羽011,Thu May 28 10:19:43 +0800 2020,黑龙江,都是好温暖，好善良的人，真的希望世间能少一点恶意和伤害
你的闹钟是什么,Thu May 28 10:19:41 +0800 2020,浙江,好人，感谢🙏
杨小姐的嘴角会微笑,Thu May 28 10:19:18 +0800 2020,黑龙江,他能都是英雄
夜摩罗的小跟班,Thu May 28 10:19:07 +0800 2020,广西,😭😭😭
Fiee_凡,Thu May 28 10:19:04 +0800 2020,陕西,好人啊
Crystal-汐曦,Thu May 28 10:19:02 +0800 2020,北京,两只伤痕累累的手握在了一起，感动！[泪]愿好人一生平安！[心]
米依橄榄,Thu May 28 10:18:59 +0800 2020,上海,都是会散发温暖的人，希望医患关系能够越来越好。
帕特里克Melrose,Thu May 28 10:18:57 +0800 2020,河北,[悲伤]感动
鸭鸭在吃瓜,Thu May 28 10:18:50 +0800 2020,北京,哎 不好意思没有持续关注事件 请问那个医闹砍刀的人是怎么处理的呀？
楠风听夏·0805x1005,Thu May 28 10:18:49 +0800 2020,福建,每次看到这样的新闻。总会让我再相信。这个世界还是有很多温暖又强大的人在的。[心][心]
MUFCRyan,Thu May 28 10:18:43 +0800 2020,北京,陶医生能出诊应该恢复的不错，太好了，这位田女士好样的，大爱[爱你]
Ming日月红豆冰,Thu May 28 10:18:41 +0800 2020,广东,给为陶老师挡刀的田女士点赞，给背陶老师离开危险地方的陈护士点赞[心][心]
布衣拙石,Thu May 28 10:18:40 +0800 2020,北京,向善良勇敢的人致敬。
木若烨,Thu May 28 10:18:37 +0800 2020,其他,还是要做好安检工作，这些刀具以后就别让人带进去了
haya_2,Thu May 28 10:18:34 +0800 2020,福建,愿好人一生平安喜乐！[鲜花]
From_ME_2_Myself,Thu May 28 10:18:30 +0800 2020,湖南,希望好人都有好报
与你mobius,Thu May 28 10:18:29 +0800 2020,澳门,[作揖]
YILG四主_2648,Thu May 28 10:18:29 +0800 2020,山东,好人一生平安[微风]
幸福的琉璃的世界_149,Thu May 28 10:18:18 +0800 2020,浙江,希望好人有好报
wanqun1314,Thu May 28 10:18:14 +0800 2020,上海,好人有好报
东方神起只有浩珉,Thu May 28 10:18:09 +0800 2020,吉林,谢谢好人一生平安
ai梦雨江南ai,Thu May 28 10:18:06 +0800 2020,安徽,[心][心][心]
YKLA007,Thu May 28 10:18:05 +0800 2020,浙江,国家层面，要严格保护这些医生，国人素质也要提高
北柒陌人_poejwj,Thu May 28 10:17:55 +0800 2020,四川,你们辛苦了！
桑者闲闲十亩之间,Thu May 28 10:17:52 +0800 2020,山东,都是善良勇敢的人[good][good][good]
need100contour,Thu May 28 10:17:30 +0800 2020,其他,天呐 太感人了 善良的人一定都要好好的啊！！！！！！！
每当你开始叫我darling,Thu May 28 10:17:23 +0800 2020,河北,善待医护[心]
新都区龙虎中学,Thu May 28 10:17:22 +0800 2020,四川,[心]
靜可靜非常靜呵_,Thu May 28 10:17:07 +0800 2020,河北,谢谢，
iMD_小小小倩,Thu May 28 10:16:47 +0800 2020,陕西,都是善良的人！好人一生平安[心]
Cahila,Thu May 28 10:16:39 +0800 2020,湖南,都是善良的人啊[心]
KeepUrMshut,Thu May 28 10:16:39 +0800 2020,其他,希望立法和完善医院安保工作可以同时进行 如果去医院是伤人而非治病 那就让他一辈子待在医疗系统黑名单吧 危害社会的人有什么资格看病呢？
Plus-奢饰品潮牌工作室,Thu May 28 10:16:39 +0800 2020,浙江,好人一生平安
饰品好好看,Thu May 28 10:16:34 +0800 2020,广东,好人一生平安[心]
汤圆爱发呆-005,Thu May 28 10:16:33 +0800 2020,湖北,[心][心][心]
没想好改什么名字就先这样吧666,Thu May 28 10:16:25 +0800 2020,北京,谢谢你当时挺身而出 也谢谢陶勇医生重返岗位😭😭😭😭😭😭眼泪不自觉就流了出来
怪咖女王紅豆醬是微胖界諧星,Thu May 28 10:16:22 +0800 2020,广西,[泪][泪]
恋恋祝廖慧佳0415生日快乐,Thu May 28 10:16:18 +0800 2020,山东,[心]
敬译丹1999,Thu May 28 10:15:52 +0800 2020,四川,好人一生平安
Angela我是你的God,Thu May 28 10:15:47 +0800 2020,其他,加油
nanamoveon,Thu May 28 10:15:41 +0800 2020,山西,感动
薄荷味的耳朵,Thu May 28 10:15:42 +0800 2020,河南,希望能被善待[耶]
橼君,Thu May 28 10:15:39 +0800 2020,广西,都要好好的[给你小心心][给你小心心]
我是花露水味的雪碧,Thu May 28 10:15:26 +0800 2020,北京,泪目
舒筠颖逸,Thu May 28 10:15:22 +0800 2020,其他,保护好我们的医生，严惩医闹
1乌龙奶绿,Thu May 28 10:15:21 +0800 2020,湖南,致敬 谢谢你们
源w四百次咖啡,Thu May 28 10:15:17 +0800 2020,重庆,都是好人，好人一生平安！[心]
日照高速交警,Thu May 28 10:15:08 +0800 2020,山东,【#陶勇医生握住为他挡刀患者家属的手#】[心]
小浪浪和小夹夹,Thu May 28 10:15:06 +0800 2020,其他,[微笑]谢谢[微笑]心存对生命有敬畏之心的好人[太开心][太开心]
殇谜,Thu May 28 10:15:01 +0800 2020,上海,世界再黑暗  也会有光亮照耀人心
幸之乐之,Thu May 28 10:14:59 +0800 2020,其他,[心]
李泽鹏Nice,Thu May 28 10:14:58 +0800 2020,天津,这辈子有没有人为你拼过命？真正的白衣天使[爱你]
白云漫天飞6633363,Thu May 28 10:14:57 +0800 2020,四川,致敬挺身而出的英雄🙏🙏🙏[鲜花][鲜花][鲜花]
MXH的雪,Thu May 28 10:14:55 +0800 2020,河北,[泪][泪][泪]好人一生平安
-小曹小曹快活逍遥,Thu May 28 10:14:49 +0800 2020,上海,感动[失望]
司空一茜,Thu May 28 10:14:44 +0800 2020,其他,可惜了，希望今后平安
袁语YY,Thu May 28 10:14:42 +0800 2020,湖北,了不起的妈妈。
鷰樂_樂,Thu May 28 10:14:41 +0800 2020,北京,温暖[心]
喵姐硬核养崽,Thu May 28 10:14:39 +0800 2020,江苏,好人一生平安❤️
朝颜打酱油,Thu May 28 10:14:39 +0800 2020,北京,凶手必须严惩！
关注世界关注生活,Thu May 28 10:14:39 +0800 2020,重庆,还好有您[鲜花][鲜花][鲜花]
Coooooooo_y,Thu May 28 10:14:36 +0800 2020,山东,善良的人儿
北城有卿,Thu May 28 10:14:35 +0800 2020,湖南,真好
唯爱小白妹妹,Thu May 28 10:14:33 +0800 2020,其他,为什么要医闹呢？把人治好了当神供着，没治好或者出一点点问题就成仇人，现在的人太偏激了，各退一步吧！
原医生不知所终,Thu May 28 10:14:31 +0800 2020,其他,[给你小心心]
氼氼有汤,Thu May 28 10:14:31 +0800 2020,广东,好人一生平安[心]
这个故事给你听,Thu May 28 10:14:29 +0800 2020,其他,好人一生平安
我为自己带盐你为别人背锅,Thu May 28 10:14:28 +0800 2020,其他,看到谭医生的手[悲伤][悲伤][悲伤]
长安乔木,Thu May 28 10:14:27 +0800 2020,四川,太勇敢了，还是一个女的
我相信我是最幸运的,Thu May 28 10:14:27 +0800 2020,广东,致敬 好人一生平安
沐爷ll,Thu May 28 10:14:23 +0800 2020,其他,致敬，好人一生平安[作揖][作揖][作揖]
712小呀么小二郎呀,Thu May 28 10:14:20 +0800 2020,其他,回复@限量奶盖:光立法没用，做好医院安检和保卫工作才是根本。同时要做好医学科普工作，让老百姓知道医学风险，不要为了赚钱把医生、医院和药物神化。
Ragazzafelice,Thu May 28 10:14:14 +0800 2020,其他,[鲜花][鲜花][鲜花]
抱紧陈宇_,Thu May 28 10:14:12 +0800 2020,吉林,都是商量的人啊
宫城国蓝,Thu May 28 10:14:10 +0800 2020,内蒙古,你也需要保护
湘燕南,Thu May 28 10:14:03 +0800 2020,广东,支持进医院安检，保护医生
乱国无门里阉鸡,Thu May 28 10:13:56 +0800 2020,上海,女侠跟好医生都要阖家幸福啊
云妮的约会,Thu May 28 10:13:50 +0800 2020,北京,最重要的是砍人的人咋判
野生指头精OJ,Thu May 28 10:13:50 +0800 2020,其他,都是好人🙏
低调的板绿根,Thu May 28 10:13:49 +0800 2020,其他,拥有感恩的心也别忘了敌人的仇🙏
左顾右盼018,Thu May 28 10:13:47 +0800 2020,浙江,感人至深，好人一生平安。[心]
吃不胖的炖伦伦,Thu May 28 10:13:43 +0800 2020,河南,致敬白衣天使
白云漫天飞6633363,Thu May 28 10:13:36 +0800 2020,四川,赞赞赞
web小朋友的有钱哥哥xz,Thu May 28 10:13:36 +0800 2020,广东,值得敬佩的陶医生，好人一生平安，希望所有医患关系都能这样充满爱[心]
桃花祈愿兔,Thu May 28 10:13:29 +0800 2020,陕西,❤❤❤
且试天下1121,Thu May 28 10:13:18 +0800 2020,上海,愿所有好人都一生平安[心]
尹正先生的脚踝想要拍立得To签,Thu May 28 10:13:16 +0800 2020,海南,温柔的人给予彼此力量好人一生平安都是值得敬佩的人
谨言君,Thu May 28 10:13:15 +0800 2020,广东,好人一生平安🙏
N寜静方,Thu May 28 10:13:11 +0800 2020,江西,好人一生平安
JessieYLX,Thu May 28 10:13:11 +0800 2020,吉林,致敬，好人一生平安[心]
我家狗子叫王夏天,Thu May 28 10:13:07 +0800 2020,其他,好人一生平安[心][心][心][心]
炸号后的来轻轻,Thu May 28 10:13:08 +0800 2020,其他,[鲜花]
东边大海有haru,Thu May 28 10:13:06 +0800 2020,浙江,好人一生平安
喵喵喵的兔兔猫,Thu May 28 10:13:00 +0800 2020,上海,[允悲][允悲][允悲]愿好人平安
顾昀的小可耐,Thu May 28 10:13:00 +0800 2020,天津,[心][心][心]
Xiaofei_小蓝莓,Thu May 28 10:12:57 +0800 2020,上海,好人一生平安[心]
血泣恒歌,Thu May 28 10:12:54 +0800 2020,江苏,[赞]大爱
却又像风留bu住,Thu May 28 10:12:55 +0800 2020,广东,[心]
宇宙超级恶霸,Thu May 28 10:12:53 +0800 2020,四川,[心][心][心][心]
小鲤鱼灭火,Thu May 28 10:12:52 +0800 2020,广东,善良的人一定好人有好报，愿平安健康快乐永随
-资深气象爱好者,Thu May 28 10:12:51 +0800 2020,其他,国家是不是考虑考虑加强医院的安保保障医生和护士的安全呢？
蒲月二三星,Thu May 28 10:12:49 +0800 2020,其他,真的好心疼陶医生和那些善良的人[悲伤]
梦晓春提,Thu May 28 10:12:48 +0800 2020,黑龙江,好人，值得
杨澜young,Thu May 28 10:12:47 +0800 2020,湖北,为什么砍人者和他的家属到现在也没出现给他道歉过
害_我本善良,Thu May 28 10:12:44 +0800 2020,其他,好人一生平安！！！
三三是狼犬呀,Thu May 28 10:12:44 +0800 2020,湖南,一生平安快乐[心][心][心]
小鲸鱼还是鲸鱼啊,Thu May 28 10:12:39 +0800 2020,四川,好人一生平安[心]
流光可抛,Thu May 28 10:12:39 +0800 2020,北京,感动
红薯番薯和甘薯,Thu May 28 10:12:39 +0800 2020,四川,希望都健健康康的[点亮平安灯][点亮平安灯][点亮平安灯]
福建森林消防,Thu May 28 10:12:39 +0800 2020,福建,致敬挺身而出的好心人[心][心][心]
鬼火-21,Thu May 28 10:12:27 +0800 2020,福建,这应该算见义勇为吧？建议奖励一下，好人要有好报
毛绒玩具7355,Thu May 28 10:12:25 +0800 2020,四川,这才是良好的医患关系！
蔷薇花开1136,Thu May 28 10:12:24 +0800 2020,云南,为什么人民日报，要那么宣传，我不懂。
咖秀色子,Thu May 28 10:12:23 +0800 2020,江苏,好人一生平安!
酸菜小米饭再版,Thu May 28 10:12:18 +0800 2020,其他,都说是坚持下去了。坚持两字就透着心酸
汤汤_Joanna,Thu May 28 10:12:17 +0800 2020,辽宁,幸好幸好，好人有好报～
微微一初夏UU,Thu May 28 10:12:13 +0800 2020,河南,好人一生平安！！！
那位的狗崽崽,Thu May 28 10:12:10 +0800 2020,浙江,平平安安顺顺利利[心]
沙市区优优贝婴幼服饰,Thu May 28 10:12:09 +0800 2020,湖北,我妈也档过
爱吃橘子的FY,Thu May 28 10:12:08 +0800 2020,辽宁,好人一生平安[心]
会会黑黑,Thu May 28 10:12:07 +0800 2020,山西,愿所有的好人都能被温柔以对！平安一生！
就是小白白白呀,Thu May 28 10:12:06 +0800 2020,其他,好人一生平安
球迷杜小帅,Thu May 28 10:12:05 +0800 2020,其他,还是让陶医生回归平静的生活比较好
北有幼柘北有居,Thu May 28 10:12:03 +0800 2020,其他,好人一生平安[赞]
奶糖芋泥,Thu May 28 10:12:03 +0800 2020,其他,好人一生平安
番茄Kiki蛋,Thu May 28 10:12:01 +0800 2020,湖南,陶医生真的让人世间增添温暖！！
kingmight,Thu May 28 10:12:02 +0800 2020,江苏,失败了
Sora_kk,Thu May 28 10:11:59 +0800 2020,其他,好人都会有好报的！
在希望的田野上偷菜,Thu May 28 10:11:58 +0800 2020,其他,好人一生平安[给你小心心][给你小心心]
炫庆1985,Thu May 28 10:11:57 +0800 2020,江苏,感动[心]感谢有你！
酒客老公,Thu May 28 10:11:56 +0800 2020,北京,施暴者请死刑、立即执行[怒]
Ashley_KANGJIAO,Thu May 28 10:11:56 +0800 2020,香港,患者家属太勇敢了 谢谢你 好人一生平安[赞][赞][赞]
温柔又帅气的Doctor,Thu May 28 10:11:55 +0800 2020,澳门,[心][心]挺身而出的你
蓝莓湉湉,Thu May 28 10:11:52 +0800 2020,河北,两位都是好人，希望今后平安顺遂
kingmight,Thu May 28 10:11:50 +0800 2020,江苏,医暴应该加大力度，全方位的整治。
一口一包小辣条,Thu May 28 10:11:50 +0800 2020,黑龙江,愿好人一生平安
舆我無関-,Thu May 28 10:11:48 +0800 2020,北京,“谢谢你为我拼过命……”“谢谢你为我拼过命……”致敬这样互相信任携手同行的医患关系！
闭关闭关必须闭关,Thu May 28 10:11:48 +0800 2020,广东,太勇敢了，好人一生平安
活力momo,Thu May 28 10:11:48 +0800 2020,上海,好人有好报
张开心zx,Thu May 28 10:11:46 +0800 2020,广西,好人一生平安！
pyopyo努那繇,Thu May 28 10:11:46 +0800 2020,其他,好人会有好报的[心][心]
第802次心动_K,Thu May 28 10:11:46 +0800 2020,上海,都是温柔善良的人[心]
吃面不放醋怎么行,Thu May 28 10:11:43 +0800 2020,北京,好人一生平安[抱抱][抱抱]
创世-无字天书,Thu May 28 10:11:42 +0800 2020,江苏,[中国赞][中国赞][中国赞]
属于街头的人,Thu May 28 10:11:42 +0800 2020,天津,什么是真相，统一口径就是真相！ 什么是谣言，与某方口径不符都叫谣言！ 什么是脑残，从来都在质疑“谣言”，但从未质疑“真相”。 ​​​[微笑]
菲梵菲乐,Thu May 28 10:11:41 +0800 2020,其他,好人一生平安
1111527cgjevcse,Thu May 28 10:11:39 +0800 2020,北京,那以后都会被温柔以待啦
风口浪尖而我独占鳌头,Thu May 28 10:11:39 +0800 2020,安徽,都是时代最美好的人[鼓掌]
港岛阳光hxx,Thu May 28 10:11:38 +0800 2020,四川,感谢善良
战的izhong兔兔,Thu May 28 10:11:35 +0800 2020,其他,相信好人有好报[心]
谦寻颖火虫,Thu May 28 10:11:34 +0800 2020,上海,好人一生平安
征途在未来,Thu May 28 10:11:34 +0800 2020,其他,都是温柔善良的人啊
Angel的小仙女,Thu May 28 10:11:34 +0800 2020,广东,好人一生平安
夜明dua,Thu May 28 10:11:31 +0800 2020,浙江,鲜明对比啊
薄帷鉴明月w,Thu May 28 10:11:32 +0800 2020,湖北,好感人
冲浪特派專員,Thu May 28 10:11:29 +0800 2020,其他,少一点医闹吧 都是为了更好的未来 为什么互相伤害
2020年lucky男孩,Thu May 28 10:11:27 +0800 2020,河南,好人
樱桃树与猫,Thu May 28 10:11:27 +0800 2020,其他,[心][心][心][心]
草莓味可可爱,Thu May 28 10:11:25 +0800 2020,吉林,要不是有这位家属拼命为陶医生挡着刀……[泪]
别狂小心Guilluotine,Thu May 28 10:11:21 +0800 2020,北京,真难受
yumi酱是林壑尤美,Thu May 28 10:11:21 +0800 2020,其他,[心][心][心]好人今后一生平安
御风而行的新生活,Thu May 28 10:11:21 +0800 2020,其他,[泪][泪][泪]
干煸扁豆QAQ,Thu May 28 10:11:19 +0800 2020,其他,希望这种善良的人多一些 医患纠纷就能少一些
蒋酱xi,Thu May 28 10:11:20 +0800 2020,上海,[心][心][心]
GodVUZi的颜粉QAQ,Thu May 28 10:11:18 +0800 2020,浙江,好人一生平安[心]
饼皮奶油,Thu May 28 10:11:18 +0800 2020,陕西,希望往后一切顺利
赵露思的仪仪宝贝,Thu May 28 10:11:17 +0800 2020,四川,好人一生平安[心][鲜花][鲜花]
东鹅夏草,Thu May 28 10:11:15 +0800 2020,安徽,感动 这世上还是好人多一些[兔子][兔子]
Pearl小毅,Thu May 28 10:11:15 +0800 2020,福建,好人一生平安
仙人雾水,Thu May 28 10:11:14 +0800 2020,安徽,加油[拳头]
TIAN耶啵,Thu May 28 10:11:11 +0800 2020,河南,好人一生平安！
QQ阿土伯,Thu May 28 10:11:11 +0800 2020,福建,[赞][赞][赞]
李小姐ly,Thu May 28 10:11:10 +0800 2020,甘肃,都是好人[抱抱]一定会有好报[心]
吃小兔子的狮子,Thu May 28 10:11:09 +0800 2020,其他,很感动，祝一生平安[蜡烛][蜡烛][蜡烛][蜡烛]
恰疚,Thu May 28 10:11:06 +0800 2020,浙江,都是好人
Vitamina666,Thu May 28 10:11:07 +0800 2020,吉林,好人一生平安
自言自语的fw,Thu May 28 10:11:06 +0800 2020,山东,好人一定有好报
逆天改命锦鲤本鲤,Thu May 28 10:11:05 +0800 2020,河南,不要宣传这些煽情的，只想看到伤医者受到应有的惩罚
于辰欢,Thu May 28 10:11:02 +0800 2020,其他,家属好样的 还好有你在
孟岐是我的,Thu May 28 10:11:00 +0800 2020,河南,[悲伤]
白桃乌龙sansan,Thu May 28 10:10:59 +0800 2020,江苏,真好呀
十三念锦,Thu May 28 10:10:59 +0800 2020,江苏,致敬[赞]谢谢你的挺身而出
Kimi_RF,Thu May 28 10:10:58 +0800 2020,其他,[泪]
你有点可乐嘛,Thu May 28 10:10:58 +0800 2020,其他,好人啊
g6614487329,Thu May 28 10:10:56 +0800 2020,其他,回复@不高兴吃姜:组长把我Ca得很烫t
SuperpowerooK_,Thu May 28 10:10:53 +0800 2020,重庆,温柔的人给予彼此力量[给你小心心]
大米河虾,Thu May 28 10:10:53 +0800 2020,上海,都是值得敬佩的人
HnnWhw,Thu May 28 10:10:51 +0800 2020,北京,.....
男音,Thu May 28 10:10:52 +0800 2020,河南,希望好人都有好报
yyyyxxy,Thu May 28 10:10:50 +0800 2020,其他,好人一生平安
失恋先生,Thu May 28 10:10:50 +0800 2020,湖南,好人一生平安
嗨你好眼熟哦,Thu May 28 10:10:49 +0800 2020,重庆,[泪][泪][泪][泪]
皮皮皮专用号儿,Thu May 28 10:10:49 +0800 2020,其他,希望好人都有好报[泪]
限量奶盖,Thu May 28 10:10:43 +0800 2020,北京,好人一生平安[心][心][心]
南桥·wxy,Thu May 28 10:10:40 +0800 2020,山东,令人敬佩！
不高兴吃姜,Thu May 28 10:10:40 +0800 2020,其他,[悲伤]
草莓味儿der摇摇奶昔,Thu May 28 10:10:38 +0800 2020,湖北,感动又心疼
