评论者,评论时间,评论地点,评论内容
睡无厌,Fri May 29 12:25:29 +0800 2020,广西,不是粉丝，但是昨晚看到VG 逆风翻盘，超级激动的[允悲][允悲]
记忆搏命,Fri May 29 12:21:21 +0800 2020,广东,西安WE若战胜广州TTG.XQ，则RW侠无缘世冠
新丸梦,Fri May 29 12:10:42 +0800 2020,河南,回复@粽子与小黄鸡的故事:巅峰赛没看，太困了，，
柯欣然的小姐姐,Fri May 29 12:04:17 +0800 2020,浙江,TS加油加油加油！！！！冲鸭！！！！！
Sue睿789,Fri May 29 11:58:22 +0800 2020,北京,回复@暴躁网友在线喷呆逼:这样的安排对于哪个选手都是很大的体能消耗啊 哪个粉丝不心疼喜欢的选手 就硬杠也是真的牛逼嗷[拜拜]
暴躁网友在线喷呆逼,Fri May 29 11:55:48 +0800 2020,重庆,回复@Sue睿789:我只是叫你顶不住就别打。好像联盟求着选手去打一样[挖鼻][挖鼻][挖鼻]你粉的选手顶不住就别打咯，有的人愿意打。你BBLL能行🐴
Coral77777,Fri May 29 11:46:50 +0800 2020,江西,回复@专注自己喜欢的:而且评论也没什么亮点，纯粹浪费时间
少年的信箱,Fri May 29 10:58:51 +0800 2020,其他,辣鸡演员战队下把必被吊打
Sue睿789,Fri May 29 10:44:46 +0800 2020,北京,回复@Japerfie:[摊手]害只是觉得lm这样安排确实有点不合理 每个队伍即便是夺冠队伍打这种比之前累地多 粉丝心疼选手身体很正常
S樱木茉莉S,Fri May 29 10:39:31 +0800 2020,上海,回复@鱼汤面ww:还好第一把4-0[笑cry]
太阳·简,Fri May 29 10:36:18 +0800 2020,其他,我是鲜奶！
Japerfie,Fri May 29 10:29:05 +0800 2020,湖南,回复@Sue睿789:比赛就是比赛，能挺到最后的才有资格拿冠军[摊手][摊手][摊手]
Sue睿789,Fri May 29 10:27:25 +0800 2020,北京,回复@Japerfie:但今年赛程确实相对于以前更密集了  这对于他们是更大的考验
Sue睿789,Fri May 29 10:25:05 +0800 2020,北京,回复@暴躁网友在线喷呆逼:别bbll 之前打的赛程和今年能一样？[摊手]
nuo哥哥,Fri May 29 10:22:19 +0800 2020,北京,回复@_368962618:那个善意回复一下，2020年春季赛是受疫情影响才这样，以前不是这样的，人家只是提一下时间安排这个问题，没必要这样。。。
Sue睿789,Fri May 29 10:20:35 +0800 2020,北京,回复@笙笙爱九锥:但他们之前是没打这么久啊 也是一天打一场 现在从七点开始有可能打到凌晨第二天白天继续有比赛 [摊手]这还都怪选手了？
李晓白有一个秘密,Fri May 29 10:14:10 +0800 2020,山东,这得亏第一场4比0啊，要是两场都打满，不得通宵么
冒泡行不行,Fri May 29 10:09:00 +0800 2020,山东,回复@努力有用啦啦啦:[喵喵][喵喵]  官方评论席一直感觉废话连篇，时间占用太长。
冒泡行不行,Fri May 29 10:08:03 +0800 2020,山东,回复@Sue睿789:草台班子
Japerfie,Fri May 29 10:02:20 +0800 2020,湖南,回复@Sue睿789:所以说只要战队实力够强，扛得住，那按规则和时间安排来，该拿冠军的还是会拿冠军[并不简单]
舒_艺薇,Fri May 29 09:54:14 +0800 2020,广东,奶中了，原来我真的不是毒奶！
辣椒a雪糕,Fri May 29 09:41:14 +0800 2020,浙江,回复@小肥又u:我觉得we能赢xq
甜食吃多了会变丑,Fri May 29 09:41:14 +0800 2020,其他,回复@关xx滚出王者:嘴臭什么呢学了个新词别给我乱扣帽子管好你自己OK？有观点不同不能好好说？主持人稍微感性一点情绪就容易绷不住，当时气氛也不好我说下建议取消不行？选手状态不行能力不行俱乐部自己复盘跟取消采访矛盾吗？易怒症网警我这边建议挂号看医生别出来恶心人。
今天我又看腹肌了吗,Fri May 29 09:37:43 +0800 2020,山东,回复@不是南橘是北枳:开场半小时[doge]
关xx滚出王者,Fri May 29 09:30:11 +0800 2020,河北,回复@甜食吃多了会变丑:败者采访早就有了，自己不行被人干下来，体会体会什么滋味，你是想体会这滋味还是不想？不想体会就努力，别搞这些饭圈恶臭文化
兮夜昭昭,Fri May 29 09:29:37 +0800 2020,广东,今天的比赛会提前吗，这要是打两场bo7不得打到天亮？
待今,Fri May 29 09:21:05 +0800 2020,其他,把评论席聊天的时间减减吧
逆LCQ转,Fri May 29 09:17:48 +0800 2020,吉林,回复@明年今日19520:奶RNG，大家都看好RNG吧，我希望AG胜
Meni_Baru,Fri May 29 09:16:28 +0800 2020,广东,要是两场拉满，快通宵了[doge]
那就随我好了,Fri May 29 09:14:21 +0800 2020,云南,回复@KPL王者荣耀职业联赛:评论席三四分钟差不多了，整个十多分钟太恶心了。选手三四分钟也可以上个厕所什么的了。十多分钟的废话没必要
都没有42724,Fri May 29 09:09:47 +0800 2020,其他,TS是冠军
甜柚zz,Fri May 29 08:55:51 +0800 2020,浙江,回复@小肥又u:冲冲冲
绯辞51020,Fri May 29 08:54:00 +0800 2020,北京,回复@KPL王者荣耀职业联赛:这样打的话，六哥要打好多个哈欠啊，k妹[笑cry]
墨亶,Fri May 29 08:48:08 +0800 2020,其他,我两场都中了，后面是ag赢，lgd赢，lgd被rngm终结，dyg被we终结，最后是rngm打ag，ag赢的冠军！[馋嘴]
墨概念没概念,Fri May 29 08:47:55 +0800 2020,福建,"十三明天要对阵老队友,TS了，就是不知道TS发工资了没有！十三这样说道！[抠鼻]"
李念恒嘿,Fri May 29 08:43:54 +0800 2020,江苏,评论席话少点行吗，比赛十分钟，评论半小时的。
望南向北,Fri May 29 08:41:00 +0800 2020,西藏,回复@冲浪的橘猫:百兽成长的真快
儒雅的四部,Fri May 29 08:28:23 +0800 2020,广西,回复@明年今日19520:支持小软
白苏苏夫人,Fri May 29 08:19:51 +0800 2020,江苏,回复@舟光潇雾:鹅崽崽冲冲冲！
何必-为不同道歉,Fri May 29 08:16:01 +0800 2020,河南,AG和DYG赢
蛛网尘封Rn2o,Fri May 29 08:12:34 +0800 2020,其他,回复@舟光潇雾:[心]婚礼是恋爱的结束，是家庭的开始。埋葬了朦胧幻想，打开了俗尘视窗。烛光晚餐没了光，柴米油盐开了灶。当然，也撑起幸福天堂，开始共度梦想。想知道你一生中会有几段婚姻吗？[心][心]来来→→
不知起倒S21,Fri May 29 08:12:17 +0800 2020,其他,回复@周戏珠:[心]ta是否早已把你当成恋[心]爱对象看待？一百天内你们的关系会[心]有什么变化？下一步你该如何行动[心]赢得ta的好感？直击真相你们是否最终会成为恋人？戳[给你小心心]
-茶-二,Fri May 29 08:03:23 +0800 2020,其他,回复@明年今日19520:感谢感谢，不要奶AG就好[挤眼][挤眼][挤眼]
YMU弑神,Fri May 29 08:02:09 +0800 2020,云南,回复@是曲奇味的Saxon呐:你可真酸啊
是归鹤Ya,Fri May 29 07:58:06 +0800 2020,河南,四点太晚了，三点开始吧，要不选手也吃不消
寒雪封魔,Fri May 29 07:53:42 +0800 2020,河南,回复@不是南橘是北枳:职业选手0点，1..点我却认为他们是精力最好的时候，不过赛制时间确实有问题，不过为了赶上世冠节奏也只有这样了[二哈]
一只汪叽与小WiFi,Fri May 29 07:51:58 +0800 2020,其他,回复@舟光潇雾:冲鹅！
缒丶梦,Fri May 29 07:41:13 +0800 2020,山东,回复@不是南橘是北枳:[二哈][二哈][二哈]整那么多废话评论席干啥，。。。
AG君莫笑,Fri May 29 07:36:42 +0800 2020,云南,早点比赛
甜甜的豆仔-,Fri May 29 07:35:52 +0800 2020,河南,Ts冲啊
是eStar五小只的女票,Fri May 29 07:35:38 +0800 2020,其他,dyg久诚冲冲冲
是曲奇味的Saxon呐,Fri May 29 07:31:26 +0800 2020,北京,回复@明年今日19520:够呛
葡萄皮能吃吗,Fri May 29 07:26:59 +0800 2020,其他,这个时间确定不改一下吗，第一场只打了四场都这个点了，观众和选手们都吃不消啊，太晚了！
-抹茶超甜哒-,Fri May 29 07:23:48 +0800 2020,其他,回复@KPL王者荣耀职业联赛:你们这个赛程搞得也太晚了 这要是打满都可以到三点了[作揖]
Agionk,Fri May 29 07:16:22 +0800 2020,其他,昨天都是鲜奶，希望今天也是，大鹅冲冲冲
挥不去的思念92681,Fri May 29 07:16:18 +0800 2020,其他,AG超玩会加油(ง •̀_•́)ง
Agionk,Fri May 29 07:15:55 +0800 2020,其他,回复@舟光潇雾:冲冲冲
胡桃夹子0317,Fri May 29 07:05:12 +0800 2020,其他,回复@不是南橘是北枳:时间太长了，昨天第二场比赛4个小时才比了4局，这谁遭得住[二哈]
澄澄汁儿,Fri May 29 07:01:39 +0800 2020,江苏,AG冲冲冲鸭
逆风解意吖,Fri May 29 06:48:53 +0800 2020,其他,TS加油加油加油加油💪
雀斑min-P,Fri May 29 06:45:39 +0800 2020,浙江,时间太长，吃不消看，12点多谁看你比赛啊，睡觉了！缩短流程时间，真当是世界杯足球赛啊，那么多赛前评论！
57牛奶_甄齐,Fri May 29 06:41:50 +0800 2020,其他,两个都是对阵老东家之战
Balabala666_,Fri May 29 06:13:44 +0800 2020,其他,今晚我看又得零点了 强队对决高低得打满
Balabala666_,Fri May 29 06:13:12 +0800 2020,其他,今天的有看头
易侗47466,Fri May 29 06:13:09 +0800 2020,其他,看完比赛我都累死了，别说选手了
似爱而非wjk,Fri May 29 06:01:38 +0800 2020,河南,啊我是毒奶吗，全预测错了
粽子与小黄鸡的故事,Fri May 29 05:57:42 +0800 2020,江苏,早一点吧……昨天没看完就困了，评论席太能说了[二哈][跪了][跪了]早点开始吧要不[跪了][跪了][跪了]
千羽千寻03811,Fri May 29 05:52:25 +0800 2020,其他,感觉快点结束春季赛吧，没有想看的一支队伍，太没意思
抢我男友死的早,Fri May 29 05:38:35 +0800 2020,其他,如果两场比赛都打到巅峰对决，想想就恐怖，选手会吃不消的。
银宝家的爆米花,Fri May 29 05:31:41 +0800 2020,辽宁,AG加油！！但是还是希望比赛时间提前点，身体重要！
月下踏沧澜,Fri May 29 05:05:05 +0800 2020,其他,AG给我冲！你们超棒的！
KPL超粉丝,Fri May 29 05:04:20 +0800 2020,天津,回复@周戏珠:不信准让TS打败别忘了十三原来如此是哪的那些人对十三很了解
晨雨GodLike,Fri May 29 05:04:11 +0800 2020,其他,大🦢冲冲冲
KPL超粉丝,Fri May 29 04:59:53 +0800 2020,天津,把DYGJC给我送败者组 把AG也给我送败者去
Coolcool的大伟,Fri May 29 04:33:06 +0800 2020,河北,回复@诺崽一诺徐必成:[doge]巅峰对决都是这样被你们奶出来的
不知道哪出了bug,Fri May 29 04:08:54 +0800 2020,其他,回复@KPL王者荣耀职业联赛:这才第一局4：0，第二局巅峰对决观众就得看比赛看到凌晨一点多钟，要是第一局多打几小局，观众怕不是要看到凌晨四点多，选手和观众都遭不住啊[允悲]为保收视率，比赛时间还是提前一些吧，求求啦，多少人来不及看完就要睡觉啦，坚持看的学生党和工作党，请对他们友好一点吧[心]
暴躁网友在线喷呆逼,Fri May 29 03:21:34 +0800 2020,重庆,回复@Sue睿789:顶不住别打，直接回家好吧[摊手][摊手][摊手]
专注自己喜欢的,Fri May 29 03:05:15 +0800 2020,江苏,回复@不是南橘是北枳:别搞一大堆赛前评论席了 赛前说半小时 真的可怕
滚熊03241,Fri May 29 02:57:50 +0800 2020,河南,回复@明年今日19520:666
Sue睿789,Fri May 29 02:52:33 +0800 2020,北京,回复@Japerfie:胜者组确实胜率大一些 但去年ag就在败者组一穿n拿了冠军 这都不确定的[摊手]
Japerfie,Fri May 29 02:50:25 +0800 2020,湖南,回复@Sue睿789:所以进胜者组直接一路赢进决赛不就行了，中途休息时间多，终究还是哪只战队实力更强更占优势，冠军终究只有一个，亚军都很难被提及。
Sue睿789,Fri May 29 02:49:26 +0800 2020,北京,回复@柳耀生:他丰富了这么多环节之后 一天两场bo7真的有可能打到凌晨两点
柳耀生,Fri May 29 02:47:52 +0800 2020,广东,回复@Sue睿789:其实时间一直都是够的，现在那么晚大多时间都不是比赛用的。我感觉每次评论席叭叭一大堆还有口播广告什么的已经够打一局比赛了，以前没这些环节没见打那么晚。
Sue睿789,Fri May 29 02:47:01 +0800 2020,北京,回复@Japerfie:我只是没讲胜者组的时间啊 6月5号和6月6号那个肯定是会受影响的 只是他不合理lm也不会改
7凡王道,Fri May 29 02:42:44 +0800 2020,广东,ag冲鸭！！！
奶茶火锅烤五花肉,Fri May 29 02:38:24 +0800 2020,四川,确实，打满两个决战到天明
RedStart,Fri May 29 02:30:40 +0800 2020,广东,AG，银河战舰，给我整个跨年，冲冲冲！
WEN70885,Fri May 29 02:13:45 +0800 2020,其他,回复@不是南橘是北枳:解说贼能比比，主要还是导演安排的，游戏两分钟解说两小时
努力有用啦啦啦,Fri May 29 02:07:20 +0800 2020,其他,回复@树屋里的飘:我说训练赛是为了证明选手12点以后比赛不会影响他们身体，你说训练赛是说压力不同，这层说的是时间提早不合理，你是不是小学生？其次我说小学生你和学历学了什么没关系，我只是觉得你智商低
甜食吃多了会变丑,Fri May 29 02:06:31 +0800 2020,其他,回复@苏九ge:会让选手更自责[泪]让俱乐部自己复盘不好吗
树屋里的飘,Fri May 29 02:04:23 +0800 2020,广东,回复@努力有用啦啦啦:你怕是杠多了自己都糊涂了，训练赛是你先提的，然后我才指出漏洞。小学生不小学生不是你说了算，我不介意跟你讨论一下泛函分析或者微分方程。至于kpl相关的话题，不会再回复了。
猪AT的银龙杯v,Fri May 29 02:03:29 +0800 2020,其他,好困啊K妹[泪][泪]
努力有用啦啦啦,Fri May 29 02:00:32 +0800 2020,其他,回复@树屋里的飘:你拿训练赛说话就已经是小学生言论了，压力不同的提早时间有半毛钱关系？那我只好顺着你的话说，就比如e粉说奶茶不配当estar教练，我确实觉得奶茶菜，但我更恶心这种粉丝，那我只好说反话，确实estar这5个fw不配奶茶当教练
闪耀小阿布,Fri May 29 02:00:19 +0800 2020,其他,DYG冲
Sue睿789,Fri May 29 01:58:06 +0800 2020,北京,回复@Cartman_Mcdreamy:好的[二哈]可能他平常生活太暗淡了一定要来杠一杠
努力有用啦啦啦,Fri May 29 01:57:54 +0800 2020,其他,回复@Sue睿789:你我都看得出来不合理，联盟看不出来？他这么改肯定说明他有自己的不管是道理还是苦衷
Sue睿789,Fri May 29 01:57:06 +0800 2020,北京,回复@桃白白说了什么:？？？我是说胜者组也有这种情况 你看明白了吗
Cartman_Mcdreamy,Fri May 29 01:56:47 +0800 2020,其他,回复@原罪执忘:杠精狗一条啦，我头先建议时间提前一点点或者赛程紧凑一点也是追着我杠，为了杠而杠，闲的蛋疼吧，不然就是生活太抑郁了
Sue睿789,Fri May 29 01:56:20 +0800 2020,北京,回复@努力有用啦啦啦:我说他一定为这个改规则的吗 [拜拜]谁知道lm为什么要这么改 而且我说的本来就是这样改存在不合理性啊
桃白白说了什么,Fri May 29 01:55:45 +0800 2020,四川,回复@Sue睿789:反正规则对所有人都是一样的，想要赛程好一些那么常规赛就好好打啊，反正败者组一直都很难
Sue睿789,Fri May 29 01:53:47 +0800 2020,北京,回复@_368962618:对呀我是说 以前的战队确实有因为时间安排受影响的呀
Sue睿789,Fri May 29 01:53:04 +0800 2020,北京,回复@Japerfie:胜者组后面也有的啊 输了掉下败者组接着就要打
Cartman_Mcdreamy,Fri May 29 01:52:48 +0800 2020,其他,回复@Sue睿789:别理那条狗啦，到处杠，就是为了杠而杠的[二哈]
努力有用啦啦啦,Fri May 29 01:52:36 +0800 2020,其他,回复@Cartman_Mcdreamy:1这是大号，2我就是看不惯智商低和伪善，3我确实还没顾儿到得整天喷人，看完比赛拉屎无聊，不喷人做什么
Japerfie,Fri May 29 01:51:12 +0800 2020,湖南,回复@Sue睿789:顶不住就进胜者组呗，不然常规赛打了这么久，赢那么多场都想进胜者组干嘛，进胜者组赢了中间隔这么久慢慢休息[挖鼻][挖鼻]
_368962618,Fri May 29 01:51:04 +0800 2020,其他,回复@Sue睿789:兄弟饿，你看看你评论怎么说的，不知道你想表达什么，你自己说的顶不住，现在又来反问我？
努力有用啦啦啦,Fri May 29 01:50:51 +0800 2020,其他,回复@Sue睿789:1现在王者热度已经有了缓和，你跟我说这一届人气高到得改规则？该复工的都差不太多了，该上学的也差不太多了，疫情对季后赛流量影响了什么？
Cartman_Mcdreamy,Fri May 29 01:50:01 +0800 2020,其他,回复@努力有用啦啦啦:又是你这条杠精狗，还真是到处招惹到处追着咬呢。是有多闲开个小号出来专门找茬？咋的生活里面被孤立了找人吵架都找不到专门来网上敲键盘？别人发表别人感受你不同意绕道自己去开条评论，非要到别人评论下面为了杠而杠找点可怜的存在感。微博就是太多你这种憨批玩意儿
树屋里的飘,Fri May 29 01:48:56 +0800 2020,广东,回复@努力有用啦啦啦:我回复的是这句“训练赛10多个小时，确实和比赛4个小时没法比”，你自己的原话，别杠了
Sue睿789,Fri May 29 01:48:06 +0800 2020,北京,回复@努力有用啦啦啦:怎么不会 随着王者越来越多人玩了kpl热度相对以前热度高了多少 一天两场确实大家够看的尽兴呀各大平台也可以刷不少钱 那疫情不受什么影响干嘛要改呢
大风风FZ,Fri May 29 01:48:04 +0800 2020,其他,回复@安妮qzuser67831:几把有病，有病赶紧治！你这种天天拿个键盘去评论别人真的很孤儿
不白白拜拜,Fri May 29 01:47:20 +0800 2020,其他,AG加油
我要发酵w,Fri May 29 01:46:16 +0800 2020,江苏,回复@周戏珠:b哥的玄学[doge][doge][doge]
努力有用啦啦啦,Fri May 29 01:45:24 +0800 2020,其他,回复@Sue睿789:现在疫情也不会怎么影响热度，这一届有什么不同吗
努力有用啦啦啦,Fri May 29 01:44:30 +0800 2020,其他,回复@Sue睿789:都举办了七八届，突然某一届这样做能更有热度，其他几届都不行，我理解不了你的逻辑
Sue睿789,Fri May 29 01:43:17 +0800 2020,北京,回复@努力有用啦啦啦:我是说这一届 提高强度和密度可以热度更高
努力有用啦啦啦,Fri May 29 01:42:45 +0800 2020,其他,回复@Sue睿789:我第二届开始看的，一直是一天一场，我记错了？
努力有用啦啦啦,Fri May 29 01:42:12 +0800 2020,其他,回复@树屋里的飘:所以提早1个小时比赛是能减轻压力还是什么
Sue睿789,Fri May 29 01:42:06 +0800 2020,北京,回复@努力有用啦啦啦:lm本来就一直这样啊 高强度高密度就可以热度高
努力有用啦啦啦,Fri May 29 01:41:14 +0800 2020,其他,回复@Sue睿789:这楼说的是提早时间，你自己去说时间间隔，不是你的问题？而且每届都是一天一场，这次突然一天两场，肯定是主办方有自己的问题才调了
小短腿周周,Fri May 29 01:41:06 +0800 2020,其他,打一轮也是好啊  我他妈YTG打了那么久还没见过世冠奖杯长啥样
小猪碎觉觉啦,Fri May 29 01:40:22 +0800 2020,广东,回复@小肥又u:恭喜we，希望这群孩子能走得更远一些[泪][泪][泪][泪][泪]
树屋里的飘,Fri May 29 01:39:58 +0800 2020,广东,回复@努力有用啦啦啦:高三一天写作业十二个小时，和考试一天两三门五六个小时相比，压力是不一样的，不要单看时间长短
Sue睿789,Fri May 29 01:39:11 +0800 2020,北京,回复@努力有用啦啦啦:我是说和几点开始有关系吗 我是说lm这种时间间隔有问题[拜拜]
Sue睿789,Fri May 29 01:37:42 +0800 2020,北京,回复@安妮qzuser67831:你不打职业你能知道？？说的轻松 让你连打几个小时游戏都累 何况他们这是职业你以为你打的娱乐局？？
--Aurora-,Fri May 29 01:37:32 +0800 2020,其他,因为我明天一定会看所以我不想看到两点[跪了]
努力有用啦啦啦,Fri May 29 01:37:15 +0800 2020,其他,回复@花痴病吖:建议你别考试的心态能力别考试
好看的西柚,Fri May 29 01:37:05 +0800 2020,安徽,一句比赛结束后的评论席可以缩短到2-3分钟， 然后直接进入进入扳选界面，
榆木卓卓,Fri May 29 01:36:56 +0800 2020,陕西,不公平，冬季赛的积分呢
惜时赏景,Fri May 29 01:36:41 +0800 2020,广东,回复@明年今日19520:小软冲鸭[给力][给力][给力]
努力有用啦啦啦,Fri May 29 01:36:27 +0800 2020,其他,回复@幻听GC:有人说这次时间紧，只能一天2场，我也喜欢一天一场
安妮qzuser67831,Fri May 29 01:36:13 +0800 2020,其他,回复@大风风FZ:累个屁
花痴病吖,Fri May 29 01:35:52 +0800 2020,辽宁,回复@努力有用啦啦啦:平常做卷子和正式考试一样吗？
大风风FZ,Fri May 29 01:35:43 +0800 2020,其他,回复@安妮qzuser67831:你他妈职业选手天天高压情况下打到凌晨，不累？
努力有用啦啦啦,Fri May 29 01:35:38 +0800 2020,其他,回复@Fukkxxx:原来晚一两个小时比赛可以影响一个队伍的状态
幻听GC,Fri May 29 01:35:37 +0800 2020,其他,回复@努力有用啦啦啦:其实一天一场就挺好的，我看的也不累，周一周二周三没比赛我都无聊[喵喵][喵喵][喵喵]
Sue睿789,Fri May 29 01:35:31 +0800 2020,北京,回复@_368962618:我知道他时间一直都这样啊 以前怎么没有确实有战队受影响的[拜拜]
砂制时镜疗养院,Fri May 29 01:35:26 +0800 2020,其他,迷神超级厉害！秋季赛再冲冲冲！
jjjustinvvv,Fri May 29 01:34:36 +0800 2020,吉林,rngm加油！！
Sue睿789,Fri May 29 01:34:35 +0800 2020,北京,回复@冒泡行不行:我知道呀 他一直安排都这样 胜者组败的那一方都还没调整过来第二天就要继续打了
_368962618,Fri May 29 01:34:31 +0800 2020,其他,回复@Sue睿789:以前都是这样的，也没见哪个战队顶不住，还奇怪了就2020年春季赛就顶不住了，那别打了最好，
Fukkxxx,Fri May 29 01:34:25 +0800 2020,上海,回复@努力有用啦啦啦:有事吗兄弟？ 谁家训练赛会打的比正式比赛还累？一场bo7打下来精神和体力消耗都很大 去年jc输了巅峰对决第二天打ag根本就没有状态也没有心态
努力有用啦啦啦,Fri May 29 01:34:14 +0800 2020,其他,回复@原罪执忘:为选手想的话我说了，选手平常就这作息
ke爱de纯34919,Fri May 29 01:34:03 +0800 2020,北京,我今天毒奶两场。第一场是看we表现才改的，所以也算毒奶，第二场一直觉着gk可以。[允悲]
Omega晖,Fri May 29 01:33:54 +0800 2020,北京,我觉得时间没问题啊，我现在也在下班的路上～
努力有用啦啦啦,Fri May 29 01:33:45 +0800 2020,其他,回复@Sue睿789:连续比赛和4点开始有关系？别跑题
努力有用啦啦啦,Fri May 29 01:33:02 +0800 2020,其他,回复@幻听GC:你说的我知道
原罪执忘,Fri May 29 01:32:48 +0800 2020,湖北,回复@努力有用啦啦啦:[偷笑][偷笑]都是人难道不应该为选手想想，对大家都好，怎么就你非得还要辨别一个，杠精本精？
努力有用啦啦啦,Fri May 29 01:32:42 +0800 2020,其他,回复@冒泡行不行:1点就很困，那是这个选手自己没休息好，就像百兽最后一把常规赛时间不晚，也困到要睡着，怪别人？
念念至银河,Fri May 29 01:32:41 +0800 2020,辽宁,AG明天冲冲冲！老年人六哥精神起来！[doge]
Sue睿789,Fri May 29 01:32:01 +0800 2020,北京,回复@努力有用啦啦啦:去年jc巅峰对决完qg输了 心态都没调整 就要去打ag 这叫合理？
发光今天开心了吗,Fri May 29 01:31:54 +0800 2020,广东,回复@慕容清羽小宝宝:确实，我看了下5.30 5.31这两天就有两只队伍要背靠背，真的难
南北有你诚,Fri May 29 01:31:37 +0800 2020,其他,大浴缸加油！
冒泡行不行,Fri May 29 01:31:34 +0800 2020,山东,回复@Sue睿789:秋季赛胜者组就是这样啊，二天解决，[允悲]
苏九ge,Fri May 29 01:31:20 +0800 2020,四川,回复@甜食吃多了会变丑:主要是太伤了[泪][泪]
努力有用啦啦啦,Fri May 29 01:31:18 +0800 2020,其他,回复@Sue睿789:我也觉得比赛晚了，可以提早一个小时，我觉得联盟有问题，不妨碍我恶心这群人
幻听GC,Fri May 29 01:30:48 +0800 2020,其他,回复@努力有用啦啦啦:主要是比赛要起来很早，坐车，去场地，化妆，葛大爷直播的时候也说了，要提前准备很多，平常训练就起来吃个饭就训练了。
冒泡行不行,Fri May 29 01:30:42 +0800 2020,山东,回复@努力有用啦啦啦:看见他们第七局，选手眼皮有点睁不动了[允悲]
努力有用啦啦啦,Fri May 29 01:30:26 +0800 2020,其他,回复@Sue睿789:训练赛10多个小时，确实和比赛4个小时没法比
_Famiglistimo·,Fri May 29 01:30:27 +0800 2020,北京,要是第一场也打满了 这第二场准备打通宵？
甘草羽毛笔,Fri May 29 01:30:17 +0800 2020,天津,DYG加油加油加油💪大浴缸冲呀
KPL王者荣耀职业联赛,Fri May 29 01:29:33 +0800 2020,广东,回复@visual_persistence:恭喜！
努力有用啦啦啦,Fri May 29 01:29:30 +0800 2020,其他,回复@Sue睿789:急了，终于承认是自己不能熬夜，假装很关心选手身体
KPL王者荣耀职业联赛,Fri May 29 01:29:15 +0800 2020,广东,回复@冲浪的橘猫:期待更棒的他们回来！加油！
阿七_AizawaNana,Fri May 29 01:29:03 +0800 2020,河南,回复@安妮qzuser67831:倒不是评论席的问题，两局之间选手要休息、换座位、调试设备、重新拉房间啥的需要时间的，评论席也是没话找话了。主要还是要优化进场啊选手展示啊这些没啥用的
万一我能,Fri May 29 01:29:01 +0800 2020,其他,[太开心][太开心][太开心][太开心]
小哈哈pet,Fri May 29 01:29:01 +0800 2020,广东,回复@小哈哈pet:不对，不止明天尽量安排所有比赛能十一点前结束，心疼选手，尤其背靠背的，太难了，一场bo7下来都虚脱
冒泡行不行,Fri May 29 01:28:50 +0800 2020,山东,回复@KPL王者荣耀职业联赛:评论席废话连篇，
Sue睿789,Fri May 29 01:28:43 +0800 2020,北京,回复@努力有用啦啦啦:本来就不合理啊 这有什么好争辩的 lm这种时间安排被吐槽多久就是没咋改变
多次蔬菜身体好,Fri May 29 01:28:35 +0800 2020,海南,让我们恭喜WE！
努力有用啦啦啦,Fri May 29 01:28:34 +0800 2020,其他,回复@原罪执忘:你们不能熬夜就说自己不能熬夜，还拿选手身体当借口？真当选手都是宝宝？
--Aurora-,Fri May 29 01:28:33 +0800 2020,其他,回复@是糯黑吖:加油！
舟光潇雾,Fri May 29 01:28:33 +0800 2020,江苏,回复@--Aurora-:冲冲冲！
万一我能,Fri May 29 01:28:25 +0800 2020,其他,ag必输
况且况且哒,Fri May 29 01:28:20 +0800 2020,江苏,回复@努力有用啦啦啦:就算选手可以，观众也不可以啊[拜拜] 该上学的上学，该上班的上班。   比赛不就是给观众看的吗
甜食吃多了会变丑,Fri May 29 01:28:15 +0800 2020,其他,可不可以不搞败者采访啊[泪]
头像里的吃dogsh1t,Fri May 29 01:28:10 +0800 2020,其他,AG开启季后赛模式，冲！
是九尾呀_,Fri May 29 01:28:06 +0800 2020,其他,TS加油！赢好每一个下一场！[心]
Sue睿789,Fri May 29 01:28:05 +0800 2020,北京,回复@努力有用啦啦啦:他们这是季后赛啊 跟平常训练赛能一样？？压力肯定很大 而且败者组没有退路可言 打一把季后赛的消耗比训练赛多得多
安妮qzuser67831,Fri May 29 01:27:51 +0800 2020,其他,回复@Sue睿789:你以为去搬水泥吗？顶不住？
L-flashlight,Fri May 29 01:27:48 +0800 2020,湖北,小软冲啊！！
--Aurora-,Fri May 29 01:27:39 +0800 2020,其他,回复@舟光潇雾:冲冲冲！
花痴病吖,Fri May 29 01:27:36 +0800 2020,辽宁,我不想等我睡醒了选手都没打完啊[二哈]我们是正常人啊，熬夜可，通宵我真的[拜拜][拜拜][拜拜]
萌咖哩,Fri May 29 01:27:30 +0800 2020,山东,AG加油啊，奥利给。
豆豆本子,Fri May 29 01:27:30 +0800 2020,浙江,提早两个小时开始吧[羞嗒嗒][羞嗒嗒]
是我图图呀,Fri May 29 01:27:24 +0800 2020,其他,回复@KPL王者荣耀职业联赛:选手一个一个上场没必要阿 现场又没有观众
原罪执忘,Fri May 29 01:27:23 +0800 2020,湖北,回复@努力有用啦啦啦:那我们不行好不好[黑线][黑线]？我们不能熬夜就完事了
韶雪千里,Fri May 29 01:27:07 +0800 2020,其他,AG冲冲冲！
萌咖哩,Fri May 29 01:26:59 +0800 2020,山东,AG冲鸭
慕容清羽小宝宝,Fri May 29 01:26:51 +0800 2020,湖北,回复@发光今天开心了吗:时间太晚，休息不好，即使赢了，第二天状态也不好
los-紫金王朝,Fri May 29 01:26:50 +0800 2020,其他,回复@KPL王者荣耀职业联赛:建议取消一开始的进场和视频展示[并不简单]
KPL王者荣耀职业联赛,Fri May 29 01:26:41 +0800 2020,广东,回复@明年今日19520:是今天了，小软加油！
欧阳饼饼你可以,Fri May 29 01:26:37 +0800 2020,湖北,回复@KPL王者荣耀职业联赛:我觉得评论席时间可以缩短了吧。。跟以前一样不好吗
兲之梦,Fri May 29 01:26:33 +0800 2020,黑龙江,我求你了早点[微笑]
花痴病吖,Fri May 29 01:26:21 +0800 2020,辽宁,这还是第一把就4把的局呢[二哈]改改时间吧，作为观众我不想猝死
小哈哈pet,Fri May 29 01:26:21 +0800 2020,广东,救救孩子吧，明天早点开赛！！！！！！
慕容清羽小宝宝,Fri May 29 01:26:20 +0800 2020,湖北,回复@不是南橘是北枳:选手身体吃不消！！
CL姐姐啊,Fri May 29 01:26:14 +0800 2020,其他,太晚了 心累……
发光今天开心了吗,Fri May 29 01:26:06 +0800 2020,广东,回复@鱼汤面ww:图片评论 http://t.cn/A62iLrhB
Hero_谪仙,Fri May 29 01:26:01 +0800 2020,陕西,回复@安妮qzuser67831:没办法，有时候俱乐部教练要调整节奏的，评论席也是要没话找话了
KPL王者荣耀职业联赛,Fri May 29 01:25:59 +0800 2020,广东,回复@小肥又u:期待WE越战越勇！
努力有用啦啦啦,Fri May 29 01:25:59 +0800 2020,其他,回复@Sue睿789:？你的意思是第一天训练到12点以后，第二天训练赛吃不消，然后不打吗
诺崽一诺徐必成,Fri May 29 01:25:42 +0800 2020,湖北,我真心提个意见，这比赛真的拖，人选手打的挺快的，结果打完之后，评论席一堆话，解说一堆话，选英雄之前还给选手个特写，选完之后解说还一堆话，这要是打的慢，一场得一个小时
KPL王者荣耀职业联赛,Fri May 29 01:25:27 +0800 2020,广东,回复@不是南橘是北枳:K妹已经反馈，后续会争取优化流程缩短时间的[抱抱]
明年今日19520,Fri May 29 01:25:27 +0800 2020,河南,明天 我更看好RNG 希望RNGM加油，冲冲冲！！！！！
安妮qzuser67831,Fri May 29 01:25:22 +0800 2020,其他,回复@冰冰冰奶糖:解说席那边真的是废话又多又久
Sue睿789,Fri May 29 01:25:00 +0800 2020,北京,回复@努力有用啦啦啦:你前一天打完 后一天还有比赛确实吃不消啊
KPL王者荣耀职业联赛,Fri May 29 01:24:45 +0800 2020,广东,回复@舟光潇雾:今天加油！
是糯黑吖,Fri May 29 01:24:35 +0800 2020,四川,大鹅加油！！！！
小肥又u,Fri May 29 01:24:34 +0800 2020,辽宁,we再接再厉！！！我们要一直听到哪句恭喜we！
SkyMips,Fri May 29 01:24:22 +0800 2020,北京,赢不可怕，谁不在谁尴尬，原来VG是被xx耽误了
歌浅吟歌,Fri May 29 01:24:18 +0800 2020,山西,明天早一点吧，今天还是有一场零封，这要是两场bo7打满，半夜3点
努力有用啦啦啦,Fri May 29 01:24:15 +0800 2020,其他,回复@不是南橘是北枳:选手平常打完训练赛都要12点了，睡觉都是3点以后的，何来吃不消这一说
永远·缤纷,Fri May 29 01:24:14 +0800 2020,陕西,无法想象两场都打满是什么样子，打到几点
委婉的小哥哥,Fri May 29 01:24:00 +0800 2020,其他,回复@周戏珠:哈哈哈
_喵的夏天_,Fri May 29 01:24:00 +0800 2020,河北,回复@_喵的夏天_:别说是选手，就连解说，观众都吃不消了。
Sue睿789,Fri May 29 01:23:45 +0800 2020,北京,lm这种安排真的无语 30号打完晋级的队伍 31就要面对胜者组掉下来的 [拜拜]这谁顶地住
ChZ一,Fri May 29 01:23:41 +0800 2020,湖北,我1000块竞猜币没了，一场500，我，最强毒奶[doge]
冲浪的橘猫,Fri May 29 01:23:40 +0800 2020,江苏,百兽很棒！gk加油！
冰冰冰奶糖,Fri May 29 01:23:39 +0800 2020,河南,回复@安妮qzuser67831:对，其实也没多少人听
天美休想骗我充钱,Fri May 29 01:23:27 +0800 2020,其他,改改时间吧，要是两场巅峰对决感觉能决战到天亮
鱼汤面ww,Fri May 29 01:23:24 +0800 2020,江苏,回复@发光今天开心了吗:要是两场都打到巅峰对决...三点钟见[doge]
杰哥新年快乐,Fri May 29 01:23:06 +0800 2020,四川,AG明天给我加油
舟光潇雾,Fri May 29 01:23:05 +0800 2020,江苏,杭州LGD大鹅今天加油！！！鹅崽们冲冲冲！！！
安妮qzuser67831,Fri May 29 01:22:58 +0800 2020,其他,回复@不是南橘是北枳:比赛时间短，主要是比赛结束后废话连篇
给我过来挨骂,Fri May 29 01:22:55 +0800 2020,辽宁,B哥就拿出你今天这状态给我穿！[憧憬]
UnpredictableClover,Fri May 29 01:22:40 +0800 2020,其他,rw侠：我就这么被安排得明明白白
诺崽一诺徐必成,Fri May 29 01:22:34 +0800 2020,湖北,明天强强对决，要是打十四场怎么办，这里跟ag加个油，ag冲呀
花落亦伤残,Fri May 29 01:22:14 +0800 2020,河北,GK加油，百兽加油[悲伤]
发光今天开心了吗,Fri May 29 01:22:10 +0800 2020,广东,讲道理，第二场的比赛时间真的🉑️吗？
不是南橘是北枳,Fri May 29 01:22:08 +0800 2020,北京,回复@不是南橘是北枳:后面还有背靠背赛程，还是这么晚的话选手也吃不消啊
偝对背,Fri May 29 01:22:07 +0800 2020,河南,各位，晚安💤
是我图图呀,Fri May 29 01:22:06 +0800 2020,其他,四点开始一点结束[悲伤]
渡暖ll,Fri May 29 01:22:00 +0800 2020,其他,恭喜we，又有几张桌子不用被拍了[允悲]
暖酒寄归人,Fri May 29 01:21:50 +0800 2020,辽宁,我还是要说 导播不是人
周戏珠,Fri May 29 01:21:48 +0800 2020,广东,B哥：兄弟们，撑到十三点，老子带你们躺，坚持撑到总决赛。 为什么呢？因为是总决赛十三号，还不明白吗？[doge]
云中小仙紫,Fri May 29 01:21:43 +0800 2020,其他,ts加油！暖宝锤爆十三啊！！！[并不简单]
陆边义陀祥,Fri May 29 01:21:42 +0800 2020,辽宁,看好RNGM[并不简单][并不简单][并不简单]
不是南橘是北枳,Fri May 29 01:21:41 +0800 2020,北京,不考虑时间稍微提早一些嘛[悲伤][悲伤]
_喵的夏天_,Fri May 29 01:21:38 +0800 2020,河北,明天早点吧。太难了
果壳同学,Fri May 29 01:21:39 +0800 2020,其他,晚安😴
Mr_木目心,Fri May 29 01:21:32 +0800 2020,河南,第二天了
visual_persistence,Fri May 29 01:21:16 +0800 2020,广东,恭喜VG!!!
