评论者,评论时间,评论地点,评论内容
超级硬汉66886,Mon May 25 16:50:38 +0800 2020,其他,对光詹姆斯有黑点，科比没黑点，笑死了，都不好意思说，知道为什么不说科比黑点吗，因为我知道尊重科比
愤怒的XQX,Mon May 25 16:09:55 +0800 2020,广东,哇 你妈妈不会是鹰郡事件的女主角吧？💰拿到了不？[色]
陈芳宇ing,Mon May 25 15:55:15 +0800 2020,北京,看看 就会这句 有烧焦密那味了
奇迹男孩儿丶,Mon May 25 13:25:22 +0800 2020,吉林,科比打篮球还行    但开飞机不太行
陳德詺-,Mon May 25 12:00:52 +0800 2020,湖南,哈哈急了急了
世界V柏强,Mon May 25 11:36:57 +0800 2020,黑龙江,这哥们唠嗑活着时候不说，现在不在了敢说了？你咋不说科比幼儿园时候不会扣篮呢？蹭热度不要太明显好不？[怒][怒]
孙庄亓,Mon May 25 10:58:23 +0800 2020,其他,有啥问题就应该当时说出来，及时沟通，现在说有什么用？
King十九画,Mon May 25 10:49:13 +0800 2020,黑龙江,那时候的科比和近年的欧文太像了，你说他强吧，他还拿不到fmvp，只能在统治力超强的大佬身边才能赢球，但你更不能说他抱腿，毕竟场均也能拿到28分的高分，所以就是个心气高的二当家，想证明自己，靠自己又赢不了球，好在科比后来改变了心态和打法，最后取得了成功。
小跳蛙198105,Mon May 25 10:41:25 +0800 2020,安徽,3
隔壁的老施_,Mon May 25 10:27:30 +0800 2020,上海,奥胖第二场还不知道第三场，又被包夹，但是照理来说，湖人队换个战术打，基本上可以说稳赢了
去吃烤鱼哈,Mon May 25 09:50:32 +0800 2020,四川,11年总决赛可把爹看乐了，最后一场慕斯疯狂甩锅还投个打板不沾框，这就是所谓的公公认的第一人
去吃烤鱼哈,Mon May 25 09:48:47 +0800 2020,四川,至少争胜，沾沾看韦德要拿fmvp果断放水让诺天王爆草
Yq05088,Mon May 25 09:40:37 +0800 2020,其他,不要再消费死者，记点口德
kkaazninini,Mon May 25 09:23:46 +0800 2020,其他,好家伙库里都跑出来比了
kkaazninini,Mon May 25 09:23:23 +0800 2020,其他,就是实话啊。
王彦霖Kyrie,Mon May 25 09:13:54 +0800 2020,黑龙江,除了科蜜，大家都知道咋回事。一个靠自爆提升历史地位的人不会真的有球迷吧？不会吧不会吧
南北的南ohyean,Mon May 25 09:05:54 +0800 2020,上海,那时的活塞是最合理的黄金组合，每个人把自己的强项发挥到极致
Joseph翟,Mon May 25 08:58:23 +0800 2020,北京,最大的锅在于f4的那二老，简直打得如废柴一般，还不如用角色球员
骑驴去首都,Mon May 25 08:52:27 +0800 2020,北京,湖人就输在了内斗
SoBand-,Mon May 25 08:34:23 +0800 2020,上海,放屁
我我我就是酷girl,Mon May 25 08:26:05 +0800 2020,广东,哈哈
是陈什么冉阿,Mon May 25 08:19:39 +0800 2020,其他,可拉倒吧，这事儿确实是存在并且有着不明不白的结果，虽然后来女主人公说是诈骗，但谁知道到底咋回事呢，当作一个黑点过分了…
是陈什么冉阿,Mon May 25 08:15:49 +0800 2020,其他,你说的没错，普罗菲特，这种在cba给朱芳雨，王士鹏当替补的，当时都能在湖人当首发，你说能不能进季后赛吧
守不住光的阿尔杰,Mon May 25 08:03:22 +0800 2020,四川,就尼玛闪现硬开团？？
吉他房子,Mon May 25 08:02:53 +0800 2020,重庆,连詹姆斯自己都没敢这么想，你哪里来的自信？
保持冷静好吗,Mon May 25 07:58:29 +0800 2020,江苏,比不上你妈洗浴中心销冠的
保持冷静好吗,Mon May 25 07:57:06 +0800 2020,江苏,说到底就是打不过，本来该被横扫的
樑樑樑樑樑,Mon May 25 07:22:30 +0800 2020,广东,怪科比？整个决赛下来.除了ok组合.其他人找个场均7分的都没..奥尼尔被双华莱士一直消耗..科比要防最累人的汉密尔顿还要进攻.其他人分也得不了.防也防不住.特别佩顿....比卢普斯场均都能21分.要知道他的风格使然很少一系列拿这么高..
收离聚散3ga2,Mon May 25 06:52:56 +0800 2020,其他,[心][心][心]顾念去到北方，在那遇见了林森，他穿着火焰蓝长大衣穿越风雪，他穿着橘色消防战斗服消灭火魔，那个男人就像那片墨绿广袤的森林，俊秀坚毅，温柔内敛。最初，林森总是一本正经:“我的使命是守护森林。”后来，顾念对他说:“我也是。”【你是森林守护者，我是你的守护神】
关键比赛就掉链子湖人队,Mon May 25 06:51:57 +0800 2020,辽宁,大家都看出来渴望mvp，然后更衣室气氛可能就有问题，导致场上化学反应不够，大家伙心态不正了
覃炎彬Barrows,Mon May 25 04:25:10 +0800 2020,其他,科实的比力肯定不如姆詹斯[憧憬][并不简单]
思念是一条河丶,Mon May 25 04:25:06 +0800 2020,其他,怎么说呢，技战术都不如活塞。马龙有伤年纪又大剩半条命。手套这辈子都是打防守的年纪大了脚步跟不上也打不过。科比。科比先把气喘匀了。快，汉密尔顿又跑了。奥尼尔，奥尼尔倒是是优势，可惜球根本给不到，背后那个黑矮子不会累吗，一直顶我。前面那个白胖子为什么能一直绕前。马龙呢？没时间了快给我
一天又一天一年又一年啊,Mon May 25 03:26:20 +0800 2020,上海,科比换别人早就夺冠了  湖人队史最烂的那几年全是科比核心
愤怒的XQX,Mon May 25 03:22:54 +0800 2020,广东,还是给坠机王上香吧[色]
愤怒的XQX,Mon May 25 03:18:31 +0800 2020,广东,被科强坚给强坚死的[色]
恐怖之天意,Mon May 25 03:11:25 +0800 2020,山西,可想而知活塞整体的防守体系是真的强
恐怖之天意,Mon May 25 03:10:42 +0800 2020,山西,第二年，我记得奥本山宫殿打架其实就是阿泰斯特抢了大本的最佳防守运动员，去撒气
恐怖之天意,Mon May 25 03:08:09 +0800 2020,山西,你说对了，当年活塞五虎，正好那年拉希德去了活塞，活塞整体防守能力也确实可怕，拉里布朗布置的战术就是放奥胖，防死科比
恐怖之天意,Mon May 25 03:05:03 +0800 2020,山西,首先说一点，当时活塞主教练拉里布朗的战术是夹科比，放奥尼尔，科比打不开是无法盘活全队的，还有两人互相争夺球队老大，导致各种问题都有了，很多因素加起来才会输
WANGJIAJIE7,Mon May 25 02:33:53 +0800 2020,海南,🌹少女🔞👉@清新兰km🔥肥Ь🌹
_FoXxX,Mon May 25 02:03:13 +0800 2020,其他,笑了，詹姆斯几个总冠军？
唯爱忠蓝,Mon May 25 01:44:18 +0800 2020,江苏,说别人我同意，库里，呵呵
俄亥俄州的克利夫兰lbj,Mon May 25 01:26:46 +0800 2020,其他,没错80后的对这轮系列赛记忆犹新呢，总是接到球打的仓促劲使不出来那种，
俄亥俄州的克利夫兰lbj,Mon May 25 01:25:55 +0800 2020,其他,原来还真个弟弟，你说什么都是对的呢，你很棒加油，挺你，你是最棒的，NO1，
_罗海滔,Mon May 25 01:00:03 +0800 2020,广东,梦里啥都有
XXXYNGBAC,Mon May 25 00:52:48 +0800 2020,其他,已经被邓肯限制了
浅尝_Chou,Mon May 25 00:40:57 +0800 2020,江苏,@再无洛杉矶凌晨四点
狡猾的枪,Mon May 25 00:37:56 +0800 2020,其他,04年依然巅峰，即便有轻微下滑，还是稳吃所有对位对手
狡猾的枪,Mon May 25 00:36:14 +0800 2020,其他,我当年看了现场直播，记得球评是这么说的，奥尼尔大部分的球权都不是最好时机，后卫浪费了太多进攻时间，导致他每次拿球时间都很紧迫，整个进攻打得很憋屈，也因此第二年就选择离开
MrShaw180rich,Mon May 25 00:34:09 +0800 2020,江苏,就一年好吗，你以为大黄新秀年没进就忽视了
狡猾的枪,Mon May 25 00:28:42 +0800 2020,其他,我全程看了现场直播
蒙密Luminosity,Mon May 25 00:22:14 +0800 2020,重庆,是 怎么了 看的球比你多，打得也比你好怎么了
隔壁的老施_,Mon May 25 00:08:57 +0800 2020,上海,那场比赛除了奥尼尔之外，其他人基本上人都被防的命中率真的可怕 科比……
俄亥俄州的克利夫兰lbj,Mon May 25 00:02:00 +0800 2020,其他,你先告诉哥哥你04年时候是不是6岁，
蒙密Luminosity,Sun May 24 23:55:40 +0800 2020,重庆,我给你说 科比但凡能找到录像的季后赛 我都看过，还杠不？
最棒的人都有点儿疯,Sun May 24 23:51:08 +0800 2020,山西,争强好胜才是他
更木劍花,Sun May 24 23:46:20 +0800 2020,天津,你跟这俩打过？
俄亥俄州的克利夫兰lbj,Sun May 24 23:36:57 +0800 2020,其他,04年的时候你是不是6岁？快说，不说实话哥就不理你，
因扎吉远房老表,Sun May 24 23:24:08 +0800 2020,江苏,梦回04年。镜头里的事谁也说不清、道不明，都是命中注定。不是1:4可能没有后来的布莱恩特，我更喜欢后来的他。镜头外；主场比赛，中午放学后百米冲刺到食堂。第一排总有我，一般情况下第三节刚开始不久，边吃饭边看，快乐的不得了！
吃里拗,Sun May 24 23:17:03 +0800 2020,云南,我还是更爱看决赛千里送人头的詹哥，把大家都逗乐了
小小峰1992,Sun May 24 23:15:19 +0800 2020,浙江,看了评论，鹰蜜真是双标
wjian103,Sun May 24 23:13:09 +0800 2020,陕西,说话的这位上过场吗[挖鼻]你一看饮水机的有啥发言权
小小峰1992,Sun May 24 23:11:55 +0800 2020,浙江,没钓鱼王强
陈芳宇ing,Sun May 24 23:07:46 +0800 2020,北京,烧焦密洗地的能力是真强
陈芳宇ing,Sun May 24 23:06:40 +0800 2020,北京,烧焦密转移话题的能力可真强啊 牛逼牛逼
陈芳宇ing,Sun May 24 23:05:43 +0800 2020,北京,烧焦的资本厉害 不会没看过吧 不会吧
陈芳宇ing,Sun May 24 23:05:24 +0800 2020,北京,果然是个烧焦密啊 有那味了
陈芳宇ing,Sun May 24 23:05:06 +0800 2020,北京,烧焦密才是天下无敌
陈芳宇ing,Sun May 24 23:04:55 +0800 2020,北京,烧焦米开始了
黑啡加枸杞,Sun May 24 22:50:35 +0800 2020,广东,一看就知道最近最后之舞没看[doge][doge]
嘟了个嘟嘟嘟嘟嘟啊,Sun May 24 22:48:18 +0800 2020,甘肃,第一，如果需要，不管是哪位，请不要在一位不在世的人身上刷你的存在感，你母亲没教你怎么做人么？ 第二，就你，借用一句罗贯中爷爷的话，荧光之火岂能与皓月争辉！
皎皎皎皎月月月月月,Sun May 24 22:46:50 +0800 2020,其他,不是吧不是吧这么明显的反串都有这么多人喷？勇🐶都没脑子么？
皎皎皎皎月月月月月,Sun May 24 22:45:37 +0800 2020,其他,兄弟你这就在做梦了
蒙密Luminosity,Sun May 24 22:45:08 +0800 2020,重庆,老子就是让你去看比赛，嘲讽你的去看数据，你还扛上了
唯爱科鹰郡,Sun May 24 22:35:01 +0800 2020,其他,狗密不会承认的
唯爱科鹰郡,Sun May 24 22:33:54 +0800 2020,其他,科比唯一可能超过詹姆斯的就是寿命短[喵喵]
白鑫悦我爱你,Sun May 24 22:17:54 +0800 2020,黑龙江,这和老詹老科有关系？你妈妈必死
实在是太喜欢你,Sun May 24 21:54:25 +0800 2020,河南,你爷爷身体很好。
EocRI,Sun May 24 21:36:42 +0800 2020,其他,不用谢，人人有责[嘻嘻]
XXXYNGBAC,Sun May 24 21:34:56 +0800 2020,其他,07，11，詹姆斯都太年轻。报团以后有帮手了就发挥起来了
XXXYNGBAC,Sun May 24 21:32:19 +0800 2020,其他,果然三姓家奴的詹孝子
XXXYNGBAC,Sun May 24 21:31:54 +0800 2020,其他,？奥尼尔内会儿都被防死了。奥尼尔巅峰98-02
XXXYNGBAC,Sun May 24 21:30:50 +0800 2020,其他,活塞防守太强，内线被卡死了。f4说白了两个都是马上退役来养老的。科比也当时的确急着邀功。综合因素导致的
XXXYNGBAC,Sun May 24 21:29:53 +0800 2020,其他,去年说好带湖人进决赛，连季后赛都没进，这就是所谓高薪低能？
zhuqiheng,Sun May 24 21:04:28 +0800 2020,北京,没有科比根本进不了总决赛
独行的猪儿虫,Sun May 24 20:59:10 +0800 2020,四川,虽然我是科密，但不得不说，我科历史地位有死亡加成
俄亥俄州的克利夫兰lbj,Sun May 24 20:56:06 +0800 2020,其他,有点好笑，去看比赛回放看活塞内线是怎么防鲨鱼的呢啊
吃里拗,Sun May 24 20:53:34 +0800 2020,云南,总决送人头谁人不爱？
高叔叔很忙的,Sun May 24 20:39:28 +0800 2020,北京,确实 唠嗑那轮系列赛头确实铁 但是湖人也全方位被活塞打爆了
彭铁楠,Sun May 24 20:37:31 +0800 2020,四川,你爹肯定不在了
JR阿伦,Sun May 24 20:10:56 +0800 2020,广东,西决打森林狼，拉什三分7中6(前7投全中) 也是很高光了![赞]
青春wanwanwan1992_256,Sun May 24 20:05:27 +0800 2020,上海,不知不觉中，李尽欢的舌头已经来到了隐约显出一片幽深漆黑的芳草地的所在。透过那件散发着浓郁的体香的白色X感，
大枪爱红唇,Sun May 24 20:03:49 +0800 2020,辽宁,兄弟挺住，🐟 太多
McFiFth-loves-rock-n-roll,Sun May 24 20:02:34 +0800 2020,其他,其实是输在了payton，被billups完爆了。那个年代，一个球队在PG上吃亏太致命～ 
随性88015,Sun May 24 20:01:06 +0800 2020,其他,首轮钓鱼何乐而不为？
仰化铁516,Sun May 24 19:55:45 +0800 2020,其他,汉密尔顿太能跑了 只有科比能跟 在搞个华莱士挡拆没办法 还有比卢普斯  唯一赢的一场科比还立大功  第三次汉密尔顿一个人比科比加奥尼尔还多得好像4分[允悲]
小鸣很安静,Sun May 24 19:36:31 +0800 2020,吉林,是非功过转头空，留予后人评
蒙密Luminosity,Sun May 24 19:30:23 +0800 2020,重庆,有点好笑 去看数据
篮球八卦男,Sun May 24 19:28:40 +0800 2020,北京,没有科比湖人夺冠了
篮球八卦男,Sun May 24 19:28:11 +0800 2020,北京,说事实就是蹭热度？傻🐶
叫我黑贝就好,Sun May 24 19:18:41 +0800 2020,其他,新浪这么大的大哥，这也要蹭一下？
Memorys201911,Sun May 24 19:17:58 +0800 2020,其他,你爸爸不在了，你们怎么喷都行
Marlene-轩丶,Sun May 24 19:12:12 +0800 2020,上海,卡尔马龙那是胳膊？
King017,Sun May 24 19:11:25 +0800 2020,北京,你一定是詹黑
保持冷静好吗,Sun May 24 19:04:10 +0800 2020,江苏,有一说一，湖人没进季后赛的两年战绩，在东部可以前6。另外，当时夸梅布朗跟死神帕克这种阵容，磨合不磨合有什么差别
保持冷静好吗,Sun May 24 19:02:28 +0800 2020,江苏,5个防守悍将，而且大家对他普遍不够重视[允悲]湖人内忧外患，西决就是捡了条命，总决赛马龙和佩顿几乎没发挥作用
你的恋爱我心疼你的文字还爱他,Sun May 24 18:51:57 +0800 2020,香港,当时锅确实是科比，不过年轻都不去争那也白活了
4kyrs,Sun May 24 18:51:06 +0800 2020,上海,终于看到个明白人
泰勒的大字报,Sun May 24 18:49:31 +0800 2020,其他,科比都成焦曼巴了，死者为大。
T1ktok自营,Sun May 24 18:49:01 +0800 2020,浙江,恍然大悟要给你ma上柱香？
T1ktok自营,Sun May 24 18:48:28 +0800 2020,浙江,你MA怎么死的？
初心未许-长歌陌路,Sun May 24 18:47:52 +0800 2020,山西,实话
meloverson,Sun May 24 18:44:31 +0800 2020,广东,那几年的活塞太强了
naive0118,Sun May 24 18:14:53 +0800 2020,浙江,钓的是🐟，没的是🐎
Bowen0405,Sun May 24 18:09:29 +0800 2020,其他,虽然科比确实很想要FMVP那个时候，但是活塞那年是真的被低估了好吗？就算科比给球也给不进去啊。活塞防的奥尼尔拿球很困难。马龙不伤还真有的打。毕竟马龙身板中投在那。
我不同意你的说法,Sun May 24 17:57:33 +0800 2020,浙江,想当年各大论坛，列数据就是黑科比，然后科密就开始黑lbj
末班车yunyi,Sun May 24 17:53:29 +0800 2020,陕西,六亚不比单核钓鱼强？？科密认为进不去季后赛比亚军都牛逼，厉害了，怪不得说我科天下第一呢
何丶呵呵,Sun May 24 17:50:23 +0800 2020,北京,你在暗示什么[喵喵]
克里斯巴姆斯特德,Sun May 24 17:28:12 +0800 2020,新疆,17年杜兰特表现更好
深街酒灬徒,Sun May 24 17:17:15 +0800 2020,其他,怎么还蹭老大热度，干什么啊？能消停不
与尘yc,Sun May 24 17:12:48 +0800 2020,黑龙江,难道那六次亚军你可以找到一个比他更能拿fmvp的人么，除了11年那次[吃瓜]
口天木木田夕心,Sun May 24 17:08:28 +0800 2020,其他,没有科比就4:0是…了…的赢那场还是靠科拿比关得键分[可怜][挤眼]
陳德詺-,Sun May 24 17:02:02 +0800 2020,湖南,6亚王别谈历史地位了吧，躲一辈子东部，来西部进不了季后赛，不会吧不会吧，你不会没看比赛吧
是陈不羁,Sun May 24 16:59:05 +0800 2020,广东,确实[doge][doge]
只想轻嗅蔷薇,Sun May 24 16:54:08 +0800 2020,北京,🙏🙏🙏
吃里拗,Sun May 24 16:49:26 +0800 2020,云南,谢谢你啦～保安兄
怎么叫都不好听,Sun May 24 16:49:04 +0800 2020,湖北,季后赛到来之前和奥尼尔争老大，奥尼尔说你应该把球给我，科比说我不需要你教我怎么打球！到了季后赛，科比开始疯狂证明自己！
Mua丶circle孙老师,Sun May 24 16:31:53 +0800 2020,河北,那个时期的科比已经跟奥尼尔和禅师有矛盾了吧。
最爱吃大螃蟹,Sun May 24 16:28:18 +0800 2020,辽宁,这都能给科比洗 真狠  场外因为强奸一直在打官司 场内跟马龙因为瓦妮莎不和 跟奥尼尔争老大 说奥尼尔被双华莱士锁死的真是笑死了 命中率六十多 叫被锁死？ 倒不如说被科比不传球给锁死了
乳名叫xuan仔,Sun May 24 16:18:18 +0800 2020,吉林,在西部比较难，也不得不承认他的打法偏单干，但去年湖人不也没进季后赛吗
EocRI,Sun May 24 16:01:49 +0800 2020,其他,有空把你那阴阳怪气的口腔治一治，属实臭
汪汪汪警车,Sun May 24 16:01:21 +0800 2020,其他,乔丹倒不是想着荣誉，只是单纯觉得靠自己就能赢，不需要队友发挥
TheLilSHaDy,Sun May 24 15:59:11 +0800 2020,新疆,那没有科比常规赛最后一场双绝杀，湖人还排不到西部第二，季后赛连主场优势都没有，那赛季又不是科比一个人的问题
EocRI,Sun May 24 15:57:21 +0800 2020,其他,确实好，你的键盘不干净，就要清理。
毕加琐,Sun May 24 15:55:07 +0800 2020,浙江,詹姆斯受伤之前西部第四你们看不到噢
毕加琐,Sun May 24 15:50:40 +0800 2020,浙江,给詹姆斯一个巅峰奥尼尔早八连冠了 这话我也会说
THREEZEROGOAT,Sun May 24 15:44:42 +0800 2020,其他,给科比19年詹姆斯那湖人阵容早就西决了 詹姆斯来之前和来之后战绩没有丝毫变化
fireworksoffence,Sun May 24 15:36:42 +0800 2020,其他,这样的偏执 这本来就是他啊
MHUI2014,Sun May 24 15:31:16 +0800 2020,河北,快拉倒吧，那个系列赛佩顿和马龙被爆的惨啊
S木末,Sun May 24 15:30:36 +0800 2020,山西,什么👻
米兰锦瑟,Sun May 24 15:29:10 +0800 2020,江苏,是活塞五虎太强，科比光防守汉密尔顿都累得够呛了，而且进攻对的是普林斯吧，攻防两端受折磨
Hastorr,Sun May 24 15:26:16 +0800 2020,云南,不是被双华莱士锁死了吗
FishtailDuan,Sun May 24 15:21:41 +0800 2020,江苏,没科比打的进总决赛吗[二哈]
Allen林,Sun May 24 15:19:51 +0800 2020,广东,说这话、赞同这话的根本没看过三连冠时期科比从常规赛到季后赛到决赛的不同打法。季后赛科比还会强打，到了决赛为了冠军，科比第一选择是奥尼尔，因为奥尼尔对东部有绝对优势。04年输是因为活塞完全压制了奥尼尔，防守赢得了冠军。
小透明sunny,Sun May 24 15:12:04 +0800 2020,其他,这个就比较厉害了，我还是挺喜欢看他们比赛。
蹲腿上瘾的阿健,Sun May 24 15:10:24 +0800 2020,北京,钓鱼呢没🐎，上钩的还不如钓鱼的
轻尘88327,Sun May 24 15:04:01 +0800 2020,福建,逝者为大，生前不说，人都没了说这个？[挖鼻]
相对无言唯有,Sun May 24 15:00:52 +0800 2020,江苏,你没看比赛吧 大本防的很好
俄亥俄州的克利夫兰lbj,Sun May 24 14:57:42 +0800 2020,其他,去看比赛回看；看奥尼尔在内线被防守的多惨
我就喜欢喝糊糊,Sun May 24 14:53:48 +0800 2020,其他,你🐴没了
我是你永远得不到的男人8668,Sun May 24 14:51:27 +0800 2020,北京,去看数据，奥尼尔的表现还不好？
李瑞虎,Sun May 24 14:51:19 +0800 2020,安徽,其实之前已经靠费舍尔的0.4秒绝杀续了一次命了，那赛季真的各种矛盾和问题。
吃里拗,Sun May 24 14:50:32 +0800 2020,云南,[笑哈哈]
俄亥俄州的克利夫兰lbj,Sun May 24 14:46:46 +0800 2020,其他,奥尼尔那时候是巅峰，即便球权少了，在内线单打比他矮了那么多的大本居然被防的那么惨，当然拉希德协防的也好，奥尼尔在那个系列赛个人表现不及格，
蔡宗洋1992,Sun May 24 14:45:35 +0800 2020,其他,是啊 三姓家奴吕奉先天下无敌
fancykim,Sun May 24 14:45:21 +0800 2020,浙江,去掉詹姆斯，再来看看湖人现在的阵容麦基，隆多，比斯利，波普，史蒂芬森，库兹玛，英格拉姆，钱德勒，朗佐鲍尔完全就像是凑合着玩
南桥北河,Sun May 24 14:44:28 +0800 2020,其他,有本事你让他醒来，我们一起批评他
礼太白4_4,Sun May 24 14:44:20 +0800 2020,黑龙江,我觉得很正常啊 如果他甘愿当老二 他就不是科比了
反手来个2加0,Sun May 24 14:26:02 +0800 2020,湖北,反正抱在我科后边[太开心][太开心][太开心]
吃里拗,Sun May 24 14:24:39 +0800 2020,云南,f4打季后赛的时候科比都伤了
wellless,Sun May 24 14:20:46 +0800 2020,其他,那f4不也一轮游吗…………
菁菁木300,Sun May 24 14:20:13 +0800 2020,其他,有病
吃里拗,Sun May 24 14:20:10 +0800 2020,云南,连抱三次团更酷[good]可以说是历史第一人了。要是这都钓鱼还不如你🐴上呢[笑哈哈]
吃里拗,Sun May 24 14:18:54 +0800 2020,云南,连抱三团还钓鱼的话那还不如你上[笑哈哈]别黑了，我也喜欢詹黄，连续抱三次团在历史上也绝无仅有的，可以说是历史最佳了[good]
balence4金,Sun May 24 14:18:36 +0800 2020,其他,没必要比，都为湖人奉献过
反手来个2加0,Sun May 24 14:18:07 +0800 2020,湖北,你🦅f4一轮游，没大腿就逼宫管理层去公牛[太开心]
反手来个2加0,Sun May 24 14:16:36 +0800 2020,湖北,确实比6⃣️钓鱼🐟的强奸犯厉害多了[嘻嘻]
惧内阳光小暖T小窝,Sun May 24 14:16:11 +0800 2020,河南,[心]一天换一老公，三天不重样可还行？ps：男主有多重人格，女主有金手指，能治愈哦！无逻辑、与现实专业名词无关，勿较真哈！
南知·,Sun May 24 14:13:17 +0800 2020,河北,赚了赚了。好开心^_^。
拿着摄影机的摄影师,Sun May 24 14:12:57 +0800 2020,其他,说的蛮有道理的哇
善良的怪鸽,Sun May 24 14:12:56 +0800 2020,其他,虽然要上课，还是来赞一个
孤单的射手,Sun May 24 14:12:31 +0800 2020,北京,湖人F4
wellless,Sun May 24 14:06:42 +0800 2020,其他,比六钓🐟强点
毕加琐,Sun May 24 14:04:15 +0800 2020,浙江,28岁的巅峰科比都钓鱼 35岁的詹老头钓个鱼怎么了 你看不起科比？
吃里拗,Sun May 24 14:03:17 +0800 2020,云南,单核勒布朗去年带着湖人在倒数几名间徘徊把我肚子都笑疼了
假装学生物,Sun May 24 13:59:41 +0800 2020,海南,不喜欢传球，喜欢硬头皮出手的人可不是自私吗
Van杭叔叔,Sun May 24 13:57:53 +0800 2020,广东,号
上海老实和尚不老实,Sun May 24 13:57:42 +0800 2020,上海,周亮
吃里拗,Sun May 24 13:53:08 +0800 2020,云南,你教得真好，不愧是互联网保安[good]
Mr望肥,Sun May 24 13:52:08 +0800 2020,北京,这人现在要是不提科比，已经捡垃圾活着呢吧。蹭热度，混个饭
毕加琐,Sun May 24 13:50:11 +0800 2020,浙江,哟 这不是你们西部优越狗的观点吗？现在又川剧变脸？学到了👍
人民医生库兹马,Sun May 24 13:49:14 +0800 2020,福建,詹慕斯要是知道有你这种粉丝估计他都吐了哈 天天搁着阴阳怪气 我差点以为詹姆斯现在在东部呢
EocRI,Sun May 24 13:48:26 +0800 2020,其他,那种话模棱两可，话中有话，最好少说。
DelSpooner,Sun May 24 13:48:19 +0800 2020,浙江,边线球战术很常见啊
吃里拗,Sun May 24 13:47:48 +0800 2020,云南,我也没黑啊。怎么这么多人急了呢
放生莲a,Sun May 24 13:46:47 +0800 2020,其他,来西部第一年怎么很快滚蛋钓鱼呢？球队可是有榜眼的
EocRI,Sun May 24 13:45:34 +0800 2020,其他,六亚也能黑？多少人总决赛都进不去
毕加琐,Sun May 24 13:45:34 +0800 2020,浙江,我也觉得 建议联盟取消东部 把东部球队全部纳入CBA 要什么东部 西部才是真正的NBA👍
阿Q什么什么什么,Sun May 24 13:44:03 +0800 2020,江苏,不是吧还真有人被钓到了
王校长不吃面包,Sun May 24 13:43:18 +0800 2020,安徽,04年总决赛，科比想拿fmvp证明自己，队内第一出手次数22次吧，但场均百分之38命中率，场均22分，而奥尼尔没了球权，但场均26分，那年说实话科比锅最大，他疯狂出手想证明自己，但活塞团队篮球配合的更好，那次比赛之后OK也解散了
毕加琐,Sun May 24 13:43:12 +0800 2020,浙江,其他不知道 强奸犯该不会真的有粉丝吧 不会吧不会吧
仰化铁516,Sun May 24 13:43:09 +0800 2020,其他,科比攻防两端太累了 要防守全联盟跑动最多的 而对面内线绕前卡位 给不到奥尼尔球 马龙受伤 佩顿老了防守太差脚步跟不上  数据难看的一比 [允悲]
白鸟珠,Sun May 24 13:42:50 +0800 2020,江苏,那么多ruozhi上钩啊[偷笑]
人民医生库兹马,Sun May 24 13:42:44 +0800 2020,福建,你也就这招？就只会说别人只有这一招？还不让说实话啦？可笑
StoneCold_JK,Sun May 24 13:42:06 +0800 2020,江苏,其他不知道 我知道你是我家的看门土狗[爱你]好好看门 晚上有上好的💩奖励给你吃
featijery04,Sun May 24 13:39:09 +0800 2020,重庆,但是齐欢却还是感觉到自己的身体就像是给一片温暖的海洋包裹住了一样的，那中间的刺激，让齐欢感觉到
毕加琐,Sun May 24 13:35:23 +0800 2020,浙江,你们也就这招 没话说了就西强东弱 科密勇密不分家
狡猾的枪,Sun May 24 13:33:52 +0800 2020,其他,奥尼尔球权少了很多，否则还是能打爆双华莱士组合
十里坡山神,Sun May 24 13:33:37 +0800 2020,其他,说实话都有人喷
人民医生库兹马,Sun May 24 13:32:28 +0800 2020,福建,07年东部啥水平自己心里没点数是吧？[偷笑]
麻皮阿宏,Sun May 24 13:31:39 +0800 2020,山西,一
YesterdayLife,Sun May 24 13:29:45 +0800 2020,山东,你不能这么算，没有科比，会有另一个球员，而且那么高的工资，够把替补水平再往上拉一拉了，就跟科比全场打铁最后投进绝杀一样，说得好像就是科比一个人赢得球一样，要不是他铁那么多不早就赢了么。不过科比后期确实调整了自己和队友，没那么头铁了
LI锡权登,Sun May 24 13:29:28 +0800 2020,广东,禅师来了  也没有一开始打三角进攻啊
灰常不情愿的丶,Sun May 24 13:29:16 +0800 2020,陕西,三个字：你也配？
人柱力田狗鸡,Sun May 24 13:25:24 +0800 2020,湖北,你谁啊
Mamba24-8Forever,Sun May 24 13:20:42 +0800 2020,福建,没错，就是这个意思，都他在一个频道上还比较！！可笑
肥你个orange,Sun May 24 13:19:46 +0800 2020,江苏,兄弟，你才说的是实在话，黑来黑去 搞得和饭圈文化一样
保持冷静好吗,Sun May 24 13:19:30 +0800 2020,江苏,那轮锅最大的是科比，但是输并不完全因为科比，湖人几乎被活塞全线锁死
肥你个orange,Sun May 24 13:19:08 +0800 2020,江苏,那年詹姆斯就打了前面几场 他在的时候湖人西部前四
超级硬汉66886,Sun May 24 13:18:26 +0800 2020,其他,是的，真是这么回事，变着花样的争辩，也是一种本事
咻咻_Terrence,Sun May 24 13:14:18 +0800 2020,山东,00-11年，知道西部球队拿了几个冠军吗？东部那种竞争环境有什么可比的？
IronsDu,Sun May 24 13:12:01 +0800 2020,四川,放屁。那个总决赛我看完了，内心是绝望的，因为，真的毫无办法。活塞无论球的运转和防守都更好，年轻速度和体力也有优势更好，摊手
超级硬汉66886,Sun May 24 13:11:25 +0800 2020,其他,随你怎么说吧，我憋着为什么不说。我知道尊重球员，就光詹姆斯有黑点，冒人没有黑点，呵呵
毕加琐,Sun May 24 13:10:17 +0800 2020,浙江,别的我不知道 科比强奸天下第一
吃里拗,Sun May 24 13:10:08 +0800 2020,云南,这两个字是你说的哦
超级硬汉66886,Sun May 24 13:09:54 +0800 2020,其他,我也能说科比很多黑点，知道为什么不说吗。我知道尊重他[汗]
12345renren,Sun May 24 13:09:49 +0800 2020,北京,靠自己季后赛都进不了才恍然大悟
Sure丶_,Sun May 24 13:08:27 +0800 2020,宁夏,别的我不知道。詹姆斯走步比科比厉害
Cheungmanchai,Sun May 24 13:05:56 +0800 2020,其他,"那么詹姆斯是非常自私地渴望拿到fmvp ,心态变了，所以他就拿了6亚吗[doge]"
儒瓜很甜AGG,Sun May 24 13:05:40 +0800 2020,重庆,这又是哪条詹🐶啊
毕加琐,Sun May 24 13:05:27 +0800 2020,浙江,是啊05-07三年 一次钓鱼 两次首轮出局 那可是27-29岁的巅峰科比啊 战绩果然辉煌 最后穿着公牛球衣逼宫管理层又展现出曼巴精神 铁血战神[good][good][good]
4ONLY1,Sun May 24 13:04:53 +0800 2020,广东,所以最优秀的二哥是Pippen！
化骨绵掌啊化骨绵掌,Sun May 24 13:04:41 +0800 2020,黑龙江,拉什，04赛季西决吧，一场六个三分。
俊锅锅ai你呢,Sun May 24 13:02:53 +0800 2020,广东,那个赛季注定是亚军，他们两的矛盾已经没办法化解，队里伤病不断，老龄化严重，活塞整体篮球，球员年轻有活力，补防缠斗很迅速
一只可怜的小老鼠,Sun May 24 13:02:37 +0800 2020,其他,新浪又开始引战喽
周君庭201908,Sun May 24 13:02:26 +0800 2020,其他,哪有人不想要荣誉啊，是我我也想要。
Kowk777,Sun May 24 13:02:21 +0800 2020,其他,能不能别引战？？
加油吧少eng,Sun May 24 13:02:14 +0800 2020,黑龙江,其实历史上的强人没法横向比较，每个人都对篮球有着同样的忠诚，渴望。真正影响我们的是他们一生对梦想的执着，并不是荣誉。所有人都应该被尊重，没法比较。乔丹，科比，奥尼尔，詹姆斯，库里。他们不仅影响篮球运动，而是影响了每个人对生活，事业的重新思考。我对他们都只有respect.
衍夏成歌6,Sun May 24 13:02:05 +0800 2020,青海,科比不如库里
快看下雪了啊,Sun May 24 13:01:39 +0800 2020,北京,单核带队你哪里看出詹姆斯强？在西部连季后赛都进不去真是笑死人，好歹科比能在西部单核带进季后赛[允悲]
毕加琐,Sun May 24 13:00:43 +0800 2020,浙江,他是詹姆斯的狗 那你是科比的狗？
程培玄,Sun May 24 13:00:38 +0800 2020,北京,六亚是耻辱？
追小忆c,Sun May 24 13:00:02 +0800 2020,浙江,一个历史前10守门员一个做五望3，确实不是一个档次
快看下雪了啊,Sun May 24 12:59:43 +0800 2020,北京,詹姆斯实力远在库里之下
小狮子张大拉,Sun May 24 12:54:15 +0800 2020,浙江,看过的都知道，那个系列赛如果还是按照3连冠时期的OK配合冠军大概率还是湖人，另外当时湖人的替补确实不给力
NESTSSSS,Sun May 24 12:54:13 +0800 2020,广东,赢的那场是靠他  但其他场次也的确挺坑的
李老八bug8888,Sun May 24 12:53:30 +0800 2020,四川,[吃惊]
乡下好人,Sun May 24 12:52:51 +0800 2020,河南,[心]
莽撞的松鼠,Sun May 24 12:52:28 +0800 2020,北京,中肯
Stella和十个太阳,Sun May 24 12:52:14 +0800 2020,辽宁,换现役球员早就被喷了，毕竟他影响力大，现在来看就是一段历史，每个人有自己的成长轨迹，粉丝别双标就行虽然做不到
StoneCold_JK,Sun May 24 12:51:30 +0800 2020,江苏,好一条詹家大院看门狗🐶
末班车yunyi,Sun May 24 12:50:55 +0800 2020,陕西,然后又有科密就会狡辩：我科队友不喜欢我科很正常，因为我科要求严格！  我特么真想抽科密的脸，什么屁话都让你科密放了！
Mamba24-8Forever,Sun May 24 12:50:33 +0800 2020,福建,你懂个锤子！！！一个高中毕业了跟一个小学刚毕业的有可比性？？我怕招黑？？你真是无脑，詹姆斯再强也没有经历过乔丹和科比他们的辉煌，强给你看嘛？？
独行客lh606,Sun May 24 12:50:26 +0800 2020,广东,图1这什么造型，一堆人挤电梯吗[笑cry]
末班车yunyi,Sun May 24 12:49:41 +0800 2020,陕西,科密：我科的队友都夸我科，结果打脸了
爱生活的要昵称干嘛,Sun May 24 12:49:23 +0800 2020,山东,我记得是科比超远三分绝平，加时赛才赢的
俊锅锅ai你呢,Sun May 24 12:48:41 +0800 2020,广东,两个人带队方式不一样，各有优缺，不过西强东弱这个情况应该考虑到里面去，麦迪之前在魔术单核挺横，到火箭来了，有姚明伤病多了，数据下来了，还是一轮游，总之湖人总冠军
末班车yunyi,Sun May 24 12:47:58 +0800 2020,陕西,说了句实话，底下这么多狗咬你！
超级硬汉66886,Sun May 24 12:46:36 +0800 2020,其他,没毛病，科比是强，毋庸置疑，但是詹姆斯差？，人家说自己想法都不行，还詹姆斯和科比没有可比性，笑了。这不是招黑吗，科比如果是乔丹，那确实詹姆斯没有可比性，现在詹姆斯和科比没有可比性，笑了
沃邓_ziwosatuo,Sun May 24 12:46:24 +0800 2020,其他,[鲜花]…🈶……  ……喷……泡…………………… 🏀……………👟…👟……👟……………………………………………………
湖人8号球员,Sun May 24 12:46:22 +0800 2020,四川,那是因为他还有能力去竞争那个FMVP[失望] 我的意思是也许过度的对内竞争让这一切变成了矛盾。但谁又愿意当老二呢[doge]
Hello小He先生,Sun May 24 12:45:55 +0800 2020,湖北,天龙八步？？
沁家飞天小女警,Sun May 24 12:45:51 +0800 2020,北京,没科比都要被横扫了
FCB-Qatar,Sun May 24 12:45:18 +0800 2020,湖南,鹰郡潇洒[doge][doge][doge]
孤獨雖勝犹榮,Sun May 24 12:44:16 +0800 2020,其他,曾经那些名不见经传的球员，现在都跑出来蹭乔丹 科比 詹姆斯的流量了[吐]
权权权少丶,Sun May 24 12:42:36 +0800 2020,江苏,前队友狗蹭热度！
这年头昵称都不好取了,Sun May 24 12:42:02 +0800 2020,广东,我看不懂，哪位铁杆球迷翻译下？他是说科比想拿fmvp所以刷数据然后导致输球吗？
Mamba24-8Forever,Sun May 24 12:41:54 +0800 2020,福建,你就懂吃史，詹姆斯和科比有可比性？科比辉煌的时候詹姆斯还在仰望他！！！
光辉阔天,Sun May 24 12:40:53 +0800 2020,浙江,Who？
吃里拗,Sun May 24 12:40:40 +0800 2020,云南,你很正义哦[笑哈哈]
蒜苗回锅,Sun May 24 12:40:38 +0800 2020,四川,一切都是故事的一部分，年轻时心高气傲偏执狂 苦尽甘来人不在
会很好笑,Sun May 24 12:40:29 +0800 2020,山西,脑回路清奇，这只能说明放奥尼尔，奥尼尔不中用
毕加琐,Sun May 24 12:38:55 +0800 2020,浙江,詹姆斯单核总决赛 科比单核钓鱼 这就是差距
艾米莆兰丝珂,Sun May 24 12:38:41 +0800 2020,上海,emmmm，早点正面硬刚咯，现在说算什么…
翻水水的小泡泡,Sun May 24 12:35:40 +0800 2020,广西,随便你们怎么说 我就是那时爱上活塞 爱上NBA[doge][doge]五虎万岁
超级硬汉66886,Sun May 24 12:33:36 +0800 2020,其他,说一点对科比不好的就不行，就不舒服了，开始贬低别人了，每个人心中都有自己的想法，说都不能说，喜欢谁看谁不就完了，就开始贬低，招黑
THREEZEROGOAT,Sun May 24 12:32:54 +0800 2020,其他,这只是说明奥尼尔打不死人
24度24,Sun May 24 12:32:34 +0800 2020,广东,所以这货直接把所有的锅都甩给了唠嗑[吐]
THREEZEROGOAT,Sun May 24 12:31:50 +0800 2020,其他,单核？热火之后年年三巨头
Weidaydayup,Sun May 24 12:31:35 +0800 2020,其他,老詹战术陪跑王吗？
颖皓innocence,Sun May 24 12:30:58 +0800 2020,江苏,你是真幽默还是智商幽默？
秋田小大,Sun May 24 12:29:59 +0800 2020,其他,别提 提就是黑[doge]
foreverKoberespect,Sun May 24 12:28:33 +0800 2020,四川,奥尼尔放不进球？
DhyanaLi,Sun May 24 12:26:24 +0800 2020,山东,但是命中率确实也说不过去
韩志恆,Sun May 24 12:24:45 +0800 2020,山东,你这话说的，第一句也可能是奥尼尔进不去球输的。第二句都放科比了，还要传给奥尼尔吗？
吉高妙针吉,Sun May 24 12:22:52 +0800 2020,其他,舌尖传来耳朵的热度，江珩忍不住撩拨她，“害羞什么，你夏面的小嫩碧可一点都不害羞…”他之前哪里说过这种粗话，季姎却觉着自己一点都不反感，倒是羞耻混着亢奋在心底隐秘发酵，夏面又涌出一大泡水。
北大洼,Sun May 24 12:19:57 +0800 2020,山东,[心]赵池池把端庄优雅四个字演绎得淋漓尽致。“不疼老婆的男人就是渣，不归家的男人就是贱，和前女友藕断丝连的男人又渣又贱……
fancykim,Sun May 24 12:19:23 +0800 2020,浙江,是的，看一下他们单核带队成绩就知道了
Cola_97,Sun May 24 12:18:47 +0800 2020,陕西,🐟钓到了🐎也没了，这一切值得吗？
GLwBryant,Sun May 24 12:17:12 +0800 2020,重庆,硬钓
李红鑫LAKERS,Sun May 24 12:16:07 +0800 2020,河北,额……
zqc13089770006,Sun May 24 12:13:32 +0800 2020,黑龙江,[心][心][心]乔安穿书了。穿成了豪门老男人陆铮的新婚妻子，一只被明码标价圈养的柔弱女配。身为书中反派男主的陆铮，对女主林安安求而不得。为解相思，他娶了乖巧听话，容貌名字都十分相近的乔安作为白月光的替身。
-回忆入秋-,Sun May 24 12:13:31 +0800 2020,北京,杰克逊来的头一年乔丹也没打.队友落好位了乔丹也是单打[喵喵]
你很FUN,Sun May 24 12:10:31 +0800 2020,广东,是吗？我就对四大巨星那年最后功亏一篑有印象
北京贝克汉姆,Sun May 24 12:08:05 +0800 2020,其他,佩顿有戒指了
跳跃的竹子,Sun May 24 12:04:59 +0800 2020,广东,[心]“你干什么！”在戚晚好不容易当上顾总假女朋友的时候，她竟然被他当着管家的面训了？！眼看关系就要穿帮，这怎么可以！
我是斯米乐,Sun May 24 12:04:18 +0800 2020,其他,想得到这不是很正常吗，04年的科比已经25岁了，有野心不很正常吗？在这个年龄段任何人都想要建功立业，在所从事的领域有所建树。他已经走了，作为前队友，你这个时候出来指责他？你算个什么玩意儿！
暗雅抚青衫磊落,Sun May 24 11:57:27 +0800 2020,河南,那时候科比是不是正面临强奸案的指控
你很FUN,Sun May 24 11:52:30 +0800 2020,广东,马龙和佩顿去就想拿个戒指也没拿到
实在是太喜欢你,Sun May 24 11:46:57 +0800 2020,河南,你🐴还健在嘛？
-Harvin-,Sun May 24 11:46:41 +0800 2020,上海,你算哪根葱
吉梯埃克斯,Sun May 24 11:44:54 +0800 2020,其他,不打三角进攻是因为那时候主教练不是杰克逊
萨里不滚不改名,Sun May 24 11:44:00 +0800 2020,陕西,没有一个完人，重要的是他的纠错能力
南征北战执念,Sun May 24 11:43:46 +0800 2020,广东,过去了怎么老有人蹭热度。透你🐴
吃里拗,Sun May 24 11:42:53 +0800 2020,云南,六亚王确实强
就算2丶也要2de有范,Sun May 24 11:42:51 +0800 2020,吉林,我看好的活塞
明之龙神-宋明明,Sun May 24 11:42:19 +0800 2020,上海,人都死了。你们这帮媒体还他么天天蹭
詹皇专粉,Sun May 24 11:42:15 +0800 2020,其他,别给老詹招黑
萌哥马累,Sun May 24 11:41:47 +0800 2020,广东,说的没错啊，科比那个时候就是自私愣头青啊，当然后来有所改观。
常乐2643369757,Sun May 24 11:41:42 +0800 2020,江苏,终于有人说出了实话，其实看过那个系列赛的都知道
凯鑫20191031321,Sun May 24 11:40:48 +0800 2020,湖南,没有科比就是被活塞横扫了，当时的活塞确实整体实力更均衡，
-回忆入秋-,Sun May 24 11:40:29 +0800 2020,北京,科比当时是年轻球员心高气傲.想在个人荣誉这块儿争取一下很正常..等他知道自己那么打拿不了冠军赢不了球的时候自然就成长了.强如乔丹最开始也不打三角进攻
爱上furukawa,Sun May 24 11:38:31 +0800 2020,其他,科比的实力肯定不如詹姆斯
TheLilSHaDy,Sun May 24 11:37:51 +0800 2020,新疆,没有科比就是4:0了……赢的那场还是靠科比拿得关键分
陈思源_小白,Sun May 24 11:37:45 +0800 2020,江苏,都有道理
西游却东行啊,Sun May 24 11:37:29 +0800 2020,其他,哈？。。。。你谁啊。。。。
我跟草原有一腿Mgl,Sun May 24 11:35:54 +0800 2020,内蒙古,你是谁？
姑苏桥堍,Sun May 24 11:35:38 +0800 2020,江苏,有一定道理
