评论者,评论时间,评论地点,评论内容
Dora朵拉辣妈,Mon May 25 07:45:40 +0800 2020,上海,致敬英雄
一只会飞的猫zz,Mon May 18 09:52:06 +0800 2020,四川,致敬英雄[心]
Troye王,Mon May 18 09:44:41 +0800 2020,黑龙江,致敬英雄
我的头像超可爱v,Mon May 18 08:38:14 +0800 2020,广西,致敬英雄
树不木然,Mon May 18 08:14:02 +0800 2020,其他,逆行的勇者，烈火中的英雄，向他们致敬。
空城凉梦风轻抚,Mon May 18 07:47:03 +0800 2020,江苏,英雄
炫酷的名字不好起1981,Mon May 18 06:21:35 +0800 2020,其他,历史是一个任人打扮的小姑娘，你所知道的不一定是真实的。
THEFRRL,Mon May 18 06:00:59 +0800 2020,江苏,太伤感了，不敢看
大英雄的小傻瓜,Mon May 18 05:54:02 +0800 2020,山东,致敬[泪][泪][泪][泪]
大英雄的小傻瓜,Mon May 18 05:53:45 +0800 2020,山东,难道英雄就要这么白白逝去？？
陈东粤,Mon May 18 00:18:23 +0800 2020,广东,用人性去阻止自然规律，付出的代价当然是沉重的。
行若微尘789,Mon May 18 00:15:20 +0800 2020,陕西,#感动中国#【#四川木里森林扑火勇士#】2019年3月30日，四川凉山木里县发生森林火灾。消防队员们每人负重30余斤，徒步行军8小时，在海拔3700余米处与大火搏斗。因林火爆燃，27名森林消防指战员和三名当地扑火人员牺牲。青山忠诚的卫士，危难的永恒对手。致敬感动中国2019年度人物四川木里森林扑火勇士！
行若微尘789,Mon May 18 00:14:14 +0800 2020,陕西,为你们点赞！祈福[蜡烛][蜡烛][蜡烛]
青稞粒儿,Mon May 18 00:08:20 +0800 2020,四川,致敬英雄， 中国在消防救援装备和防护装备生产研发方面还有待提高，加油中国
第十八个巴拉圭,Mon May 18 00:04:02 +0800 2020,其他,英雄！
心好不用持斋,Sun May 17 23:22:49 +0800 2020,江苏,逆行火场的英雄愿你们永远平安[作揖]
彬彬L6818,Sun May 17 23:18:05 +0800 2020,贵州,致敬英雄！永远铭记！[心][心][心]
小苏考啥过啥610,Sun May 17 23:17:12 +0800 2020,陕西,@巴啦啦能量考啥过啥
厚糖嘟嘟,Sun May 17 22:57:34 +0800 2020,其他,致敬英雄！
Jay小柯,Sun May 17 22:51:12 +0800 2020,其他,找不到 外赞＋评论
牛人等风来-2005,Sun May 17 22:47:54 +0800 2020,上海,#感动中国#为他们转发！
天之爱海之楠,Sun May 17 22:30:18 +0800 2020,黑龙江,请多了解了解，如果可以谁不想呢，凉山那里是高原区域……
天之爱海之楠,Sun May 17 22:29:11 +0800 2020,黑龙江,如果舍生忘死为国为民的人被遗忘，还不能被夸耀……这个国家还有希望嘛
不潮不吃土,Sun May 17 22:27:08 +0800 2020,江苏,青山有幸埋忠骨，你们是国家和民族的骄傲，致敬英雄，敬畏生命
哦萌萌啊,Sun May 17 22:26:42 +0800 2020,江苏,向英雄们致敬
天之爱海之楠,Sun May 17 22:25:35 +0800 2020,黑龙江,……这是来捣乱的吧
三番的猫,Sun May 17 22:25:28 +0800 2020,上海, “愿以寸心寄华夏，且将岁月赠山河。”  
唐唐唐果果儿,Sun May 17 22:21:04 +0800 2020,其他,牺牲的27名的森林消防员中，赵万昆、蒋飞飞、张浩和刘代旭本身都是指挥员，他们始终都和普通消防员战斗在一起，不存在一线指挥失误。另外，谁都不知道意外哪天到来，森林火灾火场情况复杂，看不见的危险、不可控的因素太多了，任何的战略指挥和战术指挥手段都很难预测。
组差都这么麻烦,Sun May 17 22:19:12 +0800 2020,河南,每年都死这么多人还搞丧事喜办，
承包千玺的小梨涡,Sun May 17 22:12:13 +0800 2020,上海,致敬[心]
旅行的鸽子精,Sun May 17 22:07:47 +0800 2020,四川,[蜡烛][蜡烛][good]
-修竹流觞-,Sun May 17 22:03:21 +0800 2020,上海,平安顺遂
PrettyWorm,Sun May 17 22:00:13 +0800 2020,广东,#感动中国# 晚了几个月的感动中国！其实不是很敢看[悲伤]
平安永宁,Sun May 17 21:42:21 +0800 2020,宁夏,#感动中国#【为他们转发！#四川木里森林扑火勇士#】
书香江苏在线,Sun May 17 21:32:36 +0800 2020,江苏,致敬英雄[心][心]
小灵樨,Sun May 17 21:30:12 +0800 2020,广东,平日里我们对这些活着的逆行者也同样尊重，这和缅怀烈士有什么冲突？逝去的英雄也自然会有家属抚恤金，而且这不是夸耀，这是尊重致敬和缅怀，只有让人们记住他们才能更好反思问题，避免类似的悲剧。
放_水养鱼,Sun May 17 21:28:26 +0800 2020,广西,致敬！！！[泪][泪][泪]
_我就是我吖_,Sun May 17 21:25:21 +0800 2020,辽宁,刘代旭，永远记得这个名字
_青莲居士_,Sun May 17 21:16:12 +0800 2020,其他,🙏为他们转发
Jason_SunXD,Sun May 17 21:16:03 +0800 2020,其他,我再来杠一会，统计比例是啥东西，能查到吗
福建森林消防,Sun May 17 21:11:02 +0800 2020,福建,战友们的青春岁月将永远流淌在祖国的青山绿水间[心]
Jason_SunXD,Sun May 17 21:10:39 +0800 2020,其他,哈哈，我上微博就是玩玩，看看评论来个乐子，至于学历你真不用操心，会让你吃惊的
如常祝朱一龙先生0416生日快乐,Sun May 17 21:07:36 +0800 2020,安徽,转发微博
没有甜度的地瓜,Sun May 17 21:06:59 +0800 2020,陕西,泪目[泪][泪][泪]致敬英雄
陆通ong,Sun May 17 21:04:28 +0800 2020,江苏,是的，刘代旭英雄[泪]才22岁。人生才刚刚开始[泪]
同桌说我是醋坛子,Sun May 17 21:03:06 +0800 2020,黑龙江,我的意思是不是只有死去的人才值得纪念，活着的人一样勇敢一样值得尊敬，很多时候人死了我们才说啊，是烈士啊，
夏天酱来了,Sun May 17 21:02:53 +0800 2020,山东,“愿以寸心寄华夏，且将岁月赠山河。”  致敬[心]@人民网 @人民日报 
幸福之间的快乐,Sun May 17 21:01:50 +0800 2020,其他,这么长时间了，看到他们的名字就会落泪。
大胖zhi小小朱zxy,Sun May 17 21:01:10 +0800 2020,江苏,每年看这个也太好哭了[泪][泪][泪]
Cardiac1372,Sun May 17 21:01:03 +0800 2020,其他,加油
迟来的叛逆期老阿姨,Sun May 17 21:00:27 +0800 2020,其他,还是没有勇气看完[伤心]
红楼隔雨w,Sun May 17 20:59:54 +0800 2020,河北,你希望英雄好好活着和缅怀已逝的英雄有什么冲突吗
同桌说我是醋坛子,Sun May 17 20:59:50 +0800 2020,黑龙江,荣誉和物质奖励，我更希望是物质奖励，荣誉啥的不当饭吃
小飞侠wo是,Sun May 17 20:59:32 +0800 2020,其他,致敬英雄
以何L,Sun May 17 20:58:58 +0800 2020,其他,[给你小心心]//@每日甜份:“愿以寸心寄华夏，且将岁月赠山河。”  致敬[心]
是你的魔鬼1990,Sun May 17 20:58:42 +0800 2020,其他,"所以是时候把你儿子送去了[太开心]看你这句话就知道宁多没有文化了 宁知道""官二代的儿子""是个病句吗[太开心]平均来每个职业的后代去做消防员的宁有统计的比例[疑问]微博人均学历我终于见识到了"
花蕊夫人65342,Sun May 17 20:58:37 +0800 2020,其他,不管怎么说，文革是他犯的严重错误，使国家10年发展停滞不前。
不才陈情,Sun May 17 20:58:35 +0800 2020,其他,致敬英雄，感动常在！
likekikiper,Sun May 17 20:58:24 +0800 2020,其他,转发微博
同桌说我是醋坛子,Sun May 17 20:58:21 +0800 2020,黑龙江,我希望他们好好活着，还能拿十几万奖金
关于你我wl,Sun May 17 20:58:10 +0800 2020,河南,致敬英雄
红楼隔雨w,Sun May 17 20:57:56 +0800 2020,河北,英雄已去，物质奖励应该有，讴歌缅怀也应该有，倘若只有物质奖励我们把英雄当成什么了呢？
兔牙肖咖咖,Sun May 17 20:57:50 +0800 2020,北京,致敬英雄🕯🕯🕯
心心的酒窝能救咩呀,Sun May 17 20:57:43 +0800 2020,其他,[心]
一心只为越酱,Sun May 17 20:57:37 +0800 2020,其他,致敬
易灵陌,Sun May 17 20:57:37 +0800 2020,山东,致敬英雄！感谢勇士！！
珠小zhu,Sun May 17 20:57:28 +0800 2020,河南,致敬[心]
呦呦呦_C_幼斌,Sun May 17 20:57:12 +0800 2020,福建,致敬英雄！
番茄炒鸡蛋哇,Sun May 17 20:57:09 +0800 2020,广东,再一次泪目，致敬英雄[心]
礼拜天君,Sun May 17 20:56:56 +0800 2020,北京,他们很多人对于我来说，还是孩子的年纪。谢谢，华夏以你们为荣。🙏
柚柚柚柚紫欸,Sun May 17 20:56:50 +0800 2020,江西,致敬英雄
侬词无感生物,Sun May 17 20:56:49 +0800 2020,江苏,致敬英雄
我已不是充钱那个又圆又胖的少年,Sun May 17 20:56:39 +0800 2020,甘肃,致敬最美最爱的人[心][心][心][心]
我的宇宙我作主,Sun May 17 20:56:37 +0800 2020,广东,为什么不用直升机接送消防员及物资？人负重还要跑到火灾现场都累趴了！[悲伤]
陆通ong,Sun May 17 20:56:34 +0800 2020,江苏,刘代旭烈士就是官二代。当时是有报道的
逗比味女汉纸,Sun May 17 20:56:29 +0800 2020,宁夏,感谢那些英雄守护我们
我不想学理科,Sun May 17 20:56:26 +0800 2020,浙江,致敬
醒时贪欢,Sun May 17 20:56:23 +0800 2020,北京,这满是水泡脓肿的手啊，感谢您们的付出
Jamais·Vu,Sun May 17 20:56:16 +0800 2020,福建,致敬英雄[心][心]
哈尼凡仔,Sun May 17 20:56:13 +0800 2020,山东,致敬致敬致敬！！！[鲜花][鲜花][鲜花]
严格的小西瓜,Sun May 17 20:56:12 +0800 2020,湖南,自己百度下 里面牺牲的有一个就是你们所谓的官二代。虽然我也恨贪官以及为富不仁的人，但不要用极端心态仇官仇富。
是你的魔鬼1990,Sun May 17 20:56:12 +0800 2020,其他,没有？[疑问]凉山牺牲的消防员里没有？宁连当时的新闻都不关注 上了那么久的热搜的一个人你说没有？宁可真是张嘴就放空屁啊 社会底层的屌丝渣渣天天就一张嘴阴谋论放空屁
人海茫茫看不见我,Sun May 17 20:56:05 +0800 2020,浙江,终于播了？
是糖兜哇呀,Sun May 17 20:56:04 +0800 2020,山东,[心][心][心]
爱笑的等等战战,Sun May 17 20:55:58 +0800 2020,四川,致敬英雄🙏🙏🙏
辉腾飞2020,Sun May 17 20:55:48 +0800 2020,山东,川建国就是这样
林深时见鹿-1823,Sun May 17 20:55:47 +0800 2020,北京,我的天呐！可真的是遭了罪了
木子han宁,Sun May 17 20:55:44 +0800 2020,北京,来点🌾 理
同桌说我是醋坛子,Sun May 17 20:55:33 +0800 2020,黑龙江,好吧，是我表述有问题，我希望这些做贡献的不要死去而是获得荣誉获得金钱物质奖励，只是好人不该死去
张杨馨儿,Sun May 17 20:55:24 +0800 2020,上海,致敬英雄[心]
zgddan_wbhnhbh,Sun May 17 20:55:22 +0800 2020,河南,致敬！[心]
肖鹿啵啵,Sun May 17 20:55:19 +0800 2020,其他,[中国赞][中国赞][中国赞]
奋斗中的lucency,Sun May 17 20:55:17 +0800 2020,浙江,致敬英雄
轻音24021,Sun May 17 20:55:01 +0800 2020,其他,如果不说出来，就不会产生大面积的反响，就不会积极反思，寻求怎么避免再次造成这种情况发生
周欢喜_,Sun May 17 20:54:56 +0800 2020,其他,致敬[心]
你的Fashion女友,Sun May 17 20:54:55 +0800 2020,陕西,这才是我们该追的偶像！[心][心][心][心]
炫酷的名字不好起1981,Sun May 17 20:54:55 +0800 2020,其他,🐱和稻的儿子的区别
ROY淇,Sun May 17 20:54:42 +0800 2020,其他,每次看每次哭😭
是吖芊lucky,Sun May 17 20:54:36 +0800 2020,安徽,致敬
我要在微博上驰骋,Sun May 17 20:54:33 +0800 2020,其他,致敬[心]
同桌说我是醋坛子,Sun May 17 20:54:16 +0800 2020,黑龙江,我怀疑你是僵尸
Lemon--梦梦,Sun May 17 20:54:14 +0800 2020,安徽,感动你我，感动中国，致敬英雄！！
今天是新的一天W,Sun May 17 20:54:12 +0800 2020,河北,[心]
YAMI土土,Sun May 17 20:54:08 +0800 2020,广东,每年的作文素材来了[偷乐]
满桶花生米mi,Sun May 17 20:54:08 +0800 2020,湖北,致敬感谢每一位英雄[心]但我真的真的不希望再看到他们牺牲的消息[失望] 每个人生活里多注意些 减少事故的发生概率 尽量避免这些事不好吗[失望] 他们都是家里的宝啊 谁让替他们遗憾替他们惋惜[失望]
是你的魔鬼1990,Sun May 17 20:54:08 +0800 2020,其他,举报
凉笙浮梦-,Sun May 17 20:53:43 +0800 2020,安徽,致敬[赞]
打印店1号,Sun May 17 20:53:40 +0800 2020,湖南,致敬[心]
喜欢向日葵的小山茶,Sun May 17 20:53:39 +0800 2020,其他,力量微小。但强大
Ay37_,Sun May 17 20:53:35 +0800 2020,北京,致敬英雄[心]
爱嚯冰阔落的望舒,Sun May 17 20:53:31 +0800 2020,北京,致敬
水晶月亮55,Sun May 17 20:53:28 +0800 2020,其他,已举报！
白露未晞mile,Sun May 17 20:53:28 +0800 2020,江苏,致敬所有的消防战士！但真的希望不要再发声这样的悲剧了[泪][泪]我们需要英雄，但不需要烈士！请记得平安归来
哔喱龟,Sun May 17 20:53:13 +0800 2020,山东,致敬[心]
红楼隔雨w,Sun May 17 20:53:11 +0800 2020,河北,我不希望英雄死去还默默无闻。
肉小肖,Sun May 17 20:53:00 +0800 2020,湖南,致敬英雄
一只小羊和一只小黄,Sun May 17 20:52:59 +0800 2020,北京,致敬英雄！
Jason_SunXD,Sun May 17 20:52:33 +0800 2020,其他,那个官二代会让儿子从事这个职业？有也少得可怜。
Ncrhbdhdxbxj,Sun May 17 20:51:37 +0800 2020,山东,[睡]
HCY蘭蘭花,Sun May 17 20:51:12 +0800 2020,北京,辛苦了[给你小心心]
唐纳德律所徐天,Sun May 17 20:50:54 +0800 2020,其他,“心归处，是敦煌”致敬樊奶奶
魏羽讫,Sun May 17 20:50:50 +0800 2020,北京,你们才是最傲娇。国家和人民永远不会忘记你们。致敬勇士[作揖][作揖][作揖]
一饮江月,Sun May 17 20:49:26 +0800 2020,江西,英雄
乐活学院导师诸葛天义,Sun May 17 20:48:57 +0800 2020,江苏,四季秋冬春夏，八字年月日时
白云后面的蓝天sky,Sun May 17 20:48:32 +0800 2020,广东,致敬[心]
沁沁晓菁,Sun May 17 20:48:09 +0800 2020,北京,有点儿想哭[允悲]
LadyWang70,Sun May 17 20:47:17 +0800 2020,北京,他们也还是孩子啊！已去了的英雄，在天堂安好！仍然奋斗着的孩子们，保护好自己！我们，记得做好公民，不惹祸端！
三打退堂鼓,Sun May 17 20:47:10 +0800 2020,其他,报道牺牲不是夸耀 而是不让他们的奉献默默无名
Pinky娃娃,Sun May 17 20:47:01 +0800 2020,其他,防火，防火！从我们每一个人做起，不要让英雄们再牺牲了！！
三青一生,Sun May 17 20:46:43 +0800 2020,其他,致敬[蜡烛]
Huancesy,Sun May 17 20:46:35 +0800 2020,广东,致敬！[泪][心]
落日飞车m,Sun May 17 20:46:32 +0800 2020,其他,感动！！！张富清看一次感动一次！
白露为孀0041,Sun May 17 20:46:21 +0800 2020,新疆,致敬
lhx的光芒海,Sun May 17 20:46:09 +0800 2020,四川,一年多了，素未谋面的人啊，想念的话说了很多遍。生活还在继续，山河虽不再见你的身影，然，处处山河皆是你。[心]
知趣段子手,Sun May 17 20:46:06 +0800 2020,其他,“愿以寸心寄华夏，且将岁月赠山河。”  致敬[心]
Cathy_假假,Sun May 17 20:44:51 +0800 2020,上海,再呼吁一次，请彻查火灾起因，严防才是对消防员最好的保护
快乐至上202001,Sun May 17 20:44:44 +0800 2020,河北,致敬英雄！致敬最最可爱的人！
同桌说我是醋坛子,Sun May 17 20:44:43 +0800 2020,黑龙江,我不希望有人死去还夸耀的
糖瓷地主,Sun May 17 20:44:39 +0800 2020,北京,🙏🙏🙏
沙雕小源儿,Sun May 17 20:44:37 +0800 2020,北京,[good]
我爱惠怼怼,Sun May 17 20:44:33 +0800 2020,山西,哭到泪崩[泪][泪]
-TARAN-,Sun May 17 20:44:28 +0800 2020,辽宁,哭死了
流水落花春去ye天上人间,Sun May 17 20:44:24 +0800 2020,广东,我电脑音量调到50还是不大声...
扶摇直上139,Sun May 17 20:44:14 +0800 2020,广东,为什么牺牲的人员里没有官二代？
风华烟舞,Sun May 17 20:44:11 +0800 2020,江苏,英雄们走好[蜡烛][蜡烛][蜡烛]
云外一雁轻,Sun May 17 20:44:02 +0800 2020,其他,青山埋忠骨，丹心照碧空。[作揖]
戒奶茶是不可能了,Sun May 17 20:43:47 +0800 2020,福建,只愿不再有牺牲🙏🙏🙏
嘟嘟嘟晨曦,Sun May 17 20:43:44 +0800 2020,山东,泪目[泪]希望他们身边的人都能继续好好生活，感觉还是要及时的做一下心理疏导，致敬
甜焗B612小行星,Sun May 17 20:43:38 +0800 2020,其他,致敬英雄
噶啵脆阿,Sun May 17 20:43:32 +0800 2020,四川,致敬[心]
双子座的淘小包,Sun May 17 20:43:31 +0800 2020,广东,泪目[泪][泪][泪]致敬
窗子以外love,Sun May 17 20:43:16 +0800 2020,河南,致敬！[心][心]
咸鱼派掌门,Sun May 17 20:42:55 +0800 2020,上海,任何言语在这种情形下都是苍白的 愿君安[心][心]
心跳失联,Sun May 17 20:42:19 +0800 2020,其他,致敬！
密码9231023,Sun May 17 20:42:20 +0800 2020,江苏,这才是高危职业！
农糖小星,Sun May 17 20:42:17 +0800 2020,北京,致敬[心][心]
川澄太郎,Sun May 17 20:41:53 +0800 2020,山东,缅怀...希望他们的家人一切安好...现在附近发生了火灾，窗外若隐若现的火警鸣声，让我的心不能安稳下来。希望今天去救火的消防员们都能平安归来。祈祷以后大家都能平安归来
舍我其谁741,Sun May 17 20:41:47 +0800 2020,四川,消防辛苦哦
每日甜份,Sun May 17 20:41:42 +0800 2020,四川,“愿以寸心寄华夏，且将岁月赠山河。”  致敬[心]
演员不加糖,Sun May 17 20:41:39 +0800 2020,上海,保护好自己啊
穗子呀你好美,Sun May 17 20:41:32 +0800 2020,河北,致敬！！
老失眠,Sun May 17 20:41:21 +0800 2020,黑龙江,致敬英雄
