评论者,评论时间,评论地点,评论内容
金人不见古时月,Sat May 30 18:10:30 +0800 2020,河北,感动，心疼，敬佩，年龄大了，真的要鼓足勇气才能边哭边看感动中国[心]
任意依恋915,Tue May 26 08:52:24 +0800 2020,内蒙古,致敬
Peppa范范范,Tue May 26 08:14:28 +0800 2020,其他,加油(ง •̀_•́)ง
杨好cici,Sat May 23 02:45:27 +0800 2020,江苏,#感动中国# 中国的脊梁[中国赞] 舍半生，给茫茫大漠 从未名湖到莫高窟 守住前辈的火，开辟明天的路 半个世纪的风沙，不是谁都经得起吹打 一腔爱、一洞画，一场文化苦旅 从青春到白发 心归处，是敦煌
Azooo_,Fri May 22 20:23:59 +0800 2020,陕西,老师！您好！
-安排顿火锅,Fri May 22 00:58:41 +0800 2020,广东,致敬[心]再多的感谢也不足以表达对为国家文物付出的你们的感谢[心]
-安排顿火锅,Fri May 22 00:57:59 +0800 2020,广东,加油！
菜的抠脚hhh,Fri May 22 00:57:01 +0800 2020,其他,致敬
大卷胡蜀黍Bonjour,Fri May 22 00:55:32 +0800 2020,福建,时代楷模
W_W白琑,Fri May 22 00:53:40 +0800 2020,广东,加油
Florence默,Fri May 22 00:50:32 +0800 2020,其他,转发微博
我开开开开开玩笑呢,Thu May 21 11:50:22 +0800 2020,其他,榜样[鲜花][鲜花][鲜花]
kelly张雯,Wed May 20 18:12:49 +0800 2020,山东,谢谢您为敦煌的付出
墨染sun,Wed May 20 15:36:49 +0800 2020,湖南,致敬[心]
xxxidragon97,Wed May 20 15:10:05 +0800 2020,其他,致敬[心]
欢脱的风少,Wed May 20 14:26:40 +0800 2020,甘肃,致敬[给你小心心]
张利萍v5,Wed May 20 11:08:56 +0800 2020,江苏,慢慢慢慢就爱上了这里啊！
汀茹凉,Wed May 20 10:03:55 +0800 2020,广东,转发微博
文竹彬彬,Tue May 19 14:51:38 +0800 2020,湖北,加油
那不白给了,Tue May 19 13:21:23 +0800 2020,湖北,致敬
茉莉香扬Z,Tue May 19 12:26:34 +0800 2020,四川,每个一坚持、努力、为信仰和梦想奉献的人都值得敬仰！致敬！
不变的现女友ing,Tue May 19 12:20:07 +0800 2020,天津,致敬！
我要睡觉了09,Tue May 19 11:46:51 +0800 2020,北京,用心描摹美，致敬！
一只小虫子yayi,Tue May 19 10:28:03 +0800 2020,湖北,加油！
请叫我仙子_,Tue May 19 09:35:29 +0800 2020,其他,致敬
我是甲方我不慌,Tue May 19 09:05:37 +0800 2020,广东,致敬[心]
HE小弈cat,Tue May 19 08:01:58 +0800 2020,西藏,[心]
我哦哟,Tue May 19 07:37:38 +0800 2020,其他,我很荣幸听过她的演讲，先生很耿直[允悲]，一位同学提问，先生就直接说这题之前不是问过了嘛[笑cry]笑死个人
呼呼猫咪的小透明,Tue May 19 00:10:02 +0800 2020,浙江,致敬
鹰击长空一号ZHR,Mon May 18 23:50:06 +0800 2020,江苏,第一次知道樊锦诗是在董卿的《朗读者》，当时被她和她丈夫彭金章“相识未名湖，相爱珞珈山，相守莫高窟”的神仙爱情所感动，同时更对这个江南水乡的姑娘跑到荒凉的西北戈壁，守护莫高窟五十多年产生了满满的不解和好奇。后来看了她自述的《我心归处是敦煌》，从书中找到了答案，更是感动和敬佩。
Crystal1108盒子,Mon May 18 23:29:32 +0800 2020,黑龙江,因为樊奶奶学了考古，想成为像奶奶一样的考古人，加油
2020与北京与张云雷_,Mon May 18 23:24:25 +0800 2020,安徽,我就要去追逐我的梦想了，中国古汉字，希望可以和您成为校友[good]
Crystal1108盒子,Mon May 18 23:19:20 +0800 2020,黑龙江,因为樊奶奶所以学了考古，一只想做她这样的考古人
过往不念1999,Mon May 18 23:15:39 +0800 2020,甘肃,满满的感动，信仰，坚持。
KiKi乐天派,Mon May 18 22:29:08 +0800 2020,黑龙江,保护文物就是保护历史，伟大！向樊老致敬！！[心][心][心]
布朗熊a可妮兔,Mon May 18 21:47:12 +0800 2020,黑龙江,致敬
布朗熊a可妮兔,Mon May 18 21:46:43 +0800 2020,黑龙江,加油
-苏子拾雨-,Mon May 18 21:25:40 +0800 2020,其他,致敬樊先生[心]
DAlz兆,Mon May 18 20:05:18 +0800 2020,其他,#大冶周边事#                     湖北省大冶市殷祖镇新屋村戴园湾，恶霸村民戴，违章建房，毁坏乡村道路，强占老头耕地建围院，2018年初六去老头家大骂，对老头动手脚，派出所来后未果，强占他人土地和集体土地修水泥路，本湾制止，来近二十来人，领导到现场，制止未果。求爆光。 ​​​
霓美妮,Mon May 18 19:08:41 +0800 2020,其他,致敬！
草莓小猪yoyo,Mon May 18 18:55:31 +0800 2020,陕西,[good][good][good]
_Li紫VII_,Mon May 18 17:42:27 +0800 2020,甘肃,[心]
聚铭源医考,Mon May 18 17:21:08 +0800 2020,甘肃,#2020感动中国致敬新中国所有奋斗者#身居沙漠的守护者，成为一代又一代人敬佩的真正的“敦煌女儿”[中国赞][中国赞]
Dejavuwithu,Mon May 18 15:53:21 +0800 2020,其他,[心]
THUSSAT官方,Mon May 18 15:41:09 +0800 2020,北京,前两天还在看《我心归处是敦煌——樊锦诗自述》，非常感人的一本书
废都过客,Mon May 18 14:45:35 +0800 2020,四川,大爱樊先生[心][心][心][心][心][心][心][心][心]
fine620,Mon May 18 14:40:13 +0800 2020,江苏,致敬，这种选择和坚守真的不容易做到
屿李,Mon May 18 14:31:13 +0800 2020,重庆,我好喜欢樊奶奶[心]
美丽南开梦,Mon May 18 14:19:19 +0800 2020,天津,致敬[鲜花][鲜花][鲜花]
Brainysmurf,Mon May 18 14:14:39 +0800 2020,其他,[good][good]
一路远行zim,Mon May 18 14:03:12 +0800 2020,江苏,敦煌，背后是中国文化，推荐纪录片《河西走廊》
一路远行zim,Mon May 18 14:00:49 +0800 2020,江苏,樊锦诗，敦煌的女儿，敦煌学是显学，可惜敦煌在中国，敦煌学在世界。中国加油
啊啊啊啊啊金俊奎,Mon May 18 13:27:49 +0800 2020,其他,致敬[心]
一千季,Mon May 18 13:04:44 +0800 2020,四川,我不想说您获得了什么样的荣誉，作为敦煌人能表达的，唯有感谢！
58云中的angel,Mon May 18 12:49:05 +0800 2020,四川,致敬
一枚好吃的桃酥,Mon May 18 12:41:38 +0800 2020,宁夏,加油～老一辈人，多好！！！
坚志不屈,Mon May 18 12:32:42 +0800 2020,其他,感谢守护，致敬[鲜花]
你是我的第一喜欢,Mon May 18 12:29:11 +0800 2020,其他,敦煌的女儿
易_先生_,Mon May 18 12:24:26 +0800 2020,其他,班会课就上这个课[憧憬]
missdmdm,Mon May 18 11:39:01 +0800 2020,江苏,院长朴素真诚，一口上海口信普通话亲切得很。
弋戈弋吖,Mon May 18 11:37:07 +0800 2020,贵州,加油
兰考县教体局,Mon May 18 11:34:11 +0800 2020,河南,转发微博
Rosew,Mon May 18 11:31:40 +0800 2020,四川,[鲜花]
joan要努力奮鬥,Mon May 18 11:18:03 +0800 2020,其他,加油
田月舟国风舞蹈,Mon May 18 10:39:43 +0800 2020,北京,所有的綻放，都是經年累月積蓄後的盛開 [鮮花][鮮花][鮮花]
xmxry,Mon May 18 10:24:25 +0800 2020,其他,赞
孤独且灿烂,Mon May 18 10:19:45 +0800 2020,甘肃,辛苦了，感谢您[心]
青春隆安,Mon May 18 10:00:16 +0800 2020,广西,舍半生，给茫茫大漠。从未名湖到莫高窟，守住前辈的火，开辟明天的路。半个世纪的风沙，不是谁都经得起吹打。一腔爱，一洞画，一场文化苦旅，从青春到白发。心归处，是敦煌。
小豆豆丫呀,Mon May 18 09:57:11 +0800 2020,甘肃,我心归处是敦煌[心]
赵Meng小姐姐,Mon May 18 09:55:13 +0800 2020,陕西,致敬
今天不想熬夜明天呢,Mon May 18 09:52:19 +0800 2020,上海,致敬！
敦煌旅游官方,Mon May 18 09:52:03 +0800 2020,甘肃,#感动中国#樊锦诗当选感动中国2019年度人物， 一人一生一事，我心归处是敦煌，向樊锦诗先生致敬[心][心][心]
林允儿的鹿角星骑士,Mon May 18 09:48:00 +0800 2020,其他,致敬，辛苦了
云云-Chris,Mon May 18 09:44:08 +0800 2020,上海,致敬～
沐思广,Mon May 18 09:36:30 +0800 2020,广西,致敬
番茄好吃吗XQ酱,Mon May 18 09:32:12 +0800 2020,四川,心归处是敦煌[心]
柶葉苜蓿·亦芙,Mon May 18 09:25:53 +0800 2020,湖北,致敬！[给你小心心][给你小心心][给你小心心]
白墨wb,Mon May 18 09:15:52 +0800 2020,湖北,夜空中最亮的星
喜悦HUI,Mon May 18 09:12:18 +0800 2020,上海,我觉得我的心一直都在敦煌，守护好敦煌就是我的命。[可爱]
影远帆孤自凉,Mon May 18 08:50:27 +0800 2020,广西,那个条件，去了一次真是怕，能坚持下来真心不容易
Centaury-E,Mon May 18 08:47:15 +0800 2020,浙江,@弈娘2019
烨灵煜-JK一如继往,Mon May 18 08:43:22 +0800 2020,其他,致敬
想起的昵称都已占用,Mon May 18 08:39:01 +0800 2020,广东,您辛苦了！
傻大个子呦,Mon May 18 08:37:17 +0800 2020,江苏,侠之大者
莎仔你今天吃青菜了吗,Mon May 18 08:35:47 +0800 2020,广东,感谢守护[加油]
被XX时代,Mon May 18 08:35:38 +0800 2020,甘肃,“守正笃实，久久为功。//@兰州大学: 致敬[心]
-甜酒小面包-,Mon May 18 08:34:53 +0800 2020,广东,致敬！
喵喵笪,Mon May 18 08:34:50 +0800 2020,河北,致敬[给你小心心]
小晨永远向阳,Mon May 18 08:27:08 +0800 2020,上海,[心]
深圳李玉芝,Mon May 18 08:22:04 +0800 2020,广东,[赞][赞][赞]
景萧萧清风折柳,Mon May 18 08:18:16 +0800 2020,其他,健康长寿[心]
力源power,Mon May 18 08:15:35 +0800 2020,广东,致敬，每一个称谓都不是白白得来的！！！！//@王人平: 🙏//@caozenghui:致敬。真不容易🙏🙏🙏
小微微vivi十一,Mon May 18 08:15:24 +0800 2020,北京,致敬
赵坚胜March,Mon May 18 08:14:28 +0800 2020,浙江,因为热爱，所以坚持。致敬樊锦诗！
赵坚胜March,Mon May 18 08:14:07 +0800 2020,浙江,因为热爱，所以坚持。致敬木樊锦诗！
若为此故,Mon May 18 08:11:10 +0800 2020,江苏,"高中时通过《朗读者》认识了樊先生，一生为了敦煌，""敦煌的女儿""，致敬[赞]"
阿修罗他爹爹,Mon May 18 08:09:28 +0800 2020,其他,感谢有这些人默默付出 让这些珍宝永流传
Lily__96,Mon May 18 08:06:51 +0800 2020,湖北,莫高窟真的很震撼啊！敦煌是我作为游客去过的最喜欢的地方，以后一定要再去一次[心]
Answer-JokerChen,Mon May 18 08:00:32 +0800 2020,甘肃,肅然起敬
不努力就没有面包吃,Mon May 18 07:51:40 +0800 2020,其他,高中期间好像看过纪录片关于她 真的很佩服[心]
我叫闲云,Mon May 18 07:51:08 +0800 2020,江西,致敬
穆如清风仲山甫永怀,Mon May 18 07:50:40 +0800 2020,湖北,能把一生奉献给一项事业，是多么浪漫的一件事啊！致敬最可爱的人。[给你小心心]
萨姆君,Mon May 18 07:30:45 +0800 2020,其他,奉献一生真的是很难的事情。
wly719719,Mon May 18 07:28:33 +0800 2020,浙江,加油💪
梦肖飞扬,Mon May 18 07:24:03 +0800 2020,陕西,致敬！
沈阳李戬,Mon May 18 07:15:22 +0800 2020,辽宁,致敬
kevinzhang0619,Mon May 18 07:10:07 +0800 2020,其他,致敬老人家，美丽的名字，美丽的人生和品德，您辛苦了，谢谢您，祝您健康
YulamBao,Mon May 18 07:07:53 +0800 2020,四川,[赞][赞][赞]
棉花布,Mon May 18 07:05:19 +0800 2020,辽宁,因为《朗读者》我初次认识了这位老人，于是便有了正在阅读的《樊锦诗自传》，深深佩服樊老一生对敦煌的守候，那方土地今生一定要去一次。
TTT培训师苏平,Mon May 18 07:02:30 +0800 2020,江苏,用一生来守护敦煌，这样的付出和定力让人钦佩！了不起的国之栋梁[赞][赞][赞]
平常心yk,Mon May 18 06:59:05 +0800 2020,辽宁,致敬！
言冰day,Mon May 18 06:56:00 +0800 2020,其他,致敬
开心麻辣烫916,Mon May 18 06:45:57 +0800 2020,其他,致敬
叫个什么_好呢_,Mon May 18 06:36:48 +0800 2020,其他,致敬 辛苦了[鲜花]
1015玖玖,Mon May 18 06:34:30 +0800 2020,重庆,[心]
喜悦HUI,Mon May 18 06:32:37 +0800 2020,上海,致敬，找到自己一生热爱的事情，坚持一辈子。
赵-小刀,Mon May 18 06:25:18 +0800 2020,甘肃,致敬[心]
岁月静好与子偕老,Mon May 18 06:18:12 +0800 2020,北京,致敬！对一份事业毕生的热爱与追求。
zxj69,Mon May 18 06:14:48 +0800 2020,广东,致敬
--雨纷纷,Mon May 18 06:08:28 +0800 2020,湖北,[心][心][心][心][心][鲜花]
来自花族的小小仙,Mon May 18 06:02:10 +0800 2020,北京,文化苦旅
来自花族的小小仙,Mon May 18 05:57:22 +0800 2020,北京,华夏儿女，说的就是她这样的。如果我有机会，也会这样做，人生的意义到底是什么？
秋爽儿2013,Mon May 18 05:54:39 +0800 2020,其他,致敬👏👏👏❤️❤️❤️
风一样HL,Mon May 18 05:39:55 +0800 2020,湖北,美，从内至外，从年轻至年迈！
独具一格的行人,Mon May 18 04:51:45 +0800 2020,江西,平凡而伟大
余方晓,Mon May 18 04:46:03 +0800 2020,安徽,[作揖]
小略的小号,Mon May 18 03:29:01 +0800 2020,其他,国家这些事情也应该多招港澳台的年轻人来参与，潜移默化帮助同胞们培养家国意识。
悸_Skingen,Mon May 18 03:19:59 +0800 2020,广东,致敬樊老！
存点快乐钢镚,Mon May 18 02:55:15 +0800 2020,广东,致敬！
道_HC,Mon May 18 02:51:11 +0800 2020,其他,致敬
阿zhu很胖胖,Mon May 18 02:48:28 +0800 2020,其他,五十六年啊，致敬[心]
歸來不見梔楠,Mon May 18 02:27:31 +0800 2020,其他,加油💪💪💪同道中人，我也想选这个方向
猫山而,Mon May 18 02:11:49 +0800 2020,广东,[心][心][心][心]
小薄同学呀_,Mon May 18 01:45:17 +0800 2020,湖北,加油！
怀念那年夏天美好的回忆,Mon May 18 01:31:42 +0800 2020,其他,敦煌的女儿
洵旬寻,Mon May 18 01:21:31 +0800 2020,广东,希望能去目睹一番
花兒冬眠,Mon May 18 01:21:07 +0800 2020,北京,从未名湖到莫高窟 从少年到白头 樊先生让我们看到坚守的力量和意义 致敬敦煌女儿樊锦诗
翻滚的咸鱼蛋,Mon May 18 01:12:47 +0800 2020,四川,致敬[心][心]
张吴家小爷专注蛇精病三十年,Mon May 18 01:11:33 +0800 2020,其他,谢谢您
主持人胡芳芳,Mon May 18 01:00:52 +0800 2020,北京,#感动中国#【转起致敬！#她用满头白发换来敦煌容颜永驻#[心]】樊锦诗，敦煌研究院名誉院长，大半辈子的光阴奉献给了敦煌石窟。她扎根大漠，完成了敦煌莫高窟的分期断代、构建“数字敦煌”等重要文物研究和保护工程#职业体验师# #lucy hu的问答# #Lucy hu# 
送鸡蛋,Mon May 18 00:59:46 +0800 2020,北京,我好想去看看[泪]
幽歌菇凉之小敏敏Amy,Mon May 18 00:59:25 +0800 2020,黑龙江,加油
兜兜Li的糖,Mon May 18 00:41:27 +0800 2020,河南,致敬
大大哒_biubiu,Mon May 18 00:38:18 +0800 2020,江苏,致敬樊奶奶❤️教科书里的人物
御魂灵士,Mon May 18 00:36:31 +0800 2020,江西,致敬！
不中一次奖不收手,Mon May 18 00:35:00 +0800 2020,浙江,转发微博
三土成金,Mon May 18 00:29:27 +0800 2020,贵州,今年开学时候樊先生给我们做演讲，大家起立鼓掌好几分钟，知道主持人说话才停。樊先生的开场白是“学弟学妹们，大家好”。整个场馆内瞬间又激动了 现在想来还是很感动
正版话梅,Mon May 18 00:28:11 +0800 2020,甘肃,[心]
大老公鸡,Mon May 18 00:24:12 +0800 2020,河南,人都有一生，谁不想成就一番丰功伟业？可最终谁做到了？又有多少人在无限梦想中踏步不前结束了一生？往前走，才能有成就。不要嫌路远，不要嫌开头难@充满激情的丫丫 
醉红山人,Mon May 18 00:21:31 +0800 2020,其他,加油加油！希望以后我们能在敦煌见（目前高二）！
云裳solo,Mon May 18 00:19:34 +0800 2020,甘肃,感谢您  向您致敬[心]
Cluadia--,Mon May 18 00:18:58 +0800 2020,广西,[心][心][心]向您致敬
甜星星旭吖,Mon May 18 00:17:34 +0800 2020,陕西,致敬[心]
风云淡去云起时,Mon May 18 00:17:29 +0800 2020,重庆,加油
hshhsh123,Mon May 18 00:16:48 +0800 2020,香港,致敬[鲜花][鲜花]
风云淡去云起时,Mon May 18 00:15:57 +0800 2020,重庆,致敬[心]
锦李附体ing,Mon May 18 00:14:22 +0800 2020,广东,感动！敦煌真的很值得，莫高窟真的很震撼。半个世纪的风沙，不是谁都经得起吹打。吾辈模楷[good]
lzm6081030054,Mon May 18 00:13:22 +0800 2020,甘肃,一切都是那么地熟悉、亲切。谢了！
茉zeki,Mon May 18 00:10:56 +0800 2020,其他,敦煌的女儿啊
阳光伴着雪,Mon May 18 00:10:29 +0800 2020,甘肃,致敬
妖妖是瑶瑶,Mon May 18 00:08:17 +0800 2020,山东,致敬
一瞬间烦恼全忘掉_,Mon May 18 00:07:29 +0800 2020,四川,[心][心]
莫莫莫的秋天,Mon May 18 00:04:58 +0800 2020,重庆,有信仰的人啊，羡慕又敬佩！很多人都无法从工作中获得成就感，更别谈信仰了
爱婕婕沙棘草,Mon May 18 00:04:44 +0800 2020,湖南,心归处，是敦煌！
赫斯特SHEK,Mon May 18 00:02:05 +0800 2020,上海,加油！！
Vvalyn,Mon May 18 00:01:57 +0800 2020,山东,加油
瑞瑞的的微博,Mon May 18 00:01:47 +0800 2020,天津,致敬
爱婕婕沙棘草,Mon May 18 00:01:33 +0800 2020,湖南,心归处，足敦煌！
夜非白11,Mon May 18 00:00:02 +0800 2020,广西,[心][心]守护
翎歌璐璐SUJU,Sun May 17 23:59:58 +0800 2020,陕西,以温柔赤忱，守大漠明珠[心]
Lonenwong,Sun May 17 23:59:16 +0800 2020,其他,伟大的女性
UNIKEY-茯苓小木鱼,Sun May 17 23:59:01 +0800 2020,贵州,#感动中国#  用自己如花的岁月换来宝贵文化遗产的容颜永驻，半个世纪的风沙，不是谁都经得起吹打，这是力量的接力，更是生命的传承，致敬这些默默奉献着的伟大的可爱的人！[中国赞]
赢潇誉yxy,Sun May 17 23:59:01 +0800 2020,内蒙古,大漠苦旅。
起个名hen难啊,Sun May 17 23:57:48 +0800 2020,其他,那年樊院士上过朗读者，恰好那年我选修了“丝绸之路两千年“的选修课，老师是兰州大学敦煌研究所毕业的博士。受益匪浅。只是后来我由于本科专业的原因，还是没能继续了解下去。真的好喜欢魏晋南北朝啊……
总要怀念再拒绝,Sun May 17 23:57:37 +0800 2020,浙江,疫情期间偶尔在电视上看到了关于敦煌的纪录片，被这种精神感动到了。老一辈人不容易，后人得好好守护
黎黎哈哈哈155,Sun May 17 23:57:05 +0800 2020,其他,2018年夏天有幸能到敦煌旅行，从进入数字中心观看莫高窟的历史短片对参观前进行一个深入的了解，到导游解说字里行间对敦煌的深深的爱意，整个莫高窟的参观流程无时无刻都在感受莫高窟的魅力与神秘，那时感觉莫高窟景区是去过景点最有意义的一个了。
呀呀198211,Sun May 17 23:57:03 +0800 2020,安徽,致敬，辛苦了[心][鲜花][鲜花][鲜花]
荣光照亮最初的梦想,Sun May 17 23:57:00 +0800 2020,其他,致敬！
_初心始终,Sun May 17 23:56:56 +0800 2020,甘肃,致敬！
心若晴万物皆明,Sun May 17 23:56:55 +0800 2020,上海,祝你心想事成[加油]
乔伊LL,Sun May 17 23:56:18 +0800 2020,其他,致敬英雄们[心][心]
云小二PXY,Sun May 17 23:56:10 +0800 2020,湖南,[心][心][心]
似山藏雪,Sun May 17 23:55:31 +0800 2020,河北,[心][心][心][心]
胭脂蚁,Sun May 17 23:55:27 +0800 2020,其他,[心]
重口味的矮人看戏,Sun May 17 23:55:19 +0800 2020,广东,这些才叫偶像
东方既白___,Sun May 17 23:55:19 +0800 2020,吉林,致敬[心]
小邋遢mumu,Sun May 17 23:54:31 +0800 2020,其他,致敬前辈[太阳]
摸摸熊猫耳朵,Sun May 17 23:50:56 +0800 2020,湖南,致敬文物保护者，谢谢这么多年的坚持和付出[给你小心心]
今天阳光明媚LL,Sun May 17 23:50:12 +0800 2020,陕西,有理智 有情怀 有坚守 有远大视野
素芳少年,Sun May 17 23:49:24 +0800 2020,甘肃,研究院欢迎你
梦终归会回来,Sun May 17 23:45:56 +0800 2020,其他,致敬
勤奋的xiaosong,Sun May 17 23:43:00 +0800 2020,山东,转发微博
5小武同学,Sun May 17 23:42:04 +0800 2020,安徽,奶奶看着就给人很踏实的感觉
殇璃茉雅阁,Sun May 17 23:40:43 +0800 2020,江西,[中国赞][中国赞][中国赞][中国赞][中国赞][中国赞][中国赞]
kinglong8888,Sun May 17 23:39:10 +0800 2020,广东,向崇高的工作者致敬！
小飞鱼朴泰桓,Sun May 17 23:39:05 +0800 2020,上海,致敬
桃啊桃乐丝,Sun May 17 23:38:22 +0800 2020,上海,这种专家更应该得到好的待遇
用户曲入山河,Sun May 17 23:37:18 +0800 2020,广西,致敬！你辛苦了！[心][心]
想看遍这世界去最遥远的远方,Sun May 17 23:37:12 +0800 2020,安徽,没有四川机长吗
yyxx鸭,Sun May 17 23:37:07 +0800 2020,北京,致敬🙏
陈念航的暴躁小李,Sun May 17 23:36:22 +0800 2020,四川,加油加油加油加油加油加油
天地为枕,Sun May 17 23:35:09 +0800 2020,其他,向您致敬！感谢守护！
热爱肖战love,Sun May 17 23:32:59 +0800 2020,其他,致敬！感谢守护，辛苦了[心]
那就从每个清晨开始,Sun May 17 23:32:15 +0800 2020,其他,转发微博
静福尔摩,Sun May 17 23:31:40 +0800 2020,山西,听了很多很多关于樊锦诗先生的故事[心]光辉伟大的优秀文化工作者
凌晓白,Sun May 17 23:31:39 +0800 2020,北京,致敬樊先生
此为西林,Sun May 17 23:30:25 +0800 2020,山东,[心]
January18th,Sun May 17 23:29:50 +0800 2020,山东,致敬！
五星聚,Sun May 17 23:29:35 +0800 2020,广东,致敬！[心]
廿生,Sun May 17 23:25:52 +0800 2020,江西,致敬！
NicholasXing,Sun May 17 23:23:27 +0800 2020,云南,我心归处是敦煌
来自敦煌的小辣鸡,Sun May 17 23:22:48 +0800 2020,其他,真的特别特别佩服与喜爱樊锦诗先生[心]可以说为敦煌付出了大半辈子，彼此不负遇见[心]致敬
是你的初心啊,Sun May 17 23:20:39 +0800 2020,其他,致敬
熊不吝_aygfilm,Sun May 17 23:20:24 +0800 2020,其他,[心][鲜花][心]
河南省开封市禹王台区夏理逊小学,Sun May 17 23:20:01 +0800 2020,河南,[中国赞][中国赞][中国赞]
曲师学工,Sun May 17 23:18:20 +0800 2020,云南,致敬！
小兔浮元子,Sun May 17 23:17:02 +0800 2020,江苏,半个世纪的风沙，不是谁都经得起吹打[泪]
-阿次,Sun May 17 23:16:20 +0800 2020,北京,夫妻二人都值得致敬！
贺二毛,Sun May 17 23:15:41 +0800 2020,重庆,樊老师实至名归！~[good]
深舟木木,Sun May 17 23:14:42 +0800 2020,其他,愿以寸心寄华夏，且将岁月赠山河[心][心][心] 向英雄致敬 
夜月飞流星,Sun May 17 23:13:51 +0800 2020,其他,坚守本心就是功德无量
-你说江南烟胧雨-,Sun May 17 23:12:01 +0800 2020,上海,16号参观莫高窟时讲解员小姐姐还给我们介绍了这位院长写的书，说她82岁了还坚持在岗位。感谢所有莫高窟工作者的保护，才能使我们还能看到千年前的文物。
来自敦煌的小辣鸡,Sun May 17 23:11:44 +0800 2020,其他,加油加油[加油][加油][加油]
白奈花,Sun May 17 23:10:48 +0800 2020,浙江,自从读完樊锦诗的那本自传，总是一次又一次的在感动中敬仰。她从不隐藏自己无数次想要逃离的心，这种心，我们每一个文博人感同身受。也因此，她变得更真实，是一个有血有肉的老前辈，而不是高高在上的空洞的榜样。她是文博人的骄傲和方向呀！
T_X练字小号,Sun May 17 23:08:46 +0800 2020,广东,致敬
孤风过晚秋,Sun May 17 23:08:34 +0800 2020,福建,#她用满头白发换来敦煌容颜永驻#[心][心][心][心]
嫩江7号,Sun May 17 23:08:04 +0800 2020,黑龙江,致以崇高敬礼！
-by开心果,Sun May 17 23:07:54 +0800 2020,北京,好想去一次敦煌
阿追阿,Sun May 17 23:07:12 +0800 2020,贵州,致敬
我已麦迪嗯,Sun May 17 23:04:49 +0800 2020,江西,加油
独步荒芜,Sun May 17 23:03:27 +0800 2020,其他,致敬
蜘蛛侠爱佳,Sun May 17 23:03:11 +0800 2020,广东,我心归处是敦煌，樊老师，向您致敬！
huiuiSun,Sun May 17 23:02:48 +0800 2020,其他,致敬
婣厸,Sun May 17 23:02:18 +0800 2020,湖北,致敬樊院长[心]
璀璨的星空sunny,Sun May 17 23:01:34 +0800 2020,北京,心归处 是敦煌 致敬[心]
不二菇凉a,Sun May 17 23:01:12 +0800 2020,甘肃,当时本科时我们学校的公共选修课好像叫敦煌艺术学的，几乎全年级的人都在选，中签的几率特小[笑cry][笑cry][笑cry]
四文的草莓面包店,Sun May 17 23:00:52 +0800 2020,山西,醒来还是敦煌[中国赞]
JSff_,Sun May 17 22:57:07 +0800 2020,内蒙古,敦煌感谢有她，我们感谢有她[心]
暗香凤舞,Sun May 17 22:55:57 +0800 2020,浙江,敬佩[作揖]
旗旗国王ZZ,Sun May 17 22:55:22 +0800 2020,北京,去年参观了敦煌莫高窟，真的是艺术瑰宝[中国赞]
卡西小王子,Sun May 17 22:52:26 +0800 2020,广东,似锦如诗[中国赞]
雷雨1229,Sun May 17 22:52:02 +0800 2020,湖北,谢谢你，守护了中国瑰宝
西瓜肥丸子,Sun May 17 22:51:36 +0800 2020,重庆,加油
huanle凯,Sun May 17 22:50:26 +0800 2020,甘肃,感谢您，樊先生[鲜花][鲜花][鲜花][心][心][心]！
娱乐酱_,Sun May 17 22:47:26 +0800 2020,其他,不容易啊 我记得我大一的时候才认识您，感谢您的守护，辛苦了[心][心][心]
hahahahahan_xi,Sun May 17 22:47:22 +0800 2020,北京,钦佩且羡慕[心]
oaknaygnahsna,Sun May 17 22:46:45 +0800 2020,其他,文化需要守护，传承在于你我。
倩倩tqqqqq,Sun May 17 22:46:25 +0800 2020,北京,加油😊
猫咪吃鱼不怕刺,Sun May 17 22:43:09 +0800 2020,广西,守护敦煌莫高窟，为国家牺牲小家
朱富贞,Sun May 17 22:42:14 +0800 2020,云南,感谢院长用青春年华守护千年的文化[米奇比心]
猛踹-,Sun May 17 22:41:20 +0800 2020,陕西,@奋斗吧丶小疯子
元元有点圆,Sun May 17 22:41:17 +0800 2020,其他,感谢守护[心]
宋小喵80,Sun May 17 22:38:29 +0800 2020,黑龙江,2019年夏去了莫高窟，除了震撼也真的很感动，谢谢您为我们也为世界保护了历史[心]
瀑渡枫颜ON,Sun May 17 22:37:29 +0800 2020,湖北,祝福你！
张鹤he-,Sun May 17 22:36:37 +0800 2020,北京,从《朗读者》认识了她，因着对莫高窟的向往了解了她，敬佩并喜欢的一位学者[心]
张家媳妇的辫儿哥哥,Sun May 17 22:35:54 +0800 2020,湖北,致敬[心]
古诗背起来,Sun May 17 22:33:39 +0800 2020,浙江,致敬
尸姐卖豆腐,Sun May 17 22:33:07 +0800 2020,广西,年轻的时候也想学考古，但是还是退缩了，从青春年华到白发丛生，一辈子就对着那一培土了。真的好敬佩她
Emma23768,Sun May 17 22:32:59 +0800 2020,湖南,我现在的梦想就是像樊锦诗奶奶一样为历史文物奉献
猛踹-,Sun May 17 22:32:51 +0800 2020,陕西,@安木子衿
毛桃李子,Sun May 17 22:32:07 +0800 2020,其他,大漠孤烟直，长河落日圆。守得住寂寞，敦护锦然，称得上专业！
秋一麦梗Vi,Sun May 17 22:31:16 +0800 2020,江苏,一代代的敦煌守护者们[给你小心心]
昌士苏可zhxg,Sun May 17 22:30:51 +0800 2020,重庆,[心]
洵也,Sun May 17 22:30:45 +0800 2020,重庆,看感动中国年度人物，我的眼泪一点都不值钱[泪] 这些人真的都太伟大了 樊奶奶、樊奶奶的丈夫、全体敦煌研究院的成员们，一辈子扎根大漠，真的太了不起了，能一辈子坚守做一件事，真的真的太伟大了！！！
蓝了夏天e,Sun May 17 22:30:21 +0800 2020,浙江,锦诗奶奶，致敬[中国赞][中国赞]
我住在剧场了不要赶我走,Sun May 17 22:30:08 +0800 2020,宁夏,向您致敬[心]
anlex12,Sun May 17 22:29:02 +0800 2020,广东,以前语文作文的素材
四叶草07881,Sun May 17 22:28:59 +0800 2020,河北,致敬
穿过银河的星光,Sun May 17 22:28:49 +0800 2020,辽宁,致敬！从青春到白发的守护和奉献！
左右的幸福34560,Sun May 17 22:28:38 +0800 2020,其他,致敬
风音者治愈系,Sun May 17 22:27:22 +0800 2020,广东,用一生的精力去做有价值的事情，是在乎填满内心的人！
一颗柔软的榴莲,Sun May 17 22:26:40 +0800 2020,其他,@770机动部队
YanDavidx,Sun May 17 22:26:37 +0800 2020,甘肃,致敬
谢小桂子,Sun May 17 22:26:02 +0800 2020,江西,致敬[心][心][心]
起床气超重度患者,Sun May 17 22:25:47 +0800 2020,北京,加油！
多米诺的辣椒,Sun May 17 22:24:32 +0800 2020,四川,fighting
漠北江小南,Sun May 17 22:23:54 +0800 2020,其他,去年买了樊先生的我心归处是敦煌
MaiTag_Effi,Sun May 17 22:22:44 +0800 2020,其他,加油！
再绝望也要微笑,Sun May 17 22:22:20 +0800 2020,其他,穷一生追逐自己热爱的事业，坚守这份初心。不被名利所惑，不为环境困苦所愁。生活简单质朴却无比充实。是我一直想要过的人生。
ZTP529,Sun May 17 22:22:18 +0800 2020,河南,你一定可以的！加油[good]
雾岛笙南,Sun May 17 22:22:00 +0800 2020,其他,作为甘肃人没去过敦煌真是不应该，黄金周安排上！
闪电Rabbit,Sun May 17 22:21:53 +0800 2020,黑龙江,这个之前在电视看过，确实[鲜花][鲜花][鲜花][米奇比心][米奇比心][米奇比心]像老一辈人致敬
大神字子旭,Sun May 17 22:21:46 +0800 2020,辽宁,现实版文化苦旅，有了广大考古工作者才有今天我们对历史的认知
大灰农叭,Sun May 17 22:20:53 +0800 2020,福建,致敬[心]
洵也,Sun May 17 22:19:37 +0800 2020,重庆,加油！
肖战粉Leeky,Sun May 17 22:19:18 +0800 2020,其他,致敬！
郭巍哒哒哒哒哒,Sun May 17 22:19:09 +0800 2020,四川,还记得读初中的时候，班主任会在班会上播放感动中国，至今还记忆犹新。//@江浸月PHY:唯一的偶像，希望以后能考上敦煌文学方向的研究生
早安溶液,Sun May 17 22:18:59 +0800 2020,上海,致敬！好喜欢她年轻时候的样子，有种韵味。当然为敦煌奋斗一生后满头银发更美[心]
楠楠楠不南,Sun May 17 22:18:38 +0800 2020,北京,我心归处是敦煌
ycy的麦冬,Sun May 17 22:18:04 +0800 2020,广东,致敬人民的英雄
我只喜欢你karry,Sun May 17 22:17:51 +0800 2020,云南,#感动中国#  几年前在意林上看到过一篇文章，讲的就是樊锦诗院长和彭金章老师的爱情故事，看完后真的非常感动，他们两个都是伟大的人！致敬[心]
玉米炸串烤红薯,Sun May 17 22:17:42 +0800 2020,陕西,轉發微博
Tulip_小睿,Sun May 17 22:17:42 +0800 2020,广东,致敬，辛苦了[心]
彤尧花宇,Sun May 17 22:17:00 +0800 2020,其他,致敬[心]
你家狗窝尿在我脚上了,Sun May 17 22:16:08 +0800 2020,贵州,真•大家
霍小喵karry,Sun May 17 22:14:57 +0800 2020,山西,致敬
超爱崔甜甜和董瓜即哒小羊,Sun May 17 22:14:33 +0800 2020,云南,好感动啊❤️
随心所欲00280509,Sun May 17 22:14:23 +0800 2020,重庆,致敬[心]
微笑花CARAT,Sun May 17 22:12:11 +0800 2020,广西,加油＾０＾~
月移花影入书帘,Sun May 17 22:11:21 +0800 2020,其他,[心]
文婧小蚊子,Sun May 17 22:09:39 +0800 2020,广东,致敬
守恒定律CL,Sun May 17 22:09:27 +0800 2020,其他,[心]
FLYQQXING,Sun May 17 22:08:38 +0800 2020,江西,致敬！！[心]
于淇儿,Sun May 17 22:08:16 +0800 2020,山东,加油！！！
陶大青年,Sun May 17 22:07:54 +0800 2020,江西,感谢守护[心]
洲洲20010721,Sun May 17 22:07:53 +0800 2020,辽宁,敬佩！👍👍👍
回忆碎成太多片要我怎么捡,Sun May 17 22:06:56 +0800 2020,其他,加油！我超想去敦煌看看的！
刘洋向前,Sun May 17 22:06:24 +0800 2020,黑龙江,致敬[心]感动
兔小瞌小同小葫芦小包米汤,Sun May 17 22:06:04 +0800 2020,上海,[爱你][爱你][爱你]
一个圆球滑过去了,Sun May 17 22:05:36 +0800 2020,其他,加油
打眼,Sun May 17 22:05:31 +0800 2020,其他,莫高窟确实搞的非常好，有机会我还会再去
肖八蛋_DAYTOY,Sun May 17 22:05:06 +0800 2020,其他,牛逼！！[泪][泪][泪]感恩！！
拥抱勤奋,Sun May 17 22:04:34 +0800 2020,广西,[心][good]
吴吴大小姐6677,Sun May 17 22:02:15 +0800 2020,其他,扎扎实实付出的人，致敬
wuwuwu03,Sun May 17 22:01:55 +0800 2020,浙江,你一定会成功的
小张没有好ID,Sun May 17 22:01:29 +0800 2020,宁夏,@热柠檬汽水 [泪]
天秤座飞燕沐尘,Sun May 17 22:01:11 +0800 2020,河南,致敬！！
蓝格船帆,Sun May 17 21:58:13 +0800 2020,其他,致敬[心]感谢您的守护
有点甜的山泉zwr,Sun May 17 21:57:27 +0800 2020,吉林,因为热爱，坚持了半生的事业。因为信仰，坚守了半辈子。正因为有您这样的无数个坚守者，敦煌才能更好的发展，可以让更多的人看到敦煌，向您致敬！[心]
FANCY_南行归,Sun May 17 21:57:10 +0800 2020,其他,致敬！
清夏墨染,Sun May 17 21:56:35 +0800 2020,其他,每年的颁奖词写得真好
miracle_chow,Sun May 17 21:56:11 +0800 2020,浙江,致敬樊先生。[心][心][心]
S要越来越好啦啦啦,Sun May 17 21:55:18 +0800 2020,其他,🙏🙏🙏
墨染轻衫2006,Sun May 17 21:55:00 +0800 2020,其他,致敬
是谭晶晶啊,Sun May 17 21:53:30 +0800 2020,吉林,[心][心][心]
秋梧_ahaha,Sun May 17 21:53:16 +0800 2020,北京,[作揖][作揖]
息风台,Sun May 17 21:52:14 +0800 2020,湖北,我心归处是敦煌[心]
YJ-sophia,Sun May 17 21:51:50 +0800 2020,湖南,加油加油💪
王澶烟lungta,Sun May 17 21:51:40 +0800 2020,甘肃,我是兰大敦煌学毕业的研究生，加油
___7my,Sun May 17 21:51:30 +0800 2020,甘肃,敦煌的一首诗——樊锦诗[心][good]
沐浴心灵的阳光,Sun May 17 21:51:24 +0800 2020,湖南,[心]
平常心渡平常日,Sun May 17 21:51:06 +0800 2020,广东,致敬
当归予归,Sun May 17 21:50:19 +0800 2020,重庆,一生都献给了莫高窟，不容易啊
v有意无忆v,Sun May 17 21:49:50 +0800 2020,浙江,真正的英雄！感动
生态衡水,Sun May 17 21:49:40 +0800 2020,河北,#感动中国#【转起致敬！#她用满头白发换来敦煌容颜永驻#[心]】樊锦诗，敦煌研究院名誉院长，大半辈子的光阴奉献给了敦煌石窟。她扎根大漠，完成了敦煌莫高窟的分期断代、构建“数字敦煌”等重要文物研究和保护工程。半个世纪的风沙，不是谁都经得起吹打。致敬感动中国2019年度人物樊锦诗！感谢守护！
客家阿秋妹,Sun May 17 21:48:07 +0800 2020,广东,致敬樊院长！
云裳儿歌,Sun May 17 21:47:32 +0800 2020,其他,致敬
马家窑文化研究院,Sun May 17 21:46:13 +0800 2020,甘肃,//@来去之间: //@caozenghui:致敬。真不容易🙏🙏🙏
红尘客栈大老板,Sun May 17 21:45:05 +0800 2020,其他,致敬
郭小荼,Sun May 17 21:45:02 +0800 2020,广东,樊先生凝望常书鸿墓碑那一幕，人守望人，岁月守望文化，人又捱着岁月。
被删号的小号很委屈,Sun May 17 21:45:02 +0800 2020,其他,加油！
Xback_琮燕,Sun May 17 21:44:45 +0800 2020,广东,致敬[心][心][心]用满头白发换来敦煌容颜永驻
Pekgrlg,Sun May 17 21:44:17 +0800 2020,重庆,加油！
冬天的老树,Sun May 17 21:44:06 +0800 2020,河南,感谢！
让我删掉重来放轻松,Sun May 17 21:43:53 +0800 2020,其他,[赞]
无患,Sun May 17 21:43:42 +0800 2020,重庆,好喜欢好喜欢敦煌，感谢您的守护与发扬，让更多人了解到敦煌文化之美[心]
w183w,Sun May 17 21:43:13 +0800 2020,其他,我心归处是敦煌
我婉拒热巴,Sun May 17 21:43:00 +0800 2020,江苏,致敬院长奶奶[加油][心]
水丽净水器,Sun May 17 21:42:06 +0800 2020,上海,敦煌容颜永驻，而您的容颜已老[伤心]祝您安康[作揖][鲜花]
躲进龟壳的刺猬1024,Sun May 17 21:41:00 +0800 2020,安徽,致敬！！敦煌这两年一定要去一次[微风]
bell羊,Sun May 17 21:40:47 +0800 2020,北京,敦煌的女儿，文化的守护者[心][心][心]
酱酱酱酱子是迷妹儿,Sun May 17 21:40:39 +0800 2020,江苏,致敬！
赵75848,Sun May 17 21:39:56 +0800 2020,其他,我们敦煌的女儿
谷中居人,Sun May 17 21:39:04 +0800 2020,福建,致敬樊锦诗！[威武]
MacintosRoy,Sun May 17 21:38:59 +0800 2020,河南,数字敦煌这个真的当时去了以后坐在展厅里面很震撼，我当时看完真的是舍不得站起来走，真的对后面继续参观窟内的壁画做了很好的铺垫。
曼陀罗华不是曼陀罗,Sun May 17 21:38:42 +0800 2020,江西,“文抽丽锦，片言成诗。”
Mercuryhyun,Sun May 17 21:38:36 +0800 2020,其他,致敬[good]
蓝色深海渝,Sun May 17 21:38:15 +0800 2020,辽宁,敦煌的美震撼心灵
一堆废话a,Sun May 17 21:37:48 +0800 2020,四川,莫名地很喜欢敦煌文化，荒凉又华丽，充满了神秘感
一只肖兔子OvO,Sun May 17 21:37:20 +0800 2020,其他,致敬 [心][心]
空谷战放,Sun May 17 21:37:05 +0800 2020,上海,[作揖][作揖][作揖]
恍然如梦吖丶,Sun May 17 21:36:56 +0800 2020,广东,致敬！
凡丫丫201802,Sun May 17 21:36:55 +0800 2020,北京,只能说敬佩，发自肺腑的
徐倩倩愛書法,Sun May 17 21:36:46 +0800 2020,河南,感谢
M_Restrain_,Sun May 17 21:36:44 +0800 2020,陕西,感动中国应该热搜第一[心]
周荷箂,Sun May 17 21:36:32 +0800 2020,其他,致敬！幸苦了[兔子]
郝一二三x,Sun May 17 21:36:29 +0800 2020,其他,愿以寸心寄华夏，且将岁月赠山河。
她她她她的世界,Sun May 17 21:36:21 +0800 2020,广东,致敬
王知能,Sun May 17 21:36:14 +0800 2020,广东,令人敬重的真正的知识分子👍！
团子捏捏,Sun May 17 21:35:53 +0800 2020,江苏,致敬！
我是水瓶座00,Sun May 17 21:35:48 +0800 2020,北京,[心]
曼陀罗华不是曼陀罗,Sun May 17 21:35:02 +0800 2020,江西,“文抽丽锦，片言成诗” 高三我最喜欢的作文素材中的人物[爱你]
爱念情心,Sun May 17 21:34:51 +0800 2020,其他,满头白发换来敦煌永驻颜
奇妙哥斯拉,Sun May 17 21:34:18 +0800 2020,江苏,致敬！
汪哈哈哈w稀饭,Sun May 17 21:33:46 +0800 2020,海南,樊老师
锦绣长安夜3M,Sun May 17 21:33:27 +0800 2020,陕西,守文明之火，愿薪火相传。致敬樊锦诗老师[心][心]
四字的Annabelle0228,Sun May 17 21:33:09 +0800 2020,其他,敦煌女儿   樊锦诗
2011达子的春天,Sun May 17 21:32:21 +0800 2020,四川,致敬
石确央珍,Sun May 17 21:31:40 +0800 2020,西藏,因为热爱，所以坚持。樊先生，你值得。
花花和叶叶呀,Sun May 17 21:31:30 +0800 2020,广东,辛苦了
DCKXHXLXQ,Sun May 17 21:30:52 +0800 2020,安徽,致敬[心]
_阆风岑,Sun May 17 21:30:34 +0800 2020,广东,感谢！[心]好想再去一次敦煌，再次感受莫高窟之美
不可向迩,Sun May 17 21:30:20 +0800 2020,上海,敦煌，还想再去的地方。
愿留97,Sun May 17 21:29:57 +0800 2020,其他,致敬[心][心][心]
可乐串串H,Sun May 17 21:29:28 +0800 2020,湖南,我真的哭死[泪]
不可向迩,Sun May 17 21:29:17 +0800 2020,上海,致敬
ZYL66777,Sun May 17 21:29:07 +0800 2020,福建,致敬每一位为祖国做出奉献的人，你们是最美的！感动中国！
半只烤鸭99999,Sun May 17 21:29:03 +0800 2020,其他,去年国庆前有幸前往中科大博物馆参观了敦煌壁画展，十分震撼！致敬敦煌的守护者们！[心][心][心][心]
风再起时Ggr,Sun May 17 21:28:59 +0800 2020,香港,感谢付出，感谢守护！[心]
海棠未眠violet玉自潇湘,Sun May 17 21:28:52 +0800 2020,黑龙江,敦煌女儿，感动中国。
aiguoLEE7421,Sun May 17 21:28:30 +0800 2020,其他,致敬[good][心][鲜花]
研究僧小哥哥呦,Sun May 17 21:28:13 +0800 2020,上海,七年前在一本历史文化遗产书上看到过“敦煌的女儿”，致敬
2020要更爱朱一龙和任嘉伦,Sun May 17 21:27:47 +0800 2020,湖北,飞天，敦煌，大漠，我十分想去的地方[泪]。向教授致敬[赞]
小葵·HIMA,Sun May 17 21:27:39 +0800 2020,陕西,樊老师我爱您！！！！[给你小心心][给你小心心][给你小心心]
朱超脱,Sun May 17 21:27:27 +0800 2020,河南,门当户对 各司其职
灵玉公子he非雨晓鹤,Sun May 17 21:26:12 +0800 2020,河北,致敬！！！
水木若溪,Sun May 17 21:26:10 +0800 2020,河北,舍小家顾大家，向英雄致敬[心]
雷霆五巨头,Sun May 17 21:26:06 +0800 2020,陕西,致敬
S是小苏吖,Sun May 17 21:25:34 +0800 2020,吉林,致敬
乘回风兮载云旗-昭瑾,Sun May 17 21:25:22 +0800 2020,浙江,“守正笃实，久久为功。”致敬“敦煌女儿”[心][心][心]
啵记呆桃,Sun May 17 21:23:32 +0800 2020,其他,致敬[心][心][心]
秦义,Sun May 17 21:23:28 +0800 2020,湖北,致敬[作揖][作揖][作揖]
梦想石现,Sun May 17 21:23:00 +0800 2020,四川,《我心归处是敦煌》
仙女鱼儿128,Sun May 17 21:22:28 +0800 2020,安徽,致敬！
查查来过,Sun May 17 21:22:25 +0800 2020,广东,在那样一片土地生活的人一定胸怀宽广。致敬英雄！
骑鱼过海的猫xy,Sun May 17 21:21:48 +0800 2020,辽宁,致敬！
河大工商社团联合会,Sun May 17 21:21:42 +0800 2020,河北,致敬！
常德中院,Sun May 17 21:21:32 +0800 2020,湖南,转发微博
妤长安,Sun May 17 21:21:26 +0800 2020,湖北,致敬[鲜花]
萌萌哒小胤胤,Sun May 17 21:20:44 +0800 2020,北京,致敬！
逍遥啊_遥,Sun May 17 21:20:27 +0800 2020,四川,致敬[心][心]
葡胖胖,Sun May 17 21:20:20 +0800 2020,辽宁,[心][心][心]
西西-点点,Sun May 17 21:20:10 +0800 2020,湖南,敦煌的女儿
momojones,Sun May 17 21:20:09 +0800 2020,香港,"有機會的話, 我一定要去敦煌看一下[心]"
张倩咿呀,Sun May 17 21:19:38 +0800 2020,甘肃,几个月前刚看完她的自传 致敬樊奶奶 身为甘肃人没有去过敦煌 有朝一日我一定要到敦煌走一走
搭布牛爱吃手擀面,Sun May 17 21:19:26 +0800 2020,其他,老一辈很多这种工作者，不是因为热爱、更不是为了丰厚的报酬。只是为了工作而工作，服从安排，然后全力以赴。
喻xiaoxiao,Sun May 17 21:19:06 +0800 2020,其他,愿健康长寿[心]
国家海洋博物馆,Sun May 17 21:18:55 +0800 2020,天津,#感动中国# 一腔爱，一洞画，从青丝到白发，愿以寸心寄华夏，且将岁月赠山河。在第44个#国际博物馆日#到来之际，国家海洋博物馆致敬樊锦诗先生！因为热爱，所以，我们坚持！[心]
喵呜UE_,Sun May 17 21:18:36 +0800 2020,其他,致敬[爱你]
迷人可love萌球球,Sun May 17 21:18:22 +0800 2020,北京,致敬
是xiao獅子呀,Sun May 17 21:17:34 +0800 2020,福建,致敬[鲜花][鲜花]
纯粹坚强,Sun May 17 21:17:26 +0800 2020,江苏,致敬！
南海__十三郎zzz,Sun May 17 21:16:50 +0800 2020,江苏,❤️
四点下课,Sun May 17 21:16:48 +0800 2020,其他,有机会一定还会再去一次敦煌，再领略一次莫高窟带来的美与震撼[心]
OL小星,Sun May 17 21:16:47 +0800 2020,四川,莫高窟去过2次，以后还会再去。樊先生把自己的大好青春都留给了敦煌，向她致敬！
肄踅,Sun May 17 21:16:05 +0800 2020,浙江,致敬[中国赞][中国赞]感谢有您
coco0353,Sun May 17 21:16:01 +0800 2020,陕西,致敬
凯MrsL,Sun May 17 21:15:51 +0800 2020,其他,正在看，还有英勇牺牲的消防战士，感动中国，致敬逆行者[鲜花][鲜花][鲜花]
柠柠·2020,Sun May 17 21:15:47 +0800 2020,北京,敬佩啊
王巨浪漫吖,Sun May 17 21:15:16 +0800 2020,重庆,致敬
_青山檐下雨,Sun May 17 21:15:09 +0800 2020,其他,文博人的骄傲[赞][赞]致敬
文艺小帅鸽,Sun May 17 21:14:55 +0800 2020,广东,半个世纪的风沙 不是谁都经得起吹打[中国赞]
萌想长大,Sun May 17 21:14:47 +0800 2020,山东,致敬
亚浪丶,Sun May 17 21:13:55 +0800 2020,广东,@柳下挥 [太开心][太开心]
QwYky·琑,Sun May 17 21:13:53 +0800 2020,其他,#她用满头白发换来敦煌容颜永驻# 樊锦诗奶奶，经常救我于作文的水火中的“守望者”
有个小小的太阳,Sun May 17 21:13:43 +0800 2020,广东,[心][心][心]致敬！
吴东发_新共和,Sun May 17 21:13:39 +0800 2020,北京,转发微博
i林燕子,Sun May 17 21:12:51 +0800 2020,广东,辛苦了，向您致敬！
芙华筝筝,Sun May 17 21:12:49 +0800 2020,四川,谢谢樊锦诗奶奶和为国家考古文化做出贡献的人们
zhanglihl,Sun May 17 21:12:31 +0800 2020,贵州,[心][心][心][鲜花][鲜花][鲜花]
Ramancy辞凉,Sun May 17 21:11:50 +0800 2020,湖南,致敬！去年去莫高窟的时候还在一个放纪录片的小房子里看到过莫高窟的记录，当时就对樊老师印象很深刻，真的做了很多贡献，实至名归！
姚瑶lily,Sun May 17 21:11:40 +0800 2020,辽宁,致敬樊奶奶！！健康长寿！！
不要叫我小阿姨o_O,Sun May 17 21:11:12 +0800 2020,台湾,致敬[作揖]
李雨诺的酒窝,Sun May 17 21:11:05 +0800 2020,北京,守得住寂寞[good][good][good]
南柯旧梦yyyy,Sun May 17 21:10:33 +0800 2020,其他,致敬🧡
我是大方啦,Sun May 17 21:10:30 +0800 2020,其他,很开心在不同的时间点 不同的新闻报道 文史记载收到关于敦煌的消息，第一次知道敦煌是2013年高一美术课老师在讲敦煌的故事，我听的格外认真！
落尘终归逝,Sun May 17 21:10:22 +0800 2020,广西,致敬！
别闲闲了就瞎想,Sun May 17 21:09:58 +0800 2020,湖北,感谢守护，致敬，有你们真好超级感动
女神范月亮之花521,Sun May 17 21:09:48 +0800 2020,北京,致敬！
薛定饿不,Sun May 17 21:09:46 +0800 2020,内蒙古,加油[加油]
流动的音符520,Sun May 17 21:09:36 +0800 2020,北京,致敬！
刷到我请催我去刷题,Sun May 17 21:09:33 +0800 2020,福建,@啊啊啊日见
杂草小雅,Sun May 17 21:07:00 +0800 2020,江苏,致敬
林在田,Sun May 17 21:06:52 +0800 2020,四川,@吴吴大小姐6677
杰娜的小宝贝,Sun May 17 21:06:36 +0800 2020,湖北,大美敦煌|谢谢敦煌
Mu景知许,Sun May 17 21:06:26 +0800 2020,广西,[心][心][心]
小天的四季糖,Sun May 17 21:06:13 +0800 2020,河南,哇，这个名字听起来好有诗意啊[羞嗒嗒]
满目星河灿如云,Sun May 17 21:06:08 +0800 2020,山东,有幸到敦煌参与文物修复的工作，致敬樊老
心之花语yy,Sun May 17 21:06:02 +0800 2020,其他,致敬~感谢守护~[抱抱][抱抱][心][心]
Yi11prprpr_,Sun May 17 21:05:21 +0800 2020,其他,荒漠里开出最坚毅的花[心][心][心]
少绾lm,Sun May 17 21:05:09 +0800 2020,河北,“愿以寸心寄华夏，且将岁月赠山河。”  致敬
IWATCHINGYOU,Sun May 17 21:05:08 +0800 2020,宁夏,致敬！吾辈楷模！
Baby_Driver,Sun May 17 21:04:43 +0800 2020,北京,总有一天，要去看看您守护的敦煌[心][心]
街头巷尾我与你,Sun May 17 21:04:43 +0800 2020,重庆,致敬
TheAngelInApril,Sun May 17 21:04:34 +0800 2020,其他,播啦！
玖月的第柒天,Sun May 17 21:04:33 +0800 2020,北京,"""为什么我的眼里常含泪水，因为我对这片土地爱的深沉。""[心]"
完美的企鹅1,Sun May 17 21:04:27 +0800 2020,其他,致敬每一位为祖国，为人民做奉献的人，你们是最美的！感动中国！
曾经的约定啊,Sun May 17 21:04:27 +0800 2020,河南,致敬
快乐何大拿,Sun May 17 21:04:26 +0800 2020,甘肃,敦煌的女儿
小吃货vs小老鼠vs穗穗,Sun May 17 21:04:21 +0800 2020,浙江,致敬[心]
Wilson加德满都的风,Sun May 17 21:04:06 +0800 2020,其他,该休息了
Wilson康芒,Sun May 17 21:03:55 +0800 2020,安徽,这样的新闻不应该是热搜前三吗？？？
闲云悠飞,Sun May 17 21:03:47 +0800 2020,其他,敬一丹说话不诚恳
-落日与晨光-,Sun May 17 21:03:44 +0800 2020,上海,“吾心归处是敦煌”[心]
阿拉羽翊,Sun May 17 21:03:45 +0800 2020,其他,去年有幸去了莫高窟参观，去前做了很多功课，因此知道了敦煌的三代院长，感激和致敬莫高窟人留给我们如此辉煌的文化艺术。身临其境时那种感受实在无法用言语表达。
桃桃桃子桃子酱www,Sun May 17 21:03:38 +0800 2020,广东,致敬！[心]
都成烟雨,Sun May 17 21:03:18 +0800 2020,山东,#感动中国# [心]
大头是我的但我不是大头,Sun May 17 21:03:13 +0800 2020,其他,我辈当自强！
内个小蓝人吖,Sun May 17 21:03:12 +0800 2020,河北,[心]
灿烂千阳10086,Sun May 17 21:03:10 +0800 2020,贵州,致敬[鲜花]
WU是琛的HAO,Sun May 17 21:03:06 +0800 2020,北京,致敬！
刘耀元迷你版,Sun May 17 21:03:00 +0800 2020,河北,感谢他们的付出，向他们致敬
你好鸭子,Sun May 17 21:02:14 +0800 2020,湖南,我心归处是敦煌，敦煌是我的命。这种热爱与坚持，现实社会太难得了
小飞侠wo是,Sun May 17 21:02:04 +0800 2020,其他,致敬
东风冷于秋333,Sun May 17 21:01:58 +0800 2020,河北,终于来了！！感动中国！！
陆外地,Sun May 17 21:01:55 +0800 2020,上海,有你们的守护，才有中国的美丽。感谢樊锦诗们！
mitang825,Sun May 17 21:01:45 +0800 2020,山西,热搜第一不是这条而是一个网红？真是堪忧！
Only_For_JK,Sun May 17 21:01:41 +0800 2020,北京,致敬！
王肖一定来日方长,Sun May 17 21:01:40 +0800 2020,其他,致敬
小神仙的小笼包,Sun May 17 21:01:34 +0800 2020,河北,致敬！
木易春茶,Sun May 17 21:01:29 +0800 2020,安徽,樊锦诗！感谢守护敦煌石窟！中国发展是你光阴奉献！
神佑老马,Sun May 17 21:01:19 +0800 2020,北京,[鲜花][赞]
苏甜苏甜的小九九呀,Sun May 17 21:00:42 +0800 2020,浙江,❤️
三献志愿者诸语,Sun May 17 21:00:18 +0800 2020,黑龙江,致敬
shanhaiwen,Sun May 17 21:00:15 +0800 2020,河南,致敬[鲜花][good]
一身古远的芹香,Sun May 17 21:00:01 +0800 2020,四川,今夜感动中国颁奖典礼，致敬樊锦诗先生！
李王X,Sun May 17 20:59:56 +0800 2020,浙江,致敬英雄，你们辛苦了！
侬词无感生物,Sun May 17 20:59:49 +0800 2020,江苏,致敬[心]樊锦诗院长，把青春奉献给了敦煌，她的根扎在了大漠，构建“数字敦煌”，向她致敬！！！
想上费嘟嘟,Sun May 17 20:59:46 +0800 2020,北京,舍半生  给茫茫大漠  从未名湖到莫高窟  守住前辈的火  开辟明天的路 半个世纪的风沙  不是谁都能经得起吹打  一腔爱 一洞画  一场文化苦旅  从青春到白发  心归处  是敦煌   向樊锦诗致敬!
况味了了,Sun May 17 20:59:45 +0800 2020,其他,敦煌、莫高窟，去前一直心之所向，去后仍然念念不忘...真的是极有魅力，让人着迷的地方。后果断买回📖我心归处是敦煌，拜读后被樊老师的人生故事深深震撼与感动。大漠，抉择，坚守，有价值的人生！真心向您致敬。
我跟太阳拼了,Sun May 17 20:59:46 +0800 2020,其他,这才应该是明星
夏洛克还是夏洛特,Sun May 17 20:59:37 +0800 2020,上海,@夏洛克还是夏洛特：非常有幸大概十年前在飞机上遇到过樊锦诗院长 她当时坐在我后面 一路上都在看跟她工作相关的书 朴素又伟大的老人
煎餅果子不要煎餅嚄,Sun May 17 20:59:19 +0800 2020,北京,願以寸心寄華夏，且將歲月贈山河。 致敬敦煌女兒。[心][心][心]
稀饭085,Sun May 17 20:59:13 +0800 2020,福建,[good]
清风一枕晚凉天v,Sun May 17 20:58:59 +0800 2020,广西,我也爱敦煌
阿难al,Sun May 17 20:58:44 +0800 2020,贵州,由衷感谢
莫忘初衷MAY,Sun May 17 20:58:33 +0800 2020,吉林,致敬
2020上不了岸那今年就没有意义,Sun May 17 20:58:19 +0800 2020,宁夏,您辛苦了，致敬
钟爱奶茶的长椅,Sun May 17 20:58:14 +0800 2020,江西,致敬
太史靖雯,Sun May 17 20:57:59 +0800 2020,其他,被森森的吸引住了
嗯哼我的蛋挞呐,Sun May 17 20:57:58 +0800 2020,其他,说的蛮有道理的哇
迟来的叛逆期老阿姨,Sun May 17 20:57:53 +0800 2020,其他,[心]
秦汉西府三湘浙甬,Sun May 17 20:57:36 +0800 2020,其他,致敬
白色跟暗黑相依_,Sun May 17 20:57:30 +0800 2020,四川,致敬！
哈哈妹Casey,Sun May 17 20:57:17 +0800 2020,陕西,[心]
原来你看云时很远,Sun May 17 20:57:15 +0800 2020,陕西,一定去敦煌看看！
穆le,Sun May 17 20:57:11 +0800 2020,其他,生个金孩子也没用，莫名感到幽默
我爱的男孩是xz,Sun May 17 20:57:08 +0800 2020,甘肃,[心]
明慈梵语,Sun May 17 20:57:01 +0800 2020,四川,厉害
64994bxhhdh,Sun May 17 20:56:49 +0800 2020,其他,功臣
丸圆的小青柠Roy,Sun May 17 20:56:35 +0800 2020,重庆,[心]
大猛Kaweh,Sun May 17 20:56:34 +0800 2020,云南,一直想去的两个地方就是藏区和敦煌大漠。真的是：大漠深藏功与名，岁月不朽铸功勋！
珺珺家的蛋卷,Sun May 17 20:56:31 +0800 2020,其他,感謝分享
奋斗中的lucency,Sun May 17 20:56:22 +0800 2020,浙江,致敬[心][心]
_VousmevoyezzZ,Sun May 17 20:56:04 +0800 2020,澳门,致敬[心][心][心] 要是还在高中 颁奖词肯定得打印下来发给我们[给你小心心][给你小心心][给你小心心]
漂亮的猪八戒123,Sun May 17 20:56:00 +0800 2020,甘肃,致敬
哈尼凡仔,Sun May 17 20:55:57 +0800 2020,山东,致敬致敬[鲜花][鲜花][鲜花]
真理wo在谁手上,Sun May 17 20:55:55 +0800 2020,上海,看哭了，能看到保护如此完整，游览如此现代化不输给国际大的敦煌莫高窟，要感谢这些默默坚守的老师们[泪]
姚儿001,Sun May 17 20:55:31 +0800 2020,上海,致敬，感动
老猫爱吃薄荷,Sun May 17 20:55:28 +0800 2020,其他,致敬！
陪你一起走的阿姨-奶盖啵,Sun May 17 20:55:23 +0800 2020,广东,致敬，您辛苦啦！
鵲月知山色,Sun May 17 20:55:03 +0800 2020,云南,致敬
羊驼_yt,Sun May 17 20:55:00 +0800 2020,河南,致敬！
勤洗手多防护戴口罩常通风,Sun May 17 20:54:54 +0800 2020,其他,致敬朴实无华的传承者[心]
小冰_冰ice,Sun May 17 20:54:36 +0800 2020,广东,致敬
爱鞠永生,Sun May 17 20:54:19 +0800 2020,广东,致敬
认真做一个温柔的宝藏男孩,Sun May 17 20:53:53 +0800 2020,其他,心归处，是敦煌[心][心]
旗袍女汉纸,Sun May 17 20:53:52 +0800 2020,浙江,八十多了思路表达清晰，羡慕敬佩
蜗牛带我散步i,Sun May 17 20:53:42 +0800 2020,山西,致敬[赞][赞][赞]
冰淇淋泡泡泡泡泡泡球,Sun May 17 20:53:38 +0800 2020,浙江,致敬
慢吞吞的大灰狼,Sun May 17 20:53:37 +0800 2020,江苏,哭的我稀里哗啦的 中国永远有这些了不起的英雄在保护着！
大也小女人,Sun May 17 20:53:09 +0800 2020,北京,大爱！[鲜花][鲜花][鲜花]
Cutey_Gentle,Sun May 17 20:53:09 +0800 2020,河北,致敬[good][good][good]
叶暮之,Sun May 17 20:53:02 +0800 2020,浙江,真的很感动，喜爱又坚持，致敬[心]
團戰拉拉隊,Sun May 17 20:52:53 +0800 2020,黑龙江,真的很感动 想哭 我爱中国
浅水若烟,Sun May 17 20:52:28 +0800 2020,广东,用青春年华守护千年文化
元宝沐沐来啦,Sun May 17 20:52:12 +0800 2020,广东,致敬！！！辛苦了[给你小心心][给你小心心][给你小心心][给你小心心]
琰雪綾蠡亥,Sun May 17 20:51:55 +0800 2020,上海,谢谢[鲜花][鲜花][鲜花]
Oceanmonarch,Sun May 17 20:51:52 +0800 2020,北京,致敬。
壹纹小先生,Sun May 17 20:51:43 +0800 2020,北京,转发微博
赤心木200201,Sun May 17 20:51:43 +0800 2020,湖南,向你致敬
紫滕花上空的星,Sun May 17 20:51:40 +0800 2020,其他,致敬
曾婷-大金空调,Sun May 17 20:51:32 +0800 2020,广东,致敬[心][心][心]
斑斑233,Sun May 17 20:51:31 +0800 2020,其他,图片评论 http://t.cn/E9B3dOZ
半沉沧海半悬天,Sun May 17 20:51:29 +0800 2020,其他,致敬！您的坚守与光阴换来了敦煌容颜永驻，在我眼里，您也是最美的！
最爱冬夕,Sun May 17 20:51:26 +0800 2020,其他,[作揖][作揖][作揖][作揖][作揖]敬佩
sky_supaladin,Sun May 17 20:51:17 +0800 2020,四川,致敬英雄!
進階黃爸爸,Sun May 17 20:51:14 +0800 2020,广东,[赞][赞][赞][赞][赞]
Min兮兔兔,Sun May 17 20:50:59 +0800 2020,上海,一直想去敦煌看一看
斜杠青年220,Sun May 17 20:50:46 +0800 2020,陕西,实在佩服到不行，为自己没有这样的境界感到羞愧
这位幸运的宝宝,Sun May 17 20:50:36 +0800 2020,浙江,感谢守护
偷捧时间煮酒喝吗,Sun May 17 20:50:14 +0800 2020,陕西,致敬
沁·余年,Sun May 17 20:50:08 +0800 2020,湖北,[微风]#感动中国#[心]#她用满头白发换来敦煌容颜永驻#有幸去过敦煌莫高窟，为中华灿烂的文化而自豪，也为以常书鸿、段文杰和樊锦诗先生为代表的一代代敦煌保护者而感动。数字敦煌真的是很有前瞻性的决定，让我们看到了考古工作者的智慧和远见。再一次向樊锦诗先生致敬，愿敦煌文化源远流长！
忆忆忆-念,Sun May 17 20:49:31 +0800 2020,北京,致敬！感谢守护！[给你小心心]
孤风凉月,Sun May 17 20:49:06 +0800 2020,湖北,致敬！！！
暖宝宝工作中啦,Sun May 17 20:48:57 +0800 2020,山东,我认为感动中国2020应该颁发给所有中国人和海外华侨   在国内的人民坚持中央的号召，在国外的华人华侨寄回的物资帮我们挺过了最初的难关
有爱的温太医,Sun May 17 20:48:50 +0800 2020,山东,前几天的探索发现演了敦煌，也有这位老师的经历片段，真的很佩服很震撼，对我们中华民族留下来的瑰宝一定要好好保护
WU晓231998,Sun May 17 20:48:42 +0800 2020,浙江,致敬[鲜花][鲜花][鲜花]
骞翥fly,Sun May 17 20:48:35 +0800 2020,其他,我心归处是敦煌
看风景的心情过生活,Sun May 17 20:48:30 +0800 2020,其他,让我想起第一代院长，都是抛家舍业只为心中那份大爱，致敬、感谢[心][心][心]
那就再来一根玉米肠,Sun May 17 20:48:24 +0800 2020,山东,最美丽的人儿啊
姜花微凉31962,Sun May 17 20:48:17 +0800 2020,其他,因为有你们，我们的文化才活起来，存下去，致敬
尹二航,Sun May 17 20:47:56 +0800 2020,河南,[心][心][心][心]
简纯帝都,Sun May 17 20:47:55 +0800 2020,其他,致敬
老莫的夜小染,Sun May 17 20:47:56 +0800 2020,北京,平凡而伟大
跌幅居前,Sun May 17 20:47:52 +0800 2020,河南,文化守护丽人
7369988777全球陈福莲,Sun May 17 20:47:52 +0800 2020,广东,[赞][赞][good]
FLYingxxxF,Sun May 17 20:47:52 +0800 2020,天津,恳求关注天津5.16英语高考听力事件 不同考点的听力效果是不一样的 据说河西区只要一所学校听的清楚 北辰更是听不清 各个区都是这样反应 真的要袖手旁观吗？为了社会稳定 为什么不好好调试设备的问题 要考生来负责？真的要第一次经历政治必修二讲的东西全都是假的么？
丿尐米丶,Sun May 17 20:47:47 +0800 2020,其他,愿以寸心寄华夏，且将岁月赠山河，致敬我们的英雄！[心][心][心][鲜花][鲜花][鲜花]
妈她亲我-,Sun May 17 20:47:34 +0800 2020,黑龙江,方老师付出这么多，她不该没有姓名!
白露谓凉,Sun May 17 20:47:22 +0800 2020,其他,真正的敬业[good]
菅路娜,Sun May 17 20:47:22 +0800 2020,其他,致敬
我懂你的胸怀,Sun May 17 20:47:20 +0800 2020,山东,#感动中国# 中华民族的爱国灵魂永驻，爱国人士永不缺失[good][给力]
菠萝honey66,Sun May 17 20:47:15 +0800 2020,上海,[心]
沁沁晓菁,Sun May 17 20:47:14 +0800 2020,北京,感动[泪][泪]
婉如月,Sun May 17 20:47:06 +0800 2020,辽宁,致敬
顾怀昔,Sun May 17 20:47:04 +0800 2020,湖北,记得是在高中教室看《朗读者》的时候，听过这段故事，到现在还记得樊先生的一句“相识在未名湖，相恋在珞珈山，相守在莫高窟”，致敬[心]
Confidence晓,Sun May 17 20:47:03 +0800 2020,陕西,致敬英雄!致敬烈士！
壹达1,Sun May 17 20:46:57 +0800 2020,广东,是感动中国人物！！！高中时候每次都可以在学校一起看直播的~谢谢你们为祖国付出[good]
我嗑了对家和我的cp,Sun May 17 20:46:55 +0800 2020,山东,致敬
小阿giao的麻辣香锅,Sun May 17 20:46:53 +0800 2020,其他,不错，不错，...
青儿是妮,Sun May 17 20:46:52 +0800 2020,北京,被森森的吸引住了
肥脸哲哲,Sun May 17 20:46:53 +0800 2020,其他,来了，冒个泡
初夏的梅子_fpf,Sun May 17 20:46:44 +0800 2020,北京,致敬！感动。
狮妈V丫宝,Sun May 17 20:46:43 +0800 2020,河南,致敬 辛苦了[心][心][心]
厂州恒太Kop,Sun May 17 20:46:39 +0800 2020,其他,保卫华为！保卫共和国！
吉祥的二十四啊,Sun May 17 20:46:38 +0800 2020,四川,这才是世上伟大的人
乔词DAYTOY,Sun May 17 20:46:38 +0800 2020,辽宁,致敬 愿健康长寿[心]
乳酸菌一点也不酸,Sun May 17 20:46:21 +0800 2020,其他,[给你小心心][给你小心心][给你小心心][给你小心心]无私奉献的英雄，值得铭记[给你小心心]
不2不叫茶色,Sun May 17 20:46:12 +0800 2020,其他,天天转起致敬，你搁着完成kpi？
无想人家,Sun May 17 20:46:10 +0800 2020,江苏,“愿以寸心寄华夏，且将岁月赠山河。”  致敬[心]
发丝是YIBO啵,Sun May 17 20:46:09 +0800 2020,其他,致敬，健康长寿
厂州恒太Kop,Sun May 17 20:46:09 +0800 2020,其他,坐等封杀美帝国主义高新企业！！在线急等！！！
西西域丶,Sun May 17 20:45:57 +0800 2020,广西,此生无悔入华夏，来世再做华夏人！！
知趣段子手,Sun May 17 20:45:53 +0800 2020,其他,辛苦啦
然其曲折却难道尽,Sun May 17 20:45:38 +0800 2020,北京,感谢守护，风沙中的璀璨明珠。
下扬州记得要干杯,Sun May 17 20:45:34 +0800 2020,辽宁,致敬[作揖]
m执念i,Sun May 17 20:45:23 +0800 2020,山东,感动中国，一个一看就哭的节目，过两天播完了补上
芝士榴莲bling,Sun May 17 20:45:09 +0800 2020,其他,辛苦了
岸生汀兰青郁,Sun May 17 20:45:07 +0800 2020,湖北,致敬
爱出去走走的小葵花,Sun May 17 20:45:05 +0800 2020,北京,当时看朗读者看到樊老的时候真的哭的不行不行的，还背了很多樊老的事迹
小含同学_sapphire_,Sun May 17 20:44:59 +0800 2020,其他,千言万语只有一句，谢谢你们
皮卡丘的糖心,Sun May 17 20:44:53 +0800 2020,山东,晚了三个月，感动如斯[心]
everglorydays,Sun May 17 20:44:51 +0800 2020,湖北,付出一生的热爱和坚守，致敬[赞][赞]
F-la-sh,Sun May 17 20:44:47 +0800 2020,浙江,樊锦诗先生当之无愧！
辰辰木鱼儿,Sun May 17 20:44:37 +0800 2020,北京,#感动中国# [心]
地塞米松氨茶碱,Sun May 17 20:44:33 +0800 2020,湖南,致敬[心]
YIBO_小摩托L,Sun May 17 20:44:34 +0800 2020,河南,向感动中国人物致敬！[心][心]
赞赞你干哈,Sun May 17 20:44:28 +0800 2020,其他,感谢你们[心]
貂蝉的女人不可欺,Sun May 17 20:44:27 +0800 2020,陕西,致敬！最美奋斗者[心][心][心]
天涯chenyoyo,Sun May 17 20:44:26 +0800 2020,海南,致敬一代代老艺术家和专家学者牺牲自我，为国付出，坚守岗位和工作职责，真正的爱岗敬业。无私奉献。[鲜花][赞][威武]
另一个777自己,Sun May 17 20:44:25 +0800 2020,河北,感谢一代又一代的敦煌人，向世界证明敦煌在中国！！
地球上的外星人005,Sun May 17 20:44:23 +0800 2020,安徽,那下场呢，国家保障为国家奉献精神的人什么呢
想咬一口你的奶膘,Sun May 17 20:44:21 +0800 2020,其他,半个世纪的风沙，不是谁都经得起吹打。天呐，感谢守护🙏
锦鲤本鲤毛小宇,Sun May 17 20:44:19 +0800 2020,湖北,致敬[悲伤][悲伤][悲伤][心][心][心]
爱国超的娇宝,Sun May 17 20:44:18 +0800 2020,内蒙古,致敬，辛苦了
zkatherinel,Sun May 17 20:44:16 +0800 2020,广东,致敬！
就叫周小隽吧,Sun May 17 20:44:09 +0800 2020,其他,敦煌的女儿
雨雨的one天,Sun May 17 20:44:07 +0800 2020,其他,致敬英雄❤️
等一个蘑菇e,Sun May 17 20:44:04 +0800 2020,黑龙江,致敬[心]
我爱廷总,Sun May 17 20:44:03 +0800 2020,天津,致敬！！
Cathy_假假,Sun May 17 20:43:59 +0800 2020,上海,致敬对艺术和历史的热爱，致敬对工作的奉献
小-火柴盒,Sun May 17 20:43:54 +0800 2020,北京,致敬！谢谢付出！
PSH_,Sun May 17 20:43:53 +0800 2020,广东,致敬
醒过来苏醒醒,Sun May 17 20:43:49 +0800 2020,其他,高中的时候做过她的传记阅读题！[泪][泪][泪]
panni喵喵喵,Sun May 17 20:43:48 +0800 2020,江苏,致敬♥️
_小兔紫_,Sun May 17 20:43:42 +0800 2020,浙江,致敬
宇羽同行zyy,Sun May 17 20:43:39 +0800 2020,浙江,❤
蓝色台风2018,Sun May 17 20:43:39 +0800 2020,广东,转发
我见花草知凋零,Sun May 17 20:43:32 +0800 2020,湖南,感动你我，感动中国，致敬！[心]
中石油95号的微笑,Sun May 17 20:43:31 +0800 2020,其他,致敬！！
小松果一枚,Sun May 17 20:43:29 +0800 2020,其他,在直播吗？我要去看
Devil临渊,Sun May 17 20:43:29 +0800 2020,其他,用岁月与初心书一首坚守之诗，向您致敬[鲜花][鲜花][鲜花]
gys904,Sun May 17 20:43:26 +0800 2020,新疆,致敬[心][心][心]
浅浅秋閒,Sun May 17 20:43:23 +0800 2020,上海,可敬可佩的世界文化遗产的守护人[作揖]上海的骄傲🦚
青青子衿19205,Sun May 17 20:43:20 +0800 2020,浙江,致敬
神神气气小仙女,Sun May 17 20:43:18 +0800 2020,吉林,名字真好听
平平淡淡的好幸福,Sun May 17 20:43:14 +0800 2020,其他,致敬！
临碣观沧的世界,Sun May 17 20:43:13 +0800 2020,吉林,致敬
青青子衿19205,Sun May 17 20:43:07 +0800 2020,浙江,樊锦诗院长，致敬！
冰激凌和大白兔,Sun May 17 20:43:05 +0800 2020,内蒙古,致敬！名字很美
那么近48527,Sun May 17 20:42:53 +0800 2020,其他,致敬
南山忆DYS,Sun May 17 20:42:51 +0800 2020,山东,愿以寸心寄华夏，且将岁月赠山河，致敬我们的英雄！
em22ter,Sun May 17 20:42:45 +0800 2020,其他,我心归处是敦煌[作揖]
追星请带上你的三观,Sun May 17 20:42:43 +0800 2020,河北,致敬！愿健康长寿！[心]
Eric的小目标,Sun May 17 20:42:35 +0800 2020,浙江,老一辈人的精神真是让人敬佩，只要国家需要，无论条件多么艰苦，都会毫无抱怨的服从安排，并且奋斗终身
Pikature,Sun May 17 20:42:33 +0800 2020,江西,敦煌的女儿！有幸目睹过敦煌石窟的惊艳！
qi琪妹纸,Sun May 17 20:42:26 +0800 2020,广西,致敬！感谢守护[心]
嗦萌小畅的酸粉条,Sun May 17 20:42:14 +0800 2020,广东,中学读过先生的故事，智慧的女性[中国赞][中国赞][中国赞]
Cecilia倾欣,Sun May 17 20:41:44 +0800 2020,内蒙古,致敬[心]
活出自己的精彩555,Sun May 17 20:41:31 +0800 2020,广西,致敬❤️
summer_time_629,Sun May 17 20:41:26 +0800 2020,湖北,致敬[给你小心心]
楊家孩子910909,Sun May 17 20:41:22 +0800 2020,澳门,致敬 愿健康长寿
冬天的腊贰,Sun May 17 20:41:18 +0800 2020,河北,致敬![心][心][心]
Bing丶川爷,Sun May 17 20:41:13 +0800 2020,山东,迟到的感动中国，感动中国永远不会迟到
赵伟_Zhaowei_,Sun May 17 20:41:05 +0800 2020,北京,辛苦 樊先生 致敬
汐璃小可耐,Sun May 17 20:40:43 +0800 2020,山东,致敬樊老[心]
但行好事-莫问前程0,Sun May 17 20:40:42 +0800 2020,北京,数十年呀！我现在相信了热爱可抵岁月漫长这句话了。致敬！
和肖战一起努力609,Sun May 17 20:40:28 +0800 2020,其他,致敬[心][心]
三十二岁未成年,Sun May 17 20:40:16 +0800 2020,黑龙江,[给你小心心]
珠海房黎思萍,Sun May 17 20:40:16 +0800 2020,广东,致敬[能量少女耶][能量少女耶][能量少女耶]
瘦下来再改名字哈,Sun May 17 20:40:13 +0800 2020,重庆,致敬
一路向北小北北,Sun May 17 20:40:08 +0800 2020,其他,几天后敦煌，走起[好喜欢]
呆桃的林小蒽,Sun May 17 20:40:05 +0800 2020,辽宁,致敬
爱吃芒果的女孩婧婧,Sun May 17 20:40:05 +0800 2020,其他,致敬
揪星星小肥啾,Sun May 17 20:39:58 +0800 2020,福建,致敬！辛苦了！[心]
炸小肉丸好吃极了,Sun May 17 20:39:37 +0800 2020,吉林,致敬！
莱美大药房,Sun May 17 20:39:36 +0800 2020,其他,#感动中国# 樊院长真的很有爱也很强啊，值得赞赏[doge]
ONE_壹壹要堅強,Sun May 17 20:39:22 +0800 2020,广东,[心]
蓝莓er-妮妮,Sun May 17 20:39:06 +0800 2020,湖北,致敬[心][心]
如伴,Sun May 17 20:38:59 +0800 2020,其他,真的很佩服这些数十年如一日的研究人员，因为热爱，所以坚持，因为信仰，所以坚守，吾辈楷模[心]
音尘如梦,Sun May 17 20:38:46 +0800 2020,湖南,致敬！老一辈人用信仰和坚持，守护我华夏文明！
唯Love晨熙,Sun May 17 20:38:43 +0800 2020,江西,致敬 感谢守护！[心][心][心]
清欢的水中月,Sun May 17 20:38:39 +0800 2020,江苏,？？啥时候放的，在哪看[泪]
等待你695,Sun May 17 20:38:36 +0800 2020,广西,想起中学是全班一起看感动中国的日子，谢谢所有的守护[心][心][心]谢谢樊锦诗院长[心][心][心]
就是有点可可,Sun May 17 20:38:32 +0800 2020,山东,感谢
小苏不甜Y,Sun May 17 20:38:31 +0800 2020,其他,致敬[心][心][心]
摘星_橙,Sun May 17 20:38:26 +0800 2020,其他,致敬[鲜花]
西向斋1972,Sun May 17 20:38:25 +0800 2020,山东,致敬先生！
向北望南0306,Sun May 17 20:38:14 +0800 2020,山东,心归处 是敦煌 致敬樊锦诗先生[心][心][心]
baby630_279,Sun May 17 20:38:13 +0800 2020,台湾,感谢院长用青春年华守护千年的文化[米奇比心]
凯MrsL,Sun May 17 20:38:11 +0800 2020,其他,正在看，还有英勇牺牲的消防战士，感动中国，致敬逆行者[鲜花][鲜花][鲜花]
Sasha小姑娘,Sun May 17 20:38:04 +0800 2020,福建,敦煌女儿
刻苦橙,Sun May 17 20:38:01 +0800 2020,其他,致敬[心][心][心]
桔梗姑娘Ll,Sun May 17 20:37:53 +0800 2020,湖南,这让我想到故宫里的研究人员！
丰月8930,Sun May 17 20:37:47 +0800 2020,福建,致敬
冰雪丑样,Sun May 17 20:37:44 +0800 2020,河北,致敬
沙雕的妘小柚,Sun May 17 20:37:36 +0800 2020,其他,[心]
1990未来,Sun May 17 20:37:29 +0800 2020,北京,一定要来一次西北行！
追星女孩要优秀,Sun May 17 20:37:19 +0800 2020,内蒙古,致敬[爱你]
山支的电光紫,Sun May 17 20:37:19 +0800 2020,广西,致敬[心]
晚霞波光里的打渔船,Sun May 17 20:37:15 +0800 2020,其他,致敬，了不起的一家人。 悠悠岁月苦寂寥，一尘风沙长相隔。
请叫我言寺言寺,Sun May 17 20:36:57 +0800 2020,湖北,@斑斑233 当时跟你去洛阳石窟就很惊叹了 总得找机会去敦煌看看
深鹿少年_,Sun May 17 20:36:56 +0800 2020,江西,致敬！！！
kiku的老K,Sun May 17 20:36:56 +0800 2020,其他,致敬！
锦鲤吸欧气哇,Sun May 17 20:36:56 +0800 2020,四川,总有人在默默前行
cpa网课流鸢儿,Sun May 17 20:36:53 +0800 2020,湖北,致敬[心][心]
木子桥东,Sun May 17 20:36:27 +0800 2020,吉林,致敬[心]
静香只是静香,Sun May 17 20:36:26 +0800 2020,重庆,致敬樊先生[心]
沁·余年,Sun May 17 20:36:14 +0800 2020,湖北,向樊先生致敬[心]
磊子的凡人俗事,Sun May 17 20:35:41 +0800 2020,陕西,先生，谢谢您[作揖]
会飞的那只燕子的小6号,Sun May 17 20:35:39 +0800 2020,其他,致敬
考上大学再改网名,Sun May 17 20:35:37 +0800 2020,山东,致敬，您是最美的[心]
北工商卡纳瓦罗,Sun May 17 20:35:29 +0800 2020,北京,致敬英雄们[good]
咚次嗒次噗叽叽噗嘟叽哩,Sun May 17 20:35:21 +0800 2020,其他,致敬[心][心][心]
紫兮宸兮,Sun May 17 20:35:21 +0800 2020,云南,致敬！您辛苦了！[心][心][心][心][心][心][心]
任间理想是嘉伦呀,Sun May 17 20:35:14 +0800 2020,其他,致敬
LMM大宝贝,Sun May 17 20:35:09 +0800 2020,安徽,致敬！感谢！感动！[泪][泪][泪]
Sweet_谖,Sun May 17 20:35:04 +0800 2020,四川,我以为是重播[允悲][允悲]
星辰f66,Sun May 17 20:35:02 +0800 2020,其他,致敬
嘉伦放心飞嘉人勇敢追,Sun May 17 20:34:58 +0800 2020,其他,致敬
你der短发姑娘,Sun May 17 20:34:45 +0800 2020,陕西,致敬 辛苦了❤️
KillAPunkGirl,Sun May 17 20:34:36 +0800 2020,其他,是敦煌的女儿啊
_淡陌陌陌陌,Sun May 17 20:34:31 +0800 2020,上海,我心归处是敦煌
凌虚阁那岚岳,Sun May 17 20:34:29 +0800 2020,其他,致敬
航航小悠,Sun May 17 20:34:27 +0800 2020,河北,致敬经典
不想写名字怎么了,Sun May 17 20:34:23 +0800 2020,湖南,#感动中国# 
are灵均,Sun May 17 20:34:23 +0800 2020,广西,这些人真的是很伟大！！！
GT_颖火之光,Sun May 17 20:34:20 +0800 2020,其他,致敬[心]
北京贝克汉姆,Sun May 17 20:34:15 +0800 2020,其他,转发微博
·苏以·,Sun May 17 20:33:51 +0800 2020,上海,致敬！！！
才不是婉婉,Sun May 17 20:33:52 +0800 2020,其他,敦煌的女儿！
rosie要一直发光,Sun May 17 20:33:44 +0800 2020,其他,致敬！
史迪仔是大眼萌,Sun May 17 20:33:41 +0800 2020,其他,看到这些伟大的人，才知道自己的渺小。希望在往后的人生也能发挥自己的光和热，去照亮别人，温暖别人。
徐家大勇,Sun May 17 20:33:41 +0800 2020,山东,前年，有幸剪了樊锦诗老师的采访，听闻了她的故事很敬佩她。中国的脊梁
种花团圆兔,Sun May 17 20:33:40 +0800 2020,湖北,天哪[失望]
Yi-ScOrPiO-Bo,Sun May 17 20:33:36 +0800 2020,上海,大爱[给你小心心][给你小心心][给你小心心]愿健康长寿🙏🙏
憨憨爱傻笑777,Sun May 17 20:33:35 +0800 2020,北京,致敬[心]
宇宙行黄督察,Sun May 17 20:33:32 +0800 2020,北京,致敬这样的大家！
莫非星业,Sun May 17 20:33:21 +0800 2020,广东,用爱去完成自己的理想，不管有多大的困难，有多大的风险，都能勇敢面对。
85号1993,Sun May 17 20:33:20 +0800 2020,北京,致敬
Ashley__WYB,Sun May 17 20:33:13 +0800 2020,上海,致敬，辛苦了[心]
畅畅吞金兽69431,Sun May 17 20:33:10 +0800 2020,辽宁,感谢
会飞的燕子6596,Sun May 17 20:33:05 +0800 2020,江苏,致敬！
超爱崔甜甜和董瓜即哒小羊,Sun May 17 20:32:59 +0800 2020,云南,致敬樊先生[心]
慧星哈雷,Sun May 17 20:33:00 +0800 2020,四川,一代人的吃苦耐劳精神是永远的华夏民族精神食粮。
邓ANGEL伦,Sun May 17 20:32:55 +0800 2020,台湾,致敬[good]
王甜甜1997000805,Sun May 17 20:32:50 +0800 2020,其他,致敬
tfboy的脑残粉,Sun May 17 20:32:48 +0800 2020,吉林,感动中国，也感动了我[泪]
曲尽无恙,Sun May 17 20:32:46 +0800 2020,北京,[鲜花]
烟斗兄曹曹,Sun May 17 20:32:39 +0800 2020,河北,致敬
筱宝味冰6558,Sun May 17 20:32:32 +0800 2020,其他,致敬
再见不再见005,Sun May 17 20:32:32 +0800 2020,河南,曾经在微信分享的文章上看过她的事迹，很伟大，致敬！！[心][心]
球听·,Sun May 17 20:32:31 +0800 2020,福建,致敬
Maureen2060,Sun May 17 20:32:19 +0800 2020,天津,致敬[中国赞]
灯灯最爱我,Sun May 17 20:32:16 +0800 2020,湖北,优秀
彬居安思危,Sun May 17 20:32:15 +0800 2020,河南,致敬
哈蜜瓜爱你,Sun May 17 20:32:14 +0800 2020,广东,致敬～致敬[鲜花][鲜花][鲜花][鲜花][鲜花][鲜花]
皮蛋灌饼,Sun May 17 20:32:02 +0800 2020,其他,真正的报效祖国，不是空喊口号，是用信念坚守承诺，无需言表却掷地有声。[心]
嫣筱瑶--乱糟糟,Sun May 17 20:32:01 +0800 2020,湖北,致敬～[给你小心心][给你小心心][给你小心心]
·环遊小熊禁區,Sun May 17 20:31:57 +0800 2020,广东,愿以寸心寄华夏，且将岁月赠山河，致敬我们的英雄！
梦想家秋风秋雨夕,Sun May 17 20:31:54 +0800 2020,其他,致敬
轻风杨柳823,Sun May 17 20:31:53 +0800 2020,四川,奉献一生，敬佩[赞]
就是卑微小佳哦,Sun May 17 20:31:53 +0800 2020,山西,致敬
美色鉴赏师,Sun May 17 20:31:45 +0800 2020,浙江,致敬！这才是祖国的顶梁柱，而不是什么虾
吧唧一口SONG八碗,Sun May 17 20:31:43 +0800 2020,湖南,致敬❤️
85护博成王,Sun May 17 20:31:40 +0800 2020,天津,致敬
甜甜家的甜酒,Sun May 17 20:31:25 +0800 2020,其他,致敬
阿曦阿曦DAWN,Sun May 17 20:31:17 +0800 2020,河南,致敬！樊先生！
华北理工大学大事件,Sun May 17 20:31:16 +0800 2020,河北,#感动中国# “愿以寸心寄华夏，且将岁月赠山河。”  致敬[心]
只喜欢china,Sun May 17 20:31:16 +0800 2020,江苏,致敬[心]
white19831,Sun May 17 20:31:11 +0800 2020,广东,哈哈哈
醉仙楼李广平,Sun May 17 20:31:09 +0800 2020,四川,[心]
焦小迷糊,Sun May 17 20:31:01 +0800 2020,其他,致敬
-吃什么都不要籽,Sun May 17 20:31:02 +0800 2020,北京,感谢守护！让我们还可以看见真的美的存在[心]
ytsycuvud,Sun May 17 20:31:00 +0800 2020,江苏,致敬樊先生！
从八一开始成为杨紫粉丝,Sun May 17 20:30:57 +0800 2020,其他,[心]
橘子juzinana,Sun May 17 20:30:57 +0800 2020,其他,[泪][泪][泪]
天羽天明1996,Sun May 17 20:30:53 +0800 2020,浙江,致敬[鲜花]
会动的星云XY,Sun May 17 20:30:52 +0800 2020,浙江,致敬
荔枝枝甜橙,Sun May 17 20:30:49 +0800 2020,北京,敦煌的女儿[心]致敬！
为zhan而战,Sun May 17 20:30:45 +0800 2020,其他,特别敬佩这样的学者[心][心][心]
橘子juzinana,Sun May 17 20:30:43 +0800 2020,其他,不行了，看不得这个，老想哭了[泪][泪][泪]
王耶啵之歌,Sun May 17 20:30:38 +0800 2020,浙江,致敬致敬[鲜花][鲜花][鲜花]
一只羡521,Sun May 17 20:30:37 +0800 2020,山东,致敬！
住高楼的大叔,Sun May 17 20:30:37 +0800 2020,山东,正在看，泪牛满面
在希望的田野上偷菜,Sun May 17 20:30:35 +0800 2020,其他,致敬！
火山西西旺仔,Sun May 17 20:30:35 +0800 2020,重庆,感谢！致敬！！
肥猪流钢哥超时髦姣妹,Sun May 17 20:30:35 +0800 2020,贵州,新时代依旧有最可爱的人！[心][心][心]
她入他城丿黄泉,Sun May 17 20:30:35 +0800 2020,河南,致敬啊！
寻找我的卡布其诺,Sun May 17 20:30:33 +0800 2020,上海,樊锦诗，阿拉上海的囡恩[给你小心心]
索拉卡走中,Sun May 17 20:30:29 +0800 2020,安徽,伟大的人
75478腼腆hostess,Sun May 17 20:30:26 +0800 2020,江苏,致敬
巙王的阿伽什涅,Sun May 17 20:30:22 +0800 2020,四川,致敬！！[心]
皂角皂角回来了,Sun May 17 20:30:20 +0800 2020,甘肃,致敬敦煌女儿[心]
北山言木,Sun May 17 20:30:18 +0800 2020,安徽,我躺下是敦煌，醒来还是敦煌
我的贱贱老爹,Sun May 17 20:30:16 +0800 2020,江苏,致以最崇高的敬意。但我们还是喜欢范冰冰……钱多哈哈哈哈
Scenery_延谕YAnyU,Sun May 17 20:30:07 +0800 2020,江苏,致敬
糊涂小公主88,Sun May 17 20:30:04 +0800 2020,广东,致敬
炯炯的蓝天,Sun May 17 20:30:01 +0800 2020,广东,致敬
有可乐瘾的苏北辰,Sun May 17 20:30:00 +0800 2020,其他,致敬！
庭北ting,Sun May 17 20:29:54 +0800 2020,其他,致敬
江湖神棍·半仙,Sun May 17 20:29:54 +0800 2020,重庆,繁花似锦如诗[心]致敬[心][鲜花]
芜茗miracle,Sun May 17 20:29:52 +0800 2020,江苏,真的很佩服这些数十年如一日的研究人员，因为热爱，所以坚持，因为信仰，所以坚守，吾辈楷模[心]
乐骊02119,Sun May 17 20:29:52 +0800 2020,河北,镜头前的辉煌感慨背后的付出总是让人感动
蟹味麻豆,Sun May 17 20:29:51 +0800 2020,北京,致敬
小灯泡n,Sun May 17 20:29:47 +0800 2020,其他,🇨🇳🇨🇳🇨🇳[心]致敬
俺是小慧吖,Sun May 17 20:29:43 +0800 2020,北京,致敬！辛苦了[心][心][给你小心心]
柒月二十贰,Sun May 17 20:29:44 +0800 2020,浙江,致敬
活泼的清晨,Sun May 17 20:29:43 +0800 2020,湖北,致敬
木子丶Sun,Sun May 17 20:29:43 +0800 2020,福建,致敬
江浸月PHY,Sun May 17 20:29:41 +0800 2020,湖北,唯一的偶像，希望以后能考上敦煌文学方向的研究生
雨落笔笔,Sun May 17 20:29:40 +0800 2020,广西,[心][心][心]
拥抱勤奋,Sun May 17 20:29:37 +0800 2020,广西,[心][good]
我想要一个特殊的昵称,Sun May 17 20:29:36 +0800 2020,江苏,致敬！（这名字好美啊）
聽雨樓主夏沐,Sun May 17 20:29:33 +0800 2020,河南,致敬！
不安先僧,Sun May 17 20:29:32 +0800 2020,其他,在敦煌看到留存下来的历史印迹实在太震撼了。真的很感动，为了保护中华瑰宝付出一生的人。
月亮上迷路的小兔子,Sun May 17 20:29:25 +0800 2020,山东,一直想去敦煌看看，感谢您的努力🙏🙏
是夏天的水蜜桃啊啊,Sun May 17 20:29:25 +0800 2020,其他,名字好好听啊
小悦爱吃巧克力,Sun May 17 20:29:25 +0800 2020,四川,健康长寿！
夜阑听风52626,Sun May 17 20:29:17 +0800 2020,其他,#感动中国# 这么美好的守护[心]
草儿你可懂我liyifeng,Sun May 17 20:29:16 +0800 2020,四川,[心][心]
红海er先生的蓝二夫人,Sun May 17 20:29:16 +0800 2020,安徽,致敬！！！
痘抖豆,Sun May 17 20:29:07 +0800 2020,河南,致敬
·啵神下凡·,Sun May 17 20:29:06 +0800 2020,河南,致敬[加油]
苏措jwz,Sun May 17 20:29:04 +0800 2020,云南,致敬！
君君子5,Sun May 17 20:29:01 +0800 2020,广西,致敬❤
我血甜哒,Sun May 17 20:29:01 +0800 2020,山东,致敬[心]
头胀头痛,Sun May 17 20:28:55 +0800 2020,广东,致敬！
a执画,Sun May 17 20:28:55 +0800 2020,四川,致敬[心][心][心]
每日甜份,Sun May 17 20:28:54 +0800 2020,四川,致敬 愿健康长寿
潮流与太尉,Sun May 17 20:28:53 +0800 2020,湖北,致敬！[心]
天才鸭Leo,Sun May 17 20:28:51 +0800 2020,上海,致敬[心][心][心][心][心][心]
宝宝联盟,Sun May 17 20:28:51 +0800 2020,福建,致敬[心]
Spriting小蜗,Sun May 17 20:28:50 +0800 2020,其他,致敬平凡人的伟大
超级赛亚强,Sun May 17 20:28:49 +0800 2020,山东,致敬！
恋恋祝廖慧佳0415生日快乐,Sun May 17 20:28:48 +0800 2020,山东,致敬，感恩有你[心]辛苦了，在我心里，您是不老女神，最美的人[心]
柠檬没乔萌,Sun May 17 20:28:48 +0800 2020,河南,致敬致敬[心][心]
洛蜀君,Sun May 17 20:28:45 +0800 2020,四川,致敬
橙糖乔丫,Sun May 17 20:28:45 +0800 2020,其他,致敬❤️
只唱我的歌,Sun May 17 20:28:44 +0800 2020,湖北,致敬[给你小心心][给你小心心][给你小心心]
天蝎祎971120,Sun May 17 20:28:43 +0800 2020,北京,致敬[心]
筱番星,Sun May 17 20:28:36 +0800 2020,其他,致敬
正能量正能量998,Sun May 17 20:28:36 +0800 2020,辽宁,帅王顺福帅王顺福
李现今天买热搜了吗,Sun May 17 20:28:29 +0800 2020,青海,奖励北京一套房可否
KUN-an295,Sun May 17 20:28:28 +0800 2020,四川,致敬
小苏小苏快睡觉,Sun May 17 20:28:26 +0800 2020,广东,致敬[心]
正能量正能量998,Sun May 17 20:28:26 +0800 2020,辽宁,王帅王帅王帅王帅王帅王帅
安心睡觉工作吃,Sun May 17 20:28:25 +0800 2020,其他,求求大家救救我们一家！您的每一个点赞和转发都可能改变我们一家的命运！谢谢各位好心人！
故渊DAYTOY,Sun May 17 20:28:25 +0800 2020,浙江,致敬[心][心]
Philomena0802,Sun May 17 20:28:24 +0800 2020,辽宁,致敬
平台不败,Sun May 17 20:28:25 +0800 2020,上海,[心][鲜花]
权心全意·,Sun May 17 20:28:24 +0800 2020,四川,致敬[心][心][心][心][心]
筱番星,Sun May 17 20:28:23 +0800 2020,其他,感谢您[心][心]
醒一醒吧别做梦了,Sun May 17 20:28:20 +0800 2020,其他,致敬[心][心][心]
卡布奇诺_甜,Sun May 17 20:28:16 +0800 2020,广东,致敬
正能量正能量998,Sun May 17 20:28:16 +0800 2020,辽宁,王帅王帅王帅王帅
拾柒er-swl,Sun May 17 20:28:16 +0800 2020,其他,🇨🇳🇨🇳
北冬er,Sun May 17 20:28:12 +0800 2020,江西,致敬[心][心][心]
