微博内容,微博类别
#感动中国#【转！致敬！#张富清获颁感动中国2019年度人物#】张富清，在解放战争中荣立一等功3次、二等功1次，被西北野战军记“特等功”，两次获“战斗英雄”称号。建国后主动前往贫困山区工作，60多年刻意尘封功绩，直到2018年底采集退役军人信息，儿女才知道他的事迹。致敬感动中国2019年度人物张富清！,正能量
#感动中国#【为他们转发！#四川木里森林扑火勇士#】2019年3月30日，四川凉山木里县发生森林火灾。消防队员们每人负重30余斤，徒步行军8小时，在海拔3700余米处与大火搏斗。因林火爆燃，27名森林消防指战员和三名当地扑火人员牺牲。青山忠诚的卫士，危难的永恒对手。致敬感动中国2019年度人物四川木里森林扑火勇士！,正能量
【钟南山：#我国新冠肺炎患病率全世界最低#】钟南山：新冠肺炎完全是新的，抗击它非常需要科技工作者发挥创新能力。在抗疫中，他们贡献了很大力量。面对急性突发性传染病，早期阶段预防非常重要，我国采取了在震中集中围堵、在震外联防联控的正确战略，到目前为止，我国患病率、病死率都是全世界最低的。（总台央视记者陈旭婷 罗平章 陈杰雄）,正能量
【#杜富国抱着妈妈哭了#】杜富国负伤后，妈妈李合兰一直陪伴左右。看不见妈妈容颜，但他能感觉到妈妈老了很多。这几天，杜富国和弟弟妹妹悄悄策划，给妈妈买礼物。杜富国跟妈妈说：“我代表弟弟妹妹拥抱你一下，我们都爱您！”抱着妈妈，杜富国哭了！网友：杜妈妈，你的孩子都是好样的！,正能量
#感动中国#【转起致敬！#她用满头白发换来敦煌容颜永驻#】樊锦诗，敦煌研究院名誉院长，大半辈子的光阴奉献给了敦煌石窟。她扎根大漠，完成了敦煌莫高窟的分期断代、构建“数字敦煌”等重要文物研究和保护工程。半个世纪的风沙，不是谁都经得起吹打。致敬感动中国2019年度人物樊锦诗！感谢守护！,正能量
【那年，他们曾风华正茂！#16位大咖的青年照#】袁隆平、钟南山、屠呦呦、钱学森…那些年，这些灿若星辰的名字，也曾风华正茂。转发，致敬国士无双！#青春的逆行#,正能量
【“30年后，人们会记住我们吗？”】1986年，在生命的最后时光，邓稼先要求再去看一眼天安门。望着长安街的车水马龙，他在人民英雄纪念碑前坐了下来，问道：30年后，人们会记住我们吗？,正能量
【#阅兵小姐姐跪地半小时救治老人#：腿麻了不算啥】12日，陆军军医大学士官学校护理专业学员赵怡婷在家上网课时，听到楼下老人晕倒的消息。她蹬上拖鞋“破门”而出，到现场后一边安慰老人一边进行急救。直到救护车远去，才发现自己一直单膝跪地，右腿早已麻木。赵怡婷曾参加国庆阅兵，是女兵方阵中的一员,正能量
【#清华学霸放弃保研成为女特种兵#：只要人不倒下，就要一直跑下去！[加油]】她是清华学子，拿过全国青年田径锦标赛800 米和1500米冠军，带着一张张闪亮的“名片”放弃保研机会，从清华大学参军入伍。负重爬绳、高空索降、泥潭匍匐、快速精准射击......通过各项严酷训练，她以新兵第一名的成绩入选女子特战队。她就是郭婧，陆军第83集团军某特战旅的一名特战女兵。,正能量
【广西妇联追授梁小霞同志广西三八红旗手称号】5月26日12点27分，广西第七批援湖北省抗疫医疗队员、南宁市第六人民医院护士梁小霞，因病情危重，经全力抢救无效，在南宁不幸逝世。梁小霞同志生前是南宁市第六人民医院内一科护士。2015年7月参加工作以来，梁小霞视患者为亲人，工作任劳任怨，得到同事、患者们的一致好评，先后荣获南宁市第六人民医院先进工作者及优秀护士、广西青年五四奖章等荣誉。,正能量
【#陶勇医生握住为他挡刀患者家属的手#】27日，北京朝阳医院眼科诊室，正在出诊的陶勇医生遇到了在伤医事件当天为他挡过刀的患者家属田女士带女儿复诊，#两只伤痕累累的手握在了一起#。田女士：当时真的没有想太多。陶医生就像自己的亲人、朋友一样。陶勇医生：“我觉得自己不是孤独的。只要我还能感受到支持的力量和感受到患者的关心和温暖，就还会继续在这个岗位上坚持下去。,正能量
【四川木里森林扑火勇士当选感动中国2019年度人物】#感动中国# 2019年3月30日，四川凉山木里县发生森林火灾。消防队员们每人负重30余斤，徒步行军8小时，在海拔3700余米处与大火搏斗。因林火爆燃，27名森林消防指战员和三名当地扑火人员牺牲。青山忠诚的卫士，危难的永恒对手。,正能量
【#长治# 感动中国2019年度十大人物：黄文秀，曾就读于长治学院】颁奖辞：有些人从山里走了，就不再回来，你从城里回来，却再没有离开。来的时候惴惴，怕自己不够勇敢，走的时候匆匆，留下最美的韶华。百色的大山，你是最美的朝霞，脱贫的战场，你是醒目的黄花。黄文秀的父亲黄忠杰、姐姐黄爱娟来到“感动中国”颁奖盛典现场。她是扶贫路上的年轻女英雄！本科就读于山西省长治学院，后来成为北京师范大学法学硕士。毕业后回乡工作，2018年来到广西壮族自治区百色市乐业县新化镇百坭村担任驻村第一书记。可没想到，在来到这个村子的第二个年头就遭遇山洪因公殉职，才30岁。她是坚持“回来”的人！导师说，“以她的能力，留京或出国都没问题。”但是她坚持回报家乡的初心；她是扶贫路上的“女战士”！到任之初，百坭村交通不便，472户人中，还有103户473人未脱贫。初来乍到，乡亲们都说她是来“镀镀金”的。为了取得乡亲们的信任，黄文秀直接住到村里，翻山越岭，挨家挨户走访，手绘“民情地图”，学会当地方言，帮着大伙儿扫院子、干农活。后来帮村里引进了砂糖橘种植技术，教村民做电商；协调给每个村建起了垃圾池。在任期间，103户贫困户顺利脱贫88户，村集体经济项目收入翻倍。黄文秀还协调完成了1.5公里的道路硬化，新建蓄水池4座，完成两个屯47盏路灯的亮化工作。她说：“扶贫之路就像一条长征路，无论多么艰难，都会坚定不移走下去。”她是“干干净净的公仆”！其实在一线扶贫的黄文秀，双亲体弱多病，曾是建档立卡贫困户。在她选择回到家乡工作时，父亲对她说：“你入了党，就要为党工作，回到家乡做一个干干净净的人民公仆。”她没有辜负父亲的期望！年轻的黄文秀，用扶贫工作的成效诠释了自己的赤子之心，她的青春像鲜艳的花朵，永远绽放在百色革命老区。,正能量
张富清，在解放战争中荣立一等功3次、二等功1次，被西北野战军记特等功，两次获战斗英雄称号。新中国成立后主动前往贫困山区工作，60多年刻意尘封功绩，直到2018年底采集退役军人信息，儿女才知道他的事迹。致敬感动中国2019年度人物张富清！,正能量
从奉献大半生光阴，致力于敦煌保护的学者樊锦诗，到在四川凉山木里森林火灾中牺牲的31名扑火勇士；从研制脊髓灰质炎疫苗糖丸保护了几代新中国儿童的科学家顾方舟，到慈善捐资300多万元回报社会的盲人中医师朱丽华；从战功赫赫却深藏功名，坚守初心不改本色的老英雄张富清，到顽强拼搏、永不言弃，创造世界大赛十冠王奇迹的中国女排……他们，将“伟大”与“平凡”画上等号，用担当和勇气感动中国。,正能量
#自强故事#【只要心中有光，人生就不会黑暗！】18岁因伤失明后，朱丽华通过学习成为盲人中医师，并经营着一家诊所，为100多名残疾人提供岗位。多年来，她坚持做慈善，累计资助贫困学生480人次，为希望工程捐款373万元！不幸关上了她的门，但她帮别人打开了窗。,正能量
致敬感动中国2019年年度人物樊锦诗 # 感动中国 ## 她用满头白发换来敦煌容颜永驻# 樊锦诗，敦煌研究院名誉院长，她是江南闺秀、北大高材生，却一生守护着西北荒漠的735座洞窟。她60岁受任敦煌研究院院长，80岁退休，致力于莫高窟的永久保存与永续利用。她发起的“数字敦煌”工程，被季羡林称赞“功德无量”。她就是樊锦诗。可以说，没有樊锦诗，就没有今天人们看到的莫高窟。樊锦诗在《我心归处是敦煌：樊锦诗自述》中，首度面对读者，亲述自己不平凡的人生：北京大学求学往事，与终身伴侣彭金章先生相濡以沫的爱情诗篇，五十多年坚守大漠、守护敦煌……,正能量
#中国女排荣获感动中国年度人物# 中国女排荣获感动中国2019年度人物。惠若琪、冯坤、徐云丽代表领奖。感动中国给中国女排的颁奖词是：几十年拼搏不息，几代人热泪盈眶，在低谷中奋起，从不放弃，面对强敌出手从不言败，你们的身影是民族性格的缩影，你们的脚步是一个国家成长的历程，奏国歌升国旗，你们超越了体育，是国家的英雄。,正能量
【初心自慷慨，祖国不会忘记】解放战争时，张富清两次获“战斗英雄”称号，被西北野战军记特等功，先后荣立一等功3次、二等功1次。新中国成立后，他主动前往贫困山区工作，从此深藏功与名。60多年来，他坚守使命初心，从不居功索取，就连儿女也不知道他的事迹……致敬,正能量
#厦门资讯#【厦大美籍教授潘维廉获评“感动中国2019年度人物”】“说实话，不是我感动中国，是中国感动我，感动世界”，“感动中国2019年度人物”潘维廉如是说。1988年起，他在厦门大学管理学院任教，4年后申请永居资格，成为福建省第一个拿到“中国绿卡”的老外；在中国工作生活31年，更是帮助福建省和厦门市获得多个金奖，自己也获得“厦门市荣誉市民”等称号。,正能量
顾方舟，我国脊髓灰质炎疫苗研发生产的拓荒者。2019年1月逝世。1957年，他临危受命研制脊髓灰质炎疫苗。疫苗问世后他以身试药，甚至喂给了不到1岁的儿子……疫苗推广后数十万儿童免于致残。他是一座方舟，载着孩子们渡过病毒的劫难！致敬感动中国2019年度人物顾方舟,正能量
【致敬！孝感汪耀峰当选感动中国人物！】5月17日晚，感动中国2019年度人物揭晓，湖北孝感籍烈士汪耀峰所在集体四川木里森林扑火勇士当选“感动中国2019年度人物”。2019年3月30日，四川凉山木里县发生森林火灾，四川森林消防总队凉山支队西昌大队组织消防队员赶赴现场扑救。第二天，消防队员徒步8小时，在海拔3700余米的地方与森林大火展开搏斗。因林火爆燃，27名森林消防指战员和三名当地扑火人员全部牺牲，这其中包括西昌森林消防大队四中队三班班长、来自湖北孝感孝昌县的汪耀峰。,正能量
【今天，#缅怀程开甲# 】去年今天，“两弹一星”元勋程开甲病逝。1949年，31岁的他婉拒英国导师挽留回到祖国。十年4次转换研究方向，他说#一切为了国家利益#，要我做什么都行。从参与原子弹研制，到参与主持决策30多次核试验，他为中国核武器研究和核试验事业倾注全部心血！缅怀，致敬！,正能量
忠勇之家：杜富国，荣获“感动中国2018年度人物”、“时代楷模”、“排雷英雄战士”、“最美奋斗者”等荣誉称号；杜富佳，贵州省遵义市湄潭县人民医院急诊科护士；杜富强，西藏军区山南军分区某边防连战士，为国戍边；杜富民，湄潭县家礼医院重症监护室医生。今天英雄杜富国的弟妹，正奋战在抗疫一线！,正能量
马旭，女，1933年3月出生于黑龙江省哈尔滨市木兰县，中国首批女空降兵，空军正师级离休干部。她13岁离开故土奔赴战场，曾获得解放勋章、抗美援朝纪念章、保卫和平纪念章。2018年9月，马旭将毕生积蓄1000万元捐给家乡，用于教育、公益事业。2019年，她先后获得感动中国2018年度人物、入选“中国好人榜”、获评第七届全国道德模范荣誉称号,正能量
【微视频丨人民至上】这是砥砺奋进的中国。国庆阅兵，热血澎湃；嫦娥四号，着陆月背；大兴机场，凤凰展翅。这是风雨洗礼的中国。疫情突来，勇士逆行。这是众志成城的中国。风雨同舟，守望相助。这是勇往直前的中国。坚持人民至上！紧紧依靠人民！不断造福人民！牢牢植根人民！贯彻落实2020年全国两会精神。凝聚中国信心，传递中国力量。,正能量
【听！#中国同期声#】一年多来，哪些声音让你难以忘怀？坚定的步伐，胜利的宣言，还是风暴下的万籁俱寂…艰难的呼吸、哀恸的鸣笛，我们都挺过来了！中华民族历经苦难，但没有任何一次苦难能够打垮我们！今天，#十三届全国人大三次会议召开#！聆听中国声音↓↓不负韶华，继续前进！,正能量
【长镜头：会场内外的河北代表】人民代表，代表人民。5月21日至28日，河北代表团代表带着民情民意，为国履职、为民尽责。一条条建议连接起党的主张、国家意志、人民心声。关键时刻，特殊两会。8天来会场内外留下的这一幕幕镜头，是国家“大蓝图”照进群众“小目标”的记录，是凝聚共识、传递信心、汇聚力量的见证。每一个眼神都这样专注；每一个声音都更加坚定；每一张面孔都传递信心；长镜头，诉说家国事。让我们一起传递：这份中国信心，这股河北力量。,正能量
【新时代应急人好样子|丁良浩：消防卫士为人民】 4月28日，共青团中央、全国青联共同颁授第24届“中国青年五四奖章”，表彰青年中的优秀典型和模范代表。决定授予丁良浩等60名同志第24届“中国青年五四奖章”。20年的消防救援职业生涯，他先后参加灭火救援战斗3000多次，营救遇险群众200余人，出色完成2008年汶川抗震救灾、2014年南京青奥会安保、2016年江苏靖江德桥仓储有限公司火灾扑救等任务,正能量
【帅气！他们是高原上英勇的骑兵】2019年，尼都塔生获得#最美新时代革命军人# 称号。尼都塔生经常带领连队官兵进村入户宣传党的创新理论、惠民政策，积极给牧区群众做好事办实事，长期资助地震中失去双亲的姐弟完成学业，定期为困难群众送去生活必需品和常用药物，为驻地民族团结、和平稳定作出积极贡献。,正能量
#这样的老师可以多来一些#【#高三老师穿小熊服装给学生减压#，全班沸腾了！】#复学# 近日，西安一名高三老师为给即将参加高考的学生们减压，穿上一套小熊衣服走进教室，并举起“你们最棒”的牌子给他们加油打气。全班同学顿时沸腾了。当老师摘下头套的那一刻，更是让人泪目。向老师致敬！同学们加油,正能量
【头戴“金头盔”，他要做有血性的空军飞行员】刘飞，2019年获得#最美新时代革命军人# 称号，是空军某旅飞行大队大队长。刘飞注重把备战打仗要求落实到本职岗位上，深研制敌战法，苦练打赢本领，积极探索武器全功能开发运用，攻克重难点问题13个，完成战法课题研究10余项，先后执行重大战备训练任务10余项，2018年执行远海长航时任务飞行，创某型战机航时最长、航程最远纪录,正能量
【被可爱到了！保安叔叔人工移动雨棚送小朋友放学】在一所学校里，小朋友们放学遇到下雨天，保安叔叔人工移动雨棚送小朋友放学。网友看后为学校的暖心举动点赞，评论说：被可爱到了，好人性化。,正能量
【他带着藏族同胞开启甜蜜的致富之路！】#最美支边人# 从19岁作为驻藏战士，伍国强就爱上了西藏这个地方！退伍后，伍国强报名参加援藏工作。在浏阳曾尝试养蜂，颇有经验。一番考察，他惊喜地发现，在西藏自治区的贡嘎县，天然蜜源植物分布广泛，加上昼夜温差大，病虫害少，非常适合发展养蜂业。然而，当地农牧民因为缺乏技术指导，几乎从未接触过人工养蜂。不少村民甚至误认为蜜蜂采花授粉会破坏农作物，很是抵触。为了帮助当地农民脱贫致富，伍国强4次踏上援藏之路，逐渐打破了当地人民对蜜蜂养殖的偏见，也逐渐带着当地人走上了“甜蜜”的致富之路。,正能量
【#中国女排获感动中国年度人物# #女排精神# ]】30多年来，女排魅力不衰，粉丝遍中华，纵跨几代人。2019年国庆前夕，中国女排第10次荣膺世界大赛冠军！她们的身影是民族性格的缩影，她们的脚步是一个国家成长的历程。我们没赢够！致敬中国女排,正能量
【可爱的中国人！对着交警喊：“拿去，撑起！”】5月11日早高峰，贵州正安的两名交警在指挥交通时，天降大雨。一辆小轿车缓慢从路中驶过，驾驶员突然将一把雨伞从车内扔向交警，交警迅速将伞交还。然而，驾驶员经过另一位交警身边时，再次将伞丢了出去，喊道：“拿去，撑起,正能量
【感动！消防员用后背给被困人员当人梯】#5·12全国防灾减灾日# 上海市黄浦区消防救援支队车站消防救援站是上海消防队伍中的一面旗帜。车站消防救援站驻守在上海“心脏”地带，承担着黄浦区内3.21平方公里范围内的灭火救灾、抢险救援及社会救助任务。2011年9月27日，上海轨道交通10号线发生两列列车同向运行，导致追尾碰撞事故。接到指挥中心指令后，车站消防救援站第一时间赶到现场。危机时刻其中一名消防员俯下身子，用后背当起了人梯，顿时温暖了被困群众，也安抚了大家紧张的心情。,正能量
【他们守卫故宫安危，只为下一个600年】#5·12全国防灾减灾日# 蔡瑞是北京市天安门地区故宫特勤站的政治指导员。作为世界上最大木质结构建筑群的“守夜人”，蔡瑞自2014年加入中队以来，竭力守卫故宫安全，他所带领的特勤站，也努力延续着近半个世纪“零火灾”的消防奇迹。他们说：“ 要将故宫完整的，交给下一个600年…… ”,正能量
【国际护士节，致敬最美的白衣天使！】他们披星戴月，早出晚归；他们专业坚定，用爱心守护尊严；他们是照亮黑暗病痛中的一束光。在突如其来的抗疫时刻，他们挺身而出，用生命守护生命。今天是国际护士节，让我们一起说一声：感谢你们，护士节快乐,正能量
【#扬州#“净塑青年”护长江 两年如一日“捡垃圾”】为小伙点赞！扬州市扬子江公园，90后小伙贾一凡一边跑步一边还捡拾垃圾，两年如一日。在南京体育学院读研究生时，贾一凡就参加了环保社团，开始投身长江“净塑行动”，立志保护长江水生态。附近常来公园跑步的市民都对他投来了赞许的目光。,正能量
【99年的男护士！小伙子你是好样的！】21岁的梁顺是武汉金银潭医院最年轻的ICU护士。他曾戏称自己是“菜鸟都不如的蠢蛋”，却在大年三十不顾家人反对，回到医院战疫。由于在传染病医院上班，他原来不乐意和别人介绍自己的工作。但如今，他会毫不犹豫说：“我在金银潭医院上班！挺牛的！,正能量
【放弃国企工作，这个小伙偏要当个护林员！为啥？】#五四精神·传承有我# 1987年，刘天娇出生在广东省河源市的龙川县。2010年大学毕业，按照多数人“先就业再择业”的思路，刘天娇成为广州某国企的员工。虽然在别人眼里这是一份不错的工作，可在刘天娇心里并不这么认为，因为他心里一直有个回乡梦,正能量
【从计划3年，到坚持7天，这个小伙将一所只有33人的学校救活了】2011年，山东小伙陶建刚从西安文理学院毕业后，响应国家“中央特岗教师计划”的号召，来到陕西省铜川市耀州区照金北梁红军小学支教。到金北梁红军小学时，这座建于上世纪50年代的小学，学校只有1至3年级，一共33名学生。原本，陶建刚计划着服务期3年一满就离开，但山村学生们热切又期盼的目光，将他牢牢的留在了学校，一干就是7年。而这所学校也因陶建刚到到来，发生了翻天覆地的变化,正能量
【为了村民致富，这个村官掏出了自己的嫁妆建大棚】#五四精神·传承有我# 为了找到实现梦想的路径，高考报名时，杨媚毅然选择了农村区域发展专业。大学毕业后，她到农业企业实习了两年，对农业产业化经营，农产品全产业链加工和销售等方面，深入全面地进行了学习。2011年，杨媚作为大学生村官被选派到重庆市荣昌区吴家镇双流村，开始她的基层工作。吴家镇双流村地势平坦、土地肥沃、水源方便，是天然的蔬菜种植地。杨媚来到村里的第一件事，就是谋划特色产业发展。缺乏启动资金，杨媚反复劝说父母，将自己的嫁妆和装修新房的13万元拿了出来，流转土地6亩，建设了8个标准化的蔬菜大棚，开始了艰辛的创业之路,正能量
【北大才子扎根大西北 要用真心换真心】#五四精神·传承有我# 2013年，北京大学硕士毕业的宗立冬，毅然放弃优渥的工作待遇和生活环境，来到宁夏回族自治区吴忠市利通区基层乡镇做了一名定向选调生。参加工作6年来，宗立冬从学说方言开始，走烂泥路受日头晒，吃本地饭知百家事，学习当地民风习俗，逮着空子就与群众聊天，他尽心解决群众困难。多看多问多干，勤跑腿常思考，久而久之，群众从最初的冷眼以待到最后的笑脸相迎。他逐渐明白，要融入群众中，必须埋头苦干，将心比心。,正能量
【从白大褂到警服，这位90后成了社区全能手】#五一劳动节# #最美基层民警# 从“白大褂”到“警察制服”，他用7年的忠诚坚守与刻苦钻研，诠释着“人民警察为人民”的神圣职责。他就是贵州省安顺市公安局经开区分局西航派出所里的“全能90后”---社区民警胡鹏。2012年，应用化学专业毕业的胡鹏成为实验室里一员。由于工作地点在北京，无法照顾远在贵州安顺的家人，2013年，胡鹏决定脱下白大褂，辞职回到安顺，并成功考入西航派出所。会作图、能调解、做普法、懂消防，还能开的了无人机，不忘初心的坚守，让胡鹏在社区工作中逐渐成为一名全能的多面手，用忠诚与担当书写属于他的青春答卷。,正能量
【不服管的女囚生病，这位女警照顾3天3夜终感化，女囚说出惊人秘密】#五一劳动节# #最美基层民警# 一天在押人员路某突患疾病，情况危急，民警陈丽莉不眠不休的照顾了路某3天……在陈丽莉的感化下，曾经常爱闹监的路某，不但态度发生巨大转变，还主动向陈丽莉提供案件线索，帮助警方破获一起抢劫杀人案件，抓捕犯罪嫌疑人2人。“如果触碰不到在押人员心灵深处，就谈不上真心思过。,正能量
【怎么可以这么暖❤️ 15名消防员出警归来用餐 好心人悄悄帮忙支付】4月26日早上，广西贺州市区的一家米粉店内，刚出警归来的15名消防员在用餐时，发生了这样暖心的一幕...一名女子在用餐时突然起身走到收银台前悄悄地为消防员们支付了早餐钱，便与同行的男孩吃完粉后匆匆离开,正能量
【央视快评|党和人民要给你们记头功】来时冬雨霏霏，还时春暖花开。随着湖北武汉疫情防控形势稳步好转，中央组织各地援鄂医务人员分批撤离。白衣天使们还没来得及观赏武汉大学的樱花，就匆匆踏上归程。英雄归乡，湖北当地干部群众深情致谢：“谢谢你们为我们拼过命！”,正能量
【孕妇临产，消防员爱心护送】2020年3月1日湖北宜昌，一位即将临产的孕妇突感不适，但在疫情期间又有交通管制，孕妇拨打了119，向消防员求助，能将她送往医院。经医院检查，孕妇状况不佳，第二天就要进行剖腹产手术，可是作为医生的丈夫正在一线抗疫，父母又被隔离，消防员决定全程陪产！“蓝”朋友，很给力！,正能量
【酸了！“520”宿管阿姨收到“甜蜜暴击”】5月20日，扬大扬子津校区一群即将毕业的大学生们用精心准备的“神秘礼物”，向照顾他们四年的宿管阿姨真情表白，也感谢阿姨在疫情期间帮他们晒被子。看到同学们搞“突然袭击”，宿管阿姨们都十分惊喜。宿管高阿姨说，她的孩子也上大四，看到这些学生就如同看到自己的孩子。孩子们的心意，让宿管赵阿姨也百感交集，她说：“很激动，有点控制不住自己了，谢谢你们孩子们，阿姨给你们一个拥抱呗。,正能量
【谁说90后很幼稚？#我们在用自己的方式长大#】那些祖国的花儿，那些追梦的孩子，现在在哪？他们在抗疫一线和死神抢人；在志愿者群里一声呼喊，万千回应；在传递温暖的路上风雨无阻；在烈火汹涌时坚守一线守护希望。当他们被热爱点燃，眼里光芒万丈。明天儿童节，一起做热爱守护者！,正能量
#点赞逆行英雄#【#江苏青年好样的#！共青团江苏省委、现代快报暖心倡议：致敬最美青年】最美的青春是什么？无数江苏青年用坚守和奋斗，书写了一张张最朴实最真诚的青春答卷。在“五四”青年节即将到来之际，共青团江苏省委联合现代快报推出“江苏青年好样的”系列报道，并设置微博话题，点赞最美青年，致敬青春力量。有什么话想对最美青年说，微博输入#江苏青年好样的# #点赞逆行英雄#，就能参与互动，一起致敬新时代的青春奋斗者和追梦人,正能量
#博士生在派出所完成论文答辩#【小区突然停电，南农博士生派出所里完成线上答辩】5月28日，南京农业大学应届博士毕业生陈先生为了能有一个安静稳定的环境专心答辩，特意在后宰门派出所附近的青年公寓订了一个房间，等待8时30分的答辩视频会议。结果7时40分许，社区突然停电，等了很久也没有恢复用电，眼见答辩的时间越来越临近，陈先生一筹莫展，决定外出求助。陈先生的女友情急之中向后宰门派出所求助，民警为陈先生准备房间，还开了空调点了蚊香，最终他顺利完成博士论文答辩,正能量
【“1+5”制度体系助燃再创火红年代】 今年以来，苏州市纪检监察机关立足“监督的再监督”，全力推进激励干事担当“1+5”制度体系落地见效，拓展深化容错纠错机制，严肃查处诬告陷害行为，扎实开展“为官不为”专项整治，推动构建“清上加亲”政商关系，为营造干事创业良好环境提供坚强纪律保障,正能量
【人民痛恨什么就坚决纠正什么】近日，习近平总书记在参加内蒙古代表团审议时强调，坚持人民至上，不断造福人民，把以人民为中心的发展思想落实到各项决策部署和实际工作之中。纪检监察机关践行初心使命，必须站稳以人民为中心的根本政治立场，坚决维护人民群众利益。如何整治发生在群众身边的腐败和作风问题，引发参加两会的纪委书记、监委主任热议,正能量
#2020看两会#【#何为人民至上#？】在抗击新冠肺炎疫情的关键时刻，亲赴湖北武汉考察疫情防控工作；多次到贫困地区考察，风雨兼程，访贫问苦；对老百姓身边的“操心事”“烦心事”看得重、问得细……人民，习近平总书记满怀深情，始终牵挂。“人民至上、生命至上，保护人民生命安全和身体健康可以不惜一切代价。”习近平总书记这番情真意切的讲话，体现出中国最高领导人和中国共产党一切为了人民、一切依靠人民的坚定信念。,正能量
