评论者,评论时间,评论地点,评论内容
烛火下乌托邦,Thu May 28 12:44:30 +0800 2020,四川,今年欧冠的成绩来看，么有范迪克啥事了，只有看看莱万有没有机会
烛火下乌托邦,Thu May 28 12:43:30 +0800 2020,四川,过分了过分了[污][二哈]
BlAnkaNdAi,Thu May 28 12:15:18 +0800 2020,其他,什么都是100%太可怜了，你爸妈可能都不能百分百生出你这么个杠精[doge]
阿宝说她帮我想不出来微博名,Thu May 28 11:02:08 +0800 2020,江苏,举报了
大星侃球,Thu May 28 05:43:42 +0800 2020,上海,不可否认，但我只想说气运也是实力的一种。其实世界杯就能看出来不假，个人实力却实实在在，不管发挥是否存在外在条件，至少证明他有。真的是牛X！
史蒂芬程,Thu May 28 00:34:55 +0800 2020,江苏,在一些烂队上疯狂大四喜大三元梅开二度！
史蒂芬程,Thu May 28 00:34:16 +0800 2020,江苏,美洲杯都那边到呀！弟弟，你哭吧！
呆萌的出击,Thu May 28 00:26:24 +0800 2020,广东,[good]
zhlyp,Wed May 27 23:15:46 +0800 2020,江苏,厉害
家q_helloworld817027,Wed May 27 22:36:13 +0800 2020,福建,梅只西一座差力大神杯，梅老注六定会入载球足史册[挤眼][并不简单]
cole__l,Wed May 27 14:56:56 +0800 2020,上海,又来一个不识字的，9年义务教育怎么开展的[跪了]
曼城的21,Wed May 27 12:38:14 +0800 2020,广东,哪个球星每个进球不靠队友啊
你我是的lucky7,Wed May 27 08:09:07 +0800 2020,其他,梅西只一座差神力大杯，梅六注老会载定入足史球册[憧憬][好爱哦]
你我是的lucky7,Wed May 27 08:05:42 +0800 2020,其他,我度一以为开梅度二从梅是西而来[笑而不语][嘻嘻]
浅音殿影子94858,Wed May 27 07:28:32 +0800 2020,其他,球王不是吹的
Almsss,Wed May 27 02:33:25 +0800 2020,新疆,马内拿了非洲杯亚军  又是利物浦大腿  我真不知道他比范迪克哪里差   范迪克无非就是吹出来的而已
不会水的湖中鱼,Wed May 27 00:28:03 +0800 2020,湖北,你以为你以为的就是你以为的。[鼓掌]说的就是你
这个ID屌爆了,Tue May 26 23:31:49 +0800 2020,重庆,2020了还体系体系呢？
阿尔的太阳1,Tue May 26 21:42:20 +0800 2020,其他,这不否认，双娇其实真的伯仲之间，但是真论最巅峰，个人认为梅西这一年的表现史无前例
首发11人,Tue May 26 20:55:22 +0800 2020,北京,完美本身就不存在，细数足坛所有伟大球星，没有一位是啥都不缺的，没有！所以梅西什么也不差[作揖]
首发11人,Tue May 26 20:54:12 +0800 2020,北京,支持你的个人观点，虽然我认为梅西当之无愧
首发11人,Tue May 26 20:53:13 +0800 2020,北京,你说的本质道理其实说的就是足球的本质：足球是团体运动！所以前提把梅西拉出来然后再去讨论他的团队如何，这本身就是个伪命题！
傻子才悲哀_,Tue May 26 20:45:17 +0800 2020,湖南,双杀才算被虐吧
桐我落操场玩跑步,Tue May 26 20:44:43 +0800 2020,广东,我喷谁了?你又高潮了?
傻子才悲哀_,Tue May 26 20:44:21 +0800 2020,湖南,没人跟你解释  因为没人把你当回事
桐我落操场玩跑步,Tue May 26 20:43:56 +0800 2020,广东,那不至于
桐我落操场玩跑步,Tue May 26 20:38:44 +0800 2020,广东,老喷子了
赖瑞霖_Roob,Tue May 26 20:32:34 +0800 2020,其他,我一度以为梅二开度是从梅西而来[挤眼][哈欠]
赖瑞霖_Roob,Tue May 26 20:29:36 +0800 2020,其他,梅西只一座差力神大杯，梅老六定注载入会足球史册[可怜][笑而不语]
杨伟祺_Treutel,Tue May 26 20:15:48 +0800 2020,其他,我度以一为梅二度开从是梅而西来[笑而不语][思考]
杨伟祺_Treutel,Tue May 26 20:14:25 +0800 2020,其他,那一年一的个梗是，梅一西赛个的进季球比建易一联赛个季进的还球多。。。[憧憬][思考]
嗄普唑仑,Tue May 26 20:00:53 +0800 2020,重庆,口嗨谁不会呢？
WiAir,Tue May 26 19:50:27 +0800 2020,江苏,英超啥时候开始啊
火玖瑰6473925509,Tue May 26 19:43:01 +0800 2020,广东,好好看比赛
毛立辉WHITE,Tue May 26 19:29:23 +0800 2020,其他,第金个六是球克迪范的，不解想释[吃瓜][憧憬][鼓掌]
南宋木木,Tue May 26 19:21:07 +0800 2020,其他,[心]他会把迟到的这段时间全部[心][心]补偿给你 他会很爱你 只爱你 ​​​今天了解自己，觉得这样[心]更用心一点，接下来都是好日子。快戳这→
Vicki-馨w,Tue May 26 19:16:02 +0800 2020,台湾,"[心][心]命由己造,相由心生,境随运转[心]脱单必测桃花运势！[鲜花][鲜花][鲜花]"
玩偶youtheeprt,Tue May 26 19:13:22 +0800 2020,甘肃,这可是我们班男同学都想那啥的，高冷美女班主任林雨薇啊！我就这么看到她的身子了....当时我真是激动的都差点叫起来
IC-毛,Tue May 26 19:12:19 +0800 2020,四川,我车夺冠圆梦那年？
居居开心MeL972,Tue May 26 18:54:06 +0800 2020,其他,八年前今的天，梅进打西了在2011[思考][鼓掌]
天信不堂相泪水,Tue May 26 18:23:45 +0800 2020,其他,那一的年一梗个是，梅个西一赛季进球比的易建联赛个一季进的还球多。。。[鼓掌][思考]
啪嗒啪臭咸嗒鱼,Tue May 26 18:03:32 +0800 2020,其他,第个六球金是迪范克的，不解想释[吃瓜][酷][好爱哦]
心如荒_lu,Tue May 26 17:32:26 +0800 2020,黑龙江,八年前今的天，梅打西进在了2011[挤眼][并不简单]
阿波罗529,Tue May 26 16:57:31 +0800 2020,山东,转发微博[好爱哦][憧憬]
诗湘夜雨梦,Tue May 26 16:53:18 +0800 2020,甘肃,没必要撕逼，身价是最能体现一个运动员的水平高低了吧，去查一下，C罗梅西身价现在相差多少？往前再翻几年再看一下
红粉薯圆,Tue May 26 16:24:52 +0800 2020,浙江,我度以一梅为开二度是梅从而西来[挤眼][笑而不语]
积雨云Called,Tue May 26 16:08:24 +0800 2020,江苏,新浪早有内鬼
cole__l,Tue May 26 15:43:05 +0800 2020,上海,卡不懂，您比较深奥，他们都不是体系，您才是体系
morality6688201903,Tue May 26 15:31:55 +0800 2020,四川,八年的前今天，梅西打进在了2011[嘻嘻][鼓掌]
天胤-北斗七星,Tue May 26 15:09:18 +0800 2020,广东,没必要，那场都有失误
像泥马一样踢球,Tue May 26 15:05:45 +0800 2020,北京,四大皆空都拿，各人数据世界第一怎么还不能拿了
像泥马一样踢球,Tue May 26 15:04:37 +0800 2020,北京,，梅西的一条龙怕是比你那位的20倍都要多，你说吃饼叫体系还是造饼叫体系
像泥马一样踢球,Tue May 26 15:01:05 +0800 2020,北京,宁说说，来人个人数据，再说说球队成绩
这个昵称还有人用呢,Tue May 26 14:55:19 +0800 2020,福建,然而那个赛季西甲冠军是皇马[doge]
唐小姐de余先生,Tue May 26 14:43:22 +0800 2020,湖南,就比如我看了一部烂电影，既然都已经花了两个小时看完了，还差这几个字评价吐槽一下烂？
cole__l,Tue May 26 14:03:06 +0800 2020,上海,我打的字再多是自己发表观点，你打的字再少也是专门回复一个你认为毫无意义的观点，那还是你比较不划算，还提醒一下总是好的，对谁好[笑cry] [笑cry][笑cry]
唐小姐de余先生,Tue May 26 13:53:48 +0800 2020,湖南,你看我几个字，你打了几个字？提醒一下总是好的[二哈]
手机zhuan卖,Tue May 26 13:25:10 +0800 2020,其他,[good][good]
wasted_2099,Tue May 26 13:11:54 +0800 2020,其他,国家德比跳水骗点 输球怪后卫 我罗历史第一[太开心]
马德拉的罗纳尔多男宠,Tue May 26 13:10:14 +0800 2020,其他,欧冠两年逆，无人能敌[允悲]
伪球迷不懂球呀,Tue May 26 13:10:03 +0800 2020,北京,前无古人，后难有来者
wasted_2099,Tue May 26 13:08:57 +0800 2020,其他,天神下凡怒夺意甲9连 确实达不到[悲伤]
wasted_2099,Tue May 26 13:07:52 +0800 2020,其他,懂球帝快去懂球帝查查数据吧 还3个欧冠
马德拉的罗纳尔多男宠,Tue May 26 13:05:29 +0800 2020,其他,小学生一样，掉价[允悲]
马德拉的罗纳尔多男宠,Tue May 26 13:05:03 +0800 2020,其他,哈哈哈哈，霉屎就这智商，你急死了吧哈哈，国家队先拿个每周杯冠军，整天吹，两个冠军都没有，欧冠冠军才三个，慢慢追[笑而不语]
wasted_2099,Tue May 26 13:04:21 +0800 2020,其他,快去查快去查 去懂球帝查[偷笑][可怜][悲伤]
wasted_2099,Tue May 26 13:03:33 +0800 2020,其他,你急了你急了你急了你急了你急了你急了你急了你急了你急了你急了你急了[偷笑]5:0大胜梅西两次喂饼比利亚 你查一下？
wasted_2099,Tue May 26 13:02:36 +0800 2020,其他,欧冠半决赛一条龙破门 某史佳低头叉腰
马德拉的罗纳尔多男宠,Tue May 26 13:01:28 +0800 2020,其他,狗萨萨大胜和你儒有啥关系？没了哈白布你儒就是隐身狗，最近的国家德比你儒进球了吗？你儒已经几场国家德比隐身了？要不要爸爸帮你查查？
wasted_2099,Tue May 26 12:59:41 +0800 2020,其他,国家德比从1:0到5:0的比分全部集齐 我骡历史最佳毫无争议
宋晓唐,Tue May 26 12:59:00 +0800 2020,天津,ctmd伊瓜因
宋晓唐,Tue May 26 12:58:26 +0800 2020,天津,我只想说，ctmd伊瓜因
wasted_2099,Tue May 26 12:58:17 +0800 2020,其他,巴萨8:0大胜后某人叫嚣有种也进我们8个 最后0:5惨败 没能实现愿望
马德拉的罗纳尔多男宠,Tue May 26 12:57:14 +0800 2020,其他,每周杯六场一点，心疼我儒再次热搜
wasted_2099,Tue May 26 12:55:55 +0800 2020,其他,国家德比高射炮吐饼 倒钩解围 读秒绝杀
90后的星如雨,Tue May 26 12:55:23 +0800 2020,福建,这算是天神下凡吧
马德拉的罗纳尔多男宠,Tue May 26 12:54:38 +0800 2020,其他,退队帽子戏法
wasted_2099,Tue May 26 12:54:07 +0800 2020,其他,单场跳水梅开二度
马德拉的罗纳尔多男宠,Tue May 26 12:53:27 +0800 2020,其他,90分钟隐身记录
wasted_2099,Tue May 26 12:49:36 +0800 2020,其他,10米跳水金牌
大虾酥的妹夫,Tue May 26 12:45:29 +0800 2020,广东,[good]
聪哥有酒窝儿,Tue May 26 12:37:50 +0800 2020,山东,是场均得分吧
cole__l,Tue May 26 12:25:30 +0800 2020,上海,梅老板问你呢 回呀
cole__l,Tue May 26 12:25:02 +0800 2020,上海,毫无意义您还专程回复，您的时间是不是更无意义[笑cry]
唐小姐de余先生,Tue May 26 12:21:19 +0800 2020,湖南,那你在淘宝上买个99包邮的金球奖帮范戴克寄过去，弥补一下他的遗憾[挖鼻]
唐小姐de余先生,Tue May 26 12:19:17 +0800 2020,湖南,讲了一大堆，其实毫无意义
L-zengcan,Tue May 26 12:16:32 +0800 2020,其他,分票严重，如果利物浦有一个像梅西C罗一样的就金球了[嘻嘻]
金石滩托雷斯,Tue May 26 11:33:30 +0800 2020,辽宁,那时候中场啥配置啊，都把球传门里[doge]
雷帝甲佳,Tue May 26 11:31:25 +0800 2020,安徽,是啊。可是那个时候黑他是主流，渣浪体育标题天天怒砍2分1板，真搞不清是想黑他还是捧他
CadetOxton,Tue May 26 11:28:25 +0800 2020,四川,所有黑过易建联的人，都欠他一个道歉[doge]
永不独行的小迷弟,Tue May 26 11:05:40 +0800 2020,其他,你看过马拉多纳那时候的比赛？建议你看看。哦不用看，你就是个喷子
欢欢Iris_,Tue May 26 10:58:10 +0800 2020,四川,图片评论 http://t.cn/A62cYXw0
Vvvvvvvvv丶,Tue May 26 10:51:33 +0800 2020,其他,那年真的太可惜了
MLHZMS,Tue May 26 10:39:47 +0800 2020,山东,。。。。
PepGuardiola,Tue May 26 10:31:34 +0800 2020,北京,四个字：该怎么吹
Koiwai_Yoshino,Tue May 26 10:28:25 +0800 2020,其他,拿到没，范戴克辣鸡
破晓老徐,Tue May 26 10:27:54 +0800 2020,山东,5个字，安比利物浦
你好好笑ai,Tue May 26 10:05:47 +0800 2020,陕西,皮
关敬萱78,Tue May 26 09:24:56 +0800 2020,吉林,平均一场比赛才进一个多一点儿啊……
好不无聊的一天,Tue May 26 09:22:55 +0800 2020,江西,我的C罗和哈兰德年度打过60＋（不记得有没有过70，没有算其他比赛）
CCC_yC,Tue May 26 09:20:48 +0800 2020,广东,一场，不过罗的赛季都很逆天了
牛牛峰子,Tue May 26 09:18:15 +0800 2020,四川,土块？
夕颜_宇,Tue May 26 09:06:14 +0800 2020,吉林,91梅先生
红蓝锦佳,Tue May 26 09:03:19 +0800 2020,广东,牛
我要赚好多好多钱,Tue May 26 08:59:22 +0800 2020,广西,黑
呉泽奇,Tue May 26 08:58:46 +0800 2020,浙江,有啥好杠的那年西甲冠军 欧冠是谁啊 [费解]
尼古拉斯煤球王,Tue May 26 08:35:43 +0800 2020,北京,ETC吧你。
诗湘夜雨梦,Tue May 26 08:34:06 +0800 2020,甘肃,FIFA主席你来当
日落-梦碎,Tue May 26 08:31:32 +0800 2020,其他,今年的金球是谁的
福气安康陆小胖,Tue May 26 08:27:27 +0800 2020,江苏,能力认可，但请把10年的金球还给斯内德！！！
cole__l,Tue May 26 08:19:28 +0800 2020,上海,讲个非笑话，你是文盲
答案梦想家,Tue May 26 08:11:59 +0800 2020,山东,球场土块？
小小噶啊,Tue May 26 08:06:39 +0800 2020,其他,宁说说为什么？
阿尔的太阳1,Tue May 26 08:05:04 +0800 2020,其他,行，老马算一个
尼德霍格之怒233,Tue May 26 08:02:13 +0800 2020,其他,可以，建议你去打一个金球奖给范迪克送去吧
尼德霍格之怒233,Tue May 26 08:01:29 +0800 2020,其他,讲个笑话，足球，单枪匹马
阿尔的太阳1,Tue May 26 08:00:47 +0800 2020,其他,那是一场还是全赛季？
我叫神经兮兮_,Tue May 26 07:49:52 +0800 2020,浙江,还有监狱杯
煤球炭丶,Tue May 26 07:37:59 +0800 2020,其他,[赞啊][赞啊]
KayaK_Z,Tue May 26 06:18:25 +0800 2020,其他,我一直以为帽子戏法是从德布劳内身上来的[doge]
人间子弹头列车,Tue May 26 03:30:15 +0800 2020,安徽,当年的段子：梅西经过不断的努力终于让自己的场均得分超过了阿联[doge]
渴望上财,Tue May 26 03:16:37 +0800 2020,云南,原来金球奖是看比例喔，你牛逼喔
一曲冷凌霜201806,Tue May 26 02:01:08 +0800 2020,其他,666
五霸雄_6Cd942_78677,Tue May 26 01:48:29 +0800 2020,其他,八年前的今天，梅西打进了在20120场比赛收获73球+3球。那个赛季的最后一球。那个赛季他一共在巴萨踢了60场比赛收获731120场比赛收获731助攻.....四个字：难以置信！​[并不简单][好爱哦]
南山南genius,Tue May 26 01:30:19 +0800 2020,四川,说到痛处了，我的偶像比你强，那就是人能力强。我的偶像比你弱，那就是各种百分之百
南山南genius,Tue May 26 01:27:54 +0800 2020,四川,马拉多纳每个球都是一条龙我就服
嘟嘟的摘特man,Tue May 26 01:18:31 +0800 2020,甘肃,[允悲][允悲]
_我想和你在一起,Tue May 26 01:16:37 +0800 2020,香港,就不想想为什么百分之百适合?
_我想和你在一起,Tue May 26 01:13:54 +0800 2020,香港,你投的?
拜了个仁,Tue May 26 01:04:41 +0800 2020,吉林,年年新合同，没个头，唉:-(
欲望的奴隶,Tue May 26 01:01:45 +0800 2020,陕西,最好的球员在最好的年纪在差不多最好的球队又基本没有伤病
欲望的奴隶,Tue May 26 00:58:00 +0800 2020,陕西,让常年连轴转的球员休息一下  未尝不是好事 只要年龄不是太大
韩笑愚_Powlowski,Tue May 26 00:37:05 +0800 2020,其他,这盔起码得五个X吧[鼓掌][思考]
韩笑愚_Powlowski,Tue May 26 00:35:54 +0800 2020,其他,这盔起码得五个X吧[酷][挤眼]
楚月潇湘,Tue May 26 00:23:08 +0800 2020,湖南,？看不起我公羊队？[哼]
mlw87,Tue May 26 00:18:33 +0800 2020,安徽,不是吧不是吧，金球奖评选还有“前锋年年拿所以要给中后场留一两个”这种说法？
崖系張坤,Tue May 26 00:07:43 +0800 2020,广东,2012年91球
或许你看过风吗,Tue May 26 00:05:43 +0800 2020,重庆,决赛的德国队失误比之前都多啊
ZARD-007,Tue May 26 00:00:02 +0800 2020,其他,[doge]“日益重要新合同”警告
Barcelona的梅西,Mon May 25 23:54:51 +0800 2020,新疆,梅球王
桐我落操场玩跑步,Mon May 25 23:47:03 +0800 2020,广东,那不勒斯，马拉多纳
拜了个仁,Mon May 25 23:36:14 +0800 2020,吉林,FM里赛季40多个球就已经是王中王了
英文名ycw,Mon May 25 23:36:13 +0800 2020,广东,疫情耽误了梅老板的宝贵的三个月，耽误了很多球员剩下不多的职业生涯，嗨。。
阿加莎的囈語,Mon May 25 23:21:04 +0800 2020,其他,基操，勿6，皆坐！
纯洁的悟空最可爱,Mon May 25 23:10:50 +0800 2020,上海,十年金球九年前锋，数据差不多的话难道不能给中后场留一两个？
CCC_yC,Mon May 25 22:59:05 +0800 2020,广东,18年打西班牙的C罗，真的天神下凡。
跪着看点球0731,Mon May 25 22:58:02 +0800 2020,北京,恐怖
阿卜杜拉斯凯奇,Mon May 25 22:54:57 +0800 2020,其他,哈哈哈哈哈，把我给逗乐了[doge]
blackhill黑山,Mon May 25 22:52:07 +0800 2020,其他,666
cole__l,Mon May 25 22:48:54 +0800 2020,上海,满嘴烂俗网络词汇，瞅着您keep reading没起到作用
EsmayilMakkah,Mon May 25 22:46:31 +0800 2020,天津,已经是足球史上最全面的球员了....进球助攻从中场开始组织进攻任意球球场上视野球商球员场上品德……我找不到这些方面超过他的人
旅行者一号Voyager,Mon May 25 22:39:24 +0800 2020,安徽,整个英超能买的起梅西的只有曼彻斯特内两位[吃瓜]
亳下非毛,Mon May 25 22:33:04 +0800 2020,安徽,前锋不能只看进球，中场不能只看组织，后卫不能只看拦截，但是门将一定要看扑救。
想变强的麦克君,Mon May 25 22:26:04 +0800 2020,其他,你🐴没了，不想解释[吃瓜]
SP精灵,Mon May 25 22:15:56 +0800 2020,广东,但是，打丢了那个赛季最关键的一个点球。欧冠半决赛次回合面对切尔西，巴萨2-0领先，被拉米雷斯搬回一个以后，此时总比分战成2-2，巴萨在客场进球数方面落后落后切尔西，巴萨赢得一个点球机会，梅西主罚不中，错失了再次反超的机会，使得最后托雷斯反击杀死比赛，在实力明显碾压的情况下，爆冷出局！
一个坐在诺坎普的小球童,Mon May 25 22:15:15 +0800 2020,广东,原来宁就是金球奖评奖最有话语权的那个[可怜][可怜][可怜]
cole__l,Mon May 25 22:12:48 +0800 2020,上海,特对
阿卜杜拉斯凯奇,Mon May 25 22:12:11 +0800 2020,其他,您在评论区说其他人杠，可为啥大家都觉得你是ETC，带节奏的呢[允悲]
浮岛小海,Mon May 25 22:11:39 +0800 2020,北京,丹尼尔戴刘易斯固然是史上最佳级别的演员，但他这个成绩也是靠天时地利人和放大了的。他的超强演技遇到了100%适合自己的电影题材，同时遇到了100%适合这个电影题材的超级导演，造就了这么难以置信的成绩[doge]
古左装饰GZ0710,Mon May 25 22:06:57 +0800 2020,四川,五个字:牛逼克拉斯
J_的二月船曲,Mon May 25 22:06:18 +0800 2020,山东,那求你解释解释为什么呗[可怜]
J_的二月船曲,Mon May 25 22:04:50 +0800 2020,山东,把其他人放在这个体系 配这么好的队友 也不可能有这个数据
J_的二月船曲,Mon May 25 22:03:15 +0800 2020,山东,你这不是废话？哪个人进球不靠天时地利 哪个人进球不靠队友体系？卧槽 我双押了
大熊stig,Mon May 25 22:02:57 +0800 2020,广东,井🎈🈳👉@莹莹高兴cc🔞🔞
灭绝师太哦,Mon May 25 21:59:33 +0800 2020,浙江,3大金靴[挖鼻][挖鼻][挖鼻]
安猪201712,Mon May 25 21:52:37 +0800 2020,山东,那你说是进攻容易还是防守容易？数据差不多的情况下前锋更占优势没毛病吧？
cole__l,Mon May 25 21:49:20 +0800 2020,上海,您对，特对
时间从来不慷慨,Mon May 25 21:49:15 +0800 2020,安徽,四个字:我的乖乖！
杨哥的小奶罐,Mon May 25 21:48:59 +0800 2020,其他,其实没拿到欧国联已经埋下隐患了，同理马内也是，杯赛结束后我感觉梅范马是最有可能拿到的，分差也不会很大，结果一出来除了马内没进前三其他都对，阿里松的情况和14年的诺伊尔的情况一样。13年的情况就和这次差不多
风潇叶缈,Mon May 25 21:47:20 +0800 2020,广东,金球奖应该请你来当评委
何不作乐,Mon May 25 21:46:39 +0800 2020,天津,我求你了，你看下自己的逻辑能不能自洽？你倒推一下就不行？甭别人说啥就把杠精帽子一扣，好比你在出恭，我打旁边经过，说句“真臭”，你跳起来给我一拳，叫我“别杠”，怎么着您可以放火，我不能点灯？讨论就讨论，不止对我一人，你老夹带人身攻击是嘛意思？？？
贝格莫斯,Mon May 25 21:42:40 +0800 2020,陕西,我就问你一句还有几个人是天时地利人和出成绩的。来来来举个例子吧。
杨哥的小奶罐,Mon May 25 21:41:44 +0800 2020,其他,你想14年，诺伊尔的数据不错吧，按06年的评判来说是稳的，结果一个欧冠比不上一个世界杯冠军
一只小阿柴呀,Mon May 25 21:40:47 +0800 2020,其他,我觉得应该是阿利松的，太强了，荣誉有实力也猛的一批，今年利物浦第二回合没阿利松啥样也都能看到。
无名MYC,Mon May 25 21:40:17 +0800 2020,广东,五大联赛！年度同赛季入球数纪录都是梅西
杨哥的小奶罐,Mon May 25 21:39:51 +0800 2020,其他,马内是真的不服，欧冠冠军+非洲杯亚军没有进前三
向阳gjz,Mon May 25 21:39:47 +0800 2020,浙江,足球本来就是11个人的运动，所以你的这番话似乎没有任何意义……博主是在突出梅西个体能力强，你这样是不是属于强行硬杠？
青岛陶法师,Mon May 25 21:39:23 +0800 2020,山东,咦？是不是也可以用一下为所欲为？[doge]
纯洁的悟空最可爱,Mon May 25 21:36:07 +0800 2020,上海,我没否定梅西吧，我说金球应该给范迪克的，毕竟后卫也是足球11人啊，你也说了数据差不多，为啥不能给范，年年给前锋吗难道？
潮汕郑石头,Mon May 25 21:35:29 +0800 2020,广东,无可伦比的球王！希望梅西继续保持好状态，给球迷奉献更多精彩进球！
decentman1573,Mon May 25 21:35:04 +0800 2020,其他,同样是哈白布，同样是传控体系，你对比一下西班牙国家队配置和巴萨配置，就知道梅西在体系当中是锦上添花还是雪中送炭了。
Anonumous_Xzz,Mon May 25 21:34:52 +0800 2020,北京,詹俊发这个数据是想讨论梅西是不是最佳，你却在说他只是最佳级别。
cole__l,Mon May 25 21:33:39 +0800 2020,上海,唉，我都说了是史上最佳级别的个人能力。你还要理解为一般牛逼。是不识字吗？ 算了跟杠头网友打得每一个字都是对自己时间的践踏，您对，您牛逼行不
五人儿,Mon May 25 21:33:23 +0800 2020,北京,FM挺难的。
米洛斯拉星·克洛海,Mon May 25 21:31:11 +0800 2020,山东,可偏偏有的人哪怕号称粉丝最多，可奈何人家权威不搭理他呀
何不作乐,Mon May 25 21:31:05 +0800 2020,天津,按照你的说法，杰拉德当队长没有拿过英超冠军，所以杰拉德不如亨德森？？
好不无聊的一天,Mon May 25 21:27:57 +0800 2020,江西,FM不服
何不作乐,Mon May 25 21:26:18 +0800 2020,天津,其实你的核心思想是，梅西NB，但是没有瓜迪奥拉的战术和哈白布的辅佐，也只是一般NB。 问题是和你第一句话冲突了啊，即史上最佳也只是一般NB？？？？ 还是说你只是为了表达观点而表达，于是只得说出来一些“片儿汤”话？
lk云淡风轻,Mon May 25 21:22:42 +0800 2020,广东,足球艺术家
elduob,Mon May 25 21:21:29 +0800 2020,广东,有一说一，玩足球游戏要刷这个数据也不容易。。[并不简单][并不简单]
najtuvad,Mon May 25 21:20:05 +0800 2020,新疆,[握手]
petithat,Mon May 25 21:19:54 +0800 2020,四川,的确，不可思议的数据！！p.s.果然守信没有发呀[阴险]
亳下非毛,Mon May 25 21:17:27 +0800 2020,安徽,对萨拉赫，马内，阿里松公平吗？
小果阿狗,Mon May 25 21:16:15 +0800 2020,江苏,假设梅西在巅峰期转会到红军，那詹指导做梦都能笑醒。
盛夏誮语,Mon May 25 21:15:30 +0800 2020,江苏,被4:0逆转还有脸拿金球[二哈]
Gzqaaaa,Mon May 25 21:14:42 +0800 2020,江苏,第六个应该是我的才对
亳下非毛,Mon May 25 21:13:56 +0800 2020,安徽,体系球员还有助攻？被迫助攻？
Gzqaaaa,Mon May 25 21:13:56 +0800 2020,江苏,无敌梅
9力_ARS,Mon May 25 21:13:26 +0800 2020,广东,bug
你和谁结伴前来-,Mon May 25 21:12:58 +0800 2020,贵州,四个字：zhei球进了！
Chansin93,Mon May 25 21:12:27 +0800 2020,陕西,下个微博 希望是C罗
安猪201712,Mon May 25 21:10:55 +0800 2020,山东,数据和场上表现差不多，你说范迪克配得上金球，那梅西也配的上。范迪克和梅西谁拿都可以，他们都配的上。事实就是梅西拿了，而不是你随口说是范迪克的就来否定梅西的表现。
纯洁的悟空最可爱,Mon May 25 21:09:15 +0800 2020,上海,立场当然有，没立场还说个球啊？梅西球迷多可真多[笑cry]，难道球迷多就应该拿金球？
下一你了亲,Mon May 25 21:08:03 +0800 2020,其他,打门柱无语
你就不能换一个大一点的碗,Mon May 25 21:07:53 +0800 2020,四川,确实该是范迪克的，也确实不服。
下一你了亲,Mon May 25 21:07:35 +0800 2020,其他,这一年是惜败，不是被虐[作揖]。七喜是下一年
下一你了亲,Mon May 25 21:06:27 +0800 2020,其他,没人任何一个足球运动员能脱离体系[作揖]
纯洁的悟空最可爱,Mon May 25 21:06:20 +0800 2020,上海,难道范迪克的数据比不过梅西？
文思院FC,Mon May 25 21:02:48 +0800 2020,北京,强无敌，真的[喵喵]
Mikaerlson,Mon May 25 21:02:45 +0800 2020,其他,问题是票数少7个啊
舞动乐城-评论大师,Mon May 25 21:02:40 +0800 2020,辽宁,我觉得你自以为是是个屁
cole__l,Mon May 25 21:01:44 +0800 2020,上海,我觉得你语文可能没及格
一棍打死克伦克,Mon May 25 21:01:40 +0800 2020,广东,平平无奇[doge]
Sant7aGo,Mon May 25 21:01:08 +0800 2020,其他,解释解释吧
cole__l,Mon May 25 21:00:31 +0800 2020,上海,没错，就是你
21考研X某,Mon May 25 20:55:26 +0800 2020,福建,你自己不也带着立场发言吗，说个球[太开心]
舞动乐城-评论大师,Mon May 25 20:52:58 +0800 2020,辽宁,来来来，告诉我们哪个牛逼大神靠自己牛逼？
RolendoWong,Mon May 25 20:51:00 +0800 2020,广东,但没能夺得欧冠和联赛冠军！超级遗憾
骨灰级电影迷,Mon May 25 20:50:44 +0800 2020,重庆,但对切尔西的点球踢丢了。踢丢了。。。。
KANYEEZY-冒,Mon May 25 20:50:22 +0800 2020,江苏,你说了算数？不想解释[太开心]
Dear-格鲁特,Mon May 25 20:50:10 +0800 2020,其他,美洲杯就谢天谢地了，不敢奢求太多
KANYEEZY-冒,Mon May 25 20:49:18 +0800 2020,江苏,时间太快了
kimi7777777魔杰幻影,Mon May 25 20:47:57 +0800 2020,浙江,一个国王杯
plastic_tree,Mon May 25 20:45:11 +0800 2020,其他,评论区的有些人人活的挺累的
奥兰多kaka,Mon May 25 20:45:05 +0800 2020,重庆,那确实牛皮
马德拉的罗纳尔多男宠,Mon May 25 20:40:58 +0800 2020,其他,每周杯草靴
阿尔的太阳1,Mon May 25 20:40:43 +0800 2020,其他,那么问题来了，哪个球星进球不靠队友，全是一条龙？
安猪201712,Mon May 25 20:40:24 +0800 2020,山东,你就说梅西这数据哪一年不配金球？你是既心瞎又眼瞎
C梦骆,Mon May 25 20:34:44 +0800 2020,湖北,自己去查一下
若缥缈孤鸿影,Mon May 25 20:32:47 +0800 2020,福建,14年决赛德国状态其实不是很好，阿根廷没有拿下真的是可惜，想再次进入世界杯决赛难度太大
正晴199810,Mon May 25 20:32:32 +0800 2020,广西,一个普普通通的平凡人
东吴城外,Mon May 25 20:32:11 +0800 2020,浙江,他就是足球之神
Fetag_,Mon May 25 20:29:53 +0800 2020,北京,还差每周杯吧
quares,Mon May 25 20:28:12 +0800 2020,福建,那个赛季结果好像不太好
西甲情报小组,Mon May 25 20:28:01 +0800 2020,北京,超神[跪了][跪了][跪了]
揍小强这些年C,Mon May 25 20:25:17 +0800 2020,其他,我踢fifa都踢不成这数据，得调
纯洁的悟空最可爱,Mon May 25 20:24:30 +0800 2020,上海,我眼瞎，你心瞎，你自己不会看球吧，只是追星而已，还说个球啊[挖鼻]
残云43883,Mon May 25 20:24:03 +0800 2020,其他,第六个金球是你的。不用解释了[哈哈]
加哆鸨,Mon May 25 20:23:45 +0800 2020,浙江,那年输给德国不冤，阿根廷有机会但都没把握住[跪了]
密州司典,Mon May 25 20:23:19 +0800 2020,浙江,确实，如果不造个妖人，我打实况也打不到这个数据。
旅途中的吟游诗人,Mon May 25 20:21:25 +0800 2020,四川,可惜欧冠面对切尔西踢飞了那个点球。 更可惜那个赛季的比利亚的重伤。。。
还是范佩西吧,Mon May 25 20:21:22 +0800 2020,陕西,有了大力神杯就应该是历史最佳了
过境不秋,Mon May 25 20:21:20 +0800 2020,江苏,Unbelievable~[跪了][跪了]
ingethan,Mon May 25 20:20:07 +0800 2020,其他,[good] 你一说就记起来了哈哈，差不多。好像是保方保方，保住后方
把酒卧云端,Mon May 25 20:18:50 +0800 2020,其他,足球是团队运动，不光是梅西，哪个球星都离不开队友，离不开教练的战术体系
我喜欢85年的雪碧,Mon May 25 20:17:38 +0800 2020,广东,那个赛季是真正的无敌，动不动就梅开二度帽子戏法，很稳
风中追凤_King,Mon May 25 20:17:31 +0800 2020,其他,梅老板是为足球而生的，足球应该以梅老板的名字命名
梁育豪itsReo,Mon May 25 20:16:05 +0800 2020,广东,@Porkho_吴雨濠
曼联御用队医,Mon May 25 20:15:58 +0800 2020,广东,布冯 粤语 保方 保方保方 力保一方？[doge]
青龙场最后一个鼻音歌王,Mon May 25 20:14:09 +0800 2020,四川,我觉得是后无来者的表现。
帅帅桃,Mon May 25 20:13:50 +0800 2020,上海,不会看球请你把眼睛捐了
帅帅桃,Mon May 25 20:13:26 +0800 2020,上海,第六个金球是马内萨拉赫阿诺德罗伯逊亨德森阿利松奥里吉米尔纳的，不想解释[good]
笑忘书嗯哼哼,Mon May 25 20:12:45 +0800 2020,其他,[作揖]
AdiDiors,Mon May 25 20:12:32 +0800 2020,山东,四个字：我偏要杠
不会取昵称阿hhh,Mon May 25 20:12:01 +0800 2020,其他,被铁靴虐了吗？
uffucigig,Mon May 25 20:11:57 +0800 2020,广东,正是这个赛季的梅西让我成为了球迷！
五人儿,Mon May 25 20:11:41 +0800 2020,北京,FIFA在我眼里都不是游戏……
whycanbebetter,Mon May 25 20:09:21 +0800 2020,其他,讲道理fifa职业生涯这个数据真能做到[doge]
張颖同学,Mon May 25 20:08:42 +0800 2020,湖北,Iron Throne！
Hugh-10,Mon May 25 20:07:57 +0800 2020,广东,转发微博
好人真的,Mon May 25 20:06:19 +0800 2020,广东,梅球王实至名归
奔笨驴_Vincent,Mon May 25 20:05:41 +0800 2020,江西,梅吹  进群进群
ingethan,Mon May 25 20:05:29 +0800 2020,其他,是穆图，粤语梅度，当年江湖流传“梅度梅度，梅开二度”，好像还接着一句布冯的，具体忘了 [二哈]
五人儿,Mon May 25 20:05:03 +0800 2020,北京,游戏都做不到……很难
夜雨声烦·黄烦烦,Mon May 25 20:04:28 +0800 2020,北京,那些年，那两个人同在的西甲，真的好看。
李谨帛Fun,Mon May 25 20:03:57 +0800 2020,内蒙古,只能怪当时的德国战车如日中天
Whundred-,Mon May 25 20:03:49 +0800 2020,其他,球怪？
纯洁的悟空最可爱,Mon May 25 20:02:40 +0800 2020,上海,第六个金球是范迪克的，不想解释[吃瓜]
烦了滚吧,Mon May 25 20:02:37 +0800 2020,浙江,错过2014 这就是命
息言守默,Mon May 25 20:02:14 +0800 2020,四川,天才是不需要语言去赞美的，再怎么赞美也不到位
Luwenshua1,Mon May 25 20:01:04 +0800 2020,其他,大力神太难了
Maruko_Dada,Mon May 25 20:00:27 +0800 2020,天津,没毛病，梅西现役最佳，但是他的成绩有哈布白一份
李谨帛Fun,Mon May 25 20:00:18 +0800 2020,内蒙古,梅西只差一座大力神杯，梅老六注定会载入足球史册
二爷的Oil,Mon May 25 20:00:15 +0800 2020,上海,这样的天才下一个不知道是什么时候
雷帝甲佳,Mon May 25 19:59:56 +0800 2020,安徽,那一年的一个梗是，梅西一个赛季进的球比易建联一个赛季进的球还多。。。
邻家晓优,Mon May 25 19:59:53 +0800 2020,北京,巅峰梅西就俩字：神迹
mlw87,Mon May 25 19:59:49 +0800 2020,安徽,你们可能不知道一个赛季独造104球是个什么概念，这种人我们一般称他为……[doge]
桀桀桀杰骜不驯的少年,Mon May 25 19:59:35 +0800 2020,重庆,最可爱的事是梅西真如一颗璀璨的星星，照亮了21世纪初的足球世界。最可恨的是…时间，它永不停歇，一刻也不愿停止过。
爷回来啦,Mon May 25 19:59:22 +0800 2020,其他,挖槽，撞头像了兄弟[doge]🆗👍
屠利浦,Mon May 25 19:58:43 +0800 2020,浙江,一个字 离谱！
侧颜一瞥动千山双手指天生传奇,Mon May 25 19:58:40 +0800 2020,黑龙江,对巅峰老板来说，场均一球叫不及格[doge]
骆驼洋子,Mon May 25 19:58:18 +0800 2020,北京,极大提升了我等俗人对前锋的想象空间。
cole__l,Mon May 25 19:58:04 +0800 2020,上海,梅老板固然是史上最佳级别的球员，但他这个数据也是靠天时地利人和放大了的。他的超强能力遇到了100%适合自己的战术体系，同时遇到了100%适合这个战术体系的超级队友，造就了这么难以置信的数据。
笑忘书嗯哼哼,Mon May 25 19:57:43 +0800 2020,其他,我一度以为梅开二度是从梅西而来
najtuvad,Mon May 25 19:57:20 +0800 2020,新疆,不可能被破的记录[坏笑]
瓦顾朗,Mon May 25 19:57:18 +0800 2020,其他,就离谱
青鸟之夏arote,Mon May 25 19:56:55 +0800 2020,安徽,没有进120球不配姓梅[doge]
C梦骆,Mon May 25 19:56:50 +0800 2020,湖北,欧冠还是被虐了
Maruko_Dada,Mon May 25 19:56:49 +0800 2020,天津,屌
是时候该努力一把了,Mon May 25 19:56:46 +0800 2020,湖北,任何对梅西的客观评价都怀疑是梅吹[doge]
爱吃烧烤的小雪人,Mon May 25 19:56:32 +0800 2020,其他,[爱你]
正月十四的木头,Mon May 25 19:56:22 +0800 2020,广东,Unbelievable
yh已经被注册了,Mon May 25 19:56:19 +0800 2020,湖北,还能🔥 几年[doge][doge]
风子_19064,Mon May 25 19:56:14 +0800 2020,广东,梅神
丁威迪2010,Mon May 25 19:55:56 +0800 2020,其他,据说中超九月份才决定是否开赛？
新买的iphone20,Mon May 25 19:55:53 +0800 2020,湖南,浮生日记gkd[笑哈哈][笑哈哈][笑哈哈]
沈沉浊,Mon May 25 19:55:41 +0800 2020,浙江,沙发
_我想和你在一起,Mon May 25 19:55:41 +0800 2020,香港,91梅先生
蔚蓝Rick,Mon May 25 19:55:38 +0800 2020,其他,真香
