评论者,评论时间,评论地点,评论内容
向我这样的ren,Fri May 22 14:06:39 +0800 2020,山东,转发微博
西铁安康供电段,Thu May 21 17:18:17 +0800 2020,陕西,谢谢
FuJIAYuAn1,Mon May 18 14:35:48 +0800 2020,辽宁,致敬英雄
伍肆和叁壹,Mon May 18 10:16:51 +0800 2020,湖北,致敬🙏🙏🙏🙏🙏🙏🙏🙏
若尘快乐55,Mon May 18 09:55:05 +0800 2020,湖北,致敬英雄
想要长高的小矮子L,Mon May 18 09:46:55 +0800 2020,四川,致敬英雄
大盗羊上树,Mon May 18 09:45:18 +0800 2020,天津,致敬真正的英雄
南谷小妞儿,Mon May 18 09:05:42 +0800 2020,北京,繁霜尽是心头血，洒向千峰秋叶丹，向老英雄致敬[good]
你的白败,Mon May 18 07:51:45 +0800 2020,其他,中国脊梁，中国英雄！永远的榜样！
空城凉梦风轻抚,Mon May 18 07:46:52 +0800 2020,江苏,英雄
老李飞刀小超人866,Mon May 18 06:57:59 +0800 2020,山东,耀眼的明星！
雅丽小不点,Mon May 18 06:46:31 +0800 2020,河北,向英雄致敬
申松儿kiyo,Mon May 18 00:54:34 +0800 2020,广东,[心][心][心]
倾情演绎-24988,Mon May 18 00:39:36 +0800 2020,广东,致敬，了不起的英雄
心好不用持斋,Sun May 17 23:23:15 +0800 2020,江苏,祝老英雄健康长寿[心]
潮乡新人,Sun May 17 23:10:41 +0800 2020,浙江,祝老英雄寿比南山松不老[作揖]
丽雨丽夕,Sun May 17 22:55:12 +0800 2020,四川,致敬
Karopin卡鲁宾,Sun May 17 22:43:37 +0800 2020,其他,老人几次采访，时刻不忘死去的战友[赞]
她们都说我给力,Sun May 17 22:41:49 +0800 2020,其他,我姥爷在最后的几年里还想上战场，有时做梦还能梦到飞机来轰炸，再三叮嘱我不要去美国，曾经问过他上战场怕不怕死，回答是军号一响劲头就上来了，根本管不了那么多👍👍👍👍
馨竹世界的準基王国,Sun May 17 22:41:35 +0800 2020,其他,党和国家都没有忘记你们[心][心][心]致敬英雄[作揖]
种满山丘的麦芽糖,Sun May 17 22:40:40 +0800 2020,安徽,党和人民没有忘记你们！你们是国家的骄傲
水仔VS猴仔,Sun May 17 22:39:03 +0800 2020,黑龙江,于国于民 你是忠诚伟大的士兵[心]
S_Shuang2000,Sun May 17 22:36:36 +0800 2020,天津,致敬[心]
米君802号,Sun May 17 22:35:44 +0800 2020,湖南,致敬英雄！
ltctt89,Sun May 17 22:34:48 +0800 2020,湖北,向英雄致敬！向祖国致敬！
苗子噢-,Sun May 17 22:33:54 +0800 2020,陕西,恩施来凤人太骄傲了！！！
小鹿_punch,Sun May 17 22:33:49 +0800 2020,贵州,致敬[心]
小鹿_punch,Sun May 17 22:33:34 +0800 2020,贵州,优秀！[心]
单手鼓掌,Sun May 17 22:30:04 +0800 2020,湖南,深藏功与名 一生只为共和国事业奋斗
Tulip_小睿,Sun May 17 22:18:32 +0800 2020,广东,致敬[心]
杰是杰出超越一切,Sun May 17 22:18:05 +0800 2020,江西,在哪可以看完整版啊
是端碗的艺术家啊,Sun May 17 22:14:20 +0800 2020,辽宁,致敬英雄！愿您健康长寿，万事顺遂[心][心][心]
Dorae纯,Sun May 17 22:13:50 +0800 2020,河北,“事了拂衣去，深藏功与名。”
就叫丸子君,Sun May 17 22:11:08 +0800 2020,山东,致敬英雄！！
吕旧年,Sun May 17 22:11:06 +0800 2020,黑龙江,致敬英雄！！时代最伟大的英雄！！！
陌蘅君,Sun May 17 22:11:04 +0800 2020,其他,致敬[心][心][心][赞][赞][赞]
一只百香果的小土匪,Sun May 17 22:10:58 +0800 2020,山东,英雄!!
张宇恒恒,Sun May 17 22:03:03 +0800 2020,北京,致敬
月亮代表我的星181029,Sun May 17 22:00:32 +0800 2020,其他,考研政治大题[doge][doge]
Voldemort幻浅,Sun May 17 21:55:39 +0800 2020,四川,狠人
有无所谓72764,Sun May 17 21:51:22 +0800 2020,其他,致敬英雄
刘涛,Sun May 17 21:48:34 +0800 2020,北京,我落泪了，因为有他们，所以才有共和国的诞生和今天的富强！[心]
花花花源源源,Sun May 17 21:46:40 +0800 2020,福建,致敬英雄！愿平安健康[心]
柠檬味的气泡水666,Sun May 17 21:43:57 +0800 2020,江苏,[泪][泪]
子规歇满庭山杏花,Sun May 17 21:42:35 +0800 2020,广东,致敬英雄！！！！[心][心][心]
年轻的天天向上20999,Sun May 17 21:42:33 +0800 2020,北京,这样的情怀 赞赞赞
V5Road,Sun May 17 21:42:30 +0800 2020,广西,终于播了！！！看它！！！
仙气飘飘大蚕豆,Sun May 17 21:42:19 +0800 2020,其他,民族楷模
阿米鑫哈,Sun May 17 21:41:57 +0800 2020,四川,致敬！
霖总家的小燕子,Sun May 17 21:41:10 +0800 2020,广东,致敬英雄
阿云感恩过好每一天,Sun May 17 21:40:39 +0800 2020,贵州,隐姓埋名的无名英雄[心][心][心][心]祝老英雄健康快乐，好好感受繁荣富强的祖国
六六还是小花呀,Sun May 17 21:39:30 +0800 2020,广东,转发微博
麻酱蘸宇宙2333,Sun May 17 21:36:37 +0800 2020,其他,感动[心]感恩
ZzzzzmZzzzzm,Sun May 17 21:36:21 +0800 2020,四川,前天做的真题答案[允悲]
新念兰,Sun May 17 21:36:14 +0800 2020,山东,这才是我心中中华儿女的封面人物
DAYDAYTOY哇,Sun May 17 21:35:51 +0800 2020,其他,致敬
可可xi西里,Sun May 17 21:35:43 +0800 2020,辽宁,太感动了[泪]
于博娅_,Sun May 17 21:35:23 +0800 2020,吉林,我记得！
苏茉08376,Sun May 17 21:35:12 +0800 2020,河南,每次看到感动中国就会泪流满面，致敬英雄[赞][赞][赞]
红会什么时候S呢,Sun May 17 21:33:58 +0800 2020,其他,致敬老英雄，传奇的人生
可可xi西里,Sun May 17 21:33:34 +0800 2020,辽宁,@于博娅_ 咱们看过这个
我超好运-,Sun May 17 21:33:15 +0800 2020,其他,英雄啊[泪]
千雪粉樱,Sun May 17 21:32:35 +0800 2020,河北,伟大！致敬英雄！
shallow浅蜜,Sun May 17 21:32:26 +0800 2020,其他,致敬！
等到风景都看透9421,Sun May 17 21:27:38 +0800 2020,其他,无论看过多少次视频，还是觉得很感动，一代伟大的人民英雄，深藏功与名……
西铁安康供电段,Sun May 17 21:27:10 +0800 2020,陕西,谢谢
白峰峰,Sun May 17 21:27:08 +0800 2020,山西,转发微博
单影骊歌,Sun May 17 21:22:47 +0800 2020,河南,致敬！！！
谋97809,Sun May 17 21:21:00 +0800 2020,其他,致敬
越Strive越Luck,Sun May 17 21:20:20 +0800 2020,广东,致敬[中国赞]
哪里没车2012,Sun May 17 21:15:45 +0800 2020,其他,民族的脊梁
星辰f66,Sun May 17 21:15:02 +0800 2020,其他,致敬
夏未凉心已末,Sun May 17 21:14:33 +0800 2020,江苏,真深藏功与名，那个年代的老兵，真的一心为了党和国家，从不居功，愿老人家健康长寿
崇庆2010,Sun May 17 21:13:49 +0800 2020,江苏,英雄的获奖感言说的太好了！可以感受到他对那些牺牲的战友们的怀念和尊敬[心][心][心][心][心][心]
泊泊的麻麻,Sun May 17 21:13:50 +0800 2020,其他,致敬老英雄
纪悄的女友粉,Sun May 17 21:13:24 +0800 2020,其他,致敬英雄
马蹄儿火烧,Sun May 17 21:12:30 +0800 2020,山东,在中国有无数甚至是叫不出名字的伟大民族英雄，不邀功，不图利，也许为牺牲的战友好好活着，替他们看看祖国繁荣昌盛的今天而活着。他们是民族的脊梁，是祖国的魂！
Chitadai,Sun May 17 21:11:27 +0800 2020,湖北,致敬！
love1011mua,Sun May 17 21:11:04 +0800 2020,吉林,[泪]
苏梓晨痴情易阵风,Sun May 17 21:10:45 +0800 2020,广东,致敬英雄
诚毅志理,Sun May 17 21:09:39 +0800 2020,其他,点，查看完整直播。
HYH吴情,Sun May 17 21:08:51 +0800 2020,湖北,向您致敬！[心][心]
李雨诺的酒窝,Sun May 17 21:08:49 +0800 2020,北京,淳朴的军人！高尚的品德[可爱][good][心]
许嵩你一定要幸福,Sun May 17 21:08:40 +0800 2020,安徽,致敬
淮北公安在线,Sun May 17 21:08:31 +0800 2020,安徽,致敬！
·尖尖角·,Sun May 17 21:08:27 +0800 2020,河北,我每次看到这些都想哭[泪][泪][泪][泪]
阿九的十三,Sun May 17 21:08:27 +0800 2020,湖南,致敬
举个桃子呗,Sun May 17 21:08:17 +0800 2020,上海,致敬老英雄!!
佛罗伦萨的笛声2014,Sun May 17 21:08:15 +0800 2020,安徽,厉害了！
王甜甜的85号迷妹er,Sun May 17 21:08:13 +0800 2020,其他,致敬[心][心]
一江秋水天边来,Sun May 17 21:07:46 +0800 2020,吉林,深藏功与名～致敬英雄！！
如常祝朱一龙先生0416生日快乐,Sun May 17 21:07:30 +0800 2020,安徽,转发微博
X-Polarise,Sun May 17 21:07:12 +0800 2020,重庆,致敬英雄[心]望身体健康平安顺遂
一份马佳不加果冻,Sun May 17 21:07:10 +0800 2020,其他,又将是莘莘学子的绝佳素材[赞][赞][赞]
热巴味的安子宣,Sun May 17 21:07:09 +0800 2020,山东,致敬英雄[心]
韩传奇,Sun May 17 21:06:59 +0800 2020,其他,钟南山呢？应该有个提名吧！
陌上今夕,Sun May 17 21:06:58 +0800 2020,其他,致敬英雄[心][心][心]
陪衬人vv,Sun May 17 21:06:56 +0800 2020,山东,哭了哭了
悟小牛儿,Sun May 17 21:06:52 +0800 2020,四川,最后一句话，感动
蜜桃啵啵酱--,Sun May 17 21:06:50 +0800 2020,山西,致敬英雄！
星星眨眼睛1005,Sun May 17 21:06:39 +0800 2020,上海,致敬英雄[心]🙏
kun-诗酒趁年华,Sun May 17 21:06:26 +0800 2020,四川,致敬英雄
今夜或不在,Sun May 17 21:05:54 +0800 2020,其他,@忤詡
浪漫经典婚纱摄影会馆,Sun May 17 21:05:47 +0800 2020,广东,我们这个年代真真正正还需要他们这些个英雄人物为我们这些迷失方向的人指点迷津！
靓靓Hailey诺,Sun May 17 21:05:05 +0800 2020,福建,致敬！！愿平安健康[心]
爱笑的laura1001,Sun May 17 21:04:57 +0800 2020,山东,[心]
JG_pengju,Sun May 17 21:04:40 +0800 2020,河北,感动中国现在才播？
少绾lm,Sun May 17 21:04:39 +0800 2020,河北,致敬英雄
财财乖宝宝,Sun May 17 21:04:18 +0800 2020,其他,老战士[心]
Irises6120,Sun May 17 21:04:04 +0800 2020,山东,🙏🙏🙏🙏🙏🙏致敬
行走的肥肉酱,Sun May 17 21:03:53 +0800 2020,湖南,最最值得尊敬的人们[心][心][心]
糖醋丸子ISEE,Sun May 17 21:03:40 +0800 2020,河北,当时上高中的时候每年都会看，语文老师还会让记事例和颁奖词做作文素材
可乐味的熊饼干,Sun May 17 21:03:27 +0800 2020,天津,致敬英雄
红场子弹,Sun May 17 21:03:26 +0800 2020,福建,致敬！
大头是我的但我不是大头,Sun May 17 21:03:00 +0800 2020,其他,致敬英雄[心]
X儒雅X,Sun May 17 21:02:53 +0800 2020,江西,致敬！
一场空梦祭烟焚,Sun May 17 21:02:39 +0800 2020,甘肃,致敬！[给你小心心]
霉霖羽,Sun May 17 21:01:44 +0800 2020,云南,[心][心][心]
股市盗贼,Sun May 17 21:01:02 +0800 2020,江苏,牛逼
Cardiac1372,Sun May 17 21:00:49 +0800 2020,其他,致敬
孤峰弯月,Sun May 17 20:59:32 +0800 2020,福建,“愿以寸心寄华夏，且将岁月赠山河。”  致敬[心][心][心][心][心][心][心][心]
麋Cc小鹿,Sun May 17 20:58:35 +0800 2020,吉林,感动哭了
宇宙行黄督察,Sun May 17 20:57:33 +0800 2020,北京,致敬英雄
阡蓓,Sun May 17 20:57:16 +0800 2020,上海, 每次吵架，无论对错，都应该男人先认输。有时候女人的确是蛮不讲理的，她们不是要证明自己对，而是希望对方让着自己。。。疼女人的好男人，就得忍得了气，低得了头。
厦门晓薇,Sun May 17 20:57:07 +0800 2020,福建,赞必须点，评论必须安排上，，，
deliaandjay071011,Sun May 17 20:56:52 +0800 2020,湖北,一大把年纪的老阿姨看感动中国看的泪流满面啊[泪][泪][泪][泪][泪]
葵猪爱困,Sun May 17 20:56:16 +0800 2020,北京,致敬英雄！
溪西西西,Sun May 17 20:55:29 +0800 2020,北京,致敬[中国赞]
szwwlu,Sun May 17 20:55:10 +0800 2020,广东,致敬！[赞][赞][赞]
思念优志文化笔记,Sun May 17 20:55:00 +0800 2020,甘肃,致敬最纯粹的军人
阿虎酱将将将,Sun May 17 20:54:43 +0800 2020,广西,感谢有你们的存在，感恩英雄
西铁安康供电段,Sun May 17 20:53:54 +0800 2020,陕西,真正的英雄，民族的脊梁
美利坚的良心,Sun May 17 20:53:44 +0800 2020,其他,致敬英雄！
蜜什么桃女神,Sun May 17 20:53:42 +0800 2020,广东,老英雄 民族的凯模[心][心]
