用户昵称,微博id,微博内容
新浪体育,4508481278811246,【#特朗普疫情间打高尔夫不戴口罩# 】美国当地时间23日，美国总统特朗普出现在弗吉尼亚州特朗普国家高尔夫俱乐部。这是自3月8日后特朗普的首场高尔夫。视频中显示，特朗普单独驾乘一辆高尔夫球车，自己和同组人士并未佩戴口罩[并不简单][并不简单][并不简单] http://t.cn/A62GWze1 ​
新浪体育,4508477252894223,"【#利物浦名宿评现役最佳11人# ：梅西领衔 C罗不在榜单内[并不简单]】利物浦昔日球星约翰-巴恩斯评最佳11人阵容，他选择了一个433的阵容。具体如下：
门将：阿利松（利物浦）
后卫：阿诺德（利物浦）；范戴克（利物浦）；拉莫斯（皇马）；阿尔方索-戴维斯（拜仁慕尼黑）
中场：坎特（切尔西）；德布劳...全文： http://m.weibo.cn/1638781994/4508477252894223 ​"
新浪体育,4508472421499536,"【#人大代表提议围棋申报世界非遗#】http://t.cn/A62tPCmD 2020年全国两会，全国人大代表李国伟最为关注的是以“非遗扶贫模式，实现全国乡村振兴”。为此他专门提出了提案。

“中国围棋申遗，可以增强民族文化自信，提升国家软实力竞争力，继续发挥外交桥梁作用。还可以正本清源，避免围棋起源被他国...全文： http://m.weibo.cn/1638781994/4508472421499536 ​"
新浪体育,4508467186137360,【B费：#C罗不是起跳是飞翔# 】曼联球员布鲁诺-费尔南德斯评价C罗08年欧冠决赛时的表现。“我认为对于C罗来说，那是一场精彩的决赛，是他最精彩的比赛之一。他打进了一记令人难以置信的头球，他不是在起跳，而是在飞翔。虽然之后他罚丢了点球，但是曼联最终夺冠，那也是曼联历史上最重要的比赛之一。” ​
新浪体育,4508462152783068,【#皮蓬称科比比乔丹更棒# 】皮蓬谈及科比：“他相信自己能成为最佳并为之不断努力。很遗憾我们没能告诉科比，他有多伟大。他很努力地想成为乔丹，当我回看他的录像，我和自己说：‘oh他比乔丹还要好。’ 因为他是如此的努力，他完全靠自己打磨篮球技术，愿上帝保佑他的灵魂。”http://t.cn/A625dgmH ​
新浪体育,4508457120956945,"【#澳大利亚奥组委支持布里斯班暂停申奥# 】http://t.cn/A62th1tq 澳大利亚奥委会日前表示，支持昆士兰州政府暂停布里斯班申办2032年奥运会相关工作的决定。　

澳大利亚奥委会在其官网发布的新闻公告中说，奥委会主席约翰·科茨证实，本应于今年早些时候举行的奥运会申办城市领导小组会议已经被推迟，...全文： http://m.weibo.cn/1638781994/4508457120956945 ​"
新浪体育,4508453294406709,"【#Aliez离队# 】#LPL转会期# #英雄联盟[超话]# LPL@V5电子竞技俱乐部 官宣：“因尊重选手个人意愿，经双方友好协商，原V5上单选手黄浩（ID：Aliez）即日起正式离队，目前为自由人。”

“希望再相遇时，仍是初心未改，勇往直前的少年模样。” ​"
新浪体育,4508449569829644,【#身价排行榜恒大中超第一# 深足倒数第5】在#足协公布三级联赛准入名单# 后，德国转会市场网更新了中超16队的身价排名：恒大以5425万欧元排名第一，上港，国安，山东鲁能和大连分列2-5位。两支升班马球队永昌和黄海垫底，递补留在中超的深足排在倒数第5位。 ​
新浪体育,4508444537027893,"【#科比小女儿会走路了# 】科比遗孀瓦妮莎ins更新，晒出了家中小女儿Capri的视频。视频中，还有1周就将满1岁的Capri，在家人的鼓励下勇敢迈出人生第一步，投入瓦妮莎的怀抱。

你若尚在，这一切该多美好[悲伤] @KobeBryant http://t.cn/A625eMXN ​"
新浪体育,4508439509181157,【标题：对不起米兰球迷[doge]】#时年今日# 2005年5月25日，15年前的今天，诞生了足坛著名的“伊斯坦布尔奇迹”：利物浦在上半场0-3落后的情况下，下半场连扳三球，最终点球大战中战胜米兰，成功捧起大耳朵杯！杰拉德，斯米切尔，阿隆索，“那个夏天，上帝穿着杰拉德的球衣！” http://t.cn/E9moSi2 ​
新浪体育,4508434471758941,"【#齐达内被指违反防疫令但没证据# [疑问]】据西班牙《每日体育》发布消息，皇马主帅齐达内被邻居举报违新冠疫情预防措施，私自前往其位于马德里郊区的第二住所！

但这些邻居却无一人能够提供相关照片证明！警方不会对齐祖进行任何审问及处罚！ ​"
新浪体育,4508429437318291,"【#曝中超新赛季仍保留升降级# 】http://t.cn/A625pahc 南都体育消息：“为了防止联赛成为一潭死水，绝大多数俱乐部不同意取消降级。有俱乐部提出了改变降级名额，让中超最后2名去跟中甲的第3、4名进行附加赛，同时把2021赛季的中超参赛队扩大到18支，但这个方案通过的可能性不大。

到目前为止，中国...全文： http://m.weibo.cn/1638781994/4508429437318291 ​"
新浪体育,4508424408568006,【#梅西18岁时遭咸猪手骚扰# [怒]】据《马卡报》报道，2005年，18岁的梅西曾参加了一档阿根廷国内的免费网络节目“No hay 2 sin 3”。在节目中，当时青涩的梅西频频遭到主持人和嘉宾的低俗动作骚扰[怒][怒]…… ​
新浪体育,4508419371110833,【总书记赞扬武汉卓尔踢得不错[中国赞]】据卓尔控股董事长@阎志 在微博上透露：“总书记今天（24日）下午参加了湖北代表团的审议。令人惊喜的是，总书记还主动问到了武汉卓尔足球队的情况，并表扬@武汉卓尔职业足球俱乐部 踢得不错！” ​
新浪体育,4508414337888556,【#建议增加体育成绩在考试中占比# 】 政协委员程红：“我国儿童青少年健康形势不容乐观。“每天锻炼1小时”的学生不足30%，有些学生上了十多年的体育课，却没能熟练掌握一项运动技能。建议切实重视健康普及教育，将学生体育教育纳入教育现代化评估指标，逐步增加体育成绩在日常考试、升学测试中的占比...全文： http://m.weibo.cn/1638781994/4508414337888556 ​
新浪体育,4508406905514273,"【#姚明孙悦入选NBA亚洲最佳阵容# 】美媒Fadeaway World评选各大洲效力过NBA的最强阵容（评选规则按照球员出生地来划分）在最强亚洲阵容中，中国球员姚明和孙悦均在榜单上！具体如下：
亚洲：姚明、孙悦、卡斯比、田卧勇太、八村塁

北美洲：乔丹、@奥尼尔SHAQ 、詹姆斯、科比、埃尔文-约翰逊

南美洲...全文： http://m.weibo.cn/1638781994/4508406905514273 ​"
新浪体育,4508401756030120,"【#科比赠予母亲的冠军戒指被拍卖# 】http://t.cn/A625Onyh 据TMZ报道，已故湖人队名宿科比-布莱恩特在20年前送给母亲的一枚总冠军戒指（非球员版）现在日前以20.6万美元的价格被拍卖。

科比在1999-2000赛季夺得个人的第一个NBA总冠军之后，他为父母买了两个一模一样的总冠军戒指。多年前，科比母亲帕...全文： http://m.weibo.cn/1638781994/4508401756030120 ​"
新浪体育,4508396873462137,【德甲-沙尔克主场0-3不敌奥格斯堡 遭联赛9轮不胜】#德甲联赛#第27轮，沙尔克04将坐镇主场迎战奥格斯堡。上半场洛温30米圆月弯刀；下半场巴泽抽射破门，补时一分钟科尔多瓦单刀射门得分。最终，沙尔克04以0-3不敌奥格斯堡，沙尔克遭遇联赛9轮不胜，奥格斯堡则拿下7轮来的首胜。http://t.cn/A62qeiU5 ​
新浪体育,4508390720567910,【德甲-维尔纳戴帽 莱比锡5-0大胜美因茨】#德甲联赛# 第27轮周日再战两场。莱比锡RB客场5比0大胜美因茨与领头羊拜仁保持7分差距，排名联赛第3。韦尔纳上演帽子戏法，与梅西并列本赛季欧洲5大联赛戴帽最多的球员（3次），波尔森1球2助攻，扎比策1传1射。一起来回顾下比赛精彩集锦~ http://t.cn/A625zv8c ​
新浪体育,4508386655220262,【#意甲最早或于6月13日重启# 】意大利体育部长斯帕达弗拉接受Rai TG3时透露联赛重启的信息。我们正在计划两个可能复赛的日期：6月13日或者20日，我们正在打成重启本赛季的协议，这和之前恢复训练的协议类似，本周四我们将决定何时恢复以及是否恢复。” 期待吗[憧憬][憧憬][憧憬] ​
新浪体育,4508382881274669,"【#西甲或6月11日重启# 】http://t.cn/A625Jlgl 西甲主席特瓦斯对当地电视台表示：“6月11日可能有场比赛，比赛中或许会向所有死于疫情的人致敬。我希望日期能确定，希望比赛是塞维利亚德比（塞维利亚vs 皇家贝蒂斯），我们的目标是下周宣布前4轮比赛。” 

值得一提的是，截至昨日的数据，西班牙累计...全文： http://m.weibo.cn/1638781994/4508382881274669 ​"
新浪体育,4508379357866820,"【#大连高空项目安全绳脱落游客坠落# [怒]】5月24日中午，有网友爆料称在大连的料棠梨乐游谷一高空项目突发意外，一女子从廊桥处摔倒树林，目前已送往医院救治。

棠梨乐游谷官方发布通告：目前已停止该项目的运营，伤者目前已送医，并无大碍。工作人员表示当时女子踩空后安全绳脱落，事故原因正进一步...全文： http://m.weibo.cn/1638781994/4508379357866820 ​"
新浪体育,4508374140141950,"【#上海龙夺冠# ！】在昨日晚结束的 #OWL2020# 亚洲区5月锦标赛决赛上，BO7的比赛，@ShanghaiDragons 让三追四，以4-3战胜首尔王朝队夺冠！

赛后美国网友评论：“这是我生命中看过最伟大的一场比赛”；“很可能是史上最精彩的守望先锋比赛”；“向上海龙脱帽致敬” 恭喜！！！http://t.cn/A62qen8n ​"
新浪体育,4508250760005258,【麦迪最后的疯狂 末节13分逆转巅峰詹韦】2012年1月2日，老鹰客场挑战热火。麦迪前三节只拿到3分，但末节突然爆发，5投4中，三分球3投3中，单节拿下13分5篮板4助攻。最后1分10秒，他命中三分将领先优势扩大到两位数，一举锁定胜局。最终麦迪率领老鹰100-92逆转取胜，送给热火赛季首败。 ...全文： http://m.weibo.cn/1638781994/4508250760005258 ​
新浪体育,4508243214492693,【#前中网冠军涉嫌殴打前妻被逮捕#】根据外媒报道，2018年中网冠军巴希拉什维利涉嫌殴打前妻，已经被逮捕。巴希拉什维利涉嫌违反了“在未成年人面前对家人使用家庭暴力”的法律，他被指控对前妻采取了身体暴力。在格鲁吉亚，最轻是被罚社工工作200-400小时，最重则要被判一到三年。 ​
新浪体育,4508238177315386,"【温格：看利物浦输我很满意 阿森纳不败纪录保住了】阿森纳昔日主教练温格称，看到利物浦0比3负于沃特福德，不败纪录止于26场，他感到满意。#温格称看利物浦没打破不败记录很满意# 

“是的，当我看到利物浦输球，感觉很满意，”温格对beIN体育说，“对于某些成就来说，你总想自己是唯一的一个。” ​"
新浪体育,4508233144150502,#时年今日# 今天是@麦蒂Tracy_McGrady 的41岁生日！来回顾他职业生涯的那些高光瞬间吧，早些年在猛龙和魔术的隔扣真的是太炸裂了！http://t.cn/A6w8glsk ​
新浪体育,4508228111089690,#姚明两会合影# 姚明是中国男篮史上最伟大的运动员，退役后也担任了中国篮协主席，一直在为中国篮球的发展做贡献。除此之外，姚明也是全国政协委员，并且参加了近期召开的“两会”。两会期间还和各位委员一起合影留念，一年一度求合影，身高抢眼依旧！http://t.cn/A62q9UTf ​
新浪体育,4508225322297050,#极挑男团篮住卡路里##极限挑战#抱着岳岳@岳云鹏  撒娇的伦叽@邓伦 好奶萌啊，太可了！不过这画面、这动作似乎有点熟悉...？确定不是在cos灌篮高手吗[Chuckle] #邓伦岳云鹏像极了灌篮高手# ​​​​
新浪体育,4508223078730505,#PUBG网友我的世界复制Pecado# 据Reddit一位热爱PUBG的网友发帖，其在《我的世界》中复制了整座Pecado！#pubg[超话]# ​
新浪体育,4508217306832476,#德甲回来了# 奥格斯堡球员巴泽抽射破门！奥格斯堡2-0领先沙尔克04！沙尔克会遭遇开赛2连败吗？http://t.cn/A62qn89f ​
新浪体育,4508213015970221,【李庭协破门儒尼奥尔点射 蔚山现代1-1釜山偶像】韩国K1联赛第三轮一场比赛在蔚山现代和釜山偶像之间进行。上半场釜山门将金桢浩屡次精彩扑救力保球门不失；下半场李庭协接金炳旿助攻扫射破僵，儒尼奥尔点射扳平。最终，蔚山现代主场1-1战平釜山偶像。http://t.cn/A62qRAuH ​
新浪体育,4508207978666990,#辽足发布公告告别职业联赛# @辽宁宏运足球俱乐部 在微博和公众号上正式宣布告别职业联赛。 ​
新浪体育,4508202945526555,"【#林加德称乔丹让其想起伊布# 胜利者气质带给曼联】在看过迈克尔-乔丹的相关纪录片《最后之舞》后，曼联球星林加德联想到了@伊布Ibrahimovic 。

“我必须说是兹拉坦（伊布），”林加德说，“他一来曼联，你就能感受到他身边那种气场。有那种胜利者气质，这驱动着我们去赢得很多奖杯。” ​"
新浪体育,4508197857484638,#德甲回来了# 奥格斯堡球员洛温定位球直接破门！奥格斯堡1-0领先沙尔克04！http://t.cn/A62qYcs4 ​
新浪体育,4508190785520319,#K联赛# 李庭协禁区内停球轻松破门，釜山偶像率先打破僵局！釜山1-0领先蔚山！http://t.cn/A62qWoox ​
新浪体育,4508187846687992,【#伯恩茅斯一名球员确诊新冠#】英超伯恩茅斯俱乐部官方宣布，球队有一名球员在英超第二轮新冠病毒检测中呈阳性。鉴于医疗保密的要求，俱乐部不会公布球员的名字。英超官方今天公布了第二轮的新冠检测结果，共有996名球员和工作人员接受了检测，2人呈阳性，来自于2家不同的俱乐部。 ​
新浪体育,4508182816931372,【#吕征追忆米利安#:很震惊】据塞尔维亚媒体《mozzartsport》等多家外媒报道，曾效力山东鲁能、江苏舜天的塞尔维亚外援米利安·马达科维奇于当地时间5月22日在女友租住的公寓内开枪自杀，享年仅38岁。消息传到国内后，米利安在山东鲁能时期的队友吕征向@红星新闻 记者表示：“他在足球上，门前抢点，跑...全文： http://m.weibo.cn/1638781994/4508182816931372 ​
新浪体育,4508177779480028,#澳大利亚暂停申办2032奥运#据报道，澳大利亚昆士兰州州长安娜斯塔西娅·帕拉什丘克23日向媒体表示，昆士兰州政府将集中精力应对新冠疫情，有关布里斯班申办2032年奥运会的工作暂缓，帕拉什丘克州长同时向媒体解释说：我们正在集中精力搞恢复经济。这仅仅是暂缓，不要过多解读。http://t.cn/A62qajim ​
新浪体育,4508172745985325,#林书豪慈善募捐金额超100万美元#  @JeremyLin林书豪  更新社交媒体，由他发起的《Be The Light》慈善募捐活动，累计捐款金额已经达到105.98万美金，突破100万美金大关！林书豪在疫情期间一直在为抗疫贡献力量，积极捐款和募捐，是体育界不折不扣的抗疫楷模！http://t.cn/A62q6KxZ ​
新浪体育,4508167717620278,【#前八一国青主帅马连保因心梗去世#】前八一国青主帅马连保因心梗去世。马连保曾是上世纪70到80年代中国男篮的当家控卫，曾先后在八一、山西及中国男、女篮担任过助理教练、主教练等职务，阿的江、刘玉栋、范斌等一大批中国篮坛的风云人物均为其弟子。本赛季，新疆男篮主帅阿的江邀请其加盟新疆队教练...全文： http://m.weibo.cn/1638781994/4508167717620278 ​
新浪体育,4508160163626939,【曼联今夏出售6年老臣 一代国脚1200万英镑可卖】曼联计划在今年夏天出售后卫罗霍，阿根廷大学生队有可能成为他的下一站。30岁的罗霍目前租借效力大学生队，后者在考虑买断他。罗霍和曼联的合同还有一年，红魔急于在今年夏天将他出手，换回1200万英镑的转会费。#曼联将出售罗霍# ​
新浪体育,4508155130080219,Gamepedia网站总结了LPL转会期的各种流言，你怎么看？#LPL转会期流言# ​
新浪体育,4508150096524774,#时年今日# 今天是曼联国王坎通纳54岁生日！1992年坎通纳加盟曼联，效力期间，五年四拿联赛冠军！因其无与伦比的气质，被球迷称为“国王”。1997年，因在前一年未能入选欧洲杯阵容，心灰意冷的他在31岁突然宣布退役，结束他传奇的职业生涯。关于坎通纳，你有哪些记忆？#足金联赛# http://t.cn/R1h3lBv ​
新浪体育,4508145064076701,#时年今日# 十一年前的今天，09年东决第二场，最后时刻特科格鲁跳投命中，骑士落后2分，时间仅剩1.0秒。詹姆斯接球后立刻迎着特科格鲁出手命中压哨三分绝杀对手，这是詹姆斯本场命中的唯一一个3分球，詹姆斯全场拿到35分4个篮板5次助攻。我们一起来回顾这伟大的一球。#11年前詹姆斯压哨绝杀魔术# ...全文： http://m.weibo.cn/1638781994/4508145064076701 ​
新浪体育,4508140030471084,【#曝CBA近一周进行第1次核酸检测# 检测3次可参赛】据齐鲁网记者夏晓司报道：CBA球队最近一周都在进行第一次核酸检测，这是重启前，必须进行的其中一项工作。据了解，每个队员至少进行三次，才能参赛。联赛具体时间，还没公布。 ​
新浪体育,4508134997391682,"【15场造18球！比莱万哈兰德还猛！】所有德甲球员中 ，2020年各项赛事参与进球总数最多的是谁？

你可能会想到本赛季总进球已经破了40大关的莱万，也可能会想到神锋哈兰德，但正确答案是勒沃库森的超级新星哈弗茨——今年各项赛事出战15场的他，已经贡献了11球7助攻的恐怖数据。#哈弗茨2020数据逆天# ​"
新浪体育,4508129965135832,【马尔蒂尼在圣西罗的最后一战】#时年今日# 2009年的今天，在罗马vsAC米兰的比赛中，米兰功勋球员保罗·马尔蒂尼迎来了自己在圣西罗球场（米兰主场）的最后一场比赛。终场哨响，全场球迷起立鼓掌致敬，3号球衣也在米兰永远退役！http://t.cn/A62Gu6gb ​
新浪体育,4508122414390442,"【足球迷的硕士论文长啥样[费解]】就读于苏格兰阿伯丁大学的球迷小哥George Innes日前晒出自己的硕士论文，题为《幸福的无知：论蝴蝶效应在混沌理论中的地位》

具体的研究内容为：关于08年9月14日斯托克城2-3埃弗顿比赛中，德拉普的大力手抛球制造的两个进球，直接导致高盛和摩根士丹利在08年9月21日...全文： http://m.weibo.cn/1638781994/4508122414390442 ​"
新浪体育,4508117381461094,"【#帕金斯抨击乔丹# ：通过贬低他人来彰显自己伟大】帕金斯在节目中上谈到了《最后一舞》，并抨击了乔丹。

“当你看《最后一舞》时，它让乔丹看起来像个超级英雄，而其他人看起来则像个坏蛋。乔丹破解了每一位球员的密码，他说斯科特-伯勒尔每天晚上泡吧；乔丹还谈到格兰特说其他球员干坏事；《最后一...全文： http://m.weibo.cn/1638781994/4508117381461094 ​"
新浪体育,4508112347830293,"【#日本国脚小林祐希义务送外卖# 】NHK新闻报道，现效力于比甲华斯兰德贝弗伦的日本国脚小林祐希主动参加了个公益活动。受疫情影响，日本单亲家庭的生活雪上加霜。然后东京几家餐馆联合搞了个活动，小林祐希报名参加免费送外卖。

“不管你做什么，有人就会说作秀，如果你做得失败，还会被嘲笑。我参加...全文： http://m.weibo.cn/1638781994/4508112347830293 ​"
新浪体育,4508107513205259,【#4岁女孩全国跳绳比赛连夺7冠# 最好成绩为30秒130次】现在四岁零七个月的小女孩于璨伊，生活在吉林长春。她在全国少儿跳绳俱乐部杯赛网络视频大赛中，拿下了七个项目、五周岁以下组的第一名。目前最好成绩更是达到 30秒130次。她的父亲于大伟是中国跳绳国家队教练兼队员[中国赞]http://t.cn/A62qPg82 ​
新浪体育,4508102714139927,"【#温格称再不回酋长球场#】前阿森纳主帅温格日前接受贝因体育采访。“我会回到酋长球场吗？我总是对自己说，我要完全离开阿森纳，这就是我的决定。”

“我执教了俱乐部1235场比赛，我在那里度过了很多好时光，当然了也有不好的。但是我们一直在努力捍卫俱乐部的价值观，我认为我们做到了。” ​"
新浪体育,4508097466996552,【#杨扬建议完善社区儿童体育设施#】全国政协委员、北京冬奥组委运动员委员会主席@大杨扬 提案内容是关于如何更好规划发展社区内专门针对青少年儿童的体育设施。“这两天跟身边的委员们沟通的时候，大家都有这种亲身体会，疫情期间都被熊孩子们折腾得够呛。社区的体育活动中，青少年儿童的体育设施条件...全文： http://m.weibo.cn/1638781994/4508097466996552 ​
新浪体育,4508092216302178,"【#爵士退役斯隆执教胜场数# [心]】2014年，@犹他爵士 为功勋老帅斯隆退役了一件特殊球衣——斯隆的执教胜场数1223，以此来表达对斯隆的尊敬。

斯隆在1988-2011年连续执教爵士。23个赛季中，常规赛战绩为1223胜803负，执教胜场数排名NBA历史第三[心] 瑞思拜[蜡烛] ​"
新浪体育,4508087333158074,这个自行车速降真是太刺激了！在法国和西班牙交界处的蒙特雷贝峡谷，一条极其狭窄崎岖、连步行都要拉着绳索的小路上，这位车手一边骑行，一边甚至抬起前轮玩上了特技[跪了][跪了] 午饭时间，来一起欣赏段惊险刺激的~ #没比赛看的时候干什么# http://t.cn/A6wwwBP3 ​
新浪体育,4508082149213115,"【#姚明建议拓宽男篮青训渠道# 】http://t.cn/A62GmvBl 全国政协委员，中国篮协主席姚明提案《体教融合不能忽视人格塑造》，其中谈到了中国篮球人才储备以及该防止人才断层的话题。

“当前我国很多的运动项目后备人才的储备并不雄厚。以CBA为例，有60%左右的球员由辽宁省、山东省、吉林省、黑龙江省、...全文： http://m.weibo.cn/1638781994/4508082149213115 ​"
新浪体育,4508077121237389,"【#瓦妮莎继承科比价值2亿美元股份# 】据《福克斯商业》报道，运动饮料公司BodyArmor创始人Mike Repole表示，瓦妮莎继承科比在该公司价值2亿美元的股份。

2013年，科比投资500万美元，购买了BodyArmor公司10%的股份。当时这个新兴品牌的收入微不足道。Repole表示：如果没有科比的贡献，这一里程碑（Bo...全文： http://m.weibo.cn/1638781994/4508077121237389 ​"
新浪体育,4508070825618109,【#前湖人球员批评科比#：04年总决赛输活塞是因为他[并不简单]】前湖人球员卡里姆-拉什近日接受采访谈到了湖人在2004年总决赛中输给活塞。“他们完全胜过了我们。卡尔（马龙）那个系列赛受伤了，我认为所有人都看好我们赢得那轮系列赛，当时@奥尼尔SHAQ 拿过前面三次FMVP，我认为他（科比）非常自私地...全文： http://m.weibo.cn/1638781994/4508070825618109 ​
新浪体育,4508065803834294,"【#百分百命中篮板# 2.0！】1.0版本的是木质篮板，通过编程计算出篮板形状，达到投篮打板必进的效果。而全新升级的2.0版本，升级成了机器人+计算机视觉技术的智能篮板，自动识别并调整角度，进球率进一步提高！

除此之外，人脸识别系统还可以实现将别人（他老婆）的球弹走[doge]  ...全文： http://m.weibo.cn/1638781994/4508065803834294 ​"
新浪体育,4508062021812229,"【#张常宁建议高校提升高水平运动员招生比例#】http://t.cn/A62GuFLm 全国人大代表，中国女排队员@宝贝宁_ZCN 带来《关于进一步加强普通高校高水平运动队建设》的提案。内容如下↓

“作为学校体育的重要一环，高校办运动队对带动学校体育事业发展和提高学生健康水平起到示范性作用。张常宁在提案中对...全文： http://m.weibo.cn/1638781994/4508062021812229 ​"
新浪体育,4508057416397263,#政协委员人民大会堂外打太极拳# 如何看待#建议推进太极拳进奥运# 一事？ http://t.cn/A62G1DAQ ​
新浪体育,4508054597312915,【#政协委员人民大会堂外打太极拳#：#建议推进太极拳进奥运#】5月21日下午参会前，人民大会堂外广场上，周建平在众人注视下，悠然自得地打起了太极拳。周建平提请国家体育总局，集中国家力量协同相关部委、武术协会共同推进太极拳等中国武术，成为奥运会正式比赛项目。#建议推动太极拳进奥运# ​
新浪体育,4508053209019246,全民运动季，极挑男团的“卡路里之战”将在今晚打响！#3X3黄金联赛# 也在密切关注他们在篮球场上的表现，看看谁才是打败卡路里的球场大魔王！关注@东方卫视极限挑战 和@3X3黄金联赛 @微博综艺 一起，#极挑男团篮住卡路里# 吧~ #极限挑战# http://t.cn/A62b0vZs ​
新浪体育,4508050188722098,"【#K联赛球员头部被撞当场昏厥# [闭嘴]】K联赛第三轮，尚州尚武主场1-0战胜光州FC。光州前锋金孝基在比赛中头部与对方门将膝盖相撞，当场昏厥。
　　
第82分钟，金孝基突入禁区追球，与对方门将黄炳根相撞。慢镜头显示他的头部撞到了黄炳根的膝盖。经抢救，金孝基恢复了意识，他被立即送入医院。根据韩...全文： http://m.weibo.cn/1638781994/4508050188722098 ​"
新浪体育,4508044669025934,"【#波切蒂诺拒绝执教巴萨# ：不愿执教西班牙人的同城对手】《马卡报》消息，今年1月，巴萨向波切蒂诺发出邀请，表示惊讶的波切蒂诺随即拒绝。他表示由于自己与西班牙人的关系，所以在职业生涯的任何时候，他都不想成为巴萨的主帅。

球员时期，波切蒂诺两度效力西班牙人；波切蒂诺也曾在09-12年出任西...全文： http://m.weibo.cn/1638781994/4508044669025934 ​"
新浪体育,4508039372304524,【#NBA计划7月底在迪士尼复赛#】http://t.cn/A62G0qFi NBA发言人迈克-巴斯表示，联盟正与迪士尼进行试探性对话。“NBA已在和迪士尼公司初步讨论，NBA在7月下旬在迪士尼的广阔体育世界（ESPN Wide World of Sports Complex）恢复剩余比赛，包括训练和住宿。” 同时巴斯提及到预计复赛日期为7月下旬。 ​
新浪体育,4508034585671730,"【#前中超外援开枪自杀# [蜡烛]】据多家外媒报道，塞尔维亚籍前锋米利安在家中持枪自杀，享年38岁。他的女友伊凡娜表示：米利安生前一直与抑郁症作斗争[悲伤]

米利安曾在2008年效力鲁能，18场打进8球，帮助球队拿到联赛冠军。2012年他短暂加盟江苏舜天，还曾参加北京奥运会，于2017年宣布退役。R.I.P ​"
新浪体育,4508029300843751,【格雷罗&阿什拉夫建功 多特2-0狼堡】#德甲回来了# #德甲联赛# 第27轮，多特蒙德客场2-0战胜沃尔夫斯堡。上半场多特占据优势，小阿扎尔助攻格雷罗首开纪录。下半场斯特芬中柱，桑乔助攻阿什拉夫小角度破门扩大比分！第81分钟，狼堡替补克劳斯因踩踏阿坎吉右脚踝，被裁判经VAR回看后追加红牌被罚下。最...全文： http://m.weibo.cn/1638781994/4508029300843751 ​
新浪体育,4508025526117996,【穆勒传射 欣特格雷另类戴帽 拜仁5-2法兰克福】#德甲回来了# #德甲联赛# 第27轮，拜仁主场5-2战胜法兰克福。赛前双方球员围着中圈，向因新冠肺炎而丧生的人们默哀。第17分钟格雷茨卡首开纪录，随后穆勒扩大比分。下半场，莱万闪击得手；欣特格雷连入两球缩小差距。戴维斯进球，欣特格雷乌龙另类戴帽。...全文： http://m.weibo.cn/1638781994/4508025526117996 ​
新浪体育,4508021751064150,【#13000个纸板人伫立球场看台# 】德甲第27轮，勒沃库森客场3-1战胜门兴格拉德巴赫。虽然重启后的德甲只能空场进行，但复赛后首个主场比赛的门兴，在主场普鲁士公园球场看台上总共放置了1.3万个纸板人（还为勒沃库森放置了一部分），这也形成了非常奇特又非常震撼的一幕！一起来感受下~ ​
新浪体育,4508017419027740,"【#英超第二轮新冠检测新增2人呈阳性# 】http://t.cn/A62G934s 英超官方公布了第二轮的新冠检测结果，共有996名球员和工作人员接受了检测，2人呈阳性，来自于2家不同的俱乐部。

相较于第一轮检测，20家俱乐部各自接受检测的人数提升至40-50人，官方试图扩大检测范围排查掉更多风险。 ​"
新浪体育,4508012452089340,【#前CUBA篮球队员参军护航亚丁湾#】目前正在太原舰上服役的徐晓东是一名大学生士兵，曾参加CUBA篮球联赛。中国海军护航亚丁湾、也门撤侨的事迹，让他立志参军。他的战位在舰艇的最底层工作舱“推柴舱”，这里常年40度高温。“追梦远航到这里，守卫这片海的安宁，圆了我的心愿！”http://t.cn/A62bGo3N ​
新浪体育,4507898057845665,#前中超外援开枪自杀#据国外媒体报道，曾效力过鲁能和舜天的塞尔维亚球员米利安-马达科维奇在家中开枪自杀，年仅38岁。米利安曾在2008-09效力鲁能，帮助球队拿到中超冠军，后来他还效力过江苏舜天。[蜡烛] ​
新浪体育,4507888372496867,喵星人把守的大门就是这么稳~~放弃吧[喵喵][喵喵][喵喵]#宅运动大赏#http://t.cn/A62Zyc6b ​
新浪体育,4507883972738372,#前CUBA篮球队员参军护航亚丁湾#徐晓东是河北沧州籍大学生士兵，曾参加CUBA篮球联赛。中国海军护航亚丁湾、也门撤侨的事迹，让他立志参军。来到太原舰，作为传动兵，他在40度、高湿、高噪的推柴舱工作。“追梦远航到这里，守卫这片海的安宁，圆了我的心愿！http://t.cn/A62bGo3N ​
新浪体育,4507879413986785,【门兴1-2勒沃库森】门兴扳平比分刚刚5分钟，勒沃库森贝拉拉比突入禁区射门后被铲翻，裁判观看var后判了点球，哈弗茨主罚命中，这是他在复赛后打进的第四粒进球！#德甲回来了#http://t.cn/A62G7f7t ​
新浪体育,4507876644818106,这都不进？？？哈弗茨门前劲射击中门梁弹回，跟进的队友德米尔拜补射被后卫眼疾脚快伸脚挡了出去。#德甲回来了#http://t.cn/A62GPx9o ​
新浪体育,4507872249717028,#丹麦俱乐部启用虚拟看台#丹麦超级联赛将在下周空场重启，奥胡斯队决定启用一款视频会议软件，这样球迷们在看比赛的同时也让自己出现在球场的大屏幕上，球员们也能看到为他们加油的球迷。目前已经有1万球迷参与到了这个计划当中~http://t.cn/A62brSKI ​
新浪体育,4507868269609765,【沃尔夫斯堡0-1多特蒙德】多特在狼堡前场的连续传递打穿了对方的防线，最后格雷罗轻松破门得分~~复赛后他已经打进三粒进球了。#德甲回来了#http://t.cn/A62bkCq2 ​
新浪体育,4507863017427768,#德甲为悼念新冠逝者进行默哀仪式# 今晚的德甲比赛开始前，为悼念因新冠去世的人们，球员们赛前进行了默哀仪式。[蜡烛][蜡烛]#德甲回来了#http://t.cn/A62bgH8H ​
新浪体育,4507862024404435,【门兴0-1勒沃库森】勒沃库森抢断后就地发动进攻，哈弗茨接直传突入禁区右脚射门得手，勒沃库森客场取得领先。#德甲回来了#http://t.cn/A62bgXMZ ​
新浪体育,4507858178160538,【女子小区健身被花樽砸伤向物业索赔33万 被法院驳回】近日吴女士在小区锻炼时，被一个石头花樽砸伤。事后，她上法院起诉，要求物业公司赔偿各项损失33万多元。但物业公司认为花樽并非健身器材，不应该承担责任。法院经过调查取证，一审判决驳回了原告吴女士的全部诉讼请求。...全文： http://m.weibo.cn/1638781994/4507858178160538 ​
新浪体育,4507852830915251,"#德甲回来了#@门兴格拉德巴赫足球俱乐部 为了让球迷在空场比赛时有参与感，他们用人形纸板印上球迷们的照片填满了球队看台~~

这还不算完，今天他们将在主场面对勒沃库森，于是他们又给客队球迷也弄了一批……[二哈][二哈][右哼哼] ​"
新浪体育,4507848895476279,#青城派掌门谈马保国#青城派掌门人@青城派掌门刘绥滨 出面谈#马保国被ko# ：“这个对抗只能说是69岁的人和50岁的人打架而已。我是中国第一批接受散打训练的运动员，现在让我打，其实也打不过这些弟子和学生，因为老不以筋骨为能，所以马老师你比我年龄还大其实不该上~~”http://t.cn/A62bYnFG ​
新浪体育,4507840699457749,"西班牙首相宣布，西甲将在6月8号回归。#西甲6月8日复赛#

西班牙首相表示：随着全国进入重启第一阶段，各项活动也将进入实质性复苏，在西班牙卫生部和西班牙高级理事会的建议下，在6月8日那一周西班牙职业足球联赛将正式复赛。#西甲6月8日重启# ​"
新浪体育,4507840239566208,日本足球美少女真嶋优的花式颠球~~~你能做到嘛~#没比赛看的时候干什么# http://t.cn/A62PcLbe ​
新浪体育,4507824199859229,"#梅西和阿圭罗打电话#感受下梅西和阿圭罗和跨国网恋撒糖~~

梅西：你干嘛早上9点给我发消息？
KUN：我9点给你发消息了？那会儿我在做新冠检测呢。
梅西：但你给我发消息了，然后就没下文了。
KUN：9点？我？
梅西：9、10点钟那会儿。
KUN：啊，我是给你发了可能，我也不知道，就是想跟你道个早安吧。就...全文： http://m.weibo.cn/1638781994/4507824199859229 ​"
新浪体育,4507818465802075,【实用干货教学】眼睛会了，手跟不上系列！@玩球说明叔沈国庆 慢动作讲解欧文这招反拧运球！转了就等于练了！[doge]#宅运动大赏# http://t.cn/A62bG3kX ​
新浪体育,4507806885283935,"#姚明建议将专业运动员纳入义务教育#全国政协委员、中国篮球协会主席姚明指出，“没有体育的教育是不完整的，离开教育的体育是不牢固的。”

姚明建议将适龄体校学员、专业运动员全部纳入义务教育体系，提升专业运动员的人文素质、科学素质。具体建议包括：鼓励中小学校与体校加强合作；体校教师进教师...全文： http://m.weibo.cn/1638781994/4507806885283935 ​"
新浪体育,4507805070143880,昨日晚，NBA前犹他爵士主帅杰里·斯隆因帕金森氏病和路易体痴呆去世，享年78岁。那年姚麦翻不过的爵士，成为了不少球迷的青春记忆。2020年，篮球送走了一个又一个伟大的名字，随之而去的，还有我们最宝贵的回忆。#杰里斯隆去世# http://t.cn/A62bCg8z ​
新浪体育,4507800292406759,"#澳大利亚暂停申办2032奥运# ​​​​受新冠肺炎疫情的影响，昆士兰州政府已暂停申办以布里斯班为首的2032年奥运会和残奥会，澳大利亚奥委会（AOC）批准了这一举措。澳大利亚奥委会主席科茨发声明表示支持。

澳大利亚上一次举办奥运会是2000年，目前印尼奥委会也在积极申办。目前昆士兰为申办2032年奥...全文： http://m.weibo.cn/1638781994/4507800292406759 ​"
新浪体育,4507795258774815,"如果你还会去漓江塔，请你缓下脚步来看一看他

#时年今日#4年前的今天，广州大学生吴宏宇为追偷车贼，被恶意撞击而离开了人世。出事前的那天上午，他还在朋友圈问有没有等待守望先锋开服的朋友。

后来暴雪在漓江塔地图中加入了彩蛋，在地图红色方附近有三个三个穿宇航服的人物模型，背后红墙上写着“...全文： http://m.weibo.cn/1638781994/4507795258774815 ​"
新浪体育,4507790229734976,"今天#足协公布三级联赛准入名单#，城市足球集团旗下的四川九牛获得新赛季中甲资格，曼城官微也发布了微博祝贺~~

球迷：都是兄弟俱乐部，阿圭罗借用一下~~[二哈][二哈][二哈] ​"
新浪体育,4507780159052222,[二哈][二哈][二哈]少年，你经历过绝望吗？#没比赛看的时候干什么# http://t.cn/A624kOCn ​
新浪体育,4507773867672899,【女生#宅家数月剧烈运动后受伤#】#千万不要报复性锻炼#22岁的小花喜欢跆拳道，平时跑步也能跑几十公里。健身房开门后，小花进行了跆拳道训练等剧烈运动，随后她发现自己膝关节疼痛肿胀，无法负重及步行。医生发现她膝关节前交叉韧带大部分已撕裂，半月板也有损伤。医生建议长时间不运动后，先从强度较...全文： http://m.weibo.cn/1638781994/4507773867672899 ​
新浪体育,4507767577094379,【纯干货！过去5个赛季最佳扣篮合集】过去5个赛季的精彩扣篮汇总，有科比和加内特的老夫聊发少年狂，也有拉文这样的新晋扣将，当然还有詹姆斯这样一直坚挺的篮筐轰炸者！长达半个小时的视觉盛宴，建议收藏！#热爱篮不住# #没比赛看的时候干什么# http://t.cn/A6Apds60 ​
新浪体育,4507760027631570,#时年今日# 13年前的今天，2007年5月23日，AC米兰在欧冠决赛中2-1战胜利物浦。成功复仇红军的同时，这也是红黑军团队史第7次捧起大耳朵杯。因扎吉梅开二度，库伊特终场前扳回一球。马尔蒂尼；内斯塔；皮尔洛；加图索；卡卡；因扎吉；西多夫，关于那批红黑老男孩，你有哪些记忆呢？http://t.cn/E90Viol ​
新浪体育,4507754994434938,【#男子运球跑一英里创纪录#】 近日，乔丹母校北卡的一名田径教练，在自己30岁生日这天，穿着北卡大学的队服，在田径场运球跑了一英里（1.6公里），用时4分37秒，打破这种跑步方式的世界纪录！！！[跪了] http://t.cn/A624no6j ​
新浪体育,4507749960311186,"【#F1预算帽消减至1.45亿美元#】http://t.cn/A624sf1C F1一级方程式车队已经批准了一系列激进的规则修改，目的是在冠状病毒疫情后确保这项运动的未来。划重点：
1.预算上限从1.75亿→1.45亿（美元）
2.空气动力套件研发限制系统（倒序给予研发额度）
3.开源零件使用的进一步开放（细节未知） ​"
