用户昵称,微博id,微博内容
新浪娱乐,4508477483377052,#王丽坤爆料剧组乱象#近日，@王丽坤 受访时揭露遇到过的剧组乱象：有些在她看来非常重要的戏份，剧组以“删掉了”为由直接让她杀青，而她本人事先并不知情；曾对剧本提出一些自己认为合理化的建议，却被制片人反驳，“你以前是拍谍战剧出身的，所以逻辑性太缜密了，这个不需要”。http://t.cn/A62qQ6mT...全文： http://m.weibo.cn/1642591402/4508477483377052 ​
新浪娱乐,4508469707554502,#午间话题# 东方神起、李泰民、张艺兴@努力努力再努力x、田柾国、@蔡徐坤、@UNIQ-王一博、@Apink_official、@VIXX_OFFICIAL、@UNINE官博 ......的水上舞台，你觉得谁的最惊艳？带话题#令人惊艳的爱豆水上舞台#发博来提名吧~ ​
新浪娱乐,4508462152783750,#午间娱乐播报# 周迅被传离婚后现身看画展http://t.cn/A625NCDA 人大代表贾樟柯：数字化生活不能忽视老人需求http://t.cn/A62tzNcn 王思聪给雪梨拍买家秀力破不合传闻http://t.cn/A625e3eU 坤子哥5G冲浪！#蔡徐坤叫沙溢沙子爹#http://t.cn/A625mjp1 #BIGHIT确定收购PLEDIS#http://t.cn/A625ddqb ​
新浪娱乐,4508455698813389,近日，网曝宇宙少女2019年商演时，#苞娜#疑更改舞蹈动作用指甲抓伤了队友恩熙，引发热议。有网友在当时曾发文问恩熙“肚子没事吧？”恩熙回应道“哈哈哈哈哈看见指甲印了吗？”有人表示恩熙是敢怒不敢言，但也有网友晒二人之后在舞台上的互动，表示她们其实是在开玩笑，你怎么看？http://t.cn/A6257u5k ​
新浪娱乐,4508447184126152,#阿乐时光机# @蒋欣 太直爽可爱了！陈建斌说她“生活中看起来挺小的，怎么扮上妆以后显得那么老呢”，她直接回击“因为要配你啊”[允悲]哈哈哈哈阿乐猜陈建斌老师内心OS：不愧是朕的华妃[doge] http://t.cn/A625sh1O ​
新浪娱乐,4508439637715515,#林志颖老婆谈网络暴力# 陈若仪嫁给林志颖后首次上节目，坦言“林志颖老婆”这个身份让她压力很大，很容易崩溃，“这10多年一直会被舆论攻击，长得丑、你凭什么嫁给他、你有什么才能、你暴牙，各种人身攻击，万箭穿心了。”期间陈若仪一度泪崩，但她表示最难熬的时间已经过去了。 http://t.cn/A625DZTk ​
新浪娱乐,4508431958923996,#何猷亨新恋情#曝光？据港媒，赌王儿子何猷亨被曝新恋情，女方是2016年港姐冠军冯盈盈。报道称冯盈盈当日乘坐7人车到达深湾游艇会，随后，穿着一身运动装的何猷亨也到达现场。两人为掩人耳目先后入场，接着转场到豪华游艇开游艇派对，两人眉目传情，大秀恩爱，恋情疑似曝光。http://t.cn/A625RETi ​
新浪娱乐,4508424408996783,全国政协委员、北京电影学院原党委书记侯光明等多位电影人提议#建议设立中国功夫电影节#，希望以此扶持、推广功夫电影。侯光明表示：“近几年，成龙动作电影周和佛山文化功夫电影周为我们办功夫电影节积蓄了经验，开辟了道路。我们国家现在电影节不少，但专业的电影节很少。我认为这中间应该设功夫电影...全文： http://m.weibo.cn/1642591402/4508424408996783 ​
新浪娱乐,4508416858916354,#窦靖童谈网络暴力# 据港媒，参演日本真人秀节目《双层公寓》的女摔跤手木村花疑因不堪网络暴力自杀身亡，终年22岁。事件发生后，窦靖童发文谈网络暴力，她写道：“希望大家永远不去低估言语的分量和力量。有一些话，说出来伤别人更伤自己！互联网时代更是如此。在这里语言可以是危险的，所以我们更要...全文： http://m.weibo.cn/1642591402/4508416858916354 ​
新浪娱乐,4508409309130369,#陈乔恩艾伦辟谣分手传闻# 24日凌晨，@陈乔恩 在微博发文“愿你遇良人”引发她与艾伦分手的传闻，随后艾伦晒出二人合影否认，他在照片上写道：“让我们一起关注正面事情，而不是关注那些假新闻与谣言，我们很好”，紧接着陈乔恩也晒出合影和她拍摄的男友逗狗视频，辟谣分手传闻。http://t.cn/A62q8BuC ​
新浪娱乐,4508401755599466,#胡杏儿力挺老公酒吧未违规# 据港媒，有人爆料称近日在胡杏儿老公李乘德经营的酒吧中有客人举行生日派对，质疑座上客违反禁聚令。对此，胡杏儿回应表示：“当事人都写明了是回忆，其实因为疫情关系我们酒吧都几个月没有开业了，直至近两日才开，所有东西都按照政府要求来做的。”http://t.cn/A62502Xq ​
新浪娱乐,4508394205066141,#民航局副局长不建议粉丝接送机# 全国政协委员、中国民航局副局长李健表示，近年来机场出现了粉丝接送机、机场代拍等现象，机场是一个承担公共运输的服务场所，过多粉丝拥堵可能会影响机场正常秩序，容易引起不必要纠纷，因此他不建议粉丝在机场大量聚集接送机。http://t.cn/A62502ar ...全文： http://m.weibo.cn/1642591402/4508394205066141 ​
新浪娱乐,4508386849461521,#陈卓璇好敢说# #创造营排名#公布时@创造营2020-陈卓璇 说：“我一直以来的目标不是和101个女孩子做比较，我的目标都是要跟行业内所有专业的歌手专业的艺人，包括台上的四位教练，我们应该一起做比较，你们才是我的标准”，还隔空喊话赞助商：“是我站得还不够高吗？”#阿乐今日问#：你看到这番发言想...全文： http://m.weibo.cn/1642591402/4508386849461521 ​
新浪娱乐,4508379115202904,大家好，今天是5月25日，欢迎收听FM1642591402《#阿乐的早读刻#》，接下来请欣赏今日“刻代表”DJ@青春有你2-秦牛正威 带来的 《恋爱的犀牛》。 http://t.cn/A625Casx ​
新浪娱乐,4508371556723443,【0-7时要闻回顾】《公寓》成员谈木村花去世：我救不了你http://t.cn/A625KZQZ 网曝宇宙少女苞娜疑改动作抓伤队友恩熙http://t.cn/A6257u5k #陈卓璇好敢说#喊话赞助商：是我站得还不够高吗http://t.cn/A62q3ChB 胖了？比伯穿宽大T恤显健硕http://t.cn/A625SDPj 董至成首谈离婚细节http://t.cn/A62q14y9 ​
新浪娱乐,4508364006470062,"#威尼斯电影节计划按期举行# 威尼斯所在的意大利威内托大区行政长官Luca Zaia最新表示：今年威尼斯电影节计划按期于9月举行，正以此安排推进。如威尼斯如期(9月2日-12日)举办，它将是近期首个没有因新冠疫情取消或推迟的国际大电影节/电影行业大规模聚会。

Zaia还表示：考虑到全球范围内的影视制作受...全文： http://m.weibo.cn/1642591402/4508364006470062 ​"
新浪娱乐,4508256061605111,#杨丞琳潘玮柏蔡依林同框# 24日晚，@楊丞琳 在微博晒与@蔡依林 @潘瑋柏 同框聚餐的照片，并配文：“和哥哥姐姐吃饭。”照片中，蔡依林中分长发优雅，杨丞琳对镜比耶，潘玮柏则站在两人中间一脸笑容灿烂。阿乐的青春同框了！[泪]http://t.cn/A625hCAc ​
新浪娱乐,4508248571030741,"【17-23时要闻回顾】汤晶媚生日发文：今年收获最大的是心态http://t.cn/A62qH1TL #李现寸头# 清爽http://t.cn/A625PU0J 艾伦与陈乔恩亲密合影力破分手传闻http://t.cn/A62q8BuC 人大代表建议整顿""饭圈文化"" 引导明星成为正能量偶像http://t.cn/A62qWuzW 岳云鹏调侃宋小宝黑色显瘦http://t.cn/A62q1fl8 ​"
新浪娱乐,4508238194788567,#冯远征建议出台新文艺群体职称评审制度# 23日，全国政协委员、国家一级演员@冯远征 在受访时表示，建议国家出台新文艺群体职称评审制度，畅通人才渠道。他指出职称评审制度对于演员是一个保护，同时也能够限制片酬。职称评审制度可以与规范演员片酬结合起来，依据演员职称规定其片酬的上限和下限。（...全文： http://m.weibo.cn/1642591402/4508238194788567 ​
新浪娱乐,4508228208375061,#王思聪要告营销号# 近日，有网友爆料#王思聪# 在夜店里与@雪梨Cherie 老公起了冲突，还有疑似工作人员表示两人确实有言语冲突，好在@王思聪 很理智，不到一分钟就离开了。24日晚，王思聪发文回应此事：“有没有人帮我把这些造谣的营销号全截图保留证据，我要把他们全告了。”http://t.cn/A62qEteO ​
新浪娱乐,4508218568626729,#巩汉林回忆赵丽蓉# 23日，全国政协委员@巩汉林 回忆赵丽蓉时表示，艺术要讲究不要将就，讲究出来的可以流传，将就的可能是“快餐”。赵丽蓉老师的作品就是她的艺术塑造，脚踏实地，来源于生活。他希望在互联网时代，价值取向、艺术情趣和艺术造诣都要做得更好一点，“底线是我们要道德的娱乐，不要娱...全文： http://m.weibo.cn/1642591402/4508218568626729 ​
新浪娱乐,4508208075695752,"#创造营排名#《创造营2020》55强最终晋级名单出炉！其中1-7名分别为希林娜依·高、陈卓璇、郑乃馨、张艺凡、刘些宁、姜贞羽、王艺瑾。你pick哪位plmm？#小蛮腰撑腰计划#

55强全部排名如下：
1-7名：希林娜依·高、陈卓璇、郑乃馨、张艺凡、刘些宁、姜贞羽、王艺瑾；
8-20名：林君怡、徐艺洋、赵粤、姚慧...全文： http://m.weibo.cn/1642591402/4508208075695752 ​"
新浪娱乐,4508198020611465,#如果佛系追星也分类# 有网友给佛系追星进行了分类：叽叽歪歪就是不走的唐僧系追星；被公司气跑但又很挂念，说点好话就回来的孙悟空系追星；经常爱上新墙头，但又时不时怀念自己前墙头的八戒系追星；任劳任怨掏钱出力的沙僧系追星；看到好看的就想把他留下来做老公的女儿国系追星；低调追很久的白龙马...全文： http://m.weibo.cn/1642591402/4508198020611465 ​
新浪娱乐,4508188319860451,#终极三国周瑜扮演者求婚女友# 23日晚，《终极三国》中饰演周瑜的@黄少谷 在微博透露成功求婚女友@YuMi林采薇 。 他写道：“我最幸福的事，就是未来有你的陪伴，说好了，一起走到老，永远不分开！”女友也发文回应道：“我最幸福的事，就是有你一起走到老！我愿意。”台媒爆料称，两人已经在一起一年，...全文： http://m.weibo.cn/1642591402/4508188319860451 ​
新浪娱乐,4508178006118666,#大本首次带女友见孩子# 当地时间5月23日，本·阿弗莱克Ben Affleck被拍到和女友安娜·德·阿玛斯Ana de Armas一起现身洛杉矶街头遛狗，两人身边还跟着大本的三个孩子。据外媒透露，这是大本首次带女友和自己的孩子们见面共处。http://t.cn/A62qaF7D ​
新浪娱乐,4508167780147258,#工藤静香木村光希一起做饭# 24日，木村光希@光希-Koki 在微博晒出与妈妈工藤静香一起做晚饭的照片，并发文透露：“隔离期间和妈妈一起做晚饭，最近我们大约在下午3:30～4:00吃晚饭。”照片中，工藤静香正拿刀处理食材，似乎还在教女儿如何去皮，母女俩笑容灿烂，看起来十分有爱。http://t.cn/A62qK3KB ​
新浪娱乐,4508157647134616,"【7-17时要闻回顾】抗疫剧《在一起》杨洋戏份杀青http://t.cn/A62qSMU1 《终极三国》""周瑜""求婚成功 女友是林俊杰前任http://t.cn/A62qbqbG 应采儿带Jasper参加聚会 挺二胎孕肚活力满满http://t.cn/A62GNtWd 方媛组名媛聚会豪宅庭院曝光http://t.cn/A62qi82g 周杰否认与陈道明不和http://t.cn/A62qxY29 ​"
新浪娱乐,4508147940653076,#木村花去世后网友删除恶评# 据日媒，曾出演过恋爱真人秀《双层公寓》的职业摔角选手木村花于23日去世，享年22岁。木村花生前曾遭受网络霸凌，并在凌晨发布带有伤痕的照片向大家告别。木村花去世后，其账号下的恶评被删除，许多恶评账号也被注销，而木村花参演的#双层公寓无限期停播#。 ​
新浪娱乐,4508137518014819,#旧爱浪# 2015年，边伯贤亮相韩国大田某棒球场担任开球嘉宾，阳光下的活力少年，青春美好[心] ​
新浪娱乐,4508127457137730,#神话金烔完方喊话私生# 23日晚，神话成员金烔完的所属社晒出私生的照片，并发文喊话私生，称该私生从去年夏天开始找到了金烔完的家，在劝说及报警后消失了一段时间，但最近她直接越过围墙来到家门前。希望认识这位私生的人劝阻她不要再做出这样的行为，也恳请大家不要做出前往艺人住宅的行动。 ​
新浪娱乐,4508117482132245,#微博金句王time# @张雨绮 现身机场，粉丝向其要签名但是忘带笔，姐姐直接掏出口红给对方签上，不愧是“碎钻不值钱”！[偷笑]看到#张雨绮用口红给粉丝签名#，你想说______？（留下你的金句，阿乐扶你上墙[来]） ​
新浪娱乐,4508107320167898,#林志颖妈妈说陈若仪穿短裤不礼貌# 《婆婆和妈妈》预告中，@夢想家林志穎 带@陳若儀Kellycupcake 回妈妈家，妈妈看到穿破洞裤的陈若仪，说：“来我们家里还是不要穿这个短裤，不礼貌”。#阿乐今日问#：如果长辈介意你的穿搭，你会怎么办？ http://t.cn/A62q4ars ​
新浪娱乐,4508097249335121,#午间话题# 你嗑过最甜的影视剧副CP是哪对？[色] ​
新浪娱乐,4508087665449190,#阿乐时光机# 大家还记得《终极一班2》里史上最帅高中生花灵龙吗？水不在深有龙则灵的“灵龙”，“放弃吧，论美貌你是赢不了我的”[doge] http://t.cn/A62qZOr5 ​
新浪娱乐,4508077120828945,#午间娱乐播报# #郑恺苗苗换情侣头像#http://t.cn/A62GFHum 网曝王思聪与雪梨老公夜店起冲突http://t.cn/A62G8RfU 郑爽晒近照眼睛生病泛红http://t.cn/A62GHuZ6 张柏芝绿洲晒侧颜庆40岁生日http://t.cn/A62GDWmq 《小妇人》日本定档6月12日http://t.cn/A62GeM1L ​
新浪娱乐,4508067284607526,#周扬青 现在一心只在拼事业# 近日，有网友发现罗志祥发长文后，@周扬青 曾经拒绝复合的评论被删除。23日晚，周扬青在小号回复网友评论，称自己没有删过评论，且现在一心只在拼事业。对于网友的祝福，她也表示：“不着急，先做最好的自己，然后最好的他才会出现”。http://t.cn/A62GjQHG ​
新浪娱乐,4508057051587967,#微博金句王time# 正骨最佳代言人@小鬼-王琳凯 ！又快又好一个疗程解决所有，阿乐真的有被种草到[色]看到#正骨后的小鬼#，你想说______？（留下你的金句，阿乐扶你上墙[来]） ​​​​
新浪娱乐,4508047173962664,#申升勋李昇基合唱I Believe# 申升勋&李昇基在《家师父一体》中合唱了《我的野蛮女友》主题曲《I Believe》，两人的声线都好温柔好温暖，19年过去了，一开口脑中还是马上浮现电影画面，“命运就是在你和所爱的人之间牵一座桥”。[心][泪]  http://t.cn/A62GnlSo ​
新浪娱乐,4508037181762125,#秦昊曾要求伊能静退赛# 真·披荆斩棘的姐夫@秦昊 ！不仅就是传说中要求节目组让姐姐退赛的姐夫，还在《婆婆和妈妈》中“教唆”@伊能静 跳烂一点，让节目组不得不退掉[允悲]最后伊能静说退赛要赔很多，秦昊云淡风轻地说“赔呗”。哈哈哈哈姐夫，真有你的[赞]http://t.cn/A62GYe6s http://t.cn/A62GQo56 ​
新浪娱乐,4508026939521653,"#毛不易 食物发明出来就是为了让人吃的# 哈哈哈来感受下@毛不易 老师的减肥哲学[doge]：
“你绝对不会是喝凉水都胖，你问一下自己，你除了喝凉水你别的还做了什么？”
“我瘦了的开心也不会比我吃更开心！”
“食物发明出来就是让人吃的！为什么不吃！” http://t.cn/A62GjRcB ​"
新浪娱乐,4507899411373637,【17-24时要闻回顾】活到老学到老！孙俪坚持写书法http://t.cn/A62b8Ed5 《流金岁月》曝新路透 刘诗诗倪妮牵手十指紧扣http://t.cn/A62bBcmM 告别倒计时！火箭少女全员化暗黑系烟熏妆上演眼神杀http://t.cn/A62bKu58 宋祖儿22岁生日开party庆祝 和爱宠合影灿笑画面温馨http://t.cn/A62Gwfj1 ...全文： http://m.weibo.cn/1642591402/4507899411373637 ​
新浪娱乐,4507875273996408,#黄多多cos经典电影人物# #黄多多cos赫本# 孙莉@多妈7788 在微博分享黄多多的戏剧课作业作品，cos《天使爱美丽》《这个杀手不太冷》《哈利波特》等众多经典电影人物，创意满满，大家觉得像吗？[挤眼] http://t.cn/A62GPjn4 ​
新浪娱乐,4507834497539138,#赵粤孙珍妮公主抱#不愧是掰王赵粤，长发公子“赵广东”@创造营2020-赵粤 现场多次上演公主抱@创造营2020-孙珍妮 ，两人互动时的表情无比到位，观众视角看竟然有点甜[doge]黄子韬教练，下次别说人家瘦一看就是力气小了！  http://t.cn/A62b8Uy0 ​
新浪娱乐,4507830574853564,#毛不易黄子韬表面朋友#《创造营2020》@YKYBtao-黄子韬 教练又双叒来给@毛不易 教练“挖坑”了[允悲]现场灵魂拷问毛教练觉得在教练团中最好的朋友是谁？在毛教练猝不及防的时候鹿教练@M鹿M 开玩笑说了一句：“你就按你的心里说，韬只是你表面的朋友对吧”[笑cry][笑cry]最后，毛教练还是“无奈”的说出...全文： http://m.weibo.cn/1642591402/4507830574853564 ​
新浪娱乐,4507820420323355,#旧爱浪# 2003年《倚天屠龙记》，贾静雯、高圆圆、陈秀丽、陈紫函......苏有朋饰演的张无忌左右都是颜值不分高低的大美人，是你的童年回忆吗？[好喜欢] ​
新浪娱乐,4507790230576194,【7-17时要闻回顾】赵薇为许鞍华送生日祝福http://t.cn/A62bV1WA 火箭少女101将解散 孟美岐吴宣仪杨超越等发文http://t.cn/A62bfN8a曾之乔柯佳嬿谈“女性美” http://t.cn/A62bIIsC日本女子摔跤手木村花去世 曾长期遭网民谩骂http://t.cn/A62bGvbp美国奥兰多环球影城将重新开放http://t.cn/A62bfwjJ ​
新浪娱乐,4507780495347354,#黄子韬道歉# @YKYBtao-黄子韬 发布一段“恐怖”视频，并在评论中透露称自己在朋友圈看到该视频，现在已经把对方拉黑，“你们仿佛温室里的花朵？这点动静就不行了”、“别拉黑我”……引发争议。稍晚，黄子韬重新编辑微博道歉：“Hi~~被吓到了对不起。”对此，你怎么看？http://t.cn/A62bIw4o ​
新浪娱乐,4507775125698215,#养眼美图# @李现ing 在绿洲分享冲浪照，身影在白色的浪花中若隐若现，笑容在温暖阳光的照耀下展露[心]#李现冲浪# http://t.cn/A62b2deT ​
新浪娱乐,4507754993312882,#欧阳震华佘诗曼同框# @欧阳震华 和@佘詩曼Charmaine 节目中同框，一起讨论关于是否要冻卵生孩子等问题，欧阳震华不仅说阿佘“现在连男朋友都没有”，用港普说“冰你的卵”[笑cry]还调侃：你收养我吧，我会孝顺你，我发誓，我会孝顺你[允悲]看到这几位同框场景，觉得童年回来了！http://t.cn/A624szU6 ​
新浪娱乐,4507744930948453,#午间娱乐播报# 具荷拉哥哥再推《具荷拉法》http://t.cn/A624lt5k 菲比聊《老友记》重聚：是演员团聚 而非角色http://t.cn/A624FclZ 罗志祥隔离结束 豪宅门口管理员报警赶人http://t.cn/A624rf3W 陈飞宇赴《皓衣行》片场获众人围拍http://t.cn/A624d24m林允晒合影为宋祖儿庆生http://t.cn/A624dK0j ​
新浪娱乐,4507714732141716,#王晶回应新倚天屠龙记选角争议# @小弟王晶 执导的新版《倚天屠龙记》此前公布由@林峯 饰演张无忌，其他演员还包括@JaniceMan文咏珊@意浓Sabrina@古天乐 等。有声音认为此版主演年龄偏大，王晶在#云端电影院#直播间回应表示：“并不认为林峰年纪大，因张无忌出场就是30+岁，所以林的年龄刚刚好，而且他...全文： http://m.weibo.cn/1642591402/4507714732141716 ​
新浪娱乐,4507692704471623,#阿云嘎张也 和祖国在一起# 中国文学艺术界联合会主办的《#坚信爱会赢#——文艺界“以艺战疫”5·23特别节目》播出，@阿云嘎Musical 和张也献唱《和祖国在一起》：“和祖国在一起，平凡如我，啊非凡是你，为了你，我要做更好的自己……”深情款款情感饱满，真切温暖而有力量[心]#阿云嘎脏脏西服# ...全文： http://m.weibo.cn/1642591402/4507692704471623 ​
新浪娱乐,4507682331668737,#蘑菇屋出道回忆杀#《向往的生活》黄磊、何炅、陶虹回忆起自己的第一部作品，黄磊的电影处女作是1990年的《边走边唱》，陶虹的第一部电影是1993年拍摄的《阳光灿烂的日子》，何炅在1994年表演小品《渗透》开始走入大众视野。一晃眼多少年都过去了[心]http://t.cn/A62Uui70 ​
新浪娱乐,4507671945845927,#GagaA妹新歌MV# Lady Gaga与A妹（Ariana Grande）合作新单《Rain On Me》MV发布，来欣赏[憧憬]http://t.cn/A6244dsz ​
新浪娱乐,4507661884458174,#张艺兴手机锁屏是队友#《我是唱作人》张艺兴@努力努力再努力x 晒手机壁纸，竟然是EXO合照！表示大家在海外经常聚，会回忆起队友一起聊天吃饭的美好记忆：“大家聚在一起的时候，总会觉得，我们过了这么久，就会有回味。”http://t.cn/A62U1GS3 http://t.cn/A62UmLKW ​
新浪娱乐,4507536126686673,【17-24时要闻回顾】张艺兴透露和队友常在海外相聚 手机壁纸也是他们http://t.cn/A62U1GS3 杜江晒视频回忆恩爱点滴 霍思燕热泪盈眶http://t.cn/A62URcPb 新《倚天》选角偏老？王晶回应：林峯年龄刚刚好http://t.cn/A62UWDet “刺猬头”李现上线 粉西装搭白T恤清爽帅气http://t.cn/A62U96Q6 《射雕》新...全文： http://m.weibo.cn/1642591402/4507536126686673 ​
新浪娱乐,4507507236109722,"#TA在绿洲等你# 这几天我又在绿洲上“逮到了”哪些明星朋友？快和我一起来康康吧～
@TFBOYS-王源 晴天？雨天？你更喜欢哪一种天气[笑而不语]；@杨幂 海市比心[心]；@歐陽娜娜Nana 娜比今日份自拍奉上；@王珞丹 每日一问，晚饭吃点啥？[哈哈]；@戚薇 来欣赏粉红色双马尾的大小姐7哥！@William威廉陈伟霆...全文： http://m.weibo.cn/1642591402/4507507236109722 ​"
新浪娱乐,4507466174512206,"#夫妻的世界编剧回应烂尾# 近日，《夫妻的世界》编剧朱贤接受韩媒采访时表示，一开始做这剧的设定就是要引起韩国观众的情感共鸣，一方面细腻描绘夫妻关系，同时强调社会对女性的刻板印象。
她也透露拍摄开始时剧本只完成到第10集，电视剧后期边拍边播的方式进行。对于“烂尾”等争议，朱贤回应改编前就...全文： http://m.weibo.cn/1642591402/4507466174512206 ​"
新浪娱乐,4507436709195653,#旧爱浪# 2010年《来不及说我爱你》，钟汉良&李小冉，慕容四少&尹静琬。“我给过你的，再也给不了别人。” ​
新浪娱乐,4507430672796524,【7-17时要闻回顾】王思聪旗下上海熊猫互娱再成失信被执行人http://t.cn/A62UPn8X 贾跃亭个人破产重组正式确认通过http://t.cn/A62Utcmv 潘粤明尹姝贻牵手买水果蔬菜http://t.cn/A62ULiX0 #乃万粉丝土味横幅#画风清奇 本尊看后这样回应http://t.cn/A62ULs9u 比伯妻子海莉否认整容http://t.cn/A62UzX6R ​
新浪娱乐,4507424424699122,"#旅行青蛙拍电影# 据电影局备案公示，2018年的大热游戏《旅行青蛙》将拍摄电影，备案单位是阿里影业，汤俊担任编剧。

故事梗概：处处倒霉的高中女生初夏跟随合唱团赴日演出。在名古屋城，她邂逅了擅长绘画的男生彦晃，拿到一张他留下的旅行青蛙速写。当得知青蛙能带来好运后，初夏决心寻找小青蛙，却...全文： http://m.weibo.cn/1642591402/4507424424699122 ​"
新浪娱乐,4507417943532729,5月母亲节#给妈妈的情书#温暖收官！话题阅读量8.4亿，全网话题发博量近65万，总互动量近1500万。母亲节当天#给妈妈的情书#话题热度攀升热搜最高13位，在榜时间近8小时。近300位明星送上独一无二的祝福，@Karen莫文蔚  @林俊杰 @范丞丞Adam0616 @包贝尔 @张靓颖 @张歆艺 等明星花式晒出写下情书，晒出温...全文： http://m.weibo.cn/1642591402/4507417943532729 ​
新浪娱乐,4507410402504556,#阿乐时光机# 2010年，@吳京 参加由@谢楠 主持的节目，现场谢楠问吴京对家庭和婚姻有没有自己的计划，结果被吴京反问“你结婚了吗？”“你有男朋友了吗？”“你属什么的？”好好的采访节目最后变成了相亲节目哈哈哈哈哈[笑cry][笑cry][笑cry] http://t.cn/A62U2QXr ​
新浪娱乐,4507395122386106,"来绿洲解锁@王珞丹 文艺质感生活全记录，还能收获调皮丹一枚，和粉丝互动超有爱！在绿洲共营业86条，在绿洲发布的趣味内容喜提热搜第10位，相关话题阅读量2亿！
#TA在绿洲等你#，戳图快来关注王珞丹的绿洲，一起解锁绿洲更多玩法吧！ ​"
新浪娱乐,4507387657036800,阿乐一定不是最后一个知道#哈尔是木村拓哉配的音#！！！虽然@木村拓哉 不是哈尔的原型，但是宫崎骏当时给出了最高的评价，“木村拓哉就是哈尔。”话不多说，是时候再看一遍《哈尔的移动城堡》了[憧憬] http://t.cn/A62ysTh6 ​
新浪娱乐,4507380023113752,#午间娱乐播报# 有状况？高圣远社交账号清空与周迅合照http://t.cn/A62ycX0U 曼彻斯特恐袭三周年A妹发文：我的心与你们同在http://t.cn/A62yO15a 韩国大钟奖将于6月3日无现场观众举行http://t.cn/A62yDojL #毛不易口罩带子断了系上用#http://t.cn/A62yDojb #娜扎偶像剧十级学者#http://t.cn/A62yeqlg ​
新浪娱乐,4507372473910938,#午间话题# 看到苏打绿合体表演的阿乐泪流满面，想问问大家#有生之年最想看到合体的组合# 都有哪些呢？[泪] ​
新浪娱乐,4507365075008859,#刘龙去世# 据@电影守望者余泳 ，八一电影制片厂老艺术家刘龙今晨去世，享年91岁。刘龙饰演过《康熙微服私访记》 索额图、《李卫当官》 徐祖荫，作品还有《三国演义》 《天真遇上现实》《开国大典》《决战之后》《勐垅沙》等。 ​
新浪娱乐,4507357781107864,#胡彦斌否认帮郑爽打官司# 22日，#胡彦斌#四度发文回应#郑爽#“搞不定上海男人”的言论，表示自己积压太久了，再强调“不想有任何瓜葛，请别再拉上我，以后我也不会再提了”，并否认了此前网曝郑爽与张恒打官司胡彦斌帮她忙的传言，称早就说过再也不联系，受不起最佳前任的抬头。http://t.cn/A62yQ0WB ​
新浪娱乐,4507349824236974,#好莱坞狗仔队或会消失# 据港媒，受新冠影响好莱坞影视行业进入寒冬，狗仔队最严重的出现收入暴跌96%，由高峰期月赚140万美元，跌至最差月赚5万美元，有公司被迫放无薪假，有公司已遣散所有员工。加上明星现在都自己公开晒照，令狗仔队行业雪上加霜，行业能否捱过困境都是未知数。http://t.cn/A62ytuY2 ​
新浪娱乐,4507342274834991,#边伯贤在家门口遇到私生# 20日，EXO成员边伯贤@baekhyunee7 发文称行程结束后回家时，在自己家楼层发现有两名私生，虽然她们戴着口罩，但伯贤还是认出她们是白天为他应援的粉丝，直言很受伤，呼吁“请保护我的私生活吧。”随后，伯贤又发文：“我们明天用更好的状态见面吧。”http://t.cn/A62yMG87 ​
新浪娱乐,4507327175148838,#王俊凯 有一种在剧组白待了的感觉# 21日，#郑恺苗苗结婚#官宣后，@TFBOYS-王俊凯 在导演@陆川 朋友圈评论表示“有一种在剧组白待了的感觉”，陆川分享截图调侃小凯酸了，让郑恺请吃饭，小凯现身留言：“749瓦的电灯泡祝局长局长夫人新婚快乐”。8G冲浪少年也有没跟上的时候[哈哈]http://t.cn/A62yML8S ​
新浪娱乐,4507319654607598,#胡彦斌#在连发两条微博回怼#郑爽#“搞不定上海男人”的言论后，22日上午再次愤怒发文：“随便你们怎么骂，从来也没指望过你们蒸煮管管。我粉丝少，我就要一忍再忍？都是成年人，要知道自己的影响力，说话前思考一下，悠着点....，别老给别人机会'蹭热度'”。阿乐今日问：你怎么看两人这次隔空喊话？ ...全文： http://m.weibo.cn/1642591402/4507319654607598 ​
新浪娱乐,4507313332861045,#林俊杰周杰伦林志颖萧敬腾聚会# 22日，@林俊杰 在绿洲晒和周杰伦、@夢想家林志穎、@萧敬腾、@張懷秋Harry 聚会吃冰淇淋的照片，写道“奇迹般的聚会，奇迹般的组合，奇迹般的开心！”周杰伦、林志颖、张怀秋也在社交账号分享了合影。他们是不是很像好久不见的闺蜜见面先疯狂自拍，然后狂发朋友圈[哈哈]...全文： http://m.weibo.cn/1642591402/4507313332861045 ​
新浪娱乐,4507299592581654,#刘在石Rain李孝利组限定组合# 21日晚，《闲着干嘛呢？》在官方账号上晒出刘在石、Rain、李孝利的同框照，透露三人将组成夏日限定的男女混声组合，国民MC+亚洲舞王+国民妖精，这个组合的配置简直不要太高！歌曲和舞台都gkd！阿乐等着你们撼动歌谣界！果然只要活得久，什么都能等到[泪] ​
新浪娱乐,4507291951488387,大家好，今天是5月22日，欢迎收听FM1642591402《#阿乐的早读刻#》，接下来请欣赏今日“刻代表”DJ@深情的高伟光 带来的 《寻梦者》。 http://t.cn/A62yL6Xo ​
新浪娱乐,4507284393532539,【0-7时要闻回顾】周扬青懒理罗志祥520发长文酒吧狂欢http://t.cn/A62AdrJH 魏晨新婚校服写真曝光http://t.cn/A622x2nI 具荷拉前男友二审 哥哥具浩仁斥其没悔意http://t.cn/A62LjVkG Ella儿子称她新歌不好听：因为我听了会哭http://t.cn/A62ywZII 刘在石起诉经纪公司历经十年胜诉http://t.cn/A622pYFn ​
新浪娱乐,4507276843205354,#胡彦斌再发文# 22日凌晨，胡彦斌发文“我搞不定东北女人”回应郑爽称搞不定上海男人后，再度发文回应，“都多少时间了，动不动就把前任拿出来遛一遛，这套路屡试不爽啊！还给我扣帽子，说我自己跳出来？这锅我不背，谁愿意谁出来认领”，并回怼网友质疑他自己对号入座、蹭热度。http://t.cn/A62yhrgh ​
新浪娱乐,4507174640786454,#胡彦斌 我搞不定东北女人# 22日凌晨，@胡彦斌 发文表示：“东北女人挺好的，我搞不定东北女人，‘请’不要提了。”早前，@郑爽SZ 在节目中谈到上海男人时表示：“上海男人还挺好的，我搞不定上海男人，不要提了！”据悉，两人于2015年曝光恋情，2016年分手。 ​
新浪娱乐,4507163018304928,#毛不易回应江疏影夸有梗#  今晚#薇娅毛不易直播#现场，@毛不易 现身再次演唱《消愁》，对于此前江疏影在薇娅直播间爆料自己也在看《创造营》，夸这届学员强，特别提到喜欢教练@毛不易 ，觉得他很有梗...他则隔空回应谢谢江疏影收看他的节目[哈哈]#薇娅直播#http://t.cn/A62Lpohe ​
新浪娱乐,4507159969261940,【17-23时要闻回顾】#乔欣喊话跟拍者#http://t.cn/A62LLk6G 林俊杰绿洲晒与周杰伦林志颖萧敬腾合影http://t.cn/A62L5bj3 曝埃塞·莫拉雷斯顶替尼古拉斯·霍尔特演《碟中谍7》http://t.cn/A62LC19H 王宝强迎38岁生日 转发粉丝祝福感谢陪伴http://t.cn/A62LC19T 王源绿洲晒照清爽帅气http://t.cn/A62LC19W ​
新浪娱乐,4507150006616924,"#TA在绿洲等你# 这几天又有哪些明星朋友们去绿洲玩耍了呢？快来和我一起康康吧～
@杨幂 终于等到你[哈哈]，今天不是阿多是阿幂；@TFBOYS-王俊凯 同款眼神get起来[doge]；@M鹿M 来欣赏帅气分身术；@angelababy 国潮自拍龙女妆GET；@吴磊LEO 每天下班都有不同的惊吓哈哈哈；@范丞丞Adam0616 终于可以安心...全文： http://m.weibo.cn/1642591402/4507150006616924 ​"
新浪娱乐,4507137230953354,#青春有你播出时间#调整为本周六、日啦！期待了一周的“导师”@蔡徐坤@lalalalisa_m@嘉桦ella@Jony-J@汪苏泷 、“师兄”@THEO-朱正廷@王子异@小鬼-王琳凯 合作舞台得等到周六才能看咯！[憧憬]#阿乐今日问#：你今天记错《青春有你2》播出时间了吗？ http://t.cn/A62LI1TA ​
新浪娱乐,4507127186713389,#小浪尬聊室# 还记得你买的第一张专辑是什么吗？[思考] ​
新浪娱乐,4507118298441112,#入侵河正宇手机黑客承认检方指控# 据韩媒，入侵朱镇模、河正宇等艺人手机，利用手机内的隐私内容实施敲诈的黑客四人今天出席庭审，承认了检方对他们的所有指控。四名嫌疑人中，两名金姓女嫌犯是一对姐妹，另外两名嫌犯朴某和文某则分别是两人的丈夫，四人从今年年初开始以电信诈骗方式敲诈明星获得约6...全文： http://m.weibo.cn/1642591402/4507118298441112 ​
新浪娱乐,4507101026535972,#潘玮柏否认开小号勾搭网红# 近日，@潘瑋柏 在纪录片中回应了“专门开小号勾搭网红”的传闻，他表示“有没有搞错啊，每次都乱写。哪里？什么叫勾搭网红？我的小号就是用来追踪朋友、家人和亲戚，这有什么问题吗？”  http://t.cn/A622DIMS http://t.cn/A62LZcOK ​
新浪娱乐,4507090699303298,"#孙耀威给老婆转5201314元# 昨天520，@孫耀威 在微博晒出给老婆@陈美诗 转账5201314元的截图，并高调表白“今天我转了￥5,201,314给她了！”。陈美诗看后调皮回应：“直接把卡给我就好了～”[偷笑]甜甜蜜蜜的两天过去了，你收到了______？[doge]http://t.cn/A622RaUn ​"
新浪娱乐,4507081807973771,#微博金句王time# 哈哈哈郑恺苗苗结婚后，这张图有了新名字：521大家都能秀恩爱，只有@李易峰 还在偷母带。[允悲]看到这，你想对#C位单身李易峰#说______？（留下你的金句，阿乐扶你上墙[来]） ​​​​
新浪娱乐,4507073054515762,【7-17时要闻回顾】#郑恺苗苗结婚#官宣后 郑恺现身机场身材略发福http://t.cn/A622lkHs 上海电视节辟谣：未进行门票销售预定未招募粉丝http://t.cn/A622QDjb 罗志祥发restart疑暗示重新出发http://t.cn/A6228TB4 #孙耀威给老婆转5201314元#http://t.cn/A622RaUn 陈芳语认爱林利豪http://t.cn/A622pXNI ​
新浪娱乐,4507064560744039,#旧爱浪# 2016年，胡歌&霍建华“冬日恋哥”北海道写真。踏雪而来，风度翩翩。 ​
新浪娱乐,4507055542606314,#阿乐时光机# 《请回答1988》花絮里的狗焕和德善也太甜了吧！阿乐忍不住跟着一起傻傻姨母笑[害羞]一旁的善宇：最终还是我一个人抗下了所有[二哈] http://t.cn/A622EFTe ​
新浪娱乐,4507046479444540,#经纪公司否认曾之乔怀孕# 近日，@辰亦儒 和@吴尊 在节目上聊天，谈到Max和Neinei当花童的话题时，吴尊笑着催促他赶快生小孩，没想到辰亦儒脱口而出：“3个月内不能说~你赶快生个小女儿，让我儿子来追你（女儿）啦！”引发#曾之乔怀孕# 猜测。随后曾之乔所属经纪公司华研回应，“没有这事”。辰亦儒经...全文： http://m.weibo.cn/1642591402/4507046479444540 ​
新浪娱乐,4507042922368262,#郑恺苗苗结婚#官宣后，跑男家族angelababy、李晨、王祖蓝、包贝尔、朱亚文、宋雨琦道喜，祖蓝还调侃郑恺图修得不错，赵薇、倪妮、钟楚曦、杨采钰、江疏影、米兰达可儿、杨丞琳、魏晨、陆川等也送上祝福。新浪娱乐致电双方工作人员询问婚礼相关，对方并未透露细节，“不好意思，我们正在开会”。对于是...全文： http://m.weibo.cn/1642591402/4507042922368262 ​
新浪娱乐,4507036187072512,#相武纱季二胎产女# 34岁日本女星相武纱季宣布已生下二胎女儿，透露宝宝个子有点小，但十分健康，“正因是在这个时期才可以奢侈地享有和子女相处的时间，希望能好好享受现在能做的事。”相武纱季曾出演《我的危险妻子》《女人的勋章》等，2016年结婚，2017年10月生下长子。恭喜！http://t.cn/A622pLvn ​
新浪娱乐,4507030608860394,#金佳彬方否认与崔胜铉恋爱# 21日，《恋爱捕手》第二季女一金佳彬的姐姐否认妹妹与T.O.P崔胜铉恋爱，称海景房照是她拍的，睡衣是和她一起去买的，至于晒的搂抱合照，金佳彬姐姐表示：“只是因为演员聚会而变亲近，照片是熟人一起拍的。”YG方曾回应称这是艺人个人私事，很难确认。http://t.cn/A6220New ​
新浪娱乐,4507025465957604,#郑恺苗苗结婚# 5月21日13点14分，@郑恺 @苗苗-vivi 跳过公布恋情直接官宣结婚，两人肚子上贴着的“囍”字更是疑暗示双喜临门。5月20日13点14分，@魏晨 宣布和长跑多年的女友领证结婚。#阿乐今日问# ：闪婚VS长跑，你觉得自己会是哪一类？ http://t.cn/A622NCLF ​
新浪娱乐,4507020156195909,#午间话题# 火了好几年的凉鞋配袜子还不知道怎么搭？来看看@杨幂 @周冬雨 @Dear-迪丽热巴 @倪妮V @TFBOYS-易烊千玺 @UNIQ-王一博 @李现ing @井柏然 @雷佳音 的示范！#凉鞋配袜子穿搭大赛# 你能C位出道吗？[并不简单] ​
新浪娱乐,4507013193052836,#郑恺苗苗结婚# 在这个甜蜜的日子，一起来回顾下@郑恺@苗苗-vivi 同台合唱的《带你去旅行》《江南》，两个人牵手配一脸，大概爱情的种子当时就已经悄悄发芽了吧~[心]http://t.cn/A622SiLp ​
