用户昵称,微博id,微博内容
澎湃新闻,4508479128531445,【孙伟代表：鼓励公民适龄结婚生育，#建议禁止单身女性冻卵#】全国人大代表、山东中医药大学第二附属医院生殖医学科主任医师孙伟今年两会带来了一份关于“禁止医疗机构开展单身女性冻卵”的建议。孙伟指出，冷冻卵子与冷冻精子不同，冷冻卵子需要人为服用或注射激素，用超过生理剂量的促排卵激素促使女...全文： http://m.weibo.cn/5044281310/4508479128531445 ​
澎湃新闻,4508473225843134,【#三名中国公民赞比亚遇害#，一嫌犯已被捕】据赞比亚当地媒体报道，5月24日首都卢萨卡一中国公司仓库着火。消防赶到后发现血迹并找到一52岁中国公民遗体。警方通报共有3名中国人遭到杀害，已逮捕1名嫌犯。（视频来源 Mwebantu）http://t.cn/A62t2K6v http://t.cn/A62t2KaW ​
澎湃新闻,4508472131723526,【十三届全国人大三次会议第二场“代表通道”】5月25日15时，十三届全国人大三次会议在人民大会堂举行第二次全体会议。会议开始前（14:10-14:40）举行“代表通道”采访活动，邀请部分全国人大代表通过网络视频方式接受采访。 http://t.cn/A62tAkSb . ​
澎湃新闻,4508467186939323,【#民办小学卖包子自救#，体育老师送外卖】5月24日，湖北咸宁。一民办小学因疫情停课，学校卖包子自救，数学老师做包子，体育老师送外卖。校长称通过朋友圈宣传接受订单，现在每天卖1千多个包子，希望早点开学。（素材来源：相关人士）http://t.cn/A62tw5W8 http://t.cn/A62tw5j8 ​
澎湃新闻,4508461121526242,【#奥地利总统因违反宵禁令道歉#：聊天忘了时间】当地时间24日，奥地利总统范德贝伦 被警察发现在宵禁开始后出现在一家意大利餐厅中，随后总统为此公开道歉。范德贝伦对此辩解称，自己之所以违反宵禁令，是因为和朋友聊天忘记了时间。随后，其在社交媒体上称自己感到十分“抱歉”，认为自己的行为是一...全文： http://m.weibo.cn/5044281310/4508461121526242 ​
澎湃新闻,4508456516097216,【湖北各高校毕业年级6月8日起按照错时错峰、自愿原则返校】6月8日起，湖北各高校可以安排现居住境内毕业年级（含高职、本、硕、博）和有科研任务的学生按照错时错峰、自愿原则返校。具体返校时间和方式由各高校统筹安排。非毕业年级学生返校时间根据疫情防控情况综合研判另行通知。湖北省人民政府网微...全文： http://m.weibo.cn/5044281310/4508456516097216 ​
澎湃新闻,4508454776387201,#建议改革优化农村学校师资队伍#【刘秀云代表：“留不住”教师的农村中小学，亟待师资队伍改革】#建议提高农村教师福利待遇# 全国人大代表、安徽省宿城一中副校长刘秀云今年两会期间带来了关于改革优化农村学校师资队伍的建议。她提出，要建立农村教师编制动态调整机制，加快农村教师人事制度改革，在...全文： http://m.weibo.cn/5044281310/4508454776387201 ​
澎湃新闻,4508445796291316,#建议把挫折教育纳入课程体系#【陈文华委员建议重视青少年心理健康，把挫折教育纳入课程体系】全国政协委员、新余市副市长陈文华今年向全国政协十三届三次会议提交了“关于高度重视青少年心理健康的提案”。陈文华提出要重视挫折教育，提升逆商指数。在学校层面，要把挫折教育纳入课程体系，引导青少年...全文： http://m.weibo.cn/5044281310/4508445796291316 ​
澎湃新闻,4508439755706071,【#湖北16市州学生在校可摘口罩#，武汉校园仍要戴并保持距离】5月24日，湖北省政府网发布《关于进一步做好新冠肺炎疫情常态化科学精准防控工作的实施意见》。《意见》明确，武汉市以外其他市州低风险地区学校校园内学生可不佩戴口罩，教师授课时可不佩戴口罩。武汉市落实好1名校医带1名社区全科医生、1...全文： http://m.weibo.cn/5044281310/4508439755706071 ​
澎湃新闻,4508433402143389,【#警方通报78岁老人遛狗被打#：狗追咬路人引不满】5月21日，云南昭通一老人在小区遛狗，与小区居民发生口角和抓打。5月24日，警方针对此事进行通报，起因狗追咬路人，遛狗老人身体多处受伤，案件正进一步处理中。（素材来源：相关人士）http://t.cn/A625dMxj http://t.cn/A625d8yI ​
澎湃新闻,4508427789358587,【花蓓代表：建议修订完善《突发事件应对法》《传染病防治法》】#全国两会上海声音# “尽管我们已经取得了疫情防控的重大战略成果，但是这场疫情的‘大考’还没有结束。”全国人大代表、民盟上海市委副主委、上海市民族和宗教事务局局长花蓓表示。赴京参加全国两会，花蓓带去了两件议案和两件书面建议...全文： http://m.weibo.cn/5044281310/4508427789358587 ​
澎湃新闻,4508420377808692,#特朗普批评哥大可耻#【提早防疫可阻上万死亡？特朗普：哥大研究可耻[允悲]】5月24日美国总统特朗普批评哥伦比亚大学可耻。哥大此前发布报告称，如果美国提前两周推行强制隔离措施，将避免至少3.6万人死于新冠。美国已有超164.1万人感染。（视频来源 Full Measure）http://t.cn/A6258oom ...全文： http://m.weibo.cn/5044281310/4508420377808692 ​
澎湃新闻,4508414220753098,#建议单设虐待儿童罪#【现有罪名适用过窄、门槛过高，代表呼吁单设“虐待儿童罪”】“虐待未成年人行为虽已入刑，但虐童事件仍未得到有效遏制。”全国人大代表、扬州市政协副主席、扬州民革主委、苏北人民医院医疗集团理事长王静成表示，他今年在全国两会上的建议是，单独设立“虐待儿童罪”。他建议，...全文： http://m.weibo.cn/5044281310/4508414220753098 ​
澎湃新闻,4508411322852860,【#小区杏子熟了物业采摘分给业主#：每户十个】5月23日，山西运城。某小区院内种植的杏成熟了，物业人员采摘后打包分给业主。工作人员称屋内有住户的都送到了，让业主们尝一下，每户约分到10个杏。（素材来源：@校园君 ）http://t.cn/A6258HPc http://t.cn/A6258HZv ​
澎湃新闻,4508405287160318,【#抗疫夫妻到儿子的班级讲课#，孩子：很自豪】5月21日，江苏淮安。淮安市实验小学一年级6班迎来两名特殊的老师。他们系夫妻，均为医务工作者，曾在一线抗疫，受学校邀请来到儿子顾雨泽所在班级讲述在武汉的抗疫故事。顾雨泽说爸妈是抗疫英雄，很自豪。（素材来源：董海）http://t.cn/A625HUOK ...全文： http://m.weibo.cn/5044281310/4508405287160318 ​
澎湃新闻,4508399603446698,#特朗普称普京不希望他连任#【特朗普：普京喜欢我，但不希望我赢得连任】5月24日，美国新闻节目《Full Measure》播出总统特朗普采访视频。特朗普在采访中谈到普京“喜欢自己”，但认为对方不希望自己在2020年大选中赢得连任。（视频来源 Full Measure）http://t.cn/A625jm4j http://t.cn/A625jmqE ​
澎湃新闻,4508394712966678,#男子悄悄为出警归来的消防员买单#【消防深夜出警后用餐，男子悄悄为他们买单[心]】5月20日，浙江嘉兴。7名消防员深夜出警后在一家饭馆用餐，一名男子和他们先后进入餐馆。男子用餐后告诉老板把消防员用餐的费用也算在自己账上，他结账后悄悄离开。（素材来源：相关人士）http://t.cn/A625WnUU ...全文： http://m.weibo.cn/5044281310/4508394712966678 ​
澎湃新闻,4508389005129319,#建议立法让垃圾分类成全民法定义务#【龚定荣代表建议从全国层面立法，让垃圾分类成为全民法定义务】2020年全国两会期间，全国人大代表、湖北省潜江市市长龚定荣向十三届全国人大三次会议提交了“关于提高垃圾分类治理实效的建议”。龚定荣建议，垃圾分类不能单纯依靠居民自觉和文明素质的提升，必须要...全文： http://m.weibo.cn/5044281310/4508389005129319 ​
澎湃新闻,4508382628816609,【#全球累计确诊超538万例#，#全球新冠肺炎死亡超34万例#】美国约翰斯·霍普金斯大学发布的实时统计数据显示，截至北京时间5月25日6时30分左右，全球累计确诊新冠肺炎病例5380774例，累计死亡343800例。全球疫情持续蔓延之际，各国重启经济的工作陆续展开。美洲方面，美国新冠肺炎确诊病例已超过164万例...全文： http://m.weibo.cn/5044281310/4508382628816609 ​
澎湃新闻,4508380154219439,"【#内蒙古新增境外输入10例#】2020年5月24日7时至5月25日7时，内蒙古自治区报告无新增输入本土确诊病例、疑似病例，无新增境外输入疑似病例。新增境外输入确诊病例10例、治愈出院2例（均由首都机场国际航班分流至呼和浩特白塔国际机场，其中2例确诊病例为之前的疑似病例）。
截至2020年5月25日7时，内...全文： http://m.weibo.cn/5044281310/4508380154219439 ​"
澎湃新闻,4508233647898620,"【儿童游戏充值3.5万遇退款难，#平台称以小孩之名退款频现# 】于女士满8周岁儿子疫情期间在腾讯游戏、抖音花费4万5千余元。两机构均表示接到退款申请会认真核实，抖音方面已退款。日前最高法已就疫情期间期儿童打赏出台指导意见。（ 素材来源：相关人士）
http://t.cn/A62quWst http://t.cn/A62qez0s ​"
澎湃新闻,4508225342959385,"#委员建议提高烟草税和烟价# 【戴秀英委员：建议提高烟草税和烟价，以进一步控烟】全国政协委员、农工党宁夏区委会主委戴秀英提交《关于进一步提高烟草税和烟草价格的建议》：提高烟草税与烟价是最有效的控烟措施，中国卷烟价格仍偏低。（素材来源 新华社）
http://t.cn/A62q13iQ http://t.cn/A62q13Xj ​"
澎湃新闻,4508217289361105,"【王俊凯探秘最高人民检察院，Vlog来了】近日，北京。@TFBOYS-王俊凯 在最高人民检察院工作人员的带领下，打卡了最高检检察史陈列室、检委会会议室、12309检察服务中心和未成年人检察厅，并向检察官们咨询了相关知识。#王俊凯探访最高检#
http://t.cn/A62qmSpO http://t.cn/A62G9s3X ​"
澎湃新闻,4508207726219334,#全国两会上海声音# 【朱芝松代表：临港新片区将发挥制度优势，加快高端要素集聚】今年全国两会，推进更高水平对外开放受到各方关注。政府工作报告提出，面对外部环境变化，要坚定不移扩大对外开放，稳定产业链供应链，以开放促改革促发展。政府工作报告尤其提出，赋予自贸试验区更大改革开放自主权。...全文： http://m.weibo.cn/5044281310/4508207726219334 ​
澎湃新闻,4508200428295742,"【#汕头一陈腐垃圾堆放点滑坡一人失联# ，监控拍下过程】5月23日，广东汕头。潮南区胪岗镇一村级陈腐垃圾堆放点因连日强降雨引发滑坡，监控视频拍下滑坡全程。经查，一农田务农村民失联。目前，搜救工作正进行。（素材来源 相关人士 ）
http://t.cn/A62qTrra http://t.cn/A62qTrgC ​"
澎湃新闻,4508192631319252,#江苏小学初中不得公布考试成绩# 【不得公布学生考试成绩！江苏教育厅发布全面复学复课最新通知】江苏省教育厅发布《关于做好新冠肺炎疫情常态化防控积极稳妥有序推进全面复学复课的通知》，其中提到，不得为追赶进度而加重学生日常课业负担。各地要加强学生作业和考试评价管理，遵照国家课程方案，严...全文： http://m.weibo.cn/5044281310/4508192631319252 ​
澎湃新闻,4508183005728371,【两会访谈丨对话任红：加强传染病学科建设，构建新公卫体系】5月24日，全国政协委员、重庆医科大学附属第二医院院长任红做客澎湃新闻两会在线访谈，就传染病学科建设，临床与公卫结合，纳入新公卫体系等内容分享看法与建议。 http://t.cn/A62qO5CQ . ​
澎湃新闻,4508176772586036,【登峰测极｜#珠峰测量登山队进发北坳营地# ，拟两天后第三次攻顶】5月24日14时15分，2020珠峰高程测量登山队部分人员从海拔6500米的前进营地出发，前往海拔7028米的北坳营地，准备第三次向顶峰发起突击。如果天气等情况顺利，队伍计划于5月27日攻顶，完成顶峰测量任务。此前，2020珠峰高程测量登山队...全文： http://m.weibo.cn/5044281310/4508176772586036 ​
澎湃新闻,4508168719332835,"【人大代表方燕：#建议将产后抑郁诊疗费纳入生育险# 】5月22日，据《中国妇女报》，全国人大代表方燕介绍，产后抑郁产生的后续费用较高，放弃治疗影响家庭和睦，建议将产后抑郁诊疗费纳入生育保险报销范围。
http://t.cn/A62q9rzY http://t.cn/A62q9rwd ​"
澎湃新闻,4508162469791525,"【记者会上最后一问，王毅：“由我们湖北的同志来提问非常好”】5月24日下午3时，十三届全国人大三次会议在人民大会堂新闻发布厅举行记者会，邀请国务委员兼外交部长王毅就“中国外交政策和对外关系”相关问题回答中外记者提问。
湖北广播电视台记者：我是湖北广播电视台的记者，因为疫情，武汉在世界...全文： http://m.weibo.cn/5044281310/4508162469791525 ​"
澎湃新闻,4508159659587759,"【谢文敏委员：#建议提高未成年人性同意年龄至16周岁# 】5月24日，据《中国妇女报》，全国政协委员谢文敏建议提高未成年少女的性同意年龄至16周岁。同时，制定法律法规，严格要求学校及家庭对未成年人开展性教育。（素材来源：综合网络）
http://t.cn/A62qoPp8 http://t.cn/A62qoPO6 ​"
澎湃新闻,4508157941375503,"【疫情期间外交部如何帮助海外同胞？王毅说了这几个数字】5月24日下午3时，十三届全国人大三次会议在人民大会堂新闻发布厅举行记者会，邀请国务委员兼外交部长王毅就“中国外交政策和对外关系”相关问题回答中外记者提问。
记者：王国委，您好。我们注意到疫情发生以来，中国外交部和驻外使领馆为了帮...全文： http://m.weibo.cn/5044281310/4508157941375503 ​"
澎湃新闻,4508154610931079,"【证监会：《外国公司问责法案》非基于证券监管的专业考虑】问：近日，美国国会参议院通过《外国公司问责法案》，对外国公司在美上市提出额外的信息披露要求。美相关参议员对媒体表示该法案主要针对中国。证监会对此有何评论?
答：我们注意到了这一情况。从法案以及美国国会有关人士的言论看，该法案的...全文： http://m.weibo.cn/5044281310/4508154610931079 ​"
澎湃新闻,4508153867327872,"【王毅：“中国利用疫情在南海扩大存在”的说法完全是无稽之谈】5月24日下午3时，十三届全国人大三次会议在人民大会堂新闻发布厅举行记者会，邀请国务委员兼外交部长王毅就“中国外交政策和对外关系”相关问题回答中外记者提问。
记者：王国委好！一些专家指出，近两个月以来，当东南亚国家及美国疲于...全文： http://m.weibo.cn/5044281310/4508153867327872 ​"
澎湃新闻,4508151355168021,"【王毅：经过疫情的考验，共建“一带一路”的基础将更加牢固】5月24日下午3时，十三届全国人大三次会议在人民大会堂新闻发布厅举行记者会，邀请国务委员兼外交部长王毅就“中国外交政策和对外关系”相关问题回答中外记者提问。
哈萨克斯坦通讯社记者：下午好！受新冠疫情影响，世界经济遭受巨大损失。...全文： http://m.weibo.cn/5044281310/4508151355168021 ​"
澎湃新闻,4508150096517972,"【王毅答澎湃：坚决反对外部势力纵容“台独”分子“借疫谋独”】5月24日下午3时，十三届全国人大三次会议在人民大会堂新闻发布厅举行记者会，邀请国务委员兼外交部长王毅就“中国外交政策和对外关系”相关问题回答中外记者提问。
澎湃新闻记者：近期，台湾问题在中美关系中更加突出。美台实质性关系有...全文： http://m.weibo.cn/5044281310/4508150096517972 ​"
澎湃新闻,4508149594372323,"【王毅谈世卫改革：方向应是支持而非削弱世卫组织】5月24日下午3时，十三届全国人大三次会议在人民大会堂新闻发布厅举行记者会，邀请国务委员兼外交部长王毅就“中国外交政策和对外关系”相关问题回答中外记者提问。
记者：最近一段时间以来，我们注意到，美国不断指责世卫组织，甚至声称世卫组织只为...全文： http://m.weibo.cn/5044281310/4508149594372323 ​"
澎湃新闻,4508148838797899,"【王毅回应美对华追责论调：“滥诉”是彻头彻尾的“三无产品”】5月24日下午3时，十三届全国人大三次会议在人民大会堂新闻发布厅举行记者会，邀请国务委员兼外交部长王毅就“中国外交政策和对外关系”相关问题回答中外记者提问。
记者：我们注意到，最近一段时间美国已经有多起就疫情对中国的诉讼，其...全文： http://m.weibo.cn/5044281310/4508148838797899 ​"
澎湃新闻,4508148335905198,"【“后疫情时代”中日韩三国如何推动合作？王毅回应】5月24日下午3时，十三届全国人大三次会议在人民大会堂新闻发布厅举行记者会，邀请国务委员兼外交部长王毅就“中国外交政策和对外关系”相关问题回答中外记者提问。
记者：当前，疫情在全球蔓延，国际关系持续动荡。在此形势下，东北亚秩序比较稳定...全文： http://m.weibo.cn/5044281310/4508148335905198 ​"
澎湃新闻,4508147581417645,"【王毅谈香港事务：维护国家安全是中央事权，任何国家都是如此】5月24日下午3时，十三届全国人大三次会议在人民大会堂新闻发布厅举行记者会，邀请国务委员兼外交部长王毅就“中国外交政策和对外关系”相关问题回答中外记者提问。
记者：中国决定推进香港国家安全立法，这震动了市场，可能导致美国采取...全文： http://m.weibo.cn/5044281310/4508147581417645 ​"
澎湃新闻,4508145064455972,"【王毅谈中欧关系：应是相互成就的正循环，非你输我赢的淘汰赛】5月24日下午3时，十三届全国人大三次会议在人民大会堂新闻发布厅举行记者会，邀请国务委员兼外交部长王毅就“中国外交政策和对外关系”相关问题回答中外记者提问。
记者：今年是中国欧盟建交45周年。新冠疫情暴发之后，欧洲国家出现两种...全文： http://m.weibo.cn/5044281310/4508145064455972 ​"
澎湃新闻,4508142295485901,"【发起新中国规模最大紧急人道行动，王毅：不附加任何政治条件】5月24日下午3时，十三届全国人大三次会议在人民大会堂新闻发布厅举行记者会，邀请国务委员兼外交部长王毅就“中国外交政策和对外关系”相关问题回答中外记者提问。
记者：中国目前已成功控制了新冠肺炎的传播，正在向很多国家提供支持和...全文： http://m.weibo.cn/5044281310/4508142295485901 ​"
澎湃新闻,4508139527425612,"【王毅：中方对国际科学界开展病毒溯源科研合作持开放态度】5月24日下午3时，十三届全国人大三次会议在人民大会堂新闻发布厅举行记者会，邀请国务委员兼外交部长王毅就“中国外交政策和对外关系”相关问题回答中外记者提问。
记者：中方怎么回应美国指责中国要对疫情全球大流行负责？中方是否同意就病...全文： http://m.weibo.cn/5044281310/4508139527425612 ​"
澎湃新闻,4508136599377397,"【中方如何看待疫情后的全球化？王毅谈三点正确的选择和方向】5月24日下午3时，十三届全国人大三次会议在人民大会堂新闻发布厅举行记者会，邀请国务委员兼外交部长王毅就“中国外交政策和对外关系”相关问题回答中外记者提问。
记者：新冠肺炎疫情正在深刻改变世界。全球化有可能逆转，世界已经回不到...全文： http://m.weibo.cn/5044281310/4508136599377397 ​"
澎湃新闻,4508130417796096,"【王毅：#有一种政治病毒正在美国扩散#，令人遗憾】5月24日下午3时，十三届全国人大三次会议在人民大会堂新闻发布厅举行记者会，邀请国务委员兼外交部长王毅就“中国外交政策和对外关系”相关问题回答中外记者提问。
CGTN（中国国际电视台）记者：中美关系日益紧张，民调显示，美国民众对华好感度跌至...全文： http://m.weibo.cn/5044281310/4508130417796096 ​"
澎湃新闻,4508129206188263,【赵皖平代表：#建议尽快制定动物保护法#，严惩虐杀动物行为】#建议严重虐待虐杀动物入刑# 全国人大代表、安徽省农业科学院副院长赵皖平联名三十位代表提交了一份提请全国人大常委会尽快制定《中华人民共和国动物保护法》的议案。赵皖平在建议中提出，应尽快制定一部由中国文化特色的爱护动物法，将传...全文： http://m.weibo.cn/5044281310/4508129206188263 ​
澎湃新闻,4508127553603329,"【王毅答记者问：#政治操弄只会给病毒以可乘之机#】5月24日下午3时，十三届全国人大三次会议在人民大会堂新闻发布厅举行记者会，邀请国务委员兼外交部长王毅就“中国外交政策和对外关系”相关问题回答中外记者提问。
记者：今年这场疫情席卷全球，各国都在以各自的方式抗击和应对疫情，同时，这场疫情...全文： http://m.weibo.cn/5044281310/4508127553603329 ​"
澎湃新闻,4508122263751840,"【王毅外长就全球抗疫下中国外交和对外关系答记者问】5月24日15时，十三届全国人大三次会议在人民大会堂新闻发布厅举行记者会，邀请国务委员兼外交部长王毅就“中国外交政策和对外关系”相关问题答中外记者问。
 http://t.cn/A62qtsoa . ​"
澎湃新闻,4508119487153248,【吴向东代表：建议调剂周末双休日，全年再增6个“小长假”】#建议通过调剂周末再增6个小长假# 全国人大代表，中国铁路上海局集团有限公司党委委员，南京铁路办事处主任、党工委书记兼集团公司副总经理吴向东建议，在目前全年 11 天法定假的基础上，对没有法定假日的五六个月里，通过调剂周末双休日，...全文： http://m.weibo.cn/5044281310/4508119487153248 ​
澎湃新闻,4508113355688141,【河池一#旅游观光车失控撞山体致1死15伤#】5月23日，广西河池。罗城县棉花天坑景区内发生一起旅游观光车安全事故，致1死15伤。目前，伤者已全部送医救治，均无生命危险。具体事故原因正调查。（素材来源：相关人士）http://t.cn/A62qGDku http://t.cn/A62qGkvZ ​
澎湃新闻,4508107063319851,【政协委员甘霖：#建议建立消费投诉公示制度#，让消费者参与进来】全国政协委员、致公党中央副主席、国家市场监管总局副局长甘霖在委员通道上说，政府建立消费投诉公示制度，把分散的投诉信息集中晒出来，充分发挥14亿消费者的知情权和选择权，全社会来共同监督。消费投诉公示既是黑榜也是红榜，既是监...全文： http://m.weibo.cn/5044281310/4508107063319851 ​
澎湃新闻,4508101023568354,【疫情暴露短板，全国人大代表王静成#建议修订传染病防治法#】每一次传染病的流行，都是对现有法律和管理制度的一次检验，也是推动法律完善的一个契机。今年两会，全国人大代表、扬州市政协副主席、扬州民革主委、苏北人民医院医疗集团理事长王静成带来的建议是修订《传染病防治法》，包括强调预防和防...全文： http://m.weibo.cn/5044281310/4508101023568354 ​
澎湃新闻,4508095147106768,【丁列明代表#建议将脊柱健康纳入中小学生体检项目#】针对儿童、青少年脊柱侧弯缺乏早期筛查，导致疾病发现晚、错过最佳治疗时期，全国人大代表、贝达药业股份有限公司董事长兼CEO丁列明建议把脊柱健康检查纳入全国中小学生体检筛查项目，把儿童青少年脊柱健康工作纳入疾控部门、社区卫生医疗机构的公...全文： http://m.weibo.cn/5044281310/4508095147106768 ​
澎湃新闻,4508087434507451,【#服装店门口杀前妻嫌犯被捕#】5月22日，安徽安庆。太湖县发生一起刑事案件，随后太湖公安局立即启动命案侦破机制。 23日凌晨1时许，在潜山市黄泥镇将犯罪嫌疑人郑某生（系受害人前夫）抓捕归案。（素材来源：相关人士）http://t.cn/A62qZ9Kn http://t.cn/A62qZ9NL ​
澎湃新闻,4508075858682179,【#屋顶水泥块掉下砸伤老人#，开发商：房子已过质保期】近日，陕西西安。李先生70岁的父亲被掉下的屋顶水泥块砸伤头部，被送医紧急抢救。李先生找开发商要求赔偿，开发商称房子已过质保期，不承担责任。李先生表示将考虑采取法律途径处理此事。（素材来源：相关人士）http://t.cn/A62qPbyB ...全文： http://m.weibo.cn/5044281310/4508075858682179 ​
澎湃新闻,4508068240758276,【秦和代表：#建议配齐学校心理教育所需教师#，加强留守儿童心理干预】近年来，学生心理健康问题越来越突出。澎湃新闻5月24日从全国人大代表、吉林外国语大学校长秦和处获悉，今年“两会”期间，其提交了《关于加强学生心理健康教育的建议》。“加强学生心理健康教育，及时发现、有效干预学生心理健康...全文： http://m.weibo.cn/5044281310/4508068240758276 ​
澎湃新闻,4508063024174637,【#理想汽车就汽车自燃致歉#：遗落防护垫引燃】5月21日，理想汽车就本月8日湖南长沙汽车自燃事件道歉，并发布最终检测结果：交付车辆时前机舱内遗落防护垫造成起火。致歉信称强化管控流程，排除和预防可能的隐患。（素材来源：相关人士）http://t.cn/A62GgpYo http://t.cn/A62GgpQu ​
澎湃新闻,4508056812419269,#96岁大爷要卖500万房子娶保姆#【现实版“苏大强”：为娶保姆，杭州96岁大爷要卖五百万的房】杭州的周大爷今年96岁，三个子女也都70多了。子女们的生活比较困难，于是近些年，周大爷一直独自生活在养老机构。他通过微信结识了55岁的保姆梅姐，梅姐来到周大爷身边之后，两人的关系变得越来越亲近。周大...全文： http://m.weibo.cn/5044281310/4508056812419269 ​
澎湃新闻,4508047269391507,【国新办介绍做好六稳六保，完成全年目标任务发布会】5月24日10时，国务院新闻办公室举行发布会请国家发展改革委副主任宁吉喆介绍扎实做好“六稳”“六保”工作，奋力完成全年经济社会发展目标任务有关情况，并答记者问。 http://t.cn/A62GnYuF . ​
澎湃新闻,4508043901744168,"#山东新增1例无症状感染者#【山东新增无症状感染者系境外输入，隔离期内两次核酸检测正常】山东省卫健委5月24日通报最新疫情，该省济宁市报告孟加拉国输入无症状感染者1例。
通报称，5月23日0时至24时，山东无本地住院疑似病例、确诊病例。累计报告确诊病例763例，死亡7例，治愈出院756例。山东无新增...全文： http://m.weibo.cn/5044281310/4508043901744168 ​"
澎湃新闻,4508036276847812,【全国政协十三届三次会议举行第二次全体会议】5月24日上午8时20分，全国政协十三届三次会议开启第二场“委员通道”，通过网络视频方式接受媒体采访。随后举行全国政协十三届三次会议第二次全体会议大会发言。 http://t.cn/A62GQATK . ​
澎湃新闻,4508034463957786,【《纽约时报》用整个头版列出千名新冠死者信息：他们曾是我们】#纽约时报提前公布次日头版# 《纽约时报》23日提前公布了将于24日出版的报纸头版——大标题是“美国接近10万人死亡，无法计算的损失”。该报用整个头版列出了1000名新冠肺炎死者的姓名、年龄和身份；这篇特殊“报道”的导语写道：“他们...全文： http://m.weibo.cn/5044281310/4508034463957786 ​
澎湃新闻,4508027547572141,#建议为中小学幼儿园配备专职保安#【崔建梅代表：国家层面制定中小学专职安保人员配备标准】中小学生的校园伤害案件近年来时有发生。今年全国两会期间，全国人大代表、安徽省蚌埠市第一实验学校教育集团总校校长崔建梅呼吁国家层面制定《中小学安全专职保卫人员配备标准》，并以政府购买服务的方式，为...全文： http://m.weibo.cn/5044281310/4508027547572141 ​
澎湃新闻,4508022372974464,"【国家卫健委：昨日#31省区市新增3例确诊#】5月23日0—24时，31个省（自治区、直辖市）和新疆生产建设兵团报告新增确诊病例3例，其中境外输入病例2例（上海1例，广东1例），本土病例1例（在吉林）；无新增死亡病例；新增疑似病例3例，均为境外输入病例（均在内蒙古）。
当日新增治愈出院病例3例，解除...全文： http://m.weibo.cn/5044281310/4508022372974464 ​"
澎湃新闻,4508019436644849,【全国政协十三届三次会议第二场“委员通道”】5月24日8时10分，在人民大会堂新闻发布厅举行全国政协十三届三次会议第二场“委员通道”采访活动，邀请部分全国政协委员通过网络视频方式接受媒体采访。 http://t.cn/A62GWcon . ​
澎湃新闻,4508019126225461,【吉林省新增本地确诊病例1例，来自吉林市】#吉林新增本土病例1例# 5月23日0-24时，吉林省无新增境外输入确诊病例。截至5月23日24时，全省累计报告境外输入确诊病例19例，累计治愈出院19例（吉林市12例，延边州2例，长春市4例，梅河口市1例）。上述境外输入确诊病例的密切接触者307人，已全部解除医学...全文： http://m.weibo.cn/5044281310/4508019126225461 ​
澎湃新闻,4508016844293468,"【上海昨日无新增本地新冠肺炎确诊病例，新增境外输入1例】5月23日0—24时，通过口岸联防联控机制，报告1例境外输入性新冠肺炎确诊病例。
病例为中国籍，在美国留学，5月18日自美国出发，经德国转机后于5月20日抵达上海浦东国际机场，入关后即被隔离观察，期间出现症状。综合流行病学史、临床症状、实...全文： http://m.weibo.cn/5044281310/4508016844293468 ​"
澎湃新闻,4507879564114571,【广东河源一工地顶层脚手架坍塌，致8死1伤】#河源一工地脚手架坍塌致8死1伤#5月23日，广东河源。龙川县麻布岗镇一在建工地顶层发生脚手架坍塌，导致施工人员坠落，造成8人死亡，1人受伤。目前善后工作、事故原因调查正在进行中。（素材来源：相关人士）http://t.cn/A62G7jFc http://t.cn/A62G7Yvl ​
澎湃新闻,4507874006806124,【#武汉单日核酸检测人次近150万#，9天已完成约543万人次检测】武汉单日核酸检测量再上一个台阶。据武汉市卫健委官网5月23日公布的前一日武汉市新冠肺炎疫情动态，5月22日当日，全市核酸检测1470950人次。武汉14日至21日的单日核酸检测量分别为：72791人次、113609人次、222675人次、335887人次、46784...全文： http://m.weibo.cn/5044281310/4507874006806124 ​
澎湃新闻,4507865437556224,【#吉林四平拟禁养中华田园犬#，合肥也拟禁养征求意见后改为允许】5月22日，吉林《四平日报》发布消息称，根据《四平市养犬管理条例》相关要求，经认真研究和讨论，初步确定了《四平市禁养犬名单》及《大型犬只禁养标准》，并向全市各界代表、广大市民征求意见和建议。澎湃注意到，这份禁养名单共计81...全文： http://m.weibo.cn/5044281310/4507865437556224 ​
澎湃新闻,4507858094608885,【11岁巴西滑板少年空中转体1080度破世界纪录[哆啦A梦吃惊]】#巴西滑板少年空中转体1080度#5月初，11岁的巴西滑板少年圭·库里，在半管上完成了空中转体1080度的壮举，创下新的世界纪录。8岁时，库里就完成了900度转体，追平了当时的世界纪录。（来源网络）http://t.cn/A62bdzy1  http://t.cn/A62bd2kz ​
澎湃新闻,4507849617520560,【#三岁男童将手伸进榨汁机#，三根指受伤需植皮】5月20日，宁波鄞州。3岁男童模仿妈妈榨水果，将整只手伸进运转的榨汁机，致3根指头受伤，食指皮肤缺失严重，需做植皮手术。消防员在救援时用毛巾将孩子面部遮住，分解切割榨汁机。（素材来源：宁波消防）http://t.cn/A62b3aLw http://t.cn/A62b3aUB ​
澎湃新闻,4507844021399247,【朱奕龙委员：#建议组建国民公共教育平台#，供全民免费使用】澎湃新闻从全国政协委员、中国侨联副主席、 宁夏侨联主席朱奕龙处获悉，今年两会他带来了《关于组建“国民公共教育中心”的建议》。朱奕龙在提案中写道，近年来，民众不仅对读书表现出极大的热情，而且更加渴求专业性、系统性的教育培训。...全文： http://m.weibo.cn/5044281310/4507844021399247 ​
澎湃新闻,4507838040466043,【#张文宏谈如何正确使用空调#】张文宏建议：在空调环境待了一两个小时以后，应该开开窗，就是开窗开空调，让风稍微通一通再关上，那么就可以保证室内的一个温度是比较低的，大家比较舒适的。通风可以降低室内病毒感染的风险，如果在室内人群比较多的时候，戴口罩可以从另一方面阻挡掉有可能的通过空调...全文： http://m.weibo.cn/5044281310/4507838040466043 ​
澎湃新闻,4507832252920563,【日本美女摔跤手去世，疑因网络暴力而自杀】#日本美女摔跤手疑因网络暴力自杀#北京时间5月23日，根据日媒报道，曾出演过恋爱真人秀《双层公寓》的日本职业摔角女选手木村花去世，年仅22岁。早前，木村花曾遭受网络霸凌，她在凌晨发布带有伤痕累累的照片的推文向大家告别，疑似自杀。 @东方体育日报 ...全文： http://m.weibo.cn/5044281310/4507832252920563 ​
澎湃新闻,4507827978153805,【上交“线”上音乐会：张洁敏演绎巴托克和皮亚佐拉】5月23日19时30分，上海交响乐团在“线”场系列音乐会，弦乐声部齐声亮相，由张洁敏指挥巴伯《柔板》，巴托克和皮亚佐拉的作品。 http://t.cn/A62bYI73 . ​
澎湃新闻,4507821233993080,【云赏越系列直播：邀你一起共话“美好生活”】5月23日19时，云赏越第三期“美好生活”上海越剧院专场，邀请上越演员和虚拟up主组成主持团，在陆家嘴演绎《红楼梦》等经典唱段，同时结合对口帮扶进行直播带货。 http://t.cn/A62bj2pI . ​
澎湃新闻,4507816130094097,【韩国梨泰院疫情感染者达219人，病毒类型与欧美地区相吻合】#韩国梨泰院感染事件病毒类型与欧美吻合#据韩国卫生部门消息，截至当地时间23日中午12时，韩国首尔梨泰院地区娱乐场所相关联的新型冠状肺炎确诊感染者已达219人。韩国卫生部门在记者会上表示，此次梨泰院集体感染事件中的新冠病毒类型同此前...全文： http://m.weibo.cn/5044281310/4507816130094097 ​
澎湃新闻,4507808847982145,【#张伯礼建议完善传染病直报系统#】张伯礼表示，我们现在的传染病法要求报告的时候是由省一级发现以后报到省，省里讨论以后报告省政府，政府决策以后再向中央来报告。这次提出要讨论修改传染病法，改成直报系统。基层发现问题以后可以直接报给省，也可以直接报中央。@人民日报 http://t.cn/A62bp6yF ...全文： http://m.weibo.cn/5044281310/4507808847982145 ​
澎湃新闻,4507802813612396,【因疫情分开，美国结婚70年夫妇终重逢互诉思念】#美结婚70年夫妇因疫情分开数月后重逢#5月19日，美国媒体报道称一对结婚70年的夫妇因疫情分开数月后终于重逢。89岁的珍和91岁的沃特自结婚后一直没有分开过，直到疗养院因疫情封闭，两人被迫分开数月。（视频来源：综合网络）http://t.cn/A62bCP6Z ...全文： http://m.weibo.cn/5044281310/4507802813612396 ​
澎湃新闻,4507797117606046,【冯远征：建议出台新文艺群体职称评审制度，演员依职称定片酬】#冯远征建议演员可依职称定片酬#全国政协委员、国家一级演员冯远征在接受采访时表示，建议国家出台新文艺群体职称评审制度，畅通人才渠道。此外，冯远征表示，职称评审制度还可以与规范演员片酬结合起来，依据演员职称规定其片酬的上限和...全文： http://m.weibo.cn/5044281310/4507797117606046 ​
澎湃新闻,4507789722953620,【#三星回应手机崩溃#：排查中，尽快提供方案】5月23日，针对用户反映三星手机系统崩溃一事，@三星GALAXY盖乐世 回应称，正积极排查，将尽快提供解决方案。23日凌晨，大量三星手机用户发文称遭遇黑屏和重启问题。（素材来源：网络）http://t.cn/A62bXEZK http://t.cn/A62bXE2N ​
澎湃新闻,4507784038853092,【八旬老人遛狗与中年男子起争执后被摁倒在地捶打，家属报警】#八旬老人遛狗与男子争执后被打#5月21日，云南昭通。一八旬老人在小区遛狗，疑因小狗追人，与一中年男子发生口头争执，继而引发肢体冲突。视频显示，两人发生抓扯后老人被中年男子摁倒在地捶打。事发后老人受伤被送往医院治疗，家属已报警...全文： http://m.weibo.cn/5044281310/4507784038853092 ​
澎湃新闻,4507778868059368,【#巴基斯坦坠机事故已找到97具遗体#，机上2人幸存、地面17人受伤】巴基斯坦军方23日说，在该国南部信德省首府卡拉奇22日发生客机坠毁事故后，救援人员已搜寻到97具遇难者遗体，机上2人幸存。信德省卫生部门官员说，坠机事故造成17名地面人员受伤。据报道，飞机降落前，飞行员联系塔台人员，说飞机遇到...全文： http://m.weibo.cn/5044281310/4507778868059368 ​
澎湃新闻,4507770085200798,【我国自主研制的水陆两栖飞机鲲龙下半年将在青岛进行海上首飞】#鲲龙今年下半年将开展海上首飞试验#中国航空工业集团有限公司23日正式对外宣布：我国自主研制的大型灭火/水上救援水陆两栖飞机“鲲龙”AG600继2017年陆上首飞、2018年水上首飞成功之后，将于今年下半年在青岛开展海上首飞重大试验，全面...全文： http://m.weibo.cn/5044281310/4507770085200798 ​
澎湃新闻,4507767576328827,【迷惑行为！#波兰男子解封后去动物园跟母熊打架#】据《每日邮报》5月22日报道，波兰一名23岁年轻男子近日借着醉意，爬进华沙动物园的熊山里，袭击了一头棕熊，他和熊一同跳到熊山的人造水道中扭打在一起，最后双方都受了点伤，据动物园工作人员透露，这头叫萨比娜的母熊事后感到紧张不安，甚至留下了...全文： http://m.weibo.cn/5044281310/4507767576328827 ​
澎湃新闻,4507760161348248,【搅拌车司机右转未观察，骑车女子死里逃生】5月14日，广西来宾。监控显示，一辆混凝土搅拌车右转时压着一辆红色电动车，女子死里逃生，地上有明显的拖行划痕。交警认定，搅拌车右转未让直行，负事故全责。http://t.cn/A62b5iJE  http://t.cn/A62b5XJO ​
澎湃新闻,4507753987574846,【#巴基斯坦坠毁客机载多名军官#，飞行员最后呼救称失去引擎】巴基斯坦国际航空公司22日证实，该公司一架载99人的客机当天在巴基斯坦卡拉奇的一处居民区坠毁。综合巴基斯坦日报、《纽约时报》报道，乘坐这架飞机的有多名军官、企业高管和银行家。至少5名巴基斯坦军官在坠机事故中身亡。他们被确认为谢...全文： http://m.weibo.cn/5044281310/4507753987574846 ​
澎湃新闻,4507749168519961,#两会#【#民法典草案限制人肉搜索行为#】中国之声特约观察员朱巍：合法公布他人信息有三个前提：①信源合法，消息源不能是偷、买、骗来的；②要基于公共利益考量，比如打击犯罪、寻找失散儿童等；③要在合法、必要的范围内，如果有个司机逃逸，可公布他的信息，但不能把他家庭成员的信息都公布↓...全文： http://m.weibo.cn/5044281310/4507749168519961 ​
澎湃新闻,4507744918330971,【两会访谈丨对话何琳：重视队伍建设，留住疾控人才】5月23日，全国人大代表、贵州省疾控中心健康教育所副所长何琳做客澎湃新闻两会在线访谈，就疾控体制改革，加强队伍建设留住疾控人才等内容提出看法和建议。 http://t.cn/A62byxeX . ​
澎湃新闻,4507740968193528,#半臂男子练书法卖字养3娃#【半臂男子练书法29年，卖字养育仨孩子】陕西西安。46岁的贾维军幼时被高压电击中失去左臂，右臂仅剩半截。他苦练书法29年，将毛笔绑在右臂上书写，靠卖字养育了3个孩子。http://t.cn/A62b2Dc8 http://t.cn/A62b2Df4 ​
澎湃新闻,4507733313671155,【百余委员：#建议把体育列入中高考必考科目#】日前，全国政协委员吴志明领衔提交为中小学生减负的提案，建议重新疏理制定国家教育评价体系，把体育列入中高考必考科目，并给予语文、数学等主科一样的考分权重，激发学校、家长、学生的内生动力，真正实现为中小学生松绑减负。吴志明等委员提出，加强社...全文： http://m.weibo.cn/5044281310/4507733313671155 ​
澎湃新闻,4507723401983376,【#巴基斯坦坠机幸存者讲述经历#：座位8F，起火后跳机逃生】5月22日，巴基斯坦一架A320客机在卡拉奇一个居民区附近坠毁，一名幸存的乘客Zubair讲述了自己的逃生经历。他表示飞机上有小孩和老人，事故发生时人们很惊恐。http://t.cn/A62bhzfa  http://t.cn/A62bhwP5 ​
澎湃新闻,4507717375564891,【胡卫委员#建议16至22岁坐火车打七折#，儿童半价票免票取消身高标准】全国政协委员、民进上海市委专职副主委胡卫建议，增设火车青年票等优惠票种。16-22岁青年坐火车出行的，可按票面价格的70%优惠购票，不受区间限制。儿童票不再以身高为标准。关于铁路方面，你有哪些建议？ http://t.cn/A624spvC ...全文： http://m.weibo.cn/5044281310/4507717375564891 ​
澎湃新闻,4507710848122870,#建议16至22岁坐火车打七折#【胡卫委员#建议增设火车青年票#，#建议儿童票取消身高标准#】全国政协委员、民进上海市委专职副主委胡卫表示，无收入的12-22岁的未成年人及青年旅行时，除了符合学生票条件的一年4次特殊旅程外，基本上没有任何优惠。他认为，有必要仿效其他国家，增设火车青年票等优惠票种...全文： http://m.weibo.cn/5044281310/4507710848122870 ​
澎湃新闻,4507705668528655,#巴基斯坦失事客机97人遇难#【巴基斯坦官方：失事客机上共99人，其中97人遇难2人幸存】据法新社报道，巴基斯坦信德省卫生部确认，在卡拉奇机场附近发生的空客A-320飞机坠机事件导致97人遇难。报道称，巴基斯坦卫生部新闻秘书米兰·尤素福在推特中写道：“机上共有99人，97人死亡，2人幸存。” 尤素福说...全文： http://m.weibo.cn/5044281310/4507705668528655 ​
澎湃新闻,4507698635356365,【#陈薇团队疫苗I期临床试验证实安全#，但预存免疫力或削弱效果】中国工程院院士、军事科学院军事医学研究院研究员陈薇领衔的团队研发的重组新型冠状病毒疫苗，在全球率先公布了I期临床试验结果：该疫苗是安全的，具有良好的耐受性，并且能够在人体内诱导产生针对SARS-CoV-2的免疫应答。陈薇院士表示：...全文： http://m.weibo.cn/5044281310/4507698635356365 ​
澎湃新闻,4507692331165282,#情侣刚领完证户口本被狗咬烂#【凌晨排队领证后补觉，醒来户口本被狗咬烂[doge]】5月20日，河南周口。一对情侣凌晨排队领证后回家补觉，醒来后发现，户口本等证件已被家里狗狗啃碎，好在结婚证放在桌上未被撕碎。网友：这就是你们秀恩爱虐狗的下场。http://t.cn/A624EUcM http://t.cn/A624ELVV ​
