用户昵称,微博id,微博内容
新浪科技,4507385043126346,【#AirPods Pro开始在越南生产#，最新头戴式耳机或将加入】据外媒报道，有用户近日收到的AirPods Pro充电盒上印有越南组装字样，证明AirPods Pro已开始在越南生产。事实上，苹果一直在寻求增加其供应链的地域多样性，越南加入生产AirPods系列产品线是其迈出的重要一步。http://t.cn/A62ygz9H ​
人民日报,4507382947098141,【#3分钟回看政府工作报告#：这些话暖心又给力】今年#政府工作报告#，你对哪句话印象深刻？①能在较短时间内有效控制疫情，十分不易、成之惟艰；②生命至上，这是必须承受也是值得付出的代价；③坚决把减税降费政策落到企业，留得青山，赢得未来；④14亿中国人的饭碗，我们有能力也务必牢牢端在自己手...全文： http://m.weibo.cn/2803301701/4507382947098141 ​
新浪科技,4507381289926306,【#5G大讲堂# | vivo秦飞：智能终端助力5G产业发展】5G大讲堂第二期，vivo通信研究院院长秦飞以《智能终端助力5G产业发展》为主题，为我们分享目前5G移动终端的发展进程以及5G产业和应用发展。#5G商用一周年#http://t.cn/A62ys5G0 http://t.cn/A62ylx0G . ​
新浪科技,4507379028772535,【谷歌拒绝服务石油公司：为啥微软亚马逊就不在乎】“我们保留拒绝服务任何客户的权利”。这句餐馆常见告示同样适用于谷歌。过去几年他们先后拒绝了美国五角大楼，拉黑了移民执法部门，现在又加了一个黑名单成员：石油和天然气公司。不过，微软和亚马逊并不愿意放弃这块市场。#猫叔在硅谷# ...全文： http://m.weibo.cn/1642634100/4507379028772535 ​
新浪科技,4507376248364034,【疫情期#美国富豪两个月财富激增4340亿美元#，申请失业人口达3860万人】#美国富豪疫情期财富激增4340亿美元#。据外媒报道，5月21日美国劳工统计局公布的数据显示，3月18日以来申请失业救济的美国公民增加到3860万人。与此同时，美国600多位亿万富豪的财富激增4340亿美元，总资产从2.948万亿美元增至3....全文： http://m.weibo.cn/1642634100/4507376248364034 ​
人民日报,4507373228894246,受全国人大常委会委托，全国人大常委会副委员长王晨作关于《全国人民代表大会关于#建立健全香港特别行政区维护国家安全的法律制度和执行机制#的决定（草案）》的说明↓↓ http://t.cn/A62yDevE ​
新浪科技,4507372775451463,【雷军：企业界应积极奋起，为社会多做贡献】全国人大代表、小米创始人雷军今日听取李克强总理政府工作报告后表示，企业界应积极奋起，越是有挑战，就越有干劲。在政府的指导和鼓励下，通过创新和效率提升来保持企业活力，以积极心态面对暂时不利处境，同时积极履行企业社会责任，通过多种途径为社会做...全文： http://m.weibo.cn/1642634100/4507372775451463 ​
新浪科技,4507368492128084,#广东的雨有多大# ？最近广州暴雨，久久未上岸的鱼表示：我想上来走走。路人：不，你不想。[喵喵]http://t.cn/A62yHztn ​
人民日报,4507368236614500,【与你有关！#2020年中国要实现这些目标#】2020年#政府工作报告#制定了一系列经济、就业、脱贫等领域的一系列目标↓↓转发周知 ​
新浪科技,4507365540323524,【李克强：#多措并举促进消费回升#】通过稳就业促增收保民生，提高居民消费意愿和能力。支持餐饮、商场、文化、旅游、家政等生活服务业恢复发展，推动线上线下融合。发展养老、托幼服务。改造提升步行街。#支持电商快递进农村#，拓展农村消费。要多措并举扩消费，适应群众多元化需求。...全文： http://m.weibo.cn/1642634100/4507365540323524 ​
新浪科技,4507364923129852,#iPhone 4月在华售出390万台#【#苹果4月份销量增长160%#】5月22日，据CNBC报道，根据CINNO Research的数据，苹果4月份在中国销售了390万部iPhone，与3月份销售了150万部相比，增长了160％。http://t.cn/A62yjRWp ​
人民日报,4507359135108158,【人民日报评论员：#党和人民的坚强团结是战无不胜的根本保证#】面对新冠病毒这个狡猾的人类“天敌”，#为什么中国短时间内有力扭转了疫情局势#？人民是关键所在。实践已经证明并将继续证明，14亿人民上下一条心、拧成一股绳，就没有什么困难不能征服，没有什么挑战不可战胜。 http://t.cn/A62yEx12 ​
新浪科技,4507358883405542,【#推特CEO承诺生前捐出全部财富#，目前身价49亿美元】5月21日，推特创始人、CEO多尔西在直播访谈中表示，对这么多财富感到感激，准备生前捐出全部财富，在有生之年确保自己在帮助人们。多尔西目前身价49亿美元，上个月曾承诺捐出10亿美元的Square股份，用于疫情救援。http://t.cn/A62yKrrE ​
新浪科技,4507350754694010,【#贾跃亭个人破产重组获法院通过#，有望六月初生效】据Faraday Future（FF）消息，历经七个月的申请、谈判、投票和法院确认，FF创始人兼CPUO贾跃亭（YT）的个人破产重组终于在洛杉矶当地时间5月21日举行的听证会上获得了加州中区破产重组法院的最终确认和通过，有望在六月初正式生效。  ...全文： http://m.weibo.cn/1642634100/4507350754694010 ​
人民日报,4507348703686327,【#农业部部长呼吁多买贫困地区农产品#，爱心消费】农业部部长韩长赋在首场部长通道上说，现在没有种不出来的东西，只有卖不掉的东西。要让贫困地区农产品出村进城，不仅卖得出去，还要卖个好价钱。把批发市场、电商平台和贫困地区联系起来，#农业部部长呼吁爱心消费#，社会各方面多买贫困地区农产品。...全文： http://m.weibo.cn/2803301701/4507348703686327 ​
人民日报,4507348485388725,【5月19日#吉林市断链病例已找到传染源#】5月19日，吉林省卫健委通报的确诊病例情况介绍中，病例3、病例4两人为舒兰市返吉人员。不少网友发现，官方当时并未通报其与已确诊病例有过密切接触史，因此有人解读为疫情“断链”。5月20日，官方通报初步调查结果，该两例病例与5月10日通报的确诊病例2有关联...全文： http://m.weibo.cn/2803301701/4507348485388725 ​
人民日报,4507345982551297,【农业农村部部长：#生猪价格连续13周下降#】猪肉最近确实价格下降了，批发市场已经连续13周小幅下降，比最高的时候下降了23%，大体下降了每公斤12元。 http://t.cn/A62yWysH ​
人民日报,4507341780027530,【财政部部长：#中央财政对地方转移支付达历年最高#】财政部部长刘昆表示，受疫情影响，今年财政收入将会下降，预计#地方财政减收增支8000到9000亿#元，一些地方面临较大压力。前几个月，中央财政加快对地方财政转移资金下拨速度，缓解了地方财政困难。总体来看，地方财政的运行是正常的、稳定的。今年...全文： http://m.weibo.cn/2803301701/4507341780027530 ​
新浪科技,4507341385823491,【扎克伯格：#Facebook一半员工未来将永久远程办公#】5月21日，Facebook CEO 扎克伯格表示，他预计在未来5到10年间，公司50%的员工可能将远程工作。Facebook将开始允许特定员工远程全职工作，届时，会根据员工所在的位置调整薪水。扎克伯格认为这一决定应将有助于Facebook提高员工留职率，并可帮助该公...全文： http://m.weibo.cn/1642634100/4507341385823491 ​
人民日报,4507337724087852,【#政府工作报告完整版#视频来了】今天上午，十三届全国人大三次会议在人民大会堂开幕，国务院总理李克强代表国务院作#政府工作报告#。转发，收藏↓↓http://t.cn/A62y9f8E ​
人民日报,4507337525751320,【#发改委主任解读没提出GDP增长指标#的考虑】#为什么2020没提出全年经济增速目标#，国家发展和改革委员会主任何立峰说，今年政府工作报告没有提到GDP的增长指标，客观上它的内容已经融化到财政、货币政策的指标当中。一方面疫情突如其来，经济指标要有可比性，今年一季度和以前是不具备可比性。另一方...全文： http://m.weibo.cn/2803301701/4507337525751320 ​
新浪科技,4507333999636745,#贾跃亭个人破产重组获法院通过#【贾跃亭个人破产重组获美国法院正式确认通过】据FF消息，历经七个月的申请、谈判、投票和法院确认，备受关注的Faraday Future（FF）创始人兼CPUO贾跃亭（YT）的个人破产重组终于在洛杉矶当地时间5月21日举行的听证会上获得了加州中区破产重组法院的最终确认和通过，尽...全文： http://m.weibo.cn/1642634100/4507333999636745 ​
新浪科技,4507332674145512,【外媒：#iPhone 4月在华售出390万台# 但今后仍面临挑战】据外媒报道，在新款低价iPhone的促进下，苹果今年4月在中国的业绩继续回升。根据CINNO Research的数据，苹果4月在中国卖出390万部iPhone，较3月的156万部增长160%。多项数据都表明，苹果在中国的业务逐渐向好。但分析师警告称，该公司今后几个...全文： http://m.weibo.cn/1642634100/4507332674145512 ​
人民日报,4507332455659203,【正在直播！#首场网络视频部长通道开启#】5月22日，十三届全国人大三次会议#首场网络视频部长通道#将开启，邀请部分部委部长通过网络视频方式接受媒体采访。@人民日报 带你直击现场↓↓#全国两会# http://t.cn/A62ya3Xo . ​
人民日报,4507331981734101,#政府工作报告#【总理这番话掷地有声！】在较短时间内有效控制疫情，十分不易、成之惟艰。但生命至上！转起，为中国加油！#政府工作报告说生命至上# http://t.cn/A62yaKyf ​
人民日报,4507331528816757,【#政府工作报告#：#发行1万亿元抗疫特别国债#】今年赤字率拟按3.6%以上安排，财政赤字规模比去年增加1万亿元，同时发行1万亿元抗疫特别国债。 http://t.cn/A62ya4mB ​
人民日报,4507327791236100,#全国两会#【这些话，暖人心！】为了人民追求美好生活的愿望，中国这样承诺！#政府工作报告里的暖心话#↓↓ ​
人民日报,4507327049540223,【政府工作报告：#上调退休人员基本养老金#】政府工作报告说，上调退休人员基本养老金，提高城乡居民基础养老金最低标准。#全国近3亿人领取养老金#，必须确保按时足额发放。 http://t.cn/A62yis2Q ​
人民日报,4507326411575505,#全国两会#【#政府工作报告里的民生红包#】与你有关，转发了解！ ​
人民日报,4507325392751505,【与你有关！稳就业保民生，中国今年这么干！】高校和属地政府都要提供不断线的就业服务、减免国有房产租金、改革疾病预防控制体制、开展门诊费用跨省直接结算试点…#2020民生保障这么办#↓↓扩散周知！#爱聊20两会# ​
人民日报,4507325085651605,【视频来了！#坚决反对和遏制台独分裂行径#，转起！】坚持对台工作大政方针，坚决反对和遏制“台独”分裂行径。完善促进两岸交流合作、深化两岸融合发展、保障台湾同胞福祉的制度安排和政策措施，#团结广大台湾同胞共同反对台独#、促进统一，我们一定能开创民族复兴的美好未来。 http://t.cn/A62yJFzw ​
人民日报,4507324800655363,#全国两会#【这是#2020政府KPI#】把失去的时间抢回来，我们一起努力！ ​
人民日报,4507324448945078,【转存！#极简版政府工作报告#来了！只有500多字】#爱聊20心愿# http://t.cn/A62yJTLE ​
人民日报,4507322850642879,#全国两会#【#中华民族向来不畏艰难险阻#！】李克强：中华民族向来不畏艰难险阻，当代中国人民有战胜任何挑战的坚定意志和能力！ ​
人民日报,4507322314063285,【李克强: 继续#扩大重点高校面向农村和贫困地区招生规模#】推动教育公平发展和质量提升。有序组织中小学教育教学和中高考工作。加强乡镇寄宿制学校和县城学校建设，办好特殊教育、继续教育，支持和规范民办教育，帮助民办幼儿园纾困。推进一流大学和一流学科建设。继续扩大重点高校面向农村和贫困地区...全文： http://m.weibo.cn/2803301701/4507322314063285 ​
人民日报,4507321579902439,【政府工作报告：继续#扩大重点高校面向农村和贫困地区招生规模#】继续扩大重点高校面向农村和贫困地区招生规模。要优化教育投入结构，努力#办好公平优质惠及所有孩子的教育#！ ​
人民日报,4507320547610230,【政府工作报告：#居民医保人均财政补助标准增加30元#】提高基本医疗服务水平。居民医保人均财政补助标准增加30元，开展门诊费用跨省直接结算试点。对受疫情影响的医疗机构给予扶持。#促进中医药振兴发展#。严格食品药品监管，确保安全。 ​
新浪科技,4507320460485694,#科技CEO两会建言#【新基建成两会热点 马化腾李彦宏雷军等关注业务机遇】十三届全国人大三次会议于2020年5月22日早上9点在北京召开，全国政协十三届三次会议于5月21日召开。两会时间正式开启。受到新冠肺炎疫情带来的后续影响，2020年的两会议程有所缩减，节奏变得更加紧凑。而两会代表的提案也更多关...全文： http://m.weibo.cn/1642634100/4507320460485694 ​
人民日报,4507320321402209,【#政府工作报告重申房住不炒#】李克强：深入推进新型城镇化。发挥中心城市和城市群综合带动作用，培育产业、增加就业。坚持房子是用来住的，不是用来炒的定位，因城施策，促进房地产市场平稳健康发展，完善便民设施，让城市更宜业宜居。 http://t.cn/A62yMlD8 ​
人民日报,4507320158424006,【#改革疾病预防控制体制#】李克强：加强公共卫生体系建设。坚持生命至上，改革疾病预防控制体制，#完善传染病直报和预警系统#，坚持及时公开透明发布疫情信息。用好抗疫特别国债，加大疫苗、药物和快速检测技术研发投入，增加防疫救治医疗设施，增加移动实验室，强化应急保障。深入开展爱国卫生运动。...全文： http://m.weibo.cn/2803301701/4507320158424006 ​
人民日报,4507319549994554,#全国两会#【李克强：#中国人的饭碗务必牢牢端在自己手中#】14亿中国人的饭碗，我们有能力也务必牢牢端在自己手中！ ​
人民日报,4507318824569139,【#今年拟安排地方政府专项债券3.75万亿元#】比去年增加1.6万亿，提高专项债券可用作项目资本金比例，中央预算内投资安排6000亿元。#全国两会# ​
人民日报,4507317854874596,【政府工作报告：#为高校毕业生提供不断线就业服务#！】今年高校毕业生874万人，高校和属地政府都要提供不断线的就业服务。高校毕业生加油！#爱聊20心愿# http://t.cn/A62yIKu3 ​
人民日报,4507317708579008,【#李克强说各级政府必须真正过紧日子#】各级政府必须真正过紧日子，中央和省级政府都要带头。中央本级支出安排负增长，其中非急需非刚性支出压减50%以上。要大力提质增效，各项支出务必精打细算，一定要把每一笔钱都用在刀刃上、紧要处，一定要让市场主体和人民群众有真真切切的感受。 ...全文： http://m.weibo.cn/2803301701/4507317708579008 ​
人民日报,4507317029027517,【#政府工作报告的减税降费红包#：#留得青山赢得未来#】前期出台的短期减税降费政策，包括免征中小微企业养老、失业和工伤保险单位缴费，减免小规模纳税人增值税，免征公共交通运输、餐饮住宿、旅游娱乐、文化体育等服务增值税，减免民航发展基金、港口建设费，执行期限全部延长到今年年底。小微企业、...全文： http://m.weibo.cn/2803301701/4507317029027517 ​
人民日报,4507316852375374,【政府工作报告：#高职院校扩招200万人#】千方百计稳定和扩大就业。#今年高校毕业生874万#，高校和属地政府都要提供不断线的就业服务。今明两年职业技能培训3500万人次以上，高职院校扩招200万人，使更多劳动者长技能、好就业。 ​
新浪科技,4507316735321930,#瑞信申请向陆正耀家族信托委派清算人#【外媒：瑞信申请法院命令向瑞幸创始人陆正耀家族信托委派清算人】据彭博消息，瑞信申请法院命令向瑞幸咖啡创始人陆正耀家族信托委派清算人。http://t.cn/A62yIv9q ​
人民日报,4507315824705076,#全国两会#【李克强:#预计全年为企业新增减负超过2.5万亿元#】要坚决把减税降费政策落到企业，#留得青山赢得未来#！ ​
人民日报,4507314932005252,【#2020没有提出全年经济增速具体目标#】#为什么2020没提出全年经济增速目标#？ 主要因为全球疫情和经贸形势不确定性很大，我国发展面临一些难以预料的影响因素。这样做，有利于引导各方面集中精力抓好“六稳”、“六保”。 http://t.cn/A62yfLe3 ​
人民日报,4507314256845874,【#李克强说当前的难关一定能闯过#】当前和今后一个时期，我国发展面临风险挑战前所未有，但我们有独特政治和制度优势、雄厚经济基础、巨大市场潜力，亿万人民勤劳智慧。只要直面挑战，坚定发展信心，增强发展动力，当前的难关一定能闯过，中国的发展必将充满希望。#爱聊20心愿# http://t.cn/A62yV1yH ​
人民日报,4507312109449265,#全国两会#【李克强：生命至上！】对我们这样一个拥有14亿人口的发展中国家来说，能在较短时间内有效控制疫情，保障了人民基本生活，十分不易、成之惟艰。我们也付出巨大代价，一季度经济出现负增长，生产生活秩序受到冲击，但生命至上，这是必须承受也是值得付出的代价。#政府工作报告说生命至上# ...全文： http://m.weibo.cn/2803301701/4507312109449265 ​
人民日报,4507311908094257,【#政府工作报告#：生命至上！】抗击疫情，#政府工作报告说生命至上#，转，这是我们的态度！ ​
人民日报,4507311388132802,【#政府工作报告提到了你#！疫情防控，感谢每一个英勇奋战的你！】医务人员，人民解放军指战员，科技工作者，社区工作者，公安干警，基层干部，新闻工作者，志愿者，快递、环卫、抗疫物资生产运输人员，亿万普通劳动者…中华儿女风雨同舟，#疫情防控中每一个你都是最英勇的战士#！ ...全文： http://m.weibo.cn/2803301701/4507311388132802 ​
人民日报,4507310427450221,【转存！#2019年度成绩单#】#政府工作报告# ​
新浪科技,4507310405763140,【苹果#AirPods Pro开始在越南生产#】据外媒报道，有用户已经收到了充电盒上印有“Assembled in Vietnam”（越南组装）字样的AirPods Pro，这也证明AirPods Pro已经开始在越南生产。苹果一直在寻求增加供应链的地域多样性，将AirPods系列产品线生产转移到越南是其重要一步。http://t.cn/A62ytgrq ​
人民日报,4507310217933828,【#把疫情损失降到最低我们一起努力#！】#爱聊20心愿# http://t.cn/A62ytupK ​
人民日报,4507309205696026,【此刻一起转！#人大开幕会为战疫牺牲烈士和逝世同胞默哀#】今天，#十三届全国人大三次会议举行默哀仪式#，十三届全国人大三次会议开幕会全体与会人员向新冠肺炎疫情牺牲烈士和逝世同胞默哀。 http://t.cn/A62ytVUY ​
人民日报,4507308585064947,【#十三届全国人大三次会议开幕会#！全体唱国歌！】#人大开幕会全体唱国歌#http://t.cn/A62y5s6e ​
人民日报,4507306342374879,#全国两会#【正在直播！#十三届全国人大三次会议开幕会#！】十三届全国人大三次会议今天上午9时正式开幕，国务院总理李克强将作#政府工作报告#。@人民日报 带你直击现场！关乎你我，转发关注！ http://t.cn/A62yqr5d . ​
人民日报,4507304940223095,【#人大代表说90后是奔涌的后浪#】全国人大代表、湖北省十堰市太和医院院长罗杰：以前我总认为90后是群小孩子，没有长大，但这一次在关键时刻，#90后用行动证明他们是有担当的一代#，他们是奔涌的后浪。6100万荆楚人民不会忘记，在我们最困难的时候从世界各地寄来的每一个口罩，每一件防护服，我们更不...全文： http://m.weibo.cn/2803301701/4507304940223095 ​
人民日报,4507304860601824,【#朱婷说女排精神不是胜利时才有#】全国人大代表、中国女排国家队队长朱婷谈起一次失败的经历，在曾经输掉一次半决赛后，#郎平说不能奏国歌但要把国旗升起来#。女排精神就是要升国旗奏国歌，哪怕是第三名也要努力争取。女排精神不是胜利时才有，而是一直存在。有时候明知得不到冠军竭尽全力。这是我们...全文： http://m.weibo.cn/2803301701/4507304860601824 ​
人民日报,4507301019647964,【#人大代表谈高空抛物#：民法典草案#将减少一楼抛物全楼买单的情况#】全国人大代表、广东省律师协会会长肖胜方介绍，近年来高空抛物时有发生，成为悬在城市上空的痛。一些案例由于找不到肇事者，最后判定全楼业主和物业共同赔偿，引发了很多争议。民法典草案对此要求有关机关要查处责任人，大大减少“...全文： http://m.weibo.cn/2803301701/4507301019647964 ​
新浪科技,4507298477446797,#Facebook一半员工未来将永久远程办公# 扎克伯格称目前95%的Facebook员工都在远程办公，该公司调查发现50%员工都称其在家工作的效率与在办公室一样高。你认为远程办公会成为未来的常态吗？[思考] http://t.cn/A62y44jg http://t.cn/A62LFvf3 ​
人民日报,4507297999773984,"【#31省区市新增4例新冠肺炎#，#31省区市新增35例无症状感染者#】5月21日0—24时，31个省（自治区、直辖市）和新疆生产建设兵团报告新增确诊病例4例，其中境外输入病例2例（均在四川），本土病例2例（均在吉林）；无新增死亡病例；新增疑似病例1例，为境外输入病例（在上海）。
当日新增治愈出院病例6...全文： http://m.weibo.cn/2803301701/4507297999773984 ​"
新浪科技,4507294518312566,【#IBM将在美国至少五个州裁员上千人#】据彭博，IBM将在美国至少五个州裁员，裁员人数或以千计。IBM发言人周四在声明中称，IBM的人事决策符合业务的长期健康发展。同时，IBM将向所有受影响的美国员工提供补贴医疗保险直到2021年6月。对于具体裁员总数，IBM拒绝评论。#IBM大裁员# http://t.cn/A62yypBz ​
人民日报,4507294190326564,【正在直播！#首场网络视频代表通道#来了】5月22日，#十三届全国人大三次会议首场代表通道#将开启，邀请部分人大代表通过网络视频方式接受媒体采访。@人民日报 带你直击现场↓↓转发关注#全国两会# ！ http://t.cn/A62yyieq . ​
新浪科技,4507293758050850,【#推特CEO承诺生前捐出全部财富# 目前身价49亿美元】推特CEO杰克·多尔西周四表示，他准备生前就捐出自己的全部财富，而不是像其他一些亿万富豪那样在身后捐出。据福布斯估计，多尔西目前身价49亿美元。http://t.cn/A62yyblN ​
人民日报,4507292701504455,【#特朗普说即便有第二波疫情也不会关闭经济#】日前，#美疾控中心主任警告今冬将现第二波疫情#。当地时间21日，特朗普当天前往密歇根州参观一家工厂，被问及关于第二波疫情的问题时，他回答，“人们说这是一种非常明显的可能性，这是标准的（情况）”，“不管是灰烬还是火焰，我们都要把它扑灭。但我们...全文： http://m.weibo.cn/2803301701/4507292701504455 ​
人民日报,4507290659517798,【全国妇联#呼吁加强生育妇女劳动权益保护#】“全面两孩”政策实施后，如何支持职业女性平衡工作和生育，是备受社会关注的热点话题。全国妇联将在全国两会上呼吁进一步加强生育妇女劳动权益保护，对于违反《女职工劳动保护特别规定》的行为加大处罚力度。#爱聊20两会#http://t.cn/A62y21ua ​
新浪科技,4507288771481324,【#Sonos称未与小米展开任何合作#】@Sonos中国 发表声明称：目前，Sonos在全球范围内，已经拥有100+家深度合作伙伴，携手为全球声音爱好者们提供创新优质的聆听体验。但是，关于今天发布的小米小爱音箱Art，Sonos未曾与小米展开任何品牌及产品层面的合作。http://t.cn/A62y2PnB ​
人民日报,4507287165791938,【9点，开幕！】今天上午9点，@人民日报 带你直击#十三届全国人大三次会议开幕会# ！转发，期待！#爱聊20两会# ​
新浪科技,4507284661952615,【丰巢风波后，#快递外卖企业争抢投放智能柜#】智能柜的战场，硝烟从未散去。快递系、外卖系和第三方，都有意进入最后100米的战场。目前已有不少快递公司正计划筹建自家的智能快递柜，而腰部快递柜品牌正在寻求有资源的加盟商以图快速进入小区。http://t.cn/A62yw4BH ​
人民日报,4507284350646115,"#吉林省新增本地确诊2例#【#吉林公布2例新增确诊病例详情#】5月22日，吉林省卫生健康委员会发布关于新型冠状病毒肺炎疫情最新情况通报：
5月21日0-24时，全省无新增境外输入确诊病例。截至5月21日24时，全省累计报告境外输入确诊病例19例，累计治愈出院19例（吉林市12例，延边州2例，长春市4例，梅河口...全文： http://m.weibo.cn/2803301701/4507284350646115 ​"
人民日报,4507282212604625,【听！#中国同期声#】一年多来，哪些声音让你难以忘怀？坚定的步伐，胜利的宣言，还是风暴下的万籁俱寂…艰难的呼吸、哀恸的鸣笛，我们都挺过来了！中华民族历经苦难，但没有任何一次苦难能够打垮我们！今天，#十三届全国人大三次会议召开#！聆听中国声音↓↓不负韶华，继续前进！ ...全文： http://m.weibo.cn/2803301701/4507282212604625 ​
人民日报,4507276377704997,【你好，#全国两会#；加油，中国】今天，#十三届全国人大三次会议召开#。经过一个格外漫长的寒冬，中国进入“两会时间”。从磨难中奋起，于逆境中前行，正是每束微光的汇聚，才有这不畏艰险的中国力量。人民是真正的英雄，14亿人再出发，为你我更好的生活，为一个勇毅向前的，更好的中国！#爱聊20心愿# ​
新浪科技,4507276079460623,【#马斯克向黑客俱乐部捐赠50万美元#】据国外媒体报道，电动汽车制造商特斯拉的CEO@ElonMusk 将向黑客俱乐部（Hack Club）捐赠50万美元。黑客俱乐部是一个推广高中计算机编程的非营利性组织，该组织与一些高中生合作，帮助他们在其学校建立编程俱乐部。http://t.cn/A62LdlGz ​
人民日报,4507269162952411,【#美国新冠病毒感染病例超157万#】据美国约翰斯·霍普金斯大学疫情实时监测系统显示，截至美东时间5月21日下午5时32分，美国已有新冠病毒感染病例1573742例，其中包括死亡病例94566例。与该系统大约24小时前的数据相比，#美国新增新冠病毒感染25096例#，新增死亡病例1403例。（人民日报记者郑琪） ​
新浪科技,4507267531787616,#科技公司财报#【荔枝发布首份财报：一季度营收同比增42% 净亏同比扩大】荔枝公布上市以来的首份财报。报告显示，荔枝第一季度净营收为3.703亿元人民币（约合5230万美元），同比增长42%；净亏损为4820万元人民币（约合680万美元），与去年同期的净亏损1140万元人民币相比有所扩大。...全文： http://m.weibo.cn/1642634100/4507267531787616 ​
新浪科技,4507261080689811,#Facebook一半员工未来将永久远程办公#【扎克伯格：未来5到10年一半Facebook员工或将永久远程办公】扎克伯格周四表示，他预计在未来5到10年间，Facebook50%的员工将永久远程办公。他指出，目前95%的Facebook员工都在远程办公，并表示该公司进行的一项调查发现50%员工都称其在家工作的效率与在办公室一...全文： http://m.weibo.cn/1642634100/4507261080689811 ​
新浪科技,4507250704138267,#瑞幸再度暴跌# 【瑞幸咖啡复牌第二日 股价再次大跌28.72%】瑞幸咖啡复牌第二日，收盘股价再次大跌28.72%，报2.01美元。瑞幸咖啡周三在纳斯达克复牌，当日收盘瑞幸咖啡股价报2.82美元，跌幅达35.76%。瑞幸咖啡此前公告称，已在5月15日收到纳斯达克交易所的退市通知。http://t.cn/A62Ler6H ​
新浪科技,4507243774956749,#科技公司财报# 【英伟达第一季度营收30.8亿美元 净利同比增133%】英伟达今日公布了该公司的2021财年第一季度财报。报告显示，英伟达第一季度营收为30.80亿美元，与上年同期的22.20亿美元相比增长39%；净利润为9.17亿美元，与上年同期的3.94亿美元相比增长133%。http://t.cn/A62LgHh6 ​
新浪科技,4507229757562843,【消息称三家苹果供应商将分享iPhone 12摄像头模组订单】台湾手机供应链的消息人士称，苹果的三家供应商（LG Innotek、夏普和欧菲光）将分享iPhone 12系列摄像头模组订单。本周的一份报告显示，iPhone 12将使用三星、京东方和乐金显示（LG Display）的OLED面板，其中三星将为四款新iPhone中的三款提供...全文： http://m.weibo.cn/1642634100/4507229757562843 ​
新浪科技,4507213928020820,【#1岁男孩被4岁姐姐误关进快递柜# 男孩在快递柜里哭得撕心裂肺】5月19日，江西赣州一个1岁半男孩被锁在快递柜内，消防员立即将柜门撬开将孩子救出。据消防员现场了解，男孩与4岁姐姐在快递柜附近玩耍时，发现柜门没关，男孩钻进去后，不料一旁玩耍的姐姐将柜门关上。http://t.cn/A6226wpz ​
新浪科技,4507199626093752,【#瑞幸咖啡被曝用过期原料做饮品# 前员工爆料该现象非常普遍】近日，一位前瑞幸咖啡门店店长爆料称，瑞幸咖啡为盈利使用过期原料制作饮品，且该现象非常普遍。据称，李先生5月8日在瑞幸咖啡买了一杯饮品，当天晚上开始拉肚子。李先生与该门店区域经理沟通后，经理承认门店确实使用过期原料，并称门店...全文： http://m.weibo.cn/1642634100/4507199626093752 ​
新浪科技,4507170894283489,【#美国明星把社交账号交给抗疫专家#：再见粉丝，听专家的话吧！】美国一些知名人士正在与安东尼·福奇博士和其他专家合作开展一场名为“交出话筒”的活动。茱莉亚·罗伯茨、谢琳·伍德蕾、佩内洛普·克鲁兹等明星将停止更新社交账号，而是交给抗疫专家，让专业人士对抗击疫情发声。@时差视频 ...全文： http://m.weibo.cn/1642634100/4507170894283489 ​
新浪科技,4507167372122804,【从明星股坠落到垃圾股 被立案调查的暴风集团恐要凉了】乐视网前脚刚被终止上市，暴风集团便紧随其后被立案调查。相似的起点，是否也将走向一样的终点？5月20日晚，暴风集团公告称，因公司未按期披露定期报告，涉嫌信息披露违法违规，#暴风集团被证监会立案调查#。#暴风集团一年内两次被立案调查#，20...全文： http://m.weibo.cn/1642634100/4507167372122804 ​
人民日报,4507164142649947,【#你好，明天#】在推迟两个多月后，中国进入两会时间。政协开幕会上，集体默哀1分钟，为疫情中牺牲烈士和逝世同胞。低首追思中，生命尊严在昂扬；深切缅怀中，生命价值在激荡。轻轻告诉每一位逝者，全国疫情防控阻击战已经取得重大战略成果；更要用实际行动告慰他们，中华民族一定会在磨难中成长、从...全文： http://m.weibo.cn/2803301701/4507164142649947 ​
新浪科技,4507162589681063,【8岁男孩#偷记支付密码买5千游戏装备#，家长带着报警追回2千[衰]】重庆九龙坡，8岁男孩用家长手机打游戏，解开了手机支付密码，五一期间花了5000元购买游戏装备。19日，最高法明确#未成年人网络打赏可以退还#，限制民事行为能力人未经其监护人同意，参与网络付费游戏或者网络直播平台“打赏”等方式支...全文： http://m.weibo.cn/1642634100/4507162589681063 ​
新浪科技,4507157117008599,【#Uber收购美国最大外卖平台GrubHub# 已接近达成交易】据国外媒体报道，知情人士今日称，Uber与美国最大外卖平台GrubHub的收购谈判取得进展，双方已接近达成交易。5月12日有报道称，Uber已向美国餐饮配送服务平台GrubHub发出收购要约，双方已展开收购谈判，最快有望于本月达成交易。分析人士称，这笔...全文： http://m.weibo.cn/1642634100/4507157117008599 ​
人民日报,4507157070426582,【人民锐评：维护“一国两制”行稳致远的重要举措】毫无疑问，香港已经成为国家安全的一个突出风险点。这个风险，来自“港独”组织和本土激进分离势力的活动日益猖獗，来自反对派毫无底线的社会揽炒、经济揽炒、政治揽炒，来自暴力恐怖活动的不断升级，来自外部势力赤裸裸地干涉香港事务，来自“台独”...全文： http://m.weibo.cn/2803301701/4507157070426582 ​
人民日报,4507153546755807,【张业遂：#对待中美关系中国不惹事但也不怕事#】十三届全国人大三次会议大会发言人张业遂21日晚在新闻发布会上说，中美关系正处在一个重要关口，关键在于坚持不冲突不对抗、相互尊重、合作共赢。如果美方尊重中国的社会制度和发展道路，理性看待中国的发展和战略意图，致力于与中方开展建设性对话，将...全文： http://m.weibo.cn/2803301701/4507153546755807 ​
新浪科技,4507152284292045,@薇娅viyaaa 今日举办四周年感恩节活动，全场5.21元秒杀，截至22:44分，#薇娅直播间观看人数破亿#。 你抢到心仪的商品了吗？[doge] #薇娅直播# ​
新浪科技,4507150351243736,【姚劲波：#建议降低公积金和社保缴存比例#[思考]】全国人大代表、58同城CEO姚劲波表示，今年的就业形势非常突出。但只要把中小企业的就业稳定了，中国的就业就不会出大的问题，中国的经济发展依然会有后劲。他建议，进一步稳定企业就业，救助中小企业。进一步降低公积金和社保缴存比例。...全文： http://m.weibo.cn/1642634100/4507150351243736 ​
人民日报,4507149658609114,【张业遂：#中方绝不接受任何滥诉和索赔要求#】十三届全国人大三次会议大会发言人张业遂21日在新闻发布会上说，新冠病毒溯源是严肃的科学问题，应由科学家和医疗专家进行科学探索，基于事实和证据作出科学判断。通过转嫁责任来掩盖自身问题，既不负责任，也不道德。中方绝不接受任何滥诉和索赔要求。 ...全文： http://m.weibo.cn/2803301701/4507149658609114 ​
新浪科技,4507145477593803,#创事记#【抄袭、盗版、流量存疑，跟谁学是下一个瑞幸？】短短三个月内，四家机构，进行了六次做空。在中概股做空史上，能获得这种“特殊关照”的，跟谁学还是独一份。自2月25日起，灰熊、香橼、天蝎、浑水四家做空机构，开启了6轮对跟谁学的炮轰。其中，香橼更是一口气推出了3篇做空报告，穷追猛打，...全文： http://m.weibo.cn/1642634100/4507145477593803 ​
人民日报,4507145100618164,【张业遂：#建立健全香港维护国家安全的制度机制完全必要#】十三届全国人大三次会议大会发言人张业遂21日晚在新闻发布会上说，国家安全是安邦定国的重要基石。维护国家安全是包括香港同胞在内的全国各族人民的根本利益所在。党的十九届四中全会明确提出：“建立健全特别行政区维护国家安全的法律制度和...全文： http://m.weibo.cn/2803301701/4507145100618164 ​
人民日报,4507144375064901,【#民法典草案累计收到42.5万人102万条意见#】十三届全国人大三次会议大会发言人张业遂21日在新闻发布会上介绍，提请本次大会审议的民法典草案共7编、1260条，7编分别是：总则编、物权编、合同编、人格权编、婚姻家庭编、继承编、侵权责任编。民法典编纂过程中，先后十次通过中国人大网公开征求意见，...全文： http://m.weibo.cn/2803301701/4507144375064901 ​
人民日报,4507142080284246,【#30件涉公共卫生法律待制定修改#】十三届全国人大三次会议大会发言人张业遂21日在新闻发布会上说，为完善和强化公共卫生法治保障体系，人大常委会计划制定修改法律17部，适时修改法律13部。重点包括争取年内审议通过新制定的生物安全法草案；争取今年下半年提交审议修改后的野生动物保护法草案；尽早...全文： http://m.weibo.cn/2803301701/4507142080284246 ​
新浪科技,4507140444945729,"【美高校发明真正的3D影像】迄今为止，全息图都是由2D衍生3D图像，不是真正的3D显示。美国Bridgham Young University的物理学家Daniel Smalley，通过一种全新技术产生真正的3D图像。

首先，他们利用一道看不见的高能激光，精确控制一个悬浮在空中的微小粒子的运动轨迹；随后，再利用几束不同颜色的激...全文： http://m.weibo.cn/1642634100/4507140444945729 ​"
